Episode,Title,URL,Status
1,Iyer-Babita ने Court में दिया Tapu के खिलाफ बयान | Ep 01 | Taarak Mehta Ka Ooltah Chashmah,https://www.youtube.com/watch?v=rJE5jzi4q2Y,Found
2,Society वालों ने उठाया Tapu के गुंडागर्दी पर सवाल! |Taarak Mehta Ka Ooltah Chashmah| Full Episode 02,https://www.youtube.com/watch?v=CbWsenby9kw,Found
3,Tapu को ज़बरदस्ती दूकान ले जा रहे Jethalal! | Taarak Mehta Ka Ooltah Chashmah | Full Episode 03,https://www.youtube.com/watch?v=_yFFuUtd-uY,Found
4,Taarak Mehta Ka Ooltah Chashmah - तारक मेहता का उल्टा चशमाह - Episode 04,https://www.youtube.com/watch?v=nbv_8luU-cQ,Found
5,Taarak Mehta Ka Ooltah Chashmah - तारक मेहता का उल्टा चशमाह - Episode 05,https://www.youtube.com/watch?v=uQmp6Hz2ODs,Found
6,जब पहली बार Mumbai आए Champaklal | Episode 06 | Taarak Mehta Ka Ooltah Chashmah,https://www.youtube.com/watch?v=i15EtNrl8GE,Found
7,"Taarak Mehta Ka Ooltah Chashmah | तारक मेहता का उल्टा चश्मा | Episode 07 | 17th April, 2021",https://www.youtube.com/watch?v=0iQf668Z_i8,Found
8,Taarak Mehta Ka Ooltah Chashmah - तारक मेहता का उल्टा चशमाह - Episode 08,https://www.youtube.com/watch?v=yniJO81MlRI,Found
9,Bapuji ने कर दिया Bhide के सर पर कुल्ला | Episode 09 | Taarak Mehta Ka Ooltah Chashmah,https://www.youtube.com/watch?v=scof3chzddY,Found
10,Episode 10 - Taarak Mehta Ka Ooltah Chashmah | Full Episode | तारक मेहता का उल्टा चश्मा,https://www.youtube.com/watch?v=bSZHuuA4t_0,Found
11,"Taarak Mehta Ka Ooltah Chashmah | तारक मेहता का उल्टा चश्मा | Episode 11 | 19th April, 2021",https://www.youtube.com/watch?v=ufLkjBk3T2w,Found
12,Taarak Mehta Ka Ooltah Chashmah - तारक मेहता का उल्टा चशमाह - Episode 12 - Full Episode,https://www.youtube.com/watch?v=5xK2LtmEz6w,Found
13,Taarak Mehta Ka Ooltah Chashmah - तारक मेहता का उल्टा चशमाह - Episode 13,https://www.youtube.com/watch?v=iqiJ_4RpBq0,Found
14,Taarak Mehta Ka Ooltah Chashmah - तारक मेहता का उल्टा चशमाह - Episode 14 - Full Episode,https://www.youtube.com/watch?v=rAmgg1kukKE,Found
15,Taarak Mehta Ka Ooltah Chashmah - तारक मेहता का उल्टा चशमाह - Episode 15,https://www.youtube.com/watch?v=VH0FajIFONY,Found
16,Taarak Mehta Ka Ooltah Chashmah - तारक मेहता का उल्टा चशमाह - Episode 16,https://www.youtube.com/watch?v=3h_2COJk6bw,Found
17,Episode 17 - Taarak Mehta Ka Ooltah Chashmah | Full Episode | तारक मेहता का उल्टा चश्मा,https://www.youtube.com/watch?v=iaTxzU5R58E,Found
18,Taarak Mehta Ka Ooltah Chashmah - तारक मेहता का उल्टा चशमाह - Episode 18,https://www.youtube.com/watch?v=Jlw_6NoBkq0,Found
19,Episode 19 - Taarak Mehta Ka Ooltah Chashmah | Full Episode | तारक मेहता का उल्टा चश्मा,https://www.youtube.com/watch?v=kwiOs2FBSgA,Found
20,Episode 20 - Taarak Mehta Ka Ooltah Chashmah | Full Episode | तारक मेहता का उल्टा चश्मा,https://www.youtube.com/watch?v=6xGZX6yF4hA,Found
21,Taarak Mehta Ka Ooltah Chashmah - तारक मेहता का उल्टा चशमाह - Episode 21,https://www.youtube.com/watch?v=U8HU0hIlPHs,Found
22,Taarak Mehta Ka Ooltah Chashmah - तारक मेहता का उल्टा चशमाह - Episode 22,https://www.youtube.com/watch?v=kos2aqo6wac,Found
23,Taarak Mehta Ka Ooltah Chashmah - तारक मेहता का उल्टा चशमाह - Episode 23 - Full Episode,https://www.youtube.com/watch?v=Av0hnLQf2ME,Found
24,Taarak Mehta Ka Ooltah Chashmah - तारक मेहता का उल्टा चशमाह - Episode 24,https://www.youtube.com/watch?v=WeU4ZXrSLf4,Found
25,Episode 25 - Taarak Mehta Ka Ooltah Chashmah | Full Episode | तारक मेहता का उल्टा चश्मा,https://www.youtube.com/watch?v=nQA5aKo8BPE,Found
26,Taarak Mehta Ka Ooltah Chashmah - तारक मेहता का उल्टा चशमाह - Episode 26,https://www.youtube.com/watch?v=8XztYkVzNg0,Found
27,Taarak Mehta Ka Ooltah Chashmah - तारक मेहता का उल्टा चशमाह - Episode 27,https://www.youtube.com/watch?v=fCBzEwYxGz8,Found
28,Taarak Mehta Ka Ooltah Chashmah - तारक मेहता का उल्टा चशमाह - Episode 28,https://www.youtube.com/watch?v=uFQZ63u6LOM,Found
29,Episode 29 - Taarak Mehta Ka Ooltah Chashmah | Full Episode | तारक मेहता का उल्टा चश्मा,https://www.youtube.com/watch?v=O6UMdGoMF9w,Found
30,किसे देखकर Jetha ने छिपाया अपना पेट? | Episode 30 | Taarak Mehta Ka Ooltah Chashmah,https://www.youtube.com/watch?v=rTTPKQ1BFIA,Found
31,Daya के Daily Soap से परेशान हुआ Jethalal | Episode 31 | Taarak Mehta Ka Ooltah Chashmah,https://www.youtube.com/watch?v=mxH4JtV2RRQ,Found
32,किस बात पर Jethalal हुआ Daya पर गुस्सा? | Episode 32 | Taarak Mehta Ka Ooltah Chashmah,https://www.youtube.com/watch?v=fMT5PO4SC9M,Found
33,Taarak Mehta Ka Ooltah Chashmah - तारक मेहता का उल्टा चशमाह - Episode 33,https://www.youtube.com/watch?v=nN8zpnEE8Jc,Found
34,Taarak Mehta Ka Ooltah Chashmah - तारक मेहता का उल्टा चशमाह - Episode 34,https://www.youtube.com/watch?v=bgdxi3JDRlc,Found
35,Taarak Mehta Ka Ooltah Chashmah - तारक मेहता का उल्टा चशमाह - Episode 35,https://www.youtube.com/watch?v=Y25AlvQkNtQ,Found
36,Taarak Mehta Ka Ooltah Chashmah - तारक मेहता का उल्टा चशमाह - Episode 36,https://www.youtube.com/watch?v=SUHTfQ2knRQ,Found
37,Taarak Mehta Ka Ooltah Chashmah - तारक मेहता का उल्टा चशमाह - Episode 37,https://www.youtube.com/watch?v=bfElAPMhAg4,Found
38,Episode 38 - Taarak Mehta Ka Ooltah Chashmah | Full Episode | तारक मेहता का उल्टा चश्मा,https://www.youtube.com/watch?v=LjOEsnJZYjY,Found
39,Episode 39 - Taarak Mehta Ka Ooltah Chashmah | Full Episode | तारक मेहता का उल्टा चश्मा,https://www.youtube.com/watch?v=f4dN45rQ3mY,Found
40,Taarak Mehta Ka Ooltah Chashmah - तारक मेहता का उल्टा चशमाह - Episode 40,https://www.youtube.com/watch?v=D8x53uaZyIY,Found
41,Taarak Mehta Ka Ooltah Chashmah - तारक मेहता का उल्टा चशमाह - Episode 41,https://www.youtube.com/watch?v=l7oiIuvzN2w,Found
42,Disco Dandiya के लिए Jetha की Excitement | Episode 42 | Taarak Mehta Ka Ooltah Chashmah,https://www.youtube.com/watch?v=IPTifGMAB_8,Found
43,Episode 43 - Taarak Mehta Ka Ooltah Chashmah | Full Episode | तारक मेहता का उल्टा चश्मा,https://www.youtube.com/watch?v=R4GkzODDoVQ,Found
44,Taarak Mehta Ka Ooltah Chashmah - तारक मेहता का उल्टा चशमाह - Episode 44,https://www.youtube.com/watch?v=9qAxsfdSkQM,Found
45,Episode 45 - Taarak Mehta Ka Ooltah Chashmah | Full Episode | तारक मेहता का उल्टा चश्मा,https://www.youtube.com/watch?v=Aw3b83ZwjvY,Found
46,Taarak Mehta Ka Ooltah Chashmah - तारक मेहता का उल्टा चशमाह - Episode 46 - Full Episode,https://www.youtube.com/watch?v=ErS2axszcX4,Found
47,Taarak Mehta Ka Ooltah Chashmah - तारक मेहता का उल्टा चशमाह - Episode 47,https://www.youtube.com/watch?v=K2eCaj3r6pw,Found
48,Taarak Mehta Ka Ooltah Chashmah - तारक मेहता का उल्टा चशमाह - Episode 48,https://www.youtube.com/watch?v=EGs1t2Pk4wM,Found
49,Taarak Mehta Ka Ooltah Chashmah - तारक मेहता का उल्टा चशमाह - Episode 49,https://www.youtube.com/watch?v=XdudbL59-jI,Found
50,Episode 50 - Taarak Mehta Ka Ooltah Chashmah | Full Episode | तारक मेहता का उल्टा चश्मा,https://www.youtube.com/watch?v=-AKZZgJXK2g,Found
51,Episode 51 - Taarak Mehta Ka Ooltah Chashmah | Full Episode | तारक मेहता का उल्टा चश्मा,https://www.youtube.com/watch?v=YrxyTjyJliM,Found
52,Taarak Mehta Ka Ooltah Chashmah - तारक मेहता का उल्टा चशमाह - Episode 52,https://www.youtube.com/watch?v=nExfyZmDhGM,Found
53,Taarak Mehta Ka Ooltah Chashmah - तारक मेहता का उल्टा चशमाह - Episode 53,https://www.youtube.com/watch?v=5RohCRrESGs,Found
54,Taarak Mehta Ka Ooltah Chashmah - तारक मेहता का उल्टा चशमाह - Episode 54,https://www.youtube.com/watch?v=5C5YnlWaX3M,Found
55,Episode 55 - Taarak Mehta Ka Ooltah Chashmah | Full Episode | तारक मेहता का उल्टा चश्मा,https://www.youtube.com/watch?v=jfD_fP_y8Mc,Found
56,Taarak Mehta Ka Ooltah Chashmah - तारक मेहता का उल्टा चशमाह - Episode 56 - Full Episode,https://www.youtube.com/watch?v=lGYi9tC33h0,Found
57,Taarak Mehta Ka Ooltah Chashmah - तारक मेहता का उल्टा चशमाह - Episode 57,https://www.youtube.com/watch?v=HW0DE7coVzY,Found
58,Taarak Mehta Ka Ooltah Chashmah - तारक मेहता का उल्टा चशमाह - Episode 58,https://www.youtube.com/watch?v=hbC_yHHGIM0,Found
59,Taarak Mehta Ka Ooltah Chashmah - तारक मेहता का उल्टा चशमाह - Episode 59,https://www.youtube.com/watch?v=igRdRujw-Ik,Found
60,Taarak Mehta Ka Ooltah Chashmah - तारक मेहता का उल्टा चशमाह - Episode 60,https://www.youtube.com/watch?v=MpnVDf9EIBY,Found
61,Episode 61 - Taarak Mehta Ka Ooltah Chashmah | Full Episode | तारक मेहता का उल्टा चश्मा,https://www.youtube.com/watch?v=GzRLdyrPFEE,Found
62,Taarak Mehta Ka Ooltah Chashmah - तारक मेहता का उल्टा चशमाह - Episode 62,https://www.youtube.com/watch?v=zv4OOZqmfu4,Found
63,Episode 63 - Taarak Mehta Ka Ooltah Chashmah | Full Episode | तारक मेहता का उल्टा चश्मा,https://www.youtube.com/watch?v=mrtD7nIwezY,Found
64,Taarak Mehta Ka Ooltah Chashmah - तारक मेहता का उल्टा चशमाह - Episode 64,https://www.youtube.com/watch?v=kug4fNI6RQs,Found
65,Taarak Mehta Ka Ooltah Chashmah - तारक मेहता का उल्टा चशमाह - Episode 65,https://www.youtube.com/watch?v=6T0njFPFLJk,Found
66,Taarak Mehta Ka Ooltah Chashmah - तारक मेहता का उल्टा चशमाह - Episode 66,https://www.youtube.com/watch?v=B3LLSy_Goes,Found
67,Episode 67 - Taarak Mehta Ka Ooltah Chashmah | Full Episode | तारक मेहता का उल्टा चश्मा,https://www.youtube.com/watch?v=szCADTLj3xw,Found
68,Taarak Mehta Ka Ooltah Chashmah - तारक मेहता का उल्टा चशमाह - Episode 68,https://www.youtube.com/watch?v=IPiC3-BVLO0,Found
69,Taarak Mehta Ka Ooltah Chashmah - तारक मेहता - Throwback - Episode 69 - Full Episode,https://www.youtube.com/watch?v=saA85wcxYPI,Found
70,Episode 70 - Taarak Mehta Ka Ooltah Chashmah | Full Episode | तारक मेहता का उल्टा चश्मा,https://www.youtube.com/watch?v=ao7k2fWZTss,Found
71,Taarak Mehta Ka Ooltah Chashmah - तारक मेहता का उल्टा चशमाह - Episode 71,https://www.youtube.com/watch?v=aMgPWmI-JwA,Found
72,Taarak Mehta Ka Ooltah Chashmah - तारक मेहता का उल्टा चशमाह - Episode 72,https://www.youtube.com/watch?v=FhzM030KPus,Found
73,Taarak Mehta Ka Ooltah Chashmah - तारक मेहता का उल्टा चशमाह - Episode 73,https://www.youtube.com/watch?v=EkrfwWrBDUM,Found
74,Episode 74 - Taarak Mehta Ka Ooltah Chashmah | Tapu Ki Shadi | Full Episode | तारक मेहता,https://www.youtube.com/watch?v=iv5PaTz7daM,Found
75,Jetha Catches Sundar | Taarak Mehta Ka Ooltah Chashmah | Full Episode 75,https://www.youtube.com/watch?v=EJcx7WXkd4Q,Found
76,Taarak Mehta Ka Ooltah Chashmah - तारक मेहता का उल्टा चशमाह - Episode 76,https://www.youtube.com/watch?v=4W3-Fmjt7sA,Found
77,Jetha Is Angry | Taarak Mehta Ka Ooltah Chashmah | तारक मेहता का उल्टा चशमाह | Full Episode 77,https://www.youtube.com/watch?v=gWxUgDZVsdU,Found
78,Taarak Mehta Ka Ooltah Chashmah - तारक मेहता का उल्टा चशमाह - Episode 78,https://www.youtube.com/watch?v=lmJkMmghZEs,Found
79,Jethalal की Xerox Copy निकला Tapu! | Episode 79 | Taarak Mehta Ka Ooltah Chashmah,https://www.youtube.com/watch?v=K9-fLd7hW9s,Found
80,Episode 80 - Taarak Mehta Ka Ooltah Chashmah | Tapu Ki Shadi | Full Episode | तारक मेहता,https://www.youtube.com/watch?v=wk4ygOIYpNU,Found
81,Taarak Mehta Ka Ooltah Chashmah - तारक मेहता का उल्टा चशमाह - Episode 81,https://www.youtube.com/watch?v=-ltrsy0a_Gc,Found
82,Taarak Mehta Ka Ooltah Chashmah - तारक मेहता का उल्टा चशमाह - Episode 82,https://www.youtube.com/watch?v=04BtLCPullE,Found
83,Taarak Mehta Ka Ooltah Chashmah - तारक मेहता का उल्टा चशमाह - Episode 83,https://www.youtube.com/watch?v=aeaNu7pipDo,Found
84,Episode 84 - Taarak Mehta Ka Ooltah Chashmah | Full Episode | तारक मेहता,https://www.youtube.com/watch?v=p_-0ox9JToA,Found
85,Taarak Mehta Ka Ooltah Chashmah - तारक मेहता का उल्टा चशमाह - Episode 85,https://www.youtube.com/watch?v=YN3zdloZbeQ,Found
86,Taarak Mehta Ka Ooltah Chashmah - तारक मेहता का उल्टा चशमाह - Episode 86,https://www.youtube.com/watch?v=zVe8HzT5Md0,Found
87,Episode 87 - Taarak Mehta Ka Ooltah Chashmah | Full Episode | तारक मेहता,https://www.youtube.com/watch?v=48Ik5vnoAeU,Found
88,Episode 88 - Taarak Mehta Ka Ooltah Chashmah | Full Episode | तारक मेहता,https://www.youtube.com/watch?v=JPZr3iF3CcM,Found
89,Taarak Mehta Ka Ooltah Chashmah - तारक मेहता का उल्टा चशमाह - Episode 89,https://www.youtube.com/watch?v=Oi48hHqWFm4,Found
90,Episode 90 - Taarak Mehta Ka Ooltah Chashmah | Full Episode | तारक मेहता,https://www.youtube.com/watch?v=5AKXVO-PeX8,Found
91,Taarak Mehta Ka Ooltah Chashmah - तारक मेहता का उल्टा चशमाह - Episode 91,https://www.youtube.com/watch?v=DumFKBVoOSM,Found
92,Taarak Mehta Ka Ooltah Chashmah - तारक मेहता का उल्टा चशमाह - Episode 92 - Full Episode,https://www.youtube.com/watch?v=C_1yG416Yyc,Found
93,Episode 93 - Taarak Mehta Ka Ooltah Chashmah | Full Episode | तारक मेहता,https://www.youtube.com/watch?v=QOVsvuP_Mm0,Found
94,Episode 94 - Taarak Mehta Ka Ooltah Chashmah | Full Episode | तारक मेहता,https://www.youtube.com/watch?v=c0tubzLjHNU,Found
95,Episode 95 - Taarak Mehta Ka Ooltah Chashmah | Full Episode | तारक मेहता,https://www.youtube.com/watch?v=MC24tod-LLY,Found
96,Taarak Mehta Ka Ooltah Chashmah - तारक मेहता का उल्टा चशमाह - Episode 96,https://www.youtube.com/watch?v=EK_YwIe1aB4,Found
97,Taarak Mehta Ka Ooltah Chashmah - तारक मेहता का उल्टा चशमाह - Episode 97,https://www.youtube.com/watch?v=eRYhVeO99NA,Found
98,Taarak Mehta Ka Ooltah Chashmah - तारक मेहता का उल्टा चशमाह - Episode 98,https://www.youtube.com/watch?v=c8wzXDCyMjI,Found
99,Taarak Mehta Ka Ooltah Chashmah - तारक मेहता का उल्टा चशमाह - Episode 99,https://www.youtube.com/watch?v=uwIFSoBmLBE,Found
100,Episode 100 - Taarak Mehta Ka Ooltah Chashmah | Full Episode | तारक मेहता,https://www.youtube.com/watch?v=y6AozDIu5yU,Found
101,Taarak Mehta Ka Ooltah Chashmah - तारक मेहता का उल्टा चशमाह - Episode 101,https://www.youtube.com/watch?v=pCEJpe8vsug,Found
102,Bapuji ने क्यों किया Jetha को नाश्ता देने से इंकार? | Episode 102 | Taarak Mehta Ka Ooltah Chashmah,https://www.youtube.com/watch?v=JkxEfsGKOac,Found
103,Taarak Mehta Ka Ooltah Chashmah - तारक मेहता का उल्टा चशमाह - Episode 103,https://www.youtube.com/watch?v=7GD2CyPTQL4,Found
104,Taarak Mehta Ka Ooltah Chashmah - तारक मेहता का उल्टा चशमाह - Episode 104,https://www.youtube.com/watch?v=zobd340v334,Found
105,Episode 105 - Taarak Mehta Ka Ooltah Chashmah | Full Episode | तारक मेहता का उल्टा चश्मा New Episode,https://www.youtube.com/watch?v=g0usDW7wgmA,Found
106,Taarak Mehta Ka Ooltah Chashmah - तारक मेहता का उल्टा चशमाह - Episode 106,https://www.youtube.com/watch?v=j40k_8f-8AU,Found
107,Taarak Mehta Ka Ooltah Chashmah - तारक मेहता का उल्टा चशमाह - Episode 107,https://www.youtube.com/watch?v=0kj7lQYRNRo,Found
108,Taarak Mehta Ka Ooltah Chashmah - तारक मेहता का उल्टा चशमाह - Episode 108,https://www.youtube.com/watch?v=xdi9QA4N5Es,Found
109,Taarak Mehta Ka Ooltah Chashmah - तारक मेहता का उल्टा चशमाह - Episode 109,https://www.youtube.com/watch?v=g34x76AacSE,Found
110,Taarak Mehta Ka Ooltah Chashmah - तारक मेहता का उल्टा चशमाह - Episode 110,https://www.youtube.com/watch?v=Ec5OH0plyLE,Found
111,Taarak Mehta Ka Ooltah Chashmah - तारक मेहता का उल्टा चशमाह - Episode 111,https://www.youtube.com/watch?v=Q2UNEd6yUIs,Found
112,"Taarak Mehta Ka Ooltah Chashmah - तारक मेहता का उल्टा चश्मा - Episode 112 - 17th July, 2020",https://www.youtube.com/watch?v=JhEqDlLLiMQ,Found
113,"Taarak Mehta Ka Ooltah Chashmah - तारक मेहता का उल्टा चश्मा - Episode 113 - 18th July, 2020",https://www.youtube.com/watch?v=V81FgVUZ5m8,Found
114,Taarak Mehta Ka Ooltah Chashmah - तारक मेहता का उल्टा चशमाह - Episode 114,https://www.youtube.com/watch?v=V9NsOFbGc30,Found
115,Taarak Mehta Ka Ooltah Chashmah - तारक मेहता का उल्टा चशमाह - Episode 115,https://www.youtube.com/watch?v=582dmNgeCaQ,Found
116,Taarak Mehta Ka Ooltah Chashmah - तारक मेहता का उल्टा चशमाह - Episode 116,https://www.youtube.com/watch?v=oW3yzsBG7Co,Found
117,Taarak Mehta Ka Ooltah Chashmah - तारक मेहता का उल्टा चशमाह - Episode 117 - Full Episode,https://www.youtube.com/watch?v=EqRYAYlPeF4,Found
118,Taarak Mehta Ka Ooltah Chashmah - तारक मेहता का उल्टा चशमाह - Episode 118,https://www.youtube.com/watch?v=F8KP3qeKZSY,Found
119,Taarak Mehta Ka Ooltah Chashmah - तारक मेहता का उल्टा चशमाह - Episode 119,https://www.youtube.com/watch?v=NhhECDvpGsQ,Found
120,Taarak Mehta Ka Ooltah Chashmah - तारक मेहता का उल्टा चशमाह - Episode 120,https://www.youtube.com/watch?v=W_vjb3VwxMM,Found
121,Episode 121 - Taarak Mehta Ka Ooltah Chashmah | Full Episode | तारक मेहता का उल्टा चश्मा New Episode,https://www.youtube.com/watch?v=hcL4R44D-yA,Found
122,Taarak Mehta Ka Ooltah Chashmah - तारक मेहता का उल्टा चशमाह - Episode 122,https://www.youtube.com/watch?v=8-8FTiQIEeM,Found
123,Taarak Mehta Ka Ooltah Chashmah - तारक मेहता का उल्टा चशमाह - Episode 123,https://www.youtube.com/watch?v=0j-IkgjC6yA,Found
124,Taarak Mehta Ka Ooltah Chashmah - तारक मेहता का उल्टा चशमाह - Episode 124 - Full Episode,https://www.youtube.com/watch?v=0LdYbg7U0YM,Found
125,Taarak Mehta Ka Ooltah Chashmah - तारक मेहता का उल्टा चशमाह - Episode 125,https://www.youtube.com/watch?v=GVx9KXf6B5g,Found
126,Taarak Mehta Ka Ooltah Chashmah - तारक मेहता का उल्टा चशमाह - Episode 126,https://www.youtube.com/watch?v=A8QUAS-4a0Y,Found
127,Taarak Mehta Ka Ooltah Chashmah - तारक मेहता का उल्टा चशमाह - Episode 127,https://www.youtube.com/watch?v=BTK0vJ7qDMQ,Found
128,Episode 128 - Taarak Mehta Ka Ooltah Chashmah | Full Episode | तारक मेहता का उल्टा चश्मा,https://www.youtube.com/watch?v=6X1IBSe7_OU,Found
129,Taarak Mehta Ka Ooltah Chashmah - तारक मेहता का उल्टा चशमाह - Episode 129,https://www.youtube.com/watch?v=MasDHFeDed8,Found
130,Episode 130 - Taarak Mehta Ka Ooltah Chashmah | Full Episode | तारक मेहता का उल्टा चश्मा,https://www.youtube.com/watch?v=jIQ_pVTafgw,Found
131,Episode 131 - Taarak Mehta Ka Ooltah Chashmah | Full Episode | तारक मेहता का उल्टा चश्मा,https://www.youtube.com/watch?v=76hmQXSYtrc,Found
132,Episode 132 - Taarak Mehta Ka Ooltah Chashmah | Full Episode | तारक मेहता का उल्टा चश्मा,https://www.youtube.com/watch?v=vdFLO_FIiA0,Found
133,Taarak Mehta Ka Ooltah Chashmah - तारक मेहता का उल्टा चशमाह - Episode 133,https://www.youtube.com/watch?v=gOaklQfD1z8,Found
134,Taarak Mehta Ka Ooltah Chashmah - तारक मेहता का उल्टा चशमाह - Episode 134,https://www.youtube.com/watch?v=4FQg4rEUaDY,Found
135,Taarak Mehta Ka Ooltah Chashmah - तारक मेहता का उल्टा चशमाह - Episode 135,https://www.youtube.com/watch?v=s-ZQL-PyC_4,Found
136,Taarak Mehta Ka Ooltah Chashmah - तारक मेहता का उल्टा चशमाह - Episode 136,https://www.youtube.com/watch?v=YxEFpAumkQQ,Found
137,Taarak Mehta Ka Ooltah Chashmah - तारक मेहता का उल्टा चशमाह - Episode 137,https://www.youtube.com/watch?v=VSdk28WfEu4,Found
138,Episode 138 - Taarak Mehta Ka Ooltah Chashmah | Full Episode | तारक मेहता का उल्टा चश्मा,https://www.youtube.com/watch?v=dtRVrt9HoP8,Found
139,Taarak Mehta Ka Ooltah Chashmah - तारक मेहता का उल्टा चशमाह - Episode 139,https://www.youtube.com/watch?v=iLLM1ysN8Ck,Found
140,Taarak Mehta Ka Ooltah Chashmah - तारक मेहता का उल्टा चशमाह - Episode 140 - Full Episode,https://www.youtube.com/watch?v=95hRAjzsACE,Found
141,Taarak Mehta Ka Ooltah Chashmah - तारक मेहता का उल्टा चशमाह - Episode 141,https://www.youtube.com/watch?v=HnpQQ4Ai1so,Found
142,Taarak Mehta Ka Ooltah Chashmah - तारक मेहता का उल्टा चशमाह - Episode 142,https://www.youtube.com/watch?v=l4KitZ25_TM,Found
143,Taarak Mehta Ka Ooltah Chashmah - तारक मेहता का उल्टा चशमाह - Episode 143,https://www.youtube.com/watch?v=wfCyQZEDKA8,Found
144,Taarak Mehta Ka Ooltah Chashmah - तारक मेहता का उल्टा चशमाह - Episode 144,https://www.youtube.com/watch?v=ukUcHznApAU,Found
145,Episode 145 - Taarak Mehta Ka Ooltah Chashmah | Full Episode | तारक मेहता का उल्टा चश्मा,https://www.youtube.com/watch?v=bUkzG2emJ9k,Found
146,Taarak Mehta Ka Ooltah Chashmah - तारक मेहता का उल्टा चशमाह - Episode 146,https://www.youtube.com/watch?v=Ye3hVEz3Vj0,Found
147,Taarak Mehta Ka Ooltah Chashmah - तारक मेहता का उल्टा चशमाह - Episode 147,https://www.youtube.com/watch?v=1bHgEj7zdhg,Found
148,Taarak Mehta Ka Ooltah Chashmah - तारक मेहता का उल्टा चशमाह - Episode 148,https://www.youtube.com/watch?v=gN3LBlDbUjs,Found
149,Taarak Mehta Ka Ooltah Chashmah - तारक मेहता का उल्टा चशमाह - Episode 149,https://www.youtube.com/watch?v=-afFRCn8ues,Found
150,Taarak Mehta Ka Ooltah Chashmah - तारक मेहता का उल्टा चशमाह - Episode 150,https://www.youtube.com/watch?v=FOnqkfleM4o,Found
151,Episode 151 - Taarak Mehta Ka Ooltah Chashmah | Full Episode | तारक मेहता का उल्टा चश्मा,https://www.youtube.com/watch?v=qYZFZbS6m54,Found
152,Taarak Mehta Ka Ooltah Chashmah - तारक मेहता का उल्टा चशमाह - Episode 152 - Full Episode,https://www.youtube.com/watch?v=ZIJ9jkXl7R8,Found
153,Episode 153 - Taarak Mehta Ka Ooltah Chashmah | Full Episode | तारक मेहता का उल्टा चश्मा,https://www.youtube.com/watch?v=LgzsVhfGx-A,Found
154,Episode 154 - Taarak Mehta Ka Ooltah Chashmah | Full Episode | तारक मेहता का उल्टा चश्मा,https://www.youtube.com/watch?v=jwpBbp6HMSY,Found
155,Taarak Mehta Ka Ooltah Chashmah - तारक मेहता का उल्टा चशमाह - Episode 155 - Full Episode,https://www.youtube.com/watch?v=GCf0Yo6H794,Found
156,Taarak Mehta Ka Ooltah Chashmah - तारक मेहता का उल्टा चशमाह - Episode 156 - Full Episode,https://www.youtube.com/watch?v=YvY6iQLQm1U,Found
157,Taarak Mehta Ka Ooltah Chashmah - तारक मेहता का उल्टा चशमाह - Episode 157 - Full Episode,https://www.youtube.com/watch?v=6_XsB_BQYss,Found
158,Taarak Mehta Ka Ooltah Chashmah - तारक मेहता का उल्टा चशमाह - Episode 158 - Full Episode,https://www.youtube.com/watch?v=NP_wa5Nsqf0,Found
159,Taarak Mehta Ka Ooltah Chashmah - तारक मेहता का उल्टा चशमाह - Episode 159 - Full Episode,https://www.youtube.com/watch?v=7NJY01LWvfQ,Found
160,Taarak Mehta Ka Ooltah Chashmah - तारक मेहता का उल्टा चशमाह - Episode 160 - Full Episode,https://www.youtube.com/watch?v=kxZm3VR6SP4,Found
161,Taarak Mehta Ka Ooltah Chashmah - तारक मेहता का उल्टा चशमाह - Episode 161 - Full Episode,https://www.youtube.com/watch?v=wyaz27dWvSk,Found
162,Taarak Mehta Ka Ooltah Chashmah - तारक मेहता का उल्टा चशमाह - Episode 162 - Full Episode,https://www.youtube.com/watch?v=XaRZ2lTwb9c,Found
163,Taarak Mehta Ka Ooltah Chashmah - तारक मेहता का उल्टा चशमाह - Episode 163 - Full Episode,https://www.youtube.com/watch?v=nTqx6jx_pso,Found
164,Taarak Mehta Ka Ooltah Chashmah - तारक मेहता का उल्टा चशमाह - Episode 164 - Full Episode,https://www.youtube.com/watch?v=-uFV--7twxM,Found
165,Taarak Mehta Ka Ooltah Chashmah - तारक मेहता का उल्टा चशमाह - Episode 165 - Full Episode,https://www.youtube.com/watch?v=Qr5g102qszI,Found
166,Taarak Mehta Ka Ooltah Chashmah - तारक मेहता का उल्टा चशमाह - Episode 166 - Full Episode,https://www.youtube.com/watch?v=SHqQWT21_84,Found
167,Taarak Mehta Ka Ooltah Chashmah - तारक मेहता का उल्टा चशमाह - Episode 167 - Full Episode,https://www.youtube.com/watch?v=sepsFcHsgCM,Found
168,Taarak Mehta Ka Ooltah Chashmah - तारक मेहता का उल्टा चशमाह - Episode 168 - Full Episode,https://www.youtube.com/watch?v=gvOrAd8YmLc,Found
169,Taarak Mehta Ka Ooltah Chashmah - तारक मेहता का उल्टा चशमाह - Episode 169 - Full Episode,https://www.youtube.com/watch?v=wqxrp4wkydQ,Found
170,Taarak Mehta Ka Ooltah Chashmah - तारक मेहता का उल्टा चशमाह - Episode 170 - Full Episode,https://www.youtube.com/watch?v=JkFIVfPW6JU,Found
171,Taarak Mehta Ka Ooltah Chashmah - तारक मेहता का उल्टा चशमाह - Episode 171 - Full Episode,https://www.youtube.com/watch?v=eTFZeTlYR5c,Found
172,Episode 172 - Taarak Mehta Ka Ooltah Chashmah | Full Episode | तारक मेहता का उल्टा चश्मा,https://www.youtube.com/watch?v=IiwWO1-Bmo0,Found
173,Episode 173 - Taarak Mehta Ka Ooltah Chashmah | Full Episode | तारक मेहता का उल्टा चश्मा,https://www.youtube.com/watch?v=9EnlmvkpWu4,Found
174,Taarak Mehta Ka Ooltah Chashmah - तारक मेहता का उल्टा चशमाह - Episode 174 - Full Episode,https://www.youtube.com/watch?v=ATuTHhf5cik,Found
175,Taarak Mehta Ka Ooltah Chashmah - तारक मेहता का उल्टा चशमाह - Episode 175 - Full Episode,https://www.youtube.com/watch?v=l6gRb1LFA_I,Found
176,Episode 176 - Taarak Mehta Ka Ooltah Chashmah | Full Episode | तारक मेहता का उल्टा चश्मा,https://www.youtube.com/watch?v=ZmtnFkTPqeU,Found
177,Taarak Mehta Ka Ooltah Chashmah - तारक मेहता का उल्टा चशमाह - Episode 177 - Full Episode,https://www.youtube.com/watch?v=gwvDTayOhC0,Found
178,Taarak Mehta Ka Ooltah Chashmah - तारक मेहता का उल्टा चशमाह - Episode 178 - Full Episode,https://www.youtube.com/watch?v=xsi-bELuxlI,Found
179,Episode 179 - Taarak Mehta Ka Ooltah Chashmah | Gokuldham Premier League | Full Episode | तारक मेहता,https://www.youtube.com/watch?v=yj0Rg-WZgq4,Found
180,Taarak Mehta Ka Ooltah Chashmah - तारक मेहता का उल्टा चशमाह - Episode 180 - Full Episode,https://www.youtube.com/watch?v=hDDG3S-cPC8,Found
181,Taarak Mehta Ka Ooltah Chashmah - तारक मेहता का उल्टा चशमाह - Episode 181 - Full Episode,https://www.youtube.com/watch?v=O8914A32lY8,Found
182,Taarak Mehta Ka Ooltah Chashmah - तारक मेहता का उल्टा चशमाह - Episode 182 - Full Episode,https://www.youtube.com/watch?v=1eYpzZJSiA8,Found
183,Taarak Mehta Ka Ooltah Chashmah - तारक मेहता का उल्टा चशमाह - Episode 183 - Full Episode,https://www.youtube.com/watch?v=0IwEMeXINKg,Found
184,Taarak Mehta Ka Ooltah Chashmah - तारक मेहता का उल्टा चशमाह - Episode 184 - Full Episode,https://www.youtube.com/watch?v=h_LBq4TSFk4,Found
185,Taarak Mehta Ka Ooltah Chashmah - तारक मेहता का उल्टा चशमाह - Episode 185 - Full Episode,https://www.youtube.com/watch?v=forHyhrOBv4,Found
186,Taarak Mehta Ka Ooltah Chashmah - तारक मेहता का उल्टा चशमाह - Episode 186 - Full Episode,https://www.youtube.com/watch?v=YBvxLVXtGhQ,Found
187,Taarak Mehta Ka Ooltah Chashmah - तारक मेहता का उल्टा चशमाह - Episode 187 - Full Episode,https://www.youtube.com/watch?v=vEv3ThHDaDE,Found
188,Taarak Mehta Ka Ooltah Chashmah - तारक मेहता का उल्टा चशमाह - Episode 188 - Full Episode,https://www.youtube.com/watch?v=DLN1O0v617w,Found
189,Taarak Mehta Ka Ooltah Chashmah - तारक मेहता का उल्टा चशमाह - Episode 189 - Full Episode,https://www.youtube.com/watch?v=v8RwDBitLyc,Found
190,Taarak Mehta Ka Ooltah Chashmah - तारक मेहता का उल्टा चशमाह - Episode 190 - Full Episode,https://www.youtube.com/watch?v=2gXKBXMc73k,Found
191,Taarak Mehta Ka Ooltah Chashmah - तारक मेहता का उल्टा चशमाह - Episode 191 - Full Episode,https://www.youtube.com/watch?v=oAn6UD3K6lw,Found
192,Taarak Mehta Ka Ooltah Chashmah - तारक मेहता का उल्टा चशमाह - Episode 192 - Full Episode,https://www.youtube.com/watch?v=joo9Mc45wqQ,Found
193,"Taarak Mehta Ka Ooltah Chashmah | तारक मेहता का उल्टा चश्मा | Episode 193 | 5th September, 2020",https://www.youtube.com/watch?v=DSddfMU1vLI,Found
194,Taarak Mehta Ka Ooltah Chashmah - तारक मेहता का उल्टा चशमाह - Episode 194 - Full Episode,https://www.youtube.com/watch?v=lk6PtZ89x1c,Found
195,Episode 195 - Taarak Mehta Ka Ooltah Chashmah | Babita's Birthday Party | Full Episode | तारक मेहता,https://www.youtube.com/watch?v=oh5QNak1ixk,Found
196,Taarak Mehta Ka Ooltah Chashmah - तारक मेहता का उल्टा चशमाह - Episode 196 - Full Episode,https://www.youtube.com/watch?v=JPEZq_muv-o,Found
197,Taarak Mehta Ka Ooltah Chashmah - तारक मेहता का उल्टा चशमाह - Episode 197 - Full Episode,https://www.youtube.com/watch?v=JYgK31OheEA,Found
198,Episode 198 - Taarak Mehta Ka Ooltah Chashmah | Antakshari Night | Full Episode | तारक मेहता,https://www.youtube.com/watch?v=DLmerGLI-CI,Found
199,Taarak Mehta Ka Ooltah Chashmah - तारक मेहता का उल्टा चशमाह - Episode 199 - Full Episode,https://www.youtube.com/watch?v=dXZJv2klKGU,Found
200,Taarak Mehta Ka Ooltah Chashmah - तारक मेहता का उल्टा चशमाह - Episode 200 - Full Episode,https://www.youtube.com/watch?v=JiIKzaEo8-4,Found
201,Taarak Mehta Ka Ooltah Chashmah - तारक मेहता का उल्टा चशमाह - Episode 201 - Full Episode,https://www.youtube.com/watch?v=L9FjbpVAd_A,Found
202,Taarak Mehta Ka Ooltah Chashmah - तारक मेहता का उल्टा चशमाह - Episode 202 - Full Episode,https://www.youtube.com/watch?v=1MJJgpZeXv4,Found
203,Taarak Mehta Ka Ooltah Chashmah - तारक मेहता का उल्टा चशमाह - Episode 203 - Full Episode,https://www.youtube.com/watch?v=d0k-G8MGLA0,Found
204,Taarak Mehta Ka Ooltah Chashmah - तारक मेहता का उल्टा चशमाह - Episode 204 - Full Episode,https://www.youtube.com/watch?v=9BfS69juFqQ,Found
205,Taarak Mehta Ka Ooltah Chashmah - तारक मेहता का उल्टा चशमाह - Episode 205 - Full Episode,https://www.youtube.com/watch?v=gwCxnkK5qVI,Found
206,Taarak Mehta Ka Ooltah Chashmah - तारक मेहता का उल्टा चशमाह - Episode 206 - Full Episode,https://www.youtube.com/watch?v=DRlo8JiQwlc,Found
207,Taarak Mehta Ka Ooltah Chashmah - तारक मेहता का उल्टा चशमाह - Episode 207 - Full Episode,https://www.youtube.com/watch?v=vXFNlr-pGaQ,Found
208,Taarak Mehta Ka Ooltah Chashmah - तारक मेहता का उल्टा चशमाह - Episode 208 - Full Episode,https://www.youtube.com/watch?v=h9iS2YfylPA,Found
209,Taarak Mehta Ka Ooltah Chashmah - तारक मेहता का उल्टा चशमाह - Episode 209 - Full Episode,https://www.youtube.com/watch?v=XTr4HZzHIgQ,Found
210,Taarak Mehta Ka Ooltah Chashmah - तारक मेहता का उल्टा चशमाह - Episode 210 - Full Episode,https://www.youtube.com/watch?v=XoGEfuc-9V0,Found
211,Episode 211 - Taarak Mehta Ka Ooltah Chashmah | Dahi Handi Prize | Full Episode | तारक मेहता,https://www.youtube.com/watch?v=Ib-PV1VwdjA,Found
212,Taarak Mehta Ka Ooltah Chashmah - तारक मेहता का उल्टा चशमाह - Episode 212 - Full Episode,https://www.youtube.com/watch?v=vgEfEAfCxlk,Found
213,Taarak Mehta Ka Ooltah Chashmah - तारक मेहता का उल्टा चशमाह - Episode 213 - Full Episode,https://www.youtube.com/watch?v=90cUBLA5fNA,Found
214,Taarak Mehta Ka Ooltah Chashmah - तारक मेहता का उल्टा चशमाह - Episode 214 - Full Episode,https://www.youtube.com/watch?v=SztpE4thrPA,Found
215,Episode 215 - Taarak Mehta Ka Ooltah Chashmah | Ganesh Utsav | Full Episode | तारक मेहता,https://www.youtube.com/watch?v=fxnheJzw5bs,Found
216,Taarak Mehta Ka Ooltah Chashmah - तारक मेहता का उल्टा चशमाह - Episode 216 - Full Episode,https://www.youtube.com/watch?v=8BxfLrmVeGg,Found
217,Episode 217 - Taarak Mehta Ka Ooltah Chashmah | Ganesh Utsav | Full Episode | तारक मेहता,https://www.youtube.com/watch?v=92ADWpluLE8,Found
218,Taarak Mehta Ka Ooltah Chashmah - तारक मेहता का उल्टा चशमाह - Episode 218 - Full Episode,https://www.youtube.com/watch?v=P1EgCPA133s,Found
219,Episode 219 - Taarak Mehta Ka Ooltah Chashmah | Ganesh Utsav | Full Episode | तारक मेहता,https://www.youtube.com/watch?v=3KO1O8nctvo,Found
220,Taarak Mehta Ka Ooltah Chashmah - तारक मेहता का उल्टा चशमाह - Episode 220 - Full Episode,https://www.youtube.com/watch?v=GuU_c-BB0TE,Found
221,Taarak Mehta Ka Ooltah Chashmah - तारक मेहता का उल्टा चशमाह - Episode 221 - Full Episode,https://www.youtube.com/watch?v=hx5ePE7-xaY,Found
222,Taarak Mehta Ka Ooltah Chashmah - तारक मेहता का उल्टा चशमाह - Episode 222 - Full Episode,https://www.youtube.com/watch?v=BYsfuZ0OxYE,Found
223,Taarak Mehta Ka Ooltah Chashmah - तारक मेहता का उल्टा चशमाह - Episode 223 - Full Episode,https://www.youtube.com/watch?v=3U094rxzEeE,Found
224,Episode 224 - Taarak Mehta Ka Ooltah Chashmah | Ganesh Utsav | Full Episode | तारक मेहता,https://www.youtube.com/watch?v=ju_t1cDOUiU,Found
225,Episode 225 - Taarak Mehta Ka Ooltah Chashmah | Jetha Back From London | Full Episode | तारक मेहता,https://www.youtube.com/watch?v=46Dz7Wd_Mjo,Found
226,Taarak Mehta Ka Ooltah Chashmah - तारक मेहता का उल्टा चशमाह - Episode 226 - Full Episode,https://www.youtube.com/watch?v=o0HROErBu7Y,Found
227,Taarak Mehta Ka Ooltah Chashmah - तारक मेहता का उल्टा चशमाह - Episode 227 - Full Episode,https://www.youtube.com/watch?v=fUnGUufri0Y,Found
228,Taarak Mehta Ka Ooltah Chashmah - तारक मेहता का उल्टा चशमाह - Episode 228 - Full Episode,https://www.youtube.com/watch?v=rAVnE7hswl8,Found
229,Taarak Mehta Ka Ooltah Chashmah - तारक मेहता का उल्टा चशमाह - Episode 229 - Full Episode,https://www.youtube.com/watch?v=EtjOkw6WACc,Found
230,Taarak Mehta Ka Ooltah Chashmah - तारक मेहता का उल्टा चशमाह - Episode 230 - Full Episode,https://www.youtube.com/watch?v=CmO4th8rzOw,Found
231,तारक मेहता का उल्टा चश्मा - एपिसोड 231,https://www.youtube.com/watch?v=0rgGWFvBzkc,Found
232,Taarak Mehta Ka Ooltah Chashmah - तारक मेहता - Throwback - Episode 232 - Full Episode,https://www.youtube.com/watch?v=y_l6u3RZpVM,Found
233,तारक मेहता का उल्टा चश्मा - एपिसोड 233,https://www.youtube.com/watch?v=EDhiXw3WvLs,Found
234,तारक मेहता का उल्टा चश्मा - एपिसोड 234,https://www.youtube.com/watch?v=BcPBBzbYq0U,Found
235,तारक मेहता का उल्टा चश्मा - एपिसोड 235,https://www.youtube.com/watch?v=fwJzJHrA6rM,Found
236,Taarak Mehta Ka Ooltah Chashmah - Episode 236,https://www.youtube.com/watch?v=NEIBjtvBVtM,Found
237,तारक मेहता का उल्टा चश्मा - एपिसोड 237,https://www.youtube.com/watch?v=Vkv6KgVvaqE,Found
238,तारक मेहता का उल्टा चश्मा - एपिसोड 238,https://www.youtube.com/watch?v=7lFm17z5QSQ,Found
239,Episode 239 - Taarak Mehta Ka Ooltah Chashmah | Navratri With Kerry | Full Episode | तारक मेहता,https://www.youtube.com/watch?v=0NwG6EZ169o,Found
240,Taarak Mehta Ka Ooltah Chashmah - तारक मेहता - Throwback - Episode  240 - Full Episode,https://www.youtube.com/watch?v=YUNctoFqfWg,Found
241,Taarak Mehta Ka Ooltah Chashmah - Episode 241,https://www.youtube.com/watch?v=ys703SL0vYc,Found
242,तारक मेहता का उल्टा चश्मा - एपिसोड 242,https://www.youtube.com/watch?v=DcXelsHw0PU,Found
243,Episode 243 - Taarak Mehta Ka Ooltah Chashmah | Popatlal Loves Kerry | Full Episode | तारक मेहता,https://www.youtube.com/watch?v=mXjIBtkOl2E,Found
244,Episode 244 - Taarak Mehta Ka Ooltah Chashmah | Popatlal Loves Kerry | Full Episode | तारक मेहता,https://www.youtube.com/watch?v=x0N8XO8X0ic,Found
245,तारक मेहता का उल्टा चश्मा - एपिसोड 245,https://www.youtube.com/watch?v=fXW4R76rcd4,Found
246,"Taarak Mehta Ka Ooltah Chashmah | तारक मेहता का उल्टा चश्मा | Episode 246 | 21st September, 2020",https://www.youtube.com/watch?v=NY8vIRyJ2HM,Found
247,Episode 247 - Taarak Mehta Ka Ooltah Chashmah | Babita Ka Naya Phone | Full Episode | तारक मेहता,https://www.youtube.com/watch?v=kES8Q1psYCI,Found
248,तारक मेहता का उल्टा चश्मा - एपिसोड 248,https://www.youtube.com/watch?v=xG9cUCM5t2Y,Found
249,तारक मेहता का उल्टा चश्मा - एपिसोड 249,https://www.youtube.com/watch?v=kym1Rn8ZG1k,Found
250,तारक मेहता का उल्टा चश्मा - एपिसोड 250,https://www.youtube.com/watch?v=Vt8XsOvilUs,Found
251,Taarak Mehta Ka Ooltah Chashmah - Ep 251 - Full Episode,https://www.youtube.com/watch?v=HSy2HuHD5zI,Found
252,तारक मेहता का उल्टा चश्मा - एपिसोड 252,https://www.youtube.com/watch?v=xatALkPJaok,Found
253,तारक मेहता का उल्टा चश्मा - एपिसोड 253,https://www.youtube.com/watch?v=raqhKHI60VY,Found
254,Taarak Mehta Ka Ooltah Chashmah - Episode 254,https://www.youtube.com/watch?v=H4pF1SgPKtk,Found
255,तारक मेहता का उल्टा चश्मा - एपिसोड 255,https://www.youtube.com/watch?v=LLT77__eLA4,Found
256,तारक मेहता का उल्टा चश्मा - एपिसोड 256,https://www.youtube.com/watch?v=ek0APwhHUD8,Found
257,Episode 257 - Taarak Mehta Ka Ooltah Chashmah | Babita Ka Naya Phone | Full Episode | तारक मेहता,https://www.youtube.com/watch?v=C1NE1rG1Rps,Found
258,Taarak Mehta Ka Ooltah Chashmah - तारक मेहता का उल्टा चशमाह - Episode 258 - Full Episode,https://www.youtube.com/watch?v=2-36kLAccz0,Found
259,तारक मेहता का उल्टा चश्मा - एपिसोड 259,https://www.youtube.com/watch?v=iIXwHa55Aj0,Found
260,तारक मेहता का उल्टा चश्मा - एपिसोड 260,https://www.youtube.com/watch?v=QVS8NzjQclk,Found
261,Episode 261 - Taarak Mehta Ka Ooltah Chashmah | Tapu Sena Ka Audition | Full Episode | तारक मेहता,https://www.youtube.com/watch?v=19vS55Aq5to,Found
262,Taarak Mehta Ka Ooltah Chashmah - तारक मेहता का उल्टा चशमाह - Episode 262 - Full Episode,https://www.youtube.com/watch?v=2C4jOiFpmw8,Found
263,तारक मेहता का उल्टा चश्मा - एपिसोड 263,https://www.youtube.com/watch?v=OFg4UBLswmg,Found
264,Taarak Mehta Ka Ooltah Chashmah - तारक मेहता का उल्टा चशमाह - Episode 264 - Full Episode,https://www.youtube.com/watch?v=3Iw9wa4_v2g,Found
265,Taarak Mehta Ka Ooltah Chashmah - तारक मेहता का उल्टा चशमाह - Episode 265 - Full Episode,https://www.youtube.com/watch?v=nCv-KGdZ8lI,Found
266,Episode 266 - Taarak Mehta Ka Ooltah Chashmah | Tapu Sena Ka Audition | Full Episode | तारक मेहता,https://www.youtube.com/watch?v=HmH7M_Z49yA,Found
267,Episode 267 - Taarak Mehta Ka Ooltah Chashmah | Tapu Sena Ka Audition | Full Episode | तारक मेहता,https://www.youtube.com/watch?v=Mw7atr2KQPA,Found
268,तारक मेहता का उल्टा चश्मा - एपिसोड 268,https://www.youtube.com/watch?v=HIIe6GfDANw,Found
269,तारक मेहता का उल्टा चश्मा - एपिसोड 269,https://www.youtube.com/watch?v=3Jk08VHUJqU,Found
270,Gogi Missing?! - Episode 270 | Taarak Mehta Ka Ooltah Chashmah - Full Episode | तारक मेहता,https://www.youtube.com/watch?v=czn3XDHKLOg,Found
271,Taarak Mehta Ka Ooltah Chashmah - तारक मेहता का उल्टा चशमाह - Episode 271 - Full Episode,https://www.youtube.com/watch?v=nDs65Z0Cue4,Found
272,तारक मेहता का उल्टा चश्मा - एपिसोड 272,https://www.youtube.com/watch?v=kjHs2VggnQA,Found
273,Taarak Mehta Ka Ooltah Chashmah   Episode 273   Full Episode,https://www.youtube.com/watch?v=JJhc2ykua_g,Found
274,Taarak Mehta Ka Ooltah Chashmah | Throwback | तारक मेहता का उल्टा चशमाह | Full Episode - 274,https://www.youtube.com/watch?v=DBZsXF0r0ss,Found
275,तारक मेहता का उल्टा चश्मा - एपिसोड 275,https://www.youtube.com/watch?v=ycyz0p_yGqI,Found
276,तारक मेहता का उल्टा चश्मा - एपिसोड 276,https://www.youtube.com/watch?v=nzHLVK7jPLE,Found
277,तारक मेहता का उल्टा चश्मा - एपिसोड 277,https://www.youtube.com/watch?v=HhJIi6WyMJ4,Found
278,तारक मेहता का उल्टा चश्मा - एपिसोड 278,https://www.youtube.com/watch?v=OsYr0xQRVfI,Found
279,Taarak Mehta Ka Ooltah Chashmah - तारक मेहता का उल्टा चशमाह - Episode 279 - Full Episode,https://www.youtube.com/watch?v=D4gsgidEbqo,Found
280,तारक मेहता का उल्टा चश्मा - एपिसोड 280,https://www.youtube.com/watch?v=MGvTJeUOtBA,Found
281,तारक मेहता का उल्टा चश्मा - एपिसोड 281,https://www.youtube.com/watch?v=T6A9i5LHUmo,Found
282,Taarak Mehta Ka Ooltah Chashmah - तारक मेहता का उल्टा चशमाह - Episode 282 - Full Episode,https://www.youtube.com/watch?v=6vu9j3a0_f4,Found
283,Taarak Mehta Ka Ooltah Chashmah - Episode 283,https://www.youtube.com/watch?v=fI2GQPUXFEM,Found
284,तारक मेहता का उल्टा चश्मा - एपिसोड 284,https://www.youtube.com/watch?v=Iub5y08Wl38,Found
285,"Taarak Mehta Ka Ooltah Chashmah - Full Episode 285 - 26th December, 2018",https://www.youtube.com/watch?v=-pqS52_RNys,Found
286,Taarak Mehta Ka Ooltah Chashmah - Episode 286,https://www.youtube.com/watch?v=jmSLPTW0fC0,Found
287,Episode 287 - Taarak Mehta Ka Ooltah Chashmah - Full Episode | Christmas Party | तारक मेहता,https://www.youtube.com/watch?v=GcTjSEnHWMI,Found
288,Taarak Mehta Ka Ooltah Chashmah - तारक मेहता का उल्टा चशमाह - Episode 288 - Full Episode,https://www.youtube.com/watch?v=q2AU5-BIOMA,Found
289,तारक मेहता का उल्टा चश्मा - एपिसोड 289,https://www.youtube.com/watch?v=vNWrZ0oGSnc,Found
290,तारक मेहता का उल्टा चश्मा - एपिसोड 290,https://www.youtube.com/watch?v=_nN0isLjKZc,Found
291,Jethalal's Failed Plan - Taarak Mehta Ka Ooltah Chashmah - Throwback- Full Episode,https://www.youtube.com/watch?v=Sue7aUwu09Q,Found
292,Episode 292 - Taarak Mehta Ka Ooltah Chashmah - Full Episode | New Year Celebration | तारक मेहता,https://www.youtube.com/watch?v=HD6fR4evQ50,Found
293,Episode 293 - Taarak Mehta Ka Ooltah Chashmah - Full Episode | New Year Celebration | तारक मेहता,https://www.youtube.com/watch?v=R10ScePAG5E,Found
294,Episode 294 - Taarak Mehta Ka Ooltah Chashmah - Full Episode | New Year Celebration | तारक मेहता,https://www.youtube.com/watch?v=JgERs4nBAqc,Found
295,तारक मेहता का उल्टा चश्मा - एपिसोड 295,https://www.youtube.com/watch?v=Ad2a4Owq7gk,Found
296,तारक मेहता का उल्टा चश्मा - एपिसोड 296,https://www.youtube.com/watch?v=FSSi50GBx3A,Found
297,तारक मेहता का उल्टा चश्मा - एपिसोड 297,https://www.youtube.com/watch?v=bGkB30iFtz0,Found
298,तारक मेहता का उल्टा चश्मा - एपिसोड 298,https://www.youtube.com/watch?v=fzmYgKykhrg,Found
299,तारक मेहता का उल्टा चश्मा - एपिसोड 299,https://www.youtube.com/watch?v=yLbAPK0LCfk,Found
300,तारक मेहता का उल्टा चश्मा - एपिसोड 300,https://www.youtube.com/watch?v=IZIbzCH86zs,Found
301,Taarak Mehta Ka Ooltah Chashmah - तारक मेहता - Throwback - Episode 301 - Full Episode,https://www.youtube.com/watch?v=ERalMr9B28M,Found
302,तारक मेहता का उल्टा चश्मा - एपिसोड 302,https://www.youtube.com/watch?v=NSZCa3J4wv4,Found
303,Laughter Club! - Ep 303 | Taarak Mehta Ka Ooltah Chashmah - Full Episode | तारक मेहता,https://www.youtube.com/watch?v=B6zITNLpqdk,Found
304,Taarak Mehta Ka Ooltah Chashmah - तारक मेहता का उल्टा चशमाह  - 304 - Full Episode,https://www.youtube.com/watch?v=6xV3P0pJ1x4,Found
305,Taarak Mehta Ka Ooltah Chashmah - Throwback - Episode 305 - Full Episode,https://www.youtube.com/watch?v=T7t7_cFEQcc,Found
306,तारक मेहता का उल्टा चश्मा - एपिसोड 306,https://www.youtube.com/watch?v=pHwD9fWutHE,Found
307,तारक मेहता का उल्टा चश्मा - एपिसोड 307,https://www.youtube.com/watch?v=OQwPwOoJuio,Found
308,Taarak Mehta Ka Ooltah Chashmah - तारक मेहता का उल्टा चशमाह  - 308 - Full Episode,https://www.youtube.com/watch?v=iIkLSChuXgg,Found
309,Speech Competition! - Ep 309 | Taarak Mehta Ka Ooltah Chashmah - Full Episode | तारक मेहता,https://www.youtube.com/watch?v=y0Kkj126Zws,Found
310,तारक मेहता का उल्टा चश्मा - एपिसोड 310,https://www.youtube.com/watch?v=3vR_9OWjjGk,Found
311,Taarak Mehta Ka Ooltah Chashmah - तारक मेहता का उल्टा चशमाह  - 311 - Full Episode,https://www.youtube.com/watch?v=xrUArmXRDUw,Found
312,Taarak Mehta Ka Ooltah Chashmah - तारक मेहता का उल्टा चशमाह  - 312 - Full Episode,https://www.youtube.com/watch?v=bZnVOWtW-qo,Found
313,Taarak Mehta Ka Ooltah Chashmah - तारक मेहता का उल्टा चशमाह  - 313 - Full Episode,https://www.youtube.com/watch?v=WgsCPy71YVU,Found
314,Taarak Mehta Ka Ooltah Chashmah - तारक मेहता का उल्टा चशमाह  - 314 - Full Episode,https://www.youtube.com/watch?v=HP1ldNFZrMI,Found
315,Taarak Mehta Ka Ooltah Chashmah - तारक मेहता का उल्टा चशमाह  - 315 - Full Episode,https://www.youtube.com/watch?v=llkd4VeNezc,Found
316,Taarak Mehta Ka Ooltah Chashmah - तारक मेहता का उल्टा चशमाह  - 316 - Full Episode,https://www.youtube.com/watch?v=v6aOD4Pyg6g,Found
317,तारक मेहता का उल्टा चश्मा - एपिसोड 317,https://www.youtube.com/watch?v=e0XSoRuVWQI,Found
318,तारक मेहता का उल्टा चश्मा - एपिसोड 318,https://www.youtube.com/watch?v=wIXFS7x8ko4,Found
319,तारक मेहता का उल्टा चश्मा - एपिसोड 319,https://www.youtube.com/watch?v=NbUKH_onCMM,Found
320,तारक मेहता का उल्टा चश्मा - एपिसोड 320,https://www.youtube.com/watch?v=1etzKM_hrok,Found
321,तारक मेहता का उल्टा चश्मा - एपिसोड 321,https://www.youtube.com/watch?v=LwAah0mKCjc,Found
322,Ep 322 - Taarak Mehta Ka Ooltah Chashmah - Valentine's Celebration | Full Episode | तारक मेहता,https://www.youtube.com/watch?v=8ybmS79D8u0,Found
323,Ep 323 - Taarak Mehta Ka Ooltah Chashmah - Valentine's Celebration | Full Episode | तारक मेहता,https://www.youtube.com/watch?v=y7wEqs5cfiI,Found
324,Ep 324 - Taarak Mehta Ka Ooltah Chashmah - Valentine's Celebration | Full Episode | तारक मेहता,https://www.youtube.com/watch?v=8TTPbq3m8P4,Found
325,Ep 325 - Taarak Mehta Ka Ooltah Chashmah - Holi | Full Episode | तारक मेहता,https://www.youtube.com/watch?v=ePWqRn7nJdo,Found
326,Ep 326 - Taarak Mehta Ka Ooltah Chashmah - Holi | Full Episode | तारक मेहता,https://www.youtube.com/watch?v=y2QfjUQtzlI,Found
327,तारक मेहता का उल्टा चश्मा - एपिसोड 327,https://www.youtube.com/watch?v=V8xb1bNMUoU,Found
328,Taarak Mehta Ka Ooltah Chashmah - Episode 328,https://www.youtube.com/watch?v=23oHnb9p5s8,Found
329,तारक मेहता का उल्टा चश्मा - एपिसोड 329,https://www.youtube.com/watch?v=vHCHk4YpSsk,Found
330,Taarak Mehta Ka Ooltah Chashmah - तारक मेहता का उल्टा चशमाह  - 330 - Full Episode,https://www.youtube.com/watch?v=Ax_npBKTKMw,Found
331,तारक मेहता का उल्टा चश्मा - एपिसोड 331,https://www.youtube.com/watch?v=YifloyFNFIg,Found
332,तारक मेहता का उल्टा चश्मा - एपिसोड 332,https://www.youtube.com/watch?v=qnSbMcJGg6M,Found
333,तारक मेहता का उल्टा चश्मा - एपिसोड 333,https://www.youtube.com/watch?v=3UKuPIZmV8g,Found
334,Tempo - Ep 334 - Taarak Mehta Ka Ooltah Chashmah - Full Episode | तारक मेहता,https://www.youtube.com/watch?v=peKpFzHPp2s,Found
335,Taarak Mehta Ka Ooltah Chashmah - तारक मेहता का उल्टा चशमाह  - 335 - Full Episode,https://www.youtube.com/watch?v=xJ0xMXEZdXo,Found
336,तारक मेहता का उल्टा चश्मा - एपिसोड 336,https://www.youtube.com/watch?v=KvXWBWQMdpk,Found
337,तारक मेहता का उल्टा चश्मा - एपिसोड 337,https://www.youtube.com/watch?v=xPTWnkKoveg,Found
338,Taarak Mehta Ka Ooltah Chashmah - Episode 338,https://www.youtube.com/watch?v=PSYsN497slM,Found
339,तारक मेहता का उल्टा चश्मा - एपिसोड 339,https://www.youtube.com/watch?v=8irkLzj6Ud0,Found
340,तारक मेहता का उल्टा चश्मा - एपिसोड 340,https://www.youtube.com/watch?v=zlSo0SHVIp8,Found
341,Taarak Mehta Ka Ooltah Chashmah - तारक मेहता - Throwback - Episode 341 - Full Episode,https://www.youtube.com/watch?v=-QZAoJYQlBE,Found
342,तारक मेहता का उल्टा चश्मा - एपिसोड 342,https://www.youtube.com/watch?v=0EcHjSBTtBo,Found
343,तारक मेहता का उल्टा चश्मा - एपिसोड 343,https://www.youtube.com/watch?v=td2rGEBXqy4,Found
344,तारक मेहता का उल्टा चश्मा - एपिसोड 344,https://www.youtube.com/watch?v=qOpMaSnldqQ,Found
345,तारक मेहता का उल्टा चश्मा - एपिसोड 345,https://www.youtube.com/watch?v=C9Og6ChNXfk,Found
346,Taarak Mehta Ka Ooltah Chashmah - Episode 346,https://www.youtube.com/watch?v=B6tBLLsTLa4,Found
347,Taarak Mehta Ka Ooltah Chashmah - Episode 347,https://www.youtube.com/watch?v=woihUGzqGHg,Found
348,तारक मेहता का उल्टा चश्मा - एपिसोड 348,https://www.youtube.com/watch?v=hO9hFQXsGRQ,Found
349,तारक मेहता का उल्टा चश्मा - एपिसोड 349,https://www.youtube.com/watch?v=Z_sW0CQ_oI0,Found
350,तारक मेहता का उल्टा चश्मा - एपिसोड 350,https://www.youtube.com/watch?v=FYdmwG9ZfOY,Found
351,Taarak Mehta Ka Ooltah Chashmah - Episode 351,https://www.youtube.com/watch?v=aFPYr_sgjHo,Found
352,तारक मेहता का उल्टा चश्मा - एपिसोड 352,https://www.youtube.com/watch?v=38B9rDnItbo,Found
353,तारक मेहता का उल्टा चश्मा - एपिसोड 353,https://www.youtube.com/watch?v=J4uSbSjt7cM,Found
354,Taarak Mehta Ka Ooltah Chashmah - तारक मेहता का उल्टा चशमाह  - 354 - Full Episode,https://www.youtube.com/watch?v=I3wXHx6s4AI,Found
355,तारक मेहता का उल्टा चश्मा - एपिसोड 355,https://www.youtube.com/watch?v=XIg3_XCoIuY,Found
356,तारक मेहता का उल्टा चश्मा - एपिसोड 356,https://www.youtube.com/watch?v=rARO95G7HP4,Found
357,तारक मेहता का उल्टा चश्मा - एपिसोड 357,https://www.youtube.com/watch?v=17l7RUe9Syk,Found
358,तारक मेहता का उल्टा चश्मा - एपिसोड 358,https://www.youtube.com/watch?v=SfbNnTs-GNc,Found
359,तारक मेहता का उल्टा चश्मा - एपिसोड 359,https://www.youtube.com/watch?v=oR9rGEu7QD0,Found
360,तारक मेहता का उल्टा चश्मा - एपिसोड 360,https://www.youtube.com/watch?v=o6Pra6JaWNk,Found
361,तारक मेहता का उल्टा चश्मा - एपिसोड 361,https://www.youtube.com/watch?v=ZZwaDl_k2yI,Found
362,Taarak Mehta Ka Ooltah Chashmah - तारक मेहता का उल्टा चशमाह  - 362 - Full Episode,https://www.youtube.com/watch?v=_vOgfcDp2Rc,Found
363,Taarak Mehta Ka Ooltah Chashmah - Episode 363,https://www.youtube.com/watch?v=nfIlulRW_D4,Found
364,तारक मेहता का उल्टा चश्मा - एपिसोड 364,https://www.youtube.com/watch?v=2R5FTvFsqEI,Found
365,तारक मेहता का उल्टा चश्मा - एपिसोड 365,https://www.youtube.com/watch?v=D80Y8xq4w9Y,Found
366,Taarak Mehta Ka Ooltah Chashmah - तारक मेहता का उल्टा चशमाह  - 366 - Full Episode,https://www.youtube.com/watch?v=rbzV8btatAs,Found
367,Taarak Mehta Ka Ooltah Chashmah - तारक मेहता का उल्टा चशमाह  - 367 - Full Episode,https://www.youtube.com/watch?v=ESrYQsEw4nA,Found
368,तारक मेहता का उल्टा चश्मा - एपिसोड 368,https://www.youtube.com/watch?v=T4wCmmPtMVc,Found
369,तारक मेहता का उल्टा चश्मा - एपिसोड 369,https://www.youtube.com/watch?v=oxgrVDysJoc,Found
370,तारक मेहता का उल्टा चश्मा - एपिसोड 370,https://www.youtube.com/watch?v=7_uyDFO0Dpc,Found
371,तारक मेहता का उल्टा चश्मा - एपिसोड 371,https://www.youtube.com/watch?v=7-LMqUtS3wg,Found
372,तारक मेहता का उल्टा चश्मा - एपिसोड 372,https://www.youtube.com/watch?v=W7MH7qyfudY,Found
373,तारक मेहता का उल्टा चश्मा - एपिसोड 373,https://www.youtube.com/watch?v=GVPpPEEoim4,Found
374,Result Day | Taarak Mehta Ka Ooltah Chashmah - Ep-374 | Full Episode | 2 February 2022,https://www.youtube.com/watch?v=tq0kSTuOtmU,Found
375,तारक मेहता का उल्टा चश्मा - एपिसोड 375,https://www.youtube.com/watch?v=P2IXXUORcD0,Found
376,तारक मेहता का उल्टा चश्मा - एपिसोड 376,https://www.youtube.com/watch?v=sm8V9YyawaE,Found
377,तारक मेहता का उल्टा चश्मा - एपिसोड 377,https://www.youtube.com/watch?v=MUHmEHBwNF0,Found
378,Where Is The Money? | Taarak Mehta Ka Ooltah Chashmah - Ep - 378 | Full Episode | 4 Feb 2022,https://www.youtube.com/watch?v=XSphMuz1rr0,Found
379,तारक मेहता का उल्टा चश्मा - एपिसोड 379,https://www.youtube.com/watch?v=FEdEgtY6ulw,Found
380,Taarak Mehta Ka Ooltah Chashmah - Episode 380,https://www.youtube.com/watch?v=cr6iCW2EJHw,Found
381,Taarak Mehta Ka Ooltah Chashmah - तारक मेहता का उल्टा चशमाह  - 381 - Full Episode,https://www.youtube.com/watch?v=hXIpNK74E9s,Found
382,Taarak Mehta Ka Ooltah Chashmah - Episode 382,https://www.youtube.com/watch?v=5iG2C_ZYiMs,Found
383,तारक मेहता का उल्टा चश्मा - एपिसोड 383,https://www.youtube.com/watch?v=mOzE4RYQVZs,Found
384,तारक मेहता का उल्टा चश्मा - एपिसोड 384,https://www.youtube.com/watch?v=X_ZpdRlACC0,Found
385,तारक मेहता का उल्टा चश्मा - एपिसोड 385,https://www.youtube.com/watch?v=yMOrbf0Fv5o,Found
386,तारक मेहता का उल्टा चश्मा - एपिसोड 386,https://www.youtube.com/watch?v=G5yYl7gFDx0,Found
387,Taarak Mehta Ka Ooltah Chashmah - तारक मेहता का उल्टा चशमाह - Episode 387 - Full Episode,https://www.youtube.com/watch?v=mNcC4Qin-h8,Found
388,"Taarak Mehta Ka Ooltah Chashmah | तारक मेहता का उल्टा चश्मा | Episode 388 | 6th July, 2020",https://www.youtube.com/watch?v=2qOiOS-tvxg,Found
389,तारक मेहता का उल्टा चश्मा - एपिसोड 389,https://www.youtube.com/watch?v=ooATjVxZXDk,Found
390,तारक मेहता का उल्टा चश्मा - एपिसोड 390,https://www.youtube.com/watch?v=9B8JCPCXuqE,Found
391,तारक मेहता का उल्टा चश्मा - एपिसोड 391,https://www.youtube.com/watch?v=uKF1xvDMB4c,Found
392,तारक मेहता का उल्टा चश्मा - एपिसोड 392,https://www.youtube.com/watch?v=FwNkeqiYj5g,Found
393,तारक मेहता का उल्टा चश्मा - एपिसोड 393,https://www.youtube.com/watch?v=93oHheZ85Kw,Found
394,Taarak Mehta Ka Ooltah Chashmah - तारक मेहता का उल्टा चशमाह  - 394 - Full Episode,https://www.youtube.com/watch?v=c-ZwL2O6ccY,Found
395,तारक मेहता का उल्टा चश्मा - एपिसोड 395,https://www.youtube.com/watch?v=zepW8gS80JQ,Found
396,"Taarak Mehta Ka Ooltah Chashmah | तारक मेहता का उल्टा चश्मा | Episode 396 | 19th November, 2020",https://www.youtube.com/watch?v=Q5OcjFA55Go,Found
397,Taarak Mehta Ka Ooltah Chashmah - तारक मेहता का उल्टा चशमाह  - 397 - Full Episode,https://www.youtube.com/watch?v=Zf0hBfgaIOA,Found
398,Taarak Mehta Ka Ooltah Chashmah - Episode 398,https://www.youtube.com/watch?v=WIfvOZpmgXc,Found
399,तारक मेहता का उल्टा चश्मा - एपिसोड 399,https://www.youtube.com/watch?v=aNih50HHpg0,Found
400,"Taarak Mehta Ka Ooltah Chashmah | तारक मेहता का उल्टा चश्मा | Episode 400 | 21st November, 2020",https://www.youtube.com/watch?v=eQa0mrn10w0,Found
401,Taarak Mehta Ka Ooltah Chashmah - तारक मेहता का उल्टा चशमाह  - 401 - Full Episode,https://www.youtube.com/watch?v=cIcGHPsPVQY,Found
402,तारक मेहता का उल्टा चश्मा - एपिसोड 402,https://www.youtube.com/watch?v=IIKbrMKyLn0,Found
403,"Taarak Mehta Ka Ooltah Chashmah | तारक मेहता का उल्टा चश्मा | Episode 403 | 15th August, 2020",https://www.youtube.com/watch?v=6jzYkRGCsAA,Found
404,"Taarak Mehta Ka Ooltah Chashmah | तारक मेहता का उल्टा चश्मा | Episode 404 | 15th August, 2020",https://www.youtube.com/watch?v=0vx5iXmr5g4,Found
405,तारक मेहता का उल्टा चश्मा - एपिसोड 405,https://www.youtube.com/watch?v=vpauC79gn7c,Found
406,तारक मेहता का उल्टा चश्मा - एपिसोड 406,https://www.youtube.com/watch?v=BCu6wM8_ij0,Found
407,Taarak Mehta Ka Ooltah Chashmah | तारक मेहता का उल्टा चश्मा | Episode 407 | Full Episode,https://www.youtube.com/watch?v=KEZnzpbrVdc,Found
408,तारक मेहता का उल्टा चश्मा - एपिसोड 408,https://www.youtube.com/watch?v=ko9DAMLDgfk,Found
409,Taarak Mehta Ka Ooltah Chashmah - तारक मेहता का उल्टा चशमाह  - 409 - Full Episode,https://www.youtube.com/watch?v=vyn2xz7l4OA,Found
410,तारक मेहता का उल्टा चश्मा - एपिसोड 410,https://www.youtube.com/watch?v=3Rma4iLzjCc,Found
411,तारक मेहता का उल्टा चश्मा - एपिसोड 411,https://www.youtube.com/watch?v=h0B3Wp2rDuo,Found
412,तारक मेहता का उल्टा चश्मा - एपिसोड 412,https://www.youtube.com/watch?v=EmIEUDWN0zY,Found
413,तारक मेहता का उल्टा चश्मा - एपिसोड 413,https://www.youtube.com/watch?v=51SwozTN9qM,Found
414,तारक मेहता का उल्टा चश्मा - एपिसोड 414,https://www.youtube.com/watch?v=5_zRun2jd2M,Found
415,तारक मेहता का उल्टा चश्मा - एपिसोड 415,https://www.youtube.com/watch?v=KwSp5bon7go,Found
416,तारक मेहता का उल्टा चश्मा - एपिसोड 416,https://www.youtube.com/watch?v=3YZS19HaTL8,Found
417,तारक मेहता का उल्टा चश्मा - एपिसोड 417,https://www.youtube.com/watch?v=pFwi2cp1t9Q,Found
418,तारक मेहता का उल्टा चश्मा - एपिसोड 418,https://www.youtube.com/watch?v=U2ACr7SUc7M,Found
419,तारक मेहता का उल्टा चश्मा - एपिसोड 419,https://www.youtube.com/watch?v=EZZNsdnc5Ck,Found
420,तारक मेहता का उल्टा चश्मा - एपिसोड 420,https://www.youtube.com/watch?v=NrV2I5-GytU,Found
421,तारक मेहता का उल्टा चश्मा - एपिसोड 421,https://www.youtube.com/watch?v=QXEFrBR7ULc,Found
422,तारक मेहता का उल्टा चश्मा - एपिसोड 422,https://www.youtube.com/watch?v=oXLFFTrIols,Found
423,तारक मेहता का उल्टा चश्मा - एपिसोड 423,https://www.youtube.com/watch?v=HclYJC7abmc,Found
424,"Taarak Mehta Ka Ooltah Chashmah | तारक मेहता का उल्टा चश्मा | Episode 424 | 12th July, 2020",https://www.youtube.com/watch?v=va8DMTUK2pY,Found
425,"Taarak Mehta Ka Ooltah Chashmah | तारक मेहता का उल्टा चश्मा | Episode 425 | 12th July, 2020",https://www.youtube.com/watch?v=9qeR-Y8LW9E,Found
426,Taarak Mehta Ka Ooltah Chashmah - Episode 426,https://www.youtube.com/watch?v=mOlm_vPhbRc,Found
427,Taarak Mehta Ka Ooltah Chashmah - तारक मेहता का उल्टा चशमाह  - 427 - Full Episode,https://www.youtube.com/watch?v=lJBYrqYzj7Y,Found
428,तारक मेहता का उल्टा चश्मा - एपिसोड 428,https://www.youtube.com/watch?v=zp7pCKlsFqA,Found
429,Taarak Mehta Ka Ooltah Chashmah - Episode 429,https://www.youtube.com/watch?v=Cegb16JuH5k,Found
430,तारक मेहता का उल्टा चश्मा - एपिसोड 430,https://www.youtube.com/watch?v=0tp1TK24wGM,Found
431,"Taarak Mehta Ka Ooltah Chashmah | तारक मेहता का उल्टा चश्मा | Episode 431 | 15th July, 2020",https://www.youtube.com/watch?v=dQpA0vQM6rE,Found
432,तारक मेहता का उल्टा चश्मा - एपिसोड 432,https://www.youtube.com/watch?v=_0liAvhKDfY,Found
433,तारक मेहता का उल्टा चश्मा - एपिसोड 433,https://www.youtube.com/watch?v=hWqxwg2mjmY,Found
434,"Taarak Mehta Ka Ooltah Chashmah | तारक मेहता का उल्टा चश्मा | Episode 434 | 17th July, 2020",https://www.youtube.com/watch?v=t6HQlFEoEl4,Found
435,"Taarak Mehta Ka Ooltah Chashmah | तारक मेहता का उल्टा चश्मा | Episode 435 | 17th July, 2020",https://www.youtube.com/watch?v=pUAZdz9haAI,Found
436,तारक मेहता का उल्टा चश्मा - एपिसोड 436,https://www.youtube.com/watch?v=rknjRuF_A9Y,Found
437,तारक मेहता का उल्टा चश्मा - एपिसोड 437,https://www.youtube.com/watch?v=KiUg3mTDMHw,Found
438,Taarak Mehta Ka Ooltah Chashmah - Episode 438 - Full Episode,https://www.youtube.com/watch?v=KEx9ZK3JEQg,Found
439,Taarak Mehta Ka Ooltah Chashmah - तारक मेहता का उल्टा चशमाह - Episode 439 - Full Episode,https://www.youtube.com/watch?v=KcI6-VqOKyg,Found
440,तारक मेहता का उल्टा चश्मा - एपिसोड 440,https://www.youtube.com/watch?v=8cRD6tgjo20,Found
441,Taarak Mehta Ka Ooltah Chashmah - Episode 441- Full Episode,https://www.youtube.com/watch?v=m92DYbqM2Yk,Found
442,तारक मेहता का उल्टा चश्मा - एपिसोड 442,https://www.youtube.com/watch?v=lX4ZZYIpd2Y,Found
443,तारक मेहता का उल्टा चश्मा - एपिसोड 443,https://www.youtube.com/watch?v=ytXDgxuxmhs,Found
444,तारक मेहता का उल्टा चश्मा - एपिसोड 444,https://www.youtube.com/watch?v=zNJIpfl8ho8,Found
445,Taarak Mehta Ka Ooltah Chashmah - Episode 445 - Full Episode,https://www.youtube.com/watch?v=D7LDNQUfKI0,Found
446,तारक मेहता का उल्टा चश्मा - एपिसोड 446,https://www.youtube.com/watch?v=pkJi5STDWCE,Found
447,तारक मेहता का उल्टा चश्मा - एपिसोड 447,https://www.youtube.com/watch?v=d6fHqSaLMF8,Found
448,तारक मेहता का उल्टा चश्मा - एपिसोड 448,https://www.youtube.com/watch?v=MiMiaO_aWBU,Found
449,तारक मेहता का उल्टा चश्मा - एपिसोड 449,https://www.youtube.com/watch?v=7KWbjJ0OSb8,Found
450,Taarak Mehta Ka Ooltah Chashmah - Episode 450,https://www.youtube.com/watch?v=jtcAkFQ6fII,Found
451,तारक मेहता का उल्टा चश्मा - एपिसोड 451,https://www.youtube.com/watch?v=wLxsUFiezFI,Found
452,तारक मेहता का उल्टा चश्मा - एपिसोड 452,https://www.youtube.com/watch?v=9j_wrzwzZS4,Found
453,तारक मेहता का उल्टा चश्मा - एपिसोड 453,https://www.youtube.com/watch?v=or_80Vu04v8,Found
454,Taarak Mehta Ka Ooltah Chashmah - Episode 454 - Full Episode,https://www.youtube.com/watch?v=3LF7EQDa8vw,Found
455,Taarak Mehta Ka Ooltah Chashmah - Episode 455,https://www.youtube.com/watch?v=9VPQXILyFXU,Found
456,तारक मेहता का उल्टा चश्मा - एपिसोड 456,https://www.youtube.com/watch?v=Q3WXQfyHwCs,Found
457,तारक मेहता का उल्टा चश्मा - एपिसोड 457,https://www.youtube.com/watch?v=9ak7JGaQhSw,Found
458,तारक मेहता का उल्टा चश्मा - एपिसोड 458,https://www.youtube.com/watch?v=cS3_L904Oc4,Found
459,तारक मेहता का उल्टा चश्मा - एपिसोड 459,https://www.youtube.com/watch?v=t5CoFHmBsqw,Found
460,तारक मेहता का उल्टा चश्मा - एपिसोड 460,https://www.youtube.com/watch?v=Hn77NShFYtE,Found
461,तारक मेहता का उल्टा चश्मा - एपिसोड 461,https://www.youtube.com/watch?v=3N5hNbFY5hY,Found
462,तारक मेहता का उल्टा चश्मा - एपिसोड 462,https://www.youtube.com/watch?v=zVyW3OvT40Q,Found
463,तारक मेहता का उल्टा चश्मा - एपिसोड 463,https://www.youtube.com/watch?v=wB0ombDo6bE,Found
464,तारक मेहता का उल्टा चश्मा - एपिसोड 464,https://www.youtube.com/watch?v=bKH3koqTrZo,Found
465,Taarak Mehta Ka Ooltah Chashmah - Episode 465 - Full Episode,https://www.youtube.com/watch?v=9cpg91SwxsM,Found
466,तारक मेहता का उल्टा चश्मा - एपिसोड 466,https://www.youtube.com/watch?v=JHrogVjV3Ps,Found
467,Taarak Mehta Ka Ooltah Chashmah - Episode 467 - Full Episode,https://www.youtube.com/watch?v=MGyokBhp190,Found
468,तारक मेहता का उल्टा चश्मा - एपिसोड 468,https://www.youtube.com/watch?v=mMk_tT4e4rE,Found
469,Taarak Mehta Ka Ooltah Chashmah - Episode 469 - Full Episode,https://www.youtube.com/watch?v=WWlo3Un-lRY,Found
470,Taarak Mehta Ka Ooltah Chashmah Episode 470 - Full Episode,https://www.youtube.com/watch?v=cOWiFMBT854,Found
471,"Taarak Mehta Ka Ooltah Chashmah | तारक मेहता का उल्टा चश्मा | Episode 471 | 23rd July, 2020",https://www.youtube.com/watch?v=uF1wQHUkxMM,Found
472,Taarak Mehta Ka Ooltah Chashmah - Episode 472 - Full Episode,https://www.youtube.com/watch?v=TAKXUlC9OB8,Found
473,Taarak Mehta Ka Ooltah Chashmah - Episode 473 - Full Episode,https://www.youtube.com/watch?v=DPee9gpxRro,Found
474,Taarak Mehta Ka Ooltah Chashmah - Episode 474 - Full Episode,https://www.youtube.com/watch?v=c0DE9Qf3rSE,Found
475,Taarak Mehta Ka Ooltah Chashmah - Episode 475 - Full Episode,https://www.youtube.com/watch?v=sVH3tBqM3tk,Found
476,Taarak Mehta Ka Ooltah Chashmah - Episode 476 - Full Episode,https://www.youtube.com/watch?v=21eQtStLSRI,Found
477,Taarak Mehta Ka Ooltah Chashmah - Episode 477 - Full Episode,https://www.youtube.com/watch?v=U2WGD4iSXqY,Found
478,Taarak Mehta Ka Ooltah Chashmah - Episode 478 - Full Episode,https://www.youtube.com/watch?v=dldPewBC4ps,Found
479,Taarak Mehta Ka Ooltah Chashmah - Episode 479 - Full Episode,https://www.youtube.com/watch?v=6TVS-K7GT3w,Found
480,Taarak Mehta Ka Ooltah Chashmah - Episode 480 - Full Episode,https://www.youtube.com/watch?v=KuxNLEeX3gs,Found
481,Taarak Mehta Ka Ooltah Chashmah - Episode 481 - Full Episode,https://www.youtube.com/watch?v=VFyRVR8_y3A,Found
482,Taarak Mehta Ka Ooltah Chashmah - Episode 482 - Full Episode,https://www.youtube.com/watch?v=db_JPAuetCo,Found
483,Taarak Mehta Ka Ooltah Chashmah - Episode 483 - Full Episode,https://www.youtube.com/watch?v=HdEHM_VpRoM,Found
484,Taarak Mehta Ka Ooltah Chashmah - Episode 484 - Full Episode,https://www.youtube.com/watch?v=1CYsXZp9vY8,Found
485,Jethalal को पसंद आया Special Khakhra का स्वाद! | Taarak Mehta Ka Ooltah Chashmah | Full Episode 485,https://www.youtube.com/watch?v=BOezfUn9lSc,Found
486,Taarak Mehta Ka Ooltah Chashmah - Episode 486 - Full Episode,https://www.youtube.com/watch?v=Zs4tNaMItVU,Found
487,Taarak Mehta Ka Ooltah Chashmah - Episode 487 - Full Episode,https://www.youtube.com/watch?v=u7iWZlkV5PI,Found
488,Taarak Mehta Ka Ooltah Chashmah - Episode 488 - Full Episode,https://www.youtube.com/watch?v=bJ1FucxXX7o,Found
489,Taarak Mehta Ka Ooltah Chashmah - Episode 489 - Full Episode,https://www.youtube.com/watch?v=AsTxbtKFT00,Found
490,Taarak Mehta Ka Ooltah Chashmah - Episode 490 - Full Episode,https://www.youtube.com/watch?v=PBXSZOM_GX0,Found
491,Taarak Mehta Ka Ooltah Chashmah - Episode 491 - Full Episode,https://www.youtube.com/watch?v=_Qb53ocr6kQ,Found
492,Taarak Mehta Ka Ooltah Chashmah - Episode 492 - Full Episode,https://www.youtube.com/watch?v=vRJW-8X7x5k,Found
493,Taarak Mehta Ka Ooltah Chashmah - Episode 493 - Full Episode,https://www.youtube.com/watch?v=1BsXqv6fX6g,Found
494,Taarak Mehta Ka Ooltah Chashmah - Episode 494 - Full Episode,https://www.youtube.com/watch?v=FJmrsPVKfjU,Found
495,Taarak Mehta Ka Ooltah Chashmah - Episode 495 - Full Episode,https://www.youtube.com/watch?v=n5m4Kk6xEVI,Found
496,Taarak Mehta Ka Ooltah Chashmah - Episode 496 - Full Episode,https://www.youtube.com/watch?v=UPfhxM2lkKA,Found
497,Taarak Mehta Ka Ooltah Chashmah - Episode 497 - Full Episode,https://www.youtube.com/watch?v=FYJAoc3cjnQ,Found
498,Taarak Mehta Ka Ooltah Chashmah - Episode 498 - Full Episode,https://www.youtube.com/watch?v=K0GoiR9gHnE,Found
499,Taarak Mehta Ka Ooltah Chashmah - Episode 499 - Full Episode,https://www.youtube.com/watch?v=TawvkgWX6wU,Found
500,Taarak Mehta Ka Ooltah Chashmah - Episode 500 - Full Episode,https://www.youtube.com/watch?v=nbkiNLWJ6Ig,Found
501,Taarak Mehta Ka Ooltah Chashmah - Episode 501 - Full Episode,https://www.youtube.com/watch?v=1HchLkP0l1o,Found
502,Taarak Mehta Ka Ooltah Chashmah - Episode 502 - Full Episode,https://www.youtube.com/watch?v=VZRZxt298_E,Found
503,Taarak Mehta Ka Ooltah Chashmah - Episode 503 - Full Episode,https://www.youtube.com/watch?v=VbxSpuLd5V8,Found
504,Taarak Mehta Ka Ooltah Chashmah - Episode 504 - Full Episode,https://www.youtube.com/watch?v=5-GGGkdsLZ4,Found
505,Taarak Mehta Ka Ooltah Chashmah - Episode 505 - Full Episode,https://www.youtube.com/watch?v=gKR6D9z_7qo,Found
506,Taarak Mehta Ka Ooltah Chashmah - Episode 506 - Full Episode,https://www.youtube.com/watch?v=h8UKtag_d0s,Found
507,Taarak Mehta Ka Ooltah Chashmah - Episode 507 - Full Episode,https://www.youtube.com/watch?v=Jut4AoC40F4,Found
508,Taarak Mehta Ka Ooltah Chashmah - Episode 508 - Full Episode,https://www.youtube.com/watch?v=beF7XJww3pM,Found
509,Taarak Mehta Ka Ooltah Chashmah - Episode 509 - Full Episode,https://www.youtube.com/watch?v=9WsvXRBm8ig,Found
510,Taarak Mehta Ka Ooltah Chashmah - Episode 510 - Full Episode,https://www.youtube.com/watch?v=flWgptdh5EE,Found
511,Taarak Mehta Ka Ooltah Chashmah - Episode 511 - Full Episode,https://www.youtube.com/watch?v=Ksm884MBh-I,Found
512,Taarak Mehta Ka Ooltah Chashmah - Episode 512 - Full Episode,https://www.youtube.com/watch?v=O4k6ag3lgI0,Found
513,Taarak Mehta Ka Ooltah Chashmah - Episode 513 - Full Episode,https://www.youtube.com/watch?v=g6UnD4KnVhw,Found
514,Taarak Mehta Ka Ooltah Chashmah - Episode 514 - Full Episode,https://www.youtube.com/watch?v=DTWXjxBZsBk,Found
515,Taarak Mehta Ka Ooltah Chashmah - Episode 515 - Full Episode,https://www.youtube.com/watch?v=R63ZpMbJbTg,Found
516,"Taarak Mehta Ka Ooltah Chashmah - Full Episode 516 - 11th March, 2020",https://www.youtube.com/watch?v=IuLMmairawk,Found
517,Episode 517 - Taarak Mehta Ka Ooltah Chashmah - Full Episode | तारक मेहता का उल्टा चश्मा,https://www.youtube.com/watch?v=VGnpf-kS2x4,Found
518,"Taarak Mehta Ka Ooltah Chashmah - Full Episode 518 - 12th March, 2020",https://www.youtube.com/watch?v=FF0Z--IFHAE,Found
519,Taarak Mehta Ka Ooltah Chashmah - Episode 519 - Full Episode,https://www.youtube.com/watch?v=nBCWaz67Xg4,Found
520,Taarak Mehta Ka Ooltah Chashmah - Episode 520 - Full Episode,https://www.youtube.com/watch?v=vPV0OW5_4vM,Found
521,Episode 521 - Taarak Mehta Ka Ooltah Chashmah - Full Episode | तारक मेहता का उल्टा चश्मा,https://www.youtube.com/watch?v=kavcW88HPLA,Found
522,Taarak Mehta Ka Ooltah Chashmah - Episode 522 - Full Episode,https://www.youtube.com/watch?v=okRWBq4kKvI,Found
523,Taarak Mehta Ka Ooltah Chashmah - Episode 523 - Full Episode,https://www.youtube.com/watch?v=0kQ37i_n3ec,Found
524,Taarak Mehta Ka Ooltah Chashmah - Episode 524 - Full Episode,https://www.youtube.com/watch?v=Rv1bxA2gn3o,Found
525,Taarak Mehta Ka Ooltah Chashmah - Episode 525 - Full Episode,https://www.youtube.com/watch?v=ti2bB4wIXFk,Found
526,Taarak Mehta Ka Ooltah Chashmah - Episode 526 - Full Episode,https://www.youtube.com/watch?v=ZrkLXY9b8Sc,Found
527,Taarak Mehta Ka Ooltah Chashmah - Episode 527 - Full Episode,https://www.youtube.com/watch?v=C2qRB1TQTU0,Found
528,"Taarak Mehta Ka Ooltah Chashmah | तारक मेहता का उल्टा चश्मा | Episode 528 | 24th July, 2020",https://www.youtube.com/watch?v=H5LkZPL0D14,Found
529,"Taarak Mehta Ka Ooltah Chashmah | तारक मेहता का उल्टा चश्मा | Episode 529 | 7th September, 2020",https://www.youtube.com/watch?v=PhAUaAB6hek,Found
530,"Taarak Mehta Ka Ooltah Chashmah | तारक मेहता का उल्टा चश्मा | Episode 530 | 7th September, 2020",https://www.youtube.com/watch?v=9pwK7lwIQbo,Found
531,"Taarak Mehta Ka Ooltah Chashmah | तारक मेहता का उल्टा चश्मा | Episode 531 | 8th September, 2020",https://www.youtube.com/watch?v=mDmUC3bTX6w,Found
532,"Taarak Mehta Ka Ooltah Chashmah | तारक मेहता का उल्टा चश्मा | Episode 532 | 8th September, 2020",https://www.youtube.com/watch?v=PxuE1JWQXFM,Found
533,"Taarak Mehta Ka Ooltah Chashmah | तारक मेहता का उल्टा चश्मा | Episode 533 | 9th September, 2020",https://www.youtube.com/watch?v=kNwZPIUAqBs,Found
534,"Taarak Mehta Ka Ooltah Chashmah | तारक मेहता का उल्टा चश्मा | Episode 534 | 9th September, 2020",https://www.youtube.com/watch?v=8D-Jolqzark,Found
535,"Taarak Mehta Ka Ooltah Chashmah | तारक मेहता का उल्टा चश्मा | Episode 535 | 10th September, 2020",https://www.youtube.com/watch?v=xqcRJ7qqdIQ,Found
536,Taarak Mehta Ka Ooltah Chashmah - Episode 536 - Full Episode,https://www.youtube.com/watch?v=7nM1SMqmyjg,Found
537,Taarak Mehta Ka Ooltah Chashmah - Episode 537 - Full Episode,https://www.youtube.com/watch?v=Jol7de63ZDk,Found
538,"Taarak Mehta Ka Ooltah Chashmah | तारक मेहता का उल्टा चश्मा | Episode 538 | 10th September, 2020",https://www.youtube.com/watch?v=UQPaBiLwJzY,Found
539,"Taarak Mehta Ka Ooltah Chashmah | तारक मेहता का उल्टा चश्मा | Episode 539 | 12th September, 2020",https://www.youtube.com/watch?v=7CDRVogdMcc,Found
540,"Taarak Mehta Ka Ooltah Chashmah | तारक मेहता का उल्टा चश्मा | Episode 540 | 12th September, 2020",https://www.youtube.com/watch?v=xNuveZ7YzC0,Found
541,Taarak Mehta Ka Ooltah Chashmah - Episode 541 - Full Episode,https://www.youtube.com/watch?v=Yu3mzMsoGWA,Found
542,Taarak Mehta Ka Ooltah Chashmah - Episode 542 - Full Episode,https://www.youtube.com/watch?v=kCM6hVy9TX8,Found
543,Taarak Mehta Ka Ooltah Chashmah - Episode 543 - Full Episode,https://www.youtube.com/watch?v=Pc2732Hh0mc,Found
544,Taarak Mehta Ka Ooltah Chashmah - Episode 544 - Full Episode,https://www.youtube.com/watch?v=ftQVSyzRzOY,Found
545,Episode 545 - Taarak Mehta Ka Ooltah Chashmah - Full Episode | तारक मेहता का उल्टा चश्मा,https://www.youtube.com/watch?v=slvM7blMojQ,Found
546,"Taarak Mehta Ka Ooltah Chashmah | तारक मेहता का उल्टा चश्मा | Episode 546 | 26th July, 2020",https://www.youtube.com/watch?v=-Apugwu-5bY,Found
547,Episode 547 - Taarak Mehta Ka Ooltah Chashmah - Full Episode | तारक मेहता का उल्टा चश्मा,https://www.youtube.com/watch?v=RVYvqOd9SEw,Found
548,"Taarak Mehta Ka Ooltah Chashmah | तारक मेहता का उल्टा चश्मा | Episode 548 | 27th July, 2020",https://www.youtube.com/watch?v=kfjggOIlo2k,Found
549,Taarak Mehta Ka Ooltah Chashmah - Episode 549 - Full Episode,https://www.youtube.com/watch?v=PPOC-QjSy4Q,Found
550,"Taarak Mehta Ka Ooltah Chashmah | तारक मेहता का उल्टा चश्मा | Episode 550 | 28th July, 2020",https://www.youtube.com/watch?v=0LoCpC1r_JU,Found
551,Taarak Mehta Ka Ooltah Chashmah - Episode 551 - Full Episode,https://www.youtube.com/watch?v=gjRADoOM84I,Found
552,Taarak Mehta Ka Ooltah Chashmah - Episode 552 - Full Episode,https://www.youtube.com/watch?v=GmYhlfW7f5I,Found
553,Taarak Mehta Ka Ooltah Chashmah - Episode 553 - Full Episode,https://www.youtube.com/watch?v=x0s3fXE5pPo,Found
554,Taarak Mehta Ka Ooltah Chashmah - Episode 554 - Full Episode,https://www.youtube.com/watch?v=pWmjDmdnRSo,Found
555,Taarak Mehta Ka Ooltah Chashmah - Episode 555 - Full Episode,https://www.youtube.com/watch?v=psPQOlhfFs4,Found
556,Episode 556 - Taarak Mehta Ka Ooltah Chashmah - Full Episode | तारक मेहता का उल्टा चश्मा,https://www.youtube.com/watch?v=AtE1bVONIB8,Found
557,Taarak Mehta Ka Ooltah Chashmah - Episode 557 - Full Episode,https://www.youtube.com/watch?v=ROEKXzf5-pE,Found
558,Taarak Mehta Ka Ooltah Chashmah - Episode 558 - Full Episode,https://www.youtube.com/watch?v=TQj4tRRHmnM,Found
559,Taarak Mehta Ka Ooltah Chashmah - Episode 559 - Full Episode,https://www.youtube.com/watch?v=ApTI6v8LPAo,Found
560,Taarak Mehta Ka Ooltah Chashmah - Episode 560 - Full Episode,https://www.youtube.com/watch?v=JCM4fKOdamg,Found
561,Taarak Mehta Ka Ooltah Chashmah - Episode 561 - Full Episode,https://www.youtube.com/watch?v=3zB76VlfY6s,Found
562,Taarak Mehta Ka Ooltah Chashmah - Episode 562 - Full Episode,https://www.youtube.com/watch?v=uLcU2ixjP7M,Found
563,Taarak Mehta Ka Ooltah Chashmah - Episode 563 - Full Episode,https://www.youtube.com/watch?v=uLvEne6NJd4,Found
564,Taarak Mehta Ka Ooltah Chashmah - Episode 564 - Full Episode,https://www.youtube.com/watch?v=IMiXCiLJJsA,Found
565,Taarak Mehta Ka Ooltah Chashmah - Episode 565 - Full Episode,https://www.youtube.com/watch?v=xqT5Hm4wdh4,Found
566,Taarak Mehta Ka Ooltah Chashmah - Episode 566 - Full Episode,https://www.youtube.com/watch?v=loOoRiid0GQ,Found
567,Taarak Mehta Ka Ooltah Chashmah - Episode 567 - Full Episode,https://www.youtube.com/watch?v=WNzcvYwOilo,Found
568,Taarak Mehta Ka Ooltah Chashmah - Episode 568 - Full Episode,https://www.youtube.com/watch?v=a1Iy-wDFYa8,Found
569,Taarak Mehta Ka Ooltah Chashmah - Episode 569 - Full Episode,https://www.youtube.com/watch?v=PPI67dtu6dM,Found
570,Taarak Mehta Ka Ooltah Chashmah - Episode 570 - Full Episode,https://www.youtube.com/watch?v=tjAqvIKpbGM,Found
571,Taarak Mehta Ka Ooltah Chashmah - Episode 571 - Full Episode,https://www.youtube.com/watch?v=ieCqmC5EYRo,Found
572,Taarak Mehta Ka Ooltah Chashmah - Episode 572 - Full Episode,https://www.youtube.com/watch?v=11uvbwgdJSA,Found
573,Taarak Mehta Ka Ooltah Chashmah - Episode 573 - Full Episode,https://www.youtube.com/watch?v=0IAYdzopifc,Found
574,Taarak Mehta Ka Ooltah Chashmah - Episode 574 - Full Episode,https://www.youtube.com/watch?v=I7aPNmq-F2A,Found
575,Taarak Mehta Ka Ooltah Chashmah - Episode 575 - Full Episode,https://www.youtube.com/watch?v=tsBLOg9X1b8,Found
576,"Taarak Mehta Ka Ooltah Chashmah - Full Episode 576 - 20th March, 2020",https://www.youtube.com/watch?v=xb7jZSl_tXY,Found
577,"Taarak Mehta Ka Ooltah Chashmah - Full Episode 577 - 20th March, 2020",https://www.youtube.com/watch?v=wKHDefQpUJ0,Found
578,Taarak Mehta Ka Ooltah Chashmah - Episode 578 - Full Episode,https://www.youtube.com/watch?v=2dly649txjE,Found
579,Taarak Mehta Ka Ooltah Chashmah - Episode 579 - Full Episode,https://www.youtube.com/watch?v=mXV-jTyOf5o,Found
580,Taarak Mehta Ka Ooltah Chashmah - Episode 580 - Full Episode,https://www.youtube.com/watch?v=UNWlbGUK19o,Found
581,Taarak Mehta Ka Ooltah Chashmah - Episode 581 - Full Episode,https://www.youtube.com/watch?v=weyqGSvZPWc,Found
582,Taarak Mehta Ka Ooltah Chashmah - Episode 582 - Full Episode,https://www.youtube.com/watch?v=0kPr56Lh2mI,Found
583,Episode 583 - Taarak Mehta Ka Ooltah Chashmah - Full Episode | तारक मेहता का उल्टा चश्मा,https://www.youtube.com/watch?v=1vcUsqi3J4k,Found
584,Taarak Mehta Ka Ooltah Chashmah - Episode 584 - Full Episode,https://www.youtube.com/watch?v=_MymAVMn8g4,Found
585,Taarak Mehta Ka Ooltah Chashmah - Episode 585 - Full Episode,https://www.youtube.com/watch?v=jHLwf7HbAcc,Found
586,Taarak Mehta Ka Ooltah Chashmah - Episode 586 - Full Episode,https://www.youtube.com/watch?v=5lb4DUPXTao,Found
587,Taarak Mehta Ka Ooltah Chashmah - Episode 587 - Full Episode,https://www.youtube.com/watch?v=dNxyYH-FXMs,Found
588,Taarak Mehta Ka Ooltah Chashmah - Episode 588 - Full Episode,https://www.youtube.com/watch?v=8jXpJ1hSNkI,Found
589,Taarak Mehta Ka Ooltah Chashmah - Episode 589 - Full Episode,https://www.youtube.com/watch?v=uf7UQVMdFO8,Found
590,Taarak Mehta Ka Ooltah Chashmah - Episode 590 - Full Episode,https://www.youtube.com/watch?v=pLNd2_vgMXc,Found
591,Taarak Mehta Ka Ooltah Chashmah - Episode 591 - Full Episode,https://www.youtube.com/watch?v=ASENuyGKThg,Found
592,Taarak Mehta Ka Ooltah Chashmah - Episode 592 - Full Episode,https://www.youtube.com/watch?v=ZFlOzVZwepQ,Found
593,Taarak Mehta Ka Ooltah Chashmah - Episode 593 - Full Episode,https://www.youtube.com/watch?v=XPY1yBO9zAg,Found
594,Taarak Mehta Ka Ooltah Chashmah - Episode 594 - Full Episode,https://www.youtube.com/watch?v=IWItDq1_go0,Found
595,Taarak Mehta Ka Ooltah Chashmah - Episode 595 - Full Episode,https://www.youtube.com/watch?v=GDMCEk4jiS8,Found
596,Episode 596 - Taarak Mehta Ka Ooltah Chashmah - Full Episode | तारक मेहता का उल्टा चश्मा,https://www.youtube.com/watch?v=41rkbWjfwkw,Found
597,Episode 597 - Taarak Mehta Ka Ooltah Chashmah - Full Episode | तारक मेहता का उल्टा चश्मा,https://www.youtube.com/watch?v=yuY67Nls_kA,Found
598,Taarak Mehta Ka Ooltah Chashmah - Episode 598 - Full Episode,https://www.youtube.com/watch?v=WtX0JG09xS8,Found
599,तारक मेहता का उल्टा चश्मा - एपिसोड 599,https://www.youtube.com/watch?v=NTH6uwoqiRI,Found
600,Taarak Mehta Ka Ooltah Chashmah - Episode 600,https://www.youtube.com/watch?v=nJMh7XsrgqE,Found
601,Taarak Mehta Ka Ooltah Chashmah - Episode 601 - Full Episode,https://www.youtube.com/watch?v=swGCfguBq0s,Found
602,Taarak Mehta Ka Ooltah Chashmah - Episode 602 - Full Episode,https://www.youtube.com/watch?v=luv-6-EJu8M,Found
603,Taarak Mehta Ka Ooltah Chashmah - Episode 603,https://www.youtube.com/watch?v=ii5jTBuTplM,Found
604,Taarak Mehta Ka Ooltah Chashmah - Episode 604 - Full Episode,https://www.youtube.com/watch?v=IRV_5wuZ9BM,Found
605,Taarak Mehta Ka Ooltah Chashmah - Episode 605 - Full Episode,https://www.youtube.com/watch?v=ZwDoBTnjij8,Found
606,Taarak Mehta Ka Ooltah Chashmah - Episode 606 - Full Episode,https://www.youtube.com/watch?v=4YHPR1VaVO8,Found
607,"Taarak Mehta Ka Ooltah Chashmah - Full Episode 607 - 22nd March, 2020",https://www.youtube.com/watch?v=27wsE_5s5yY,Found
608,"Taarak Mehta Ka Ooltah Chashmah - Full Episode 608 - 22nd March, 2020",https://www.youtube.com/watch?v=9MPrDJNWrYU,Found
609,Taarak Mehta Ka Ooltah Chashmah - Episode 609,https://www.youtube.com/watch?v=kQtQYGEo8QM,Found
610,"Taarak Mehta Ka Ooltah Chashmah - Full Episode 610 - 23rd March, 2020",https://www.youtube.com/watch?v=hG1gfzZwN9k,Found
611,तारक मेहता का उल्टा चश्मा - एपिसोड 611,https://www.youtube.com/watch?v=a_WC5lBhBlY,Found
612,"Taarak Mehta Ka Ooltah Chashmah - Full Episode 612 - 24th March, 2020",https://www.youtube.com/watch?v=apjONP90Fys,Found
613,"Taarak Mehta Ka Ooltah Chashmah - Full Episode 613 - 25th March, 2020",https://www.youtube.com/watch?v=zU01v22HCcs,Found
614,"Taarak Mehta Ka Ooltah Chashmah - Full Episode 614 - 25th March, 2020",https://www.youtube.com/watch?v=cOnUqkCh7Xc,Found
615,"Taarak Mehta Ka Ooltah Chashmah - Full Episode 615 - 26th March, 2020",https://www.youtube.com/watch?v=dX_-cRs5dAA,Found
616,"Taarak Mehta Ka Ooltah Chashmah - Full Episode 616 - 26th March, 2020",https://www.youtube.com/watch?v=EtEc94qiixA,Found
617,Taarak Mehta Ka Ooltah Chashmah | तारक मेहता का उल्टा चश्मा | Episode 617 | Full Episode,https://www.youtube.com/watch?v=o7S_4n3lcL4,Found
618,"Taarak Mehta Ka Ooltah Chashmah | तारक मेहता का उल्टा चश्मा | Episode 618 | 19th August, 2020",https://www.youtube.com/watch?v=5n2s_Trm50c,Found
619,तारक मेहता का उल्टा चश्मा - एपिसोड 619,https://www.youtube.com/watch?v=G6UPCj3tiec,Found
620,तारक मेहता का उल्टा चश्मा - एपिसोड 620,https://www.youtube.com/watch?v=WS86X3Mpqmg,Found
621,तारक मेहता का उल्टा चश्मा - एपिसोड 621,https://www.youtube.com/watch?v=9sRH3GgNAn4,Found
622,"Taarak Mehta Ka Ooltah Chashmah | तारक मेहता का उल्टा चश्मा | Episode 622 | 14th October, 2020",https://www.youtube.com/watch?v=ieOX5qraaAE,Found
623,तारक मेहता का उल्टा चश्मा - एपिसोड 623,https://www.youtube.com/watch?v=nax1r7IAWaY,Found
624,"Taarak Mehta Ka Ooltah Chashmah | तारक मेहता का उल्टा चश्मा | Episode 624 | 15th October, 2020",https://www.youtube.com/watch?v=skVAUi-9_jo,Found
625,तारक मेहता का उल्टा चश्मा - एपिसोड 625,https://www.youtube.com/watch?v=Lf01MrPmNik,Found
626,तारक मेहता का उल्टा चश्मा - एपिसोड 626,https://www.youtube.com/watch?v=4Ouxf5ByKnE,Found
627,तारक मेहता का उल्टा चश्मा - एपिसोड 627,https://www.youtube.com/watch?v=1gHJf28SAEg,Found
628,तारक मेहता का उल्टा चश्मा - एपिसोड 628,https://www.youtube.com/watch?v=Kb2X3vURkTk,Found
629,तारक मेहता का उल्टा चश्मा - एपिसोड 629,https://www.youtube.com/watch?v=oW6MHJoSE1g,Found
630,तारक मेहता का उल्टा चश्मा - एपिसोड 630,https://www.youtube.com/watch?v=z2NvgU0dVx0,Found
631,तारक मेहता का उल्टा चश्मा - एपिसोड 631,https://www.youtube.com/watch?v=1FIHHCqoG08,Found
632,Episode 632 - Taarak Mehta Ka Ooltah Chashmah - Full Episode | तारक मेहता का उल्टा चश्मा,https://www.youtube.com/watch?v=94VVpr-snZE,Found
633,Episode 633 - Taarak Mehta Ka Ooltah Chashmah - Full Episode | तारक मेहता का उल्टा चश्मा,https://www.youtube.com/watch?v=-sVAj9qys64,Found
634,तारक मेहता का उल्टा चश्मा - एपिसोड 634,https://www.youtube.com/watch?v=C2MCyzhIbm8,Found
635,Episode 635 - Taarak Mehta Ka Ooltah Chashmah - Full Episode | तारक मेहता का उल्टा चश्मा,https://www.youtube.com/watch?v=QNHv50jynTY,Found
636,Taarak Mehta Ka Ooltah Chashmah - Episode 636 - Full Episode,https://www.youtube.com/watch?v=WCYpeu_HD1M,Found
637,तारक मेहता का उल्टा चश्मा - एपिसोड 637,https://www.youtube.com/watch?v=RgJNnvUprbA,Found
638,"Taarak Mehta Ka Ooltah Chashmah | तारक मेहता का उल्टा चश्मा | Episode 638 | 5th October, 2020",https://www.youtube.com/watch?v=BH3U4gIPRpU,Found
639,"Taarak Mehta Ka Ooltah Chashmah | तारक मेहता का उल्टा चश्मा | Episode 639 | 5th October, 2020",https://www.youtube.com/watch?v=MrwIvdprWJQ,Found
640,तारक मेहता का उल्टा चश्मा - एपिसोड 640,https://www.youtube.com/watch?v=0oKLrou1VVw,Found
641,तारक मेहता का उल्टा चश्मा - एपिसोड 641,https://www.youtube.com/watch?v=A3yLo6LHwNw,Found
642,"Taarak Mehta Ka Ooltah Chashmah | तारक मेहता का उल्टा चश्मा | Episode 642 | 7th October, 2020",https://www.youtube.com/watch?v=MCl9edmcRS4,Found
643,तारक मेहता का उल्टा चश्मा - एपिसोड 643,https://www.youtube.com/watch?v=-07LrDE5pLU,Found
644,"Taarak Mehta Ka Ooltah Chashmah | तारक मेहता का उल्टा चश्मा | Episode 644 | 8th October, 2020",https://www.youtube.com/watch?v=D9COdbjA2TE,Found
645,तारक मेहता का उल्टा चश्मा - एपिसोड 645,https://www.youtube.com/watch?v=XCIaYPNhnjY,Found
646,तारक मेहता का उल्टा चश्मा - एपिसोड 646,https://www.youtube.com/watch?v=SFuHREole14,Found
647,तारक मेहता का उल्टा चश्मा - एपिसोड 647,https://www.youtube.com/watch?v=P_2NPXR373w,Found
648,तारक मेहता का उल्टा चश्मा - एपिसोड 648,https://www.youtube.com/watch?v=W7TiNpfjGCI,Found
649,तारक मेहता का उल्टा चश्मा - एपिसोड 649,https://www.youtube.com/watch?v=_-MiJxZwoYY,Found
650,तारक मेहता का उल्टा चश्मा - एपिसोड 650,https://www.youtube.com/watch?v=syh6jQmGQHE,Found
651,तारक मेहता का उल्टा चश्मा - एपिसोड 651,https://www.youtube.com/watch?v=hLfn4P4ARM4,Found
652,तारक मेहता का उल्टा चश्मा - एपिसोड 652,https://www.youtube.com/watch?v=I3IlNEmom2Q,Found
653,तारक मेहता का उल्टा चश्मा - एपिसोड 653,https://www.youtube.com/watch?v=HDP6Mp_nEoQ,Found
654,Taarak Mehta Ka Ooltah Chashmah | तारक मेहता का उल्टा चश्मा | Episode 654 | Full Episode,https://www.youtube.com/watch?v=0Dx_pq_Wnrs,Found
655,Episode 655 - Taarak Mehta Ka Ooltah Chashmah - Full Episode | तारक मेहता का उल्टा चश्मा,https://www.youtube.com/watch?v=xxpVCA_d0q8,Found
656,तारक मेहता का उल्टा चश्मा - एपिसोड 656,https://www.youtube.com/watch?v=scW4QoF210I,Found
657,तारक मेहता का उल्टा चश्मा - एपिसोड 657,https://www.youtube.com/watch?v=VJsTl4WmLpI,Found
658,तारक मेहता का उल्टा चश्मा - एपिसोड 658,https://www.youtube.com/watch?v=XlWKGEFov_U,Found
659,तारक मेहता का उल्टा चश्मा - एपिसोड 659,https://www.youtube.com/watch?v=Xl65J8Fzj04,Found
660,Taarak Mehta Ka Ooltah Chashmah - Episode 660 - Full Episode,https://www.youtube.com/watch?v=mjdKIym95iQ,Found
661,तारक मेहता का उल्टा चश्मा - एपिसोड 661,https://www.youtube.com/watch?v=30nhws0YJ7c,Found
662,तारक मेहता का उल्टा चश्मा - एपिसोड 662,https://www.youtube.com/watch?v=Al16kQdpx8o,Found
663,तारक मेहता का उल्टा चश्मा - एपिसोड 663,https://www.youtube.com/watch?v=zfZH081YFD4,Found
664,तारक मेहता का उल्टा चश्मा - एपिसोड 664,https://www.youtube.com/watch?v=9BhqDBcKDHU,Found
665,तारक मेहता का उल्टा चश्मा - एपिसोड 665,https://www.youtube.com/watch?v=rO0t0KKPrkg,Found
666,तारक मेहता का उल्टा चश्मा - एपिसोड 666,https://www.youtube.com/watch?v=xTD9qw5Pwek,Found
667,तारक मेहता का उल्टा चश्मा - एपिसोड 667,https://www.youtube.com/watch?v=23SQGvtNdJs,Found
668,तारक मेहता का उल्टा चश्मा - एपिसोड 668,https://www.youtube.com/watch?v=qU52g55hqXg,Found
669,Taarak Mehta Ka Ooltah Chashmah - Episode 669 - Full Episode,https://www.youtube.com/watch?v=lKR4BCSDv2g,Found
670,Taarak Mehta Ka Ooltah Chashmah - Episode 670 - Full Episode,https://www.youtube.com/watch?v=he_m-p6s9Q4,Found
671,तारक मेहता का उल्टा चश्मा - एपिसोड 671,https://www.youtube.com/watch?v=0kheG55cEfE,Found
672,तारक मेहता का उल्टा चश्मा - एपिसोड 672,https://www.youtube.com/watch?v=01AZS2Ra2Vw,Found
673,तारक मेहता का उल्टा चश्मा - एपिसोड 673,https://www.youtube.com/watch?v=C2oRYVZhezg,Found
674,Taarak Mehta Ka Ooltah Chashmah - Episode 674 - Full Episode,https://www.youtube.com/watch?v=lydxCTdeAHE,Found
675,तारक मेहता का उल्टा चश्मा - एपिसोड 675,https://www.youtube.com/watch?v=bO_uHG3W5lc,Found
676,Taarak Mehta Ka Ooltah Chashmah - Episode 676 - Full Episode,https://www.youtube.com/watch?v=ISulb1DAGVo,Found
677,Taarak Mehta Ka Ooltah Chashmah - Episode 677,https://www.youtube.com/watch?v=3s8W1xU78No,Found
678,Taarak Mehta Ka Ooltah Chashmah | तारक मेहता का उल्टा चश्मा | Episode 678 | Full Episode,https://www.youtube.com/watch?v=74Wt2kN5AXI,Found
679,Taarak Mehta Ka Ooltah Chashmah - Episode 679 - Full Episode,https://www.youtube.com/watch?v=n908yc61wBU,Found
680,तारक मेहता का उल्टा चश्मा - एपिसोड 680,https://www.youtube.com/watch?v=bTdYu3F4WLs,Found
681,Episode 681 - Taarak Mehta Ka Ooltah Chashmah - Full Episode | तारक मेहता का उल्टा चश्मा,https://www.youtube.com/watch?v=vnD6Qw63XzQ,Found
682,Taarak Mehta Ka Ooltah Chashmah | तारक मेहता का उल्टा चश्मा | Episode 682 | Full Episode,https://www.youtube.com/watch?v=7qYcGX88qhE,Found
683,तारक मेहता का उल्टा चश्मा - एपिसोड 683,https://www.youtube.com/watch?v=SL5f9Uw-QZU,Found
684,Taarak Mehta Ka Ooltah Chashmah | तारक मेहता का उल्टा चश्मा | Episode 684 | Full Episode,https://www.youtube.com/watch?v=bNgZKaLfOiU,Found
685,तारक मेहता का उल्टा चश्मा - एपिसोड 685,https://www.youtube.com/watch?v=Axs2WfvcISg,Found
686,तारक मेहता का उल्टा चश्मा - एपिसोड 686,https://www.youtube.com/watch?v=u4daAehs35o,Found
687,Taarak Mehta Ka Ooltah Chashmah | तारक मेहता का उल्टा चश्मा | Episode 687 | Full Episode,https://www.youtube.com/watch?v=Bzouj0iE7GM,Found
688,तारक मेहता का उल्टा चश्मा - एपिसोड 688,https://www.youtube.com/watch?v=ZIMjIP78aMY,Found
689,तारक मेहता का उल्टा चश्मा - एपिसोड 689,https://www.youtube.com/watch?v=nO8FW2i7TZc,Found
690,तारक मेहता का उल्टा चश्मा - एपिसोड 690,https://www.youtube.com/watch?v=7PQCLQVGEPQ,Found
691,Taarak Mehta Ka Ooltah Chashmah | तारक मेहता का उल्टा चश्मा | Episode 691 | Full Episode,https://www.youtube.com/watch?v=U_4hsUoK3tY,Found
692,तारक मेहता का उल्टा चश्मा - एपिसोड 692,https://www.youtube.com/watch?v=CTR2PQ5wqrI,Found
693,तारक मेहता का उल्टा चश्मा - एपिसोड 693,https://www.youtube.com/watch?v=8KdtYJjY2AY,Found
694,Taarak Mehta Ka Ooltah Chashmah | तारक मेहता का उल्टा चश्मा | Episode 694 | Full Episode,https://www.youtube.com/watch?v=zLsuF2kquPY,Found
695,Episode 695 - Taarak Mehta Ka Ooltah Chashmah - Full Episode | तारक मेहता का उल्टा चश्मा,https://www.youtube.com/watch?v=NDXNFAJYYWA,Found
696,तारक मेहता का उल्टा चश्मा - एपिसोड 696,https://www.youtube.com/watch?v=xcPVpHDHhwY,Found
697,"Taarak Mehta Ka Ooltah Chashmah | तारक मेहता का उल्टा चश्मा | Episode 697 | 21st September, 2020",https://www.youtube.com/watch?v=RLn04vDBq7U,Found
698,तारक मेहता का उल्टा चश्मा - एपिसोड 698,https://www.youtube.com/watch?v=mFQ-Eo2Kwnk,Found
699,तारक मेहता का उल्टा चश्मा - एपिसोड 699,https://www.youtube.com/watch?v=6e83ZFoaQvc,Found
700,तारक मेहता का उल्टा चश्मा - एपिसोड 700,https://www.youtube.com/watch?v=tSDDI25UFo8,Found
701,तारक मेहता का उल्टा चश्मा - एपिसोड 701,https://www.youtube.com/watch?v=mUxzDsDghho,Found
702,तारक मेहता का उल्टा चश्मा - एपिसोड 702,https://www.youtube.com/watch?v=6MNc4SBNDCw,Found
703,तारक मेहता का उल्टा चश्मा - एपिसोड 703,https://www.youtube.com/watch?v=MOmRM3v8t24,Found
704,तारक मेहता का उल्टा चश्मा - एपिसोड 704,https://www.youtube.com/watch?v=1ZuUcsgSKzk,Found
705,तारक मेहता का उल्टा चश्मा - एपिसोड 705,https://www.youtube.com/watch?v=TbjfF0BBJyY,Found
706,Taarak Mehta Ka Ooltah Chashmah - Episode 706 - Full Episode,https://www.youtube.com/watch?v=RU06cMGds2M,Found
707,तारक मेहता का उल्टा चश्मा - एपिसोड 707,https://www.youtube.com/watch?v=Vg5Dbc_4TsM,Found
708,"Taarak Mehta Ka Ooltah Chashmah | तारक मेहता का उल्टा चश्मा | Episode 708 | 30th September, 2020",https://www.youtube.com/watch?v=5WkYjd1UCyg,Found
709,तारक मेहता का उल्टा चश्मा - 709 एपिसोड,https://www.youtube.com/watch?v=RIbYgZbjoHs,Found
710,तारक मेहता का उल्टा चश्मा - एपिसोड 710,https://www.youtube.com/watch?v=60zif2_W7Ak,Found
711,Episode 711 - Taarak Mehta Ka Ooltah Chashmah - Full Episode | तारक मेहता का उल्टा चश्मा,https://www.youtube.com/watch?v=ZftsM53ul8c,Found
712,तारक मेहता का उल्टा चश्मा - एपिसोड 712,https://www.youtube.com/watch?v=pEYWghSAfLY,Found
713,तारक मेहता का उल्टा चश्मा - एपिसोड 713,https://www.youtube.com/watch?v=xe0_B7UtDUc,Found
714,Taarak Mehta Ka Ooltah Chashmah - Episode 714 - Full Episode,https://www.youtube.com/watch?v=QYB1ZetgzUY,Found
715,तारक मेहता का उल्टा चश्मा - एपिसोड 715,https://www.youtube.com/watch?v=QG7iyJM535c,Found
716,Madhavi और Sonu हुए Garba Night के लिए Excited | Taarak Mehta Ka Ooltah Chashmah | Garba Night,https://www.youtube.com/watch?v=_GxfspTaHoI,Found
717,तारक मेहता का उल्टा चश्मा - एपिसोड 717,https://www.youtube.com/watch?v=lW8vW4eOS1w,Found
718,Episode 718 - Taarak Mehta Ka Ooltah Chashmah - Full Episode | तारक मेहता का उल्टा चश्मा,https://www.youtube.com/watch?v=HQlHLnJp_1A,Found
719,तारक मेहता का उल्टा चश्मा - एपिसोड 719,https://www.youtube.com/watch?v=Q6l06bhn5_8,Found
720,तारक मेहता का उल्टा चश्मा - एपिसोड 720,https://www.youtube.com/watch?v=w9B1xjA3Vu8,Found
721,Taarak Mehta Ka Ooltah Chashmah - Episode 721 - Full Episode,https://www.youtube.com/watch?v=02bnHYSgZTo,Found
722,तारक मेहता का उल्टा चश्मा - एपिसोड 722,https://www.youtube.com/watch?v=ZkmWfXecEyU,Found
723,तारक मेहता का उल्टा चश्मा - एपिसोड 723,https://www.youtube.com/watch?v=7cwp6lNa5Tw,Found
724,तारक मेहता का उल्टा चश्मा - एपिसोड 724,https://www.youtube.com/watch?v=4XX8wk0vALQ,Found
725,तारक मेहता का उल्टा चश्मा - एपिसोड 725,https://www.youtube.com/watch?v=wX1kVd6_mH0,Found
726,तारक मेहता का उल्टा चश्मा - एपिसोड 726,https://www.youtube.com/watch?v=seDcusc41AM,Found
727,तारक मेहता का उल्टा चश्मा - एपिसोड 727,https://www.youtube.com/watch?v=jWzKq8lZArw,Found
728,Taarak Mehta Ka Ooltah Chashmah - Episode 728 - Full Episode,https://www.youtube.com/watch?v=6A-qZ_JCV3o,Found
729,Taarak Mehta Ka Ooltah Chashmah - Episode 729 - Full Episode,https://www.youtube.com/watch?v=w-aVXeC4Kpw,Found
730,Taarak Mehta Ka Ooltah Chashmah - Episode 730 - Full Episode,https://www.youtube.com/watch?v=MCurTPaKgrk,Found
731,Taarak Mehta Ka Ooltah Chashmah - Episode 731 - Full Episode,https://www.youtube.com/watch?v=inEC9fWUwBE,Found
732,Taarak Mehta Ka Ooltah Chashmah - Episode 732 - Full Episode,https://www.youtube.com/watch?v=HmnG35THPeA,Found
733,Taarak Mehta Ka Ooltah Chashmah - Episode 733 - Full Episode,https://www.youtube.com/watch?v=OrSbSedUIDE,Found
734,Taarak Mehta Ka Ooltah Chashmah - Episode 734 - Full Episode,https://www.youtube.com/watch?v=NY_zZF8EAls,Found
735,तारक मेहता का उल्टा चश्मा - एपिसोड 735,https://www.youtube.com/watch?v=ivr6GhlX060,Found
736,Taarak Mehta Ka Ooltah Chashmah - Episode 736 - Full Episode,https://www.youtube.com/watch?v=InooFx7G1ig,Found
737,Taarak Mehta Ka Ooltah Chashmah - Episode 737 - Full Episode,https://www.youtube.com/watch?v=FxBsM5Z7THQ,Found
738,Taarak Mehta Ka Ooltah Chashmah - Episode 738 - Full Episode,https://www.youtube.com/watch?v=FEpZ80m-BOw,Found
739,Taarak Mehta Ka Ooltah Chashmah - Episode 739 - Full Episode,https://www.youtube.com/watch?v=HQILD72Qlds,Found
740,Taarak Mehta Ka Ooltah Chashmah - Episode 740 - Full Episode,https://www.youtube.com/watch?v=Y14HWGcavF4,Found
741,Taarak Mehta Ka Ooltah Chashmah - Episode 741 - Full Episode,https://www.youtube.com/watch?v=_4PQ-eWTspE,Found
742,Taarak Mehta Ka Ooltah Chashmah - Episode 742 - Full Episode,https://www.youtube.com/watch?v=_CRKNkyqUM0,Found
743,Taarak Mehta Ka Ooltah Chashmah - Episode 743 - Full Episode,https://www.youtube.com/watch?v=WpBNmErhDUw,Found
744,Taarak Mehta Ka Ooltah Chashmah - Episode 744 - Full Episode,https://www.youtube.com/watch?v=ok64VV7kYkc,Found
745,Taarak Mehta Ka Ooltah Chashmah - Episode 745 - Full Episode,https://www.youtube.com/watch?v=3f1dkKSHTaQ,Found
746,Taarak Mehta Ka Ooltah Chashmah - Episode 746 - Full Episode,https://www.youtube.com/watch?v=3R3n2AcRwvE,Found
747,Taarak Mehta Ka Ooltah Chashmah - Episode 747 - Full Episode,https://www.youtube.com/watch?v=3sKRQU-q8Ik,Found
748,Taarak Mehta Ka Ooltah Chashmah - तारक मेहता का उल्टा चशमाह - Episode 748 - Full Episode,https://www.youtube.com/watch?v=RA3Kwx34HoA,Found
749,Taarak Mehta Ka Ooltah Chashmah - तारक मेहता का उल्टा चशमाह - Episode 749 - Full Episode,https://www.youtube.com/watch?v=5iabBV4xim4,Found
750,Taarak Mehta Ka Ooltah Chashmah - तारक मेहता का उल्टा चशमाह - Episode 750 - Full Episode,https://www.youtube.com/watch?v=howHsVzGVc4,Found
751,Taarak Mehta Ka Ooltah Chashmah - तारक मेहता का उल्टा चशमाह - Episode 751 - Full Episode,https://www.youtube.com/watch?v=wV_lCrKqLEU,Found
752,Taarak Mehta Ka Ooltah Chashmah - तारक मेहता का उल्टा चशमाह - Episode 752 - Full Episode,https://www.youtube.com/watch?v=wp4pa0Kqpig,Found
753,Taarak Mehta Ka Ooltah Chashmah - तारक मेहता का उल्टा चशमाह - Episode 753 - Full Episode,https://www.youtube.com/watch?v=yJuCqERv6TM,Found
754,Taarak Mehta Ka Ooltah Chashmah - तारक मेहता का उल्टा चशमाह - Episode 754 - Full Episode,https://www.youtube.com/watch?v=QEVCs-M5sHE,Found
755,Taarak Mehta Ka Ooltah Chashmah - तारक मेहता का उल्टा चशमाह - Episode 755 - Full Episode,https://www.youtube.com/watch?v=p80kqtq_-2U,Found
756,Taarak Mehta Ka Ooltah Chashmah - तारक मेहता का उल्टा चशमाह - Episode 756 - Full Episode,https://www.youtube.com/watch?v=nRwz52QCsfQ,Found
757,Taarak Mehta Ka Ooltah Chashmah - तारक मेहता का उल्टा चशमाह - Episode 757 - Full Episode,https://www.youtube.com/watch?v=kZJISbK3bu0,Found
758,Taarak Mehta Ka Ooltah Chashmah - तारक मेहता का उल्टा चशमाह - Episode 758 - Full Episode,https://www.youtube.com/watch?v=VszfB0xhpcw,Found
759,Taarak Mehta Ka Ooltah Chashmah - तारक मेहता का उल्टा चशमाह - Episode 759 - Full Episode,https://www.youtube.com/watch?v=X7fFq9an5RY,Found
760,Taarak Mehta Ka Ooltah Chashmah - तारक मेहता का उल्टा चशमाह - Episode 760 - Full Episode,https://www.youtube.com/watch?v=paRW-1kmIPg,Found
761,Taarak Mehta Ka Ooltah Chashmah - तारक मेहता का उल्टा चशमाह - Episode 761 - Full Episode,https://www.youtube.com/watch?v=dzmHU7FIit4,Found
762,Taarak Mehta Ka Ooltah Chashmah - तारक मेहता का उल्टा चशमाह - Episode 762 - Full Episode,https://www.youtube.com/watch?v=bgF08Y2-6UI,Found
763,Taarak Mehta Ka Ooltah Chashmah - तारक मेहता का उल्टा चशमाह - Episode 763 - Full Episode,https://www.youtube.com/watch?v=i_Y9vXWKwXU,Found
764,Taarak Mehta Ka Ooltah Chashmah - तारक मेहता का उल्टा चशमाह - Episode 764 - Full Episode,https://www.youtube.com/watch?v=r9eIDxDKS9c,Found
765,Taarak Mehta Ka Ooltah Chashmah - तारक मेहता का उल्टा चशमाह - Episode 765 - Full Episode,https://www.youtube.com/watch?v=H4lyWSycH-Y,Found
766,Taarak Mehta Ka Ooltah Chashmah - तारक मेहता का उल्टा चशमाह - Episode 766 - Full Episode,https://www.youtube.com/watch?v=3g8xEoSPgMc,Found
767,Taarak Mehta Ka Ooltah Chashmah - तारक मेहता का उल्टा चशमाह - Episode 767 - Full Episode,https://www.youtube.com/watch?v=6Df9L5hWIaw,Found
768,Taarak Mehta Ka Ooltah Chashmah - तारक मेहता का उल्टा चशमाह - Episode 768 - Full Episode,https://www.youtube.com/watch?v=gOzZd3yeQFw,Found
769,Taarak Mehta Ka Ooltah Chashmah - तारक मेहता का उल्टा चशमाह - Episode 769 - Full Episode,https://www.youtube.com/watch?v=VVnAmvMi9yU,Found
770,Taarak Mehta Ka Ooltah Chashmah - तारक मेहता का उल्टा चशमाह - Episode 770 - Full Episode,https://www.youtube.com/watch?v=glcZah918M4,Found
771,Taarak Mehta Ka Ooltah Chashmah - तारक मेहता का उल्टा चशमाह - Episode 771 - Full Episode,https://www.youtube.com/watch?v=UTOtzEWyYCM,Found
772,Taarak Mehta Ka Ooltah Chashmah - तारक मेहता का उल्टा चशमाह - Episode 772 - Full Episode,https://www.youtube.com/watch?v=NoJJHzfpCgg,Found
773,Taarak Mehta Ka Ooltah Chashmah - तारक मेहता का उल्टा चशमाह - Episode 773 - Full Episode,https://www.youtube.com/watch?v=iQgaoTcOl04,Found
774,Episode 774 - Taarak Mehta Ka Ooltah Chashmah - Full Episode | तारक मेहता का उल्टा चश्मा,https://www.youtube.com/watch?v=Je7cwyr1il4,Found
775,Episode 775 - Taarak Mehta Ka Ooltah Chashmah - Full Episode | तारक मेहता का उल्टा चश्मा,https://www.youtube.com/watch?v=zCJpsBC7eCA,Found
776,"Taarak Mehta Ka Ooltah Chashmah | तारक मेहता का उल्टा चश्मा | Episode 776 | 2nd November, 2020",https://www.youtube.com/watch?v=pUolg3tJd28,Found
777,Taarak Mehta Ka Ooltah Chashmah - तारक मेहता का उल्टा चशमाह - Episode 777 - Full Episode,https://www.youtube.com/watch?v=DGIFLxdo8nU,Found
778,"Taarak Mehta Ka Ooltah Chashmah | तारक मेहता का उल्टा चश्मा | Episode 778 | 2nd November, 2020",https://www.youtube.com/watch?v=hgiHCt_V6N8,Found
779,Taarak Mehta Ka Ooltah Chashmah - तारक मेहता का उल्टा चशमाह - Episode 779 - Full Episode,https://www.youtube.com/watch?v=WWuLy5vwJuo,Found
780,Episode 780 - Taarak Mehta Ka Ooltah Chashmah - Full Episode | तारक मेहता का उल्टा चश्मा,https://www.youtube.com/watch?v=lbljsgsj890,Found
781,Taarak Mehta Ka Ooltah Chashmah - तारक मेहता का उल्टा चशमाह - Episode 781 - Full Episode,https://www.youtube.com/watch?v=wNrWUEA27GA,Found
782,Taarak Mehta Ka Ooltah Chashmah - तारक मेहता का उल्टा चशमाह - Episode 782 - Full Episode,https://www.youtube.com/watch?v=INOGLShdIco,Found
783,Taarak Mehta Ka Ooltah Chashmah - तारक मेहता का उल्टा चशमाह - Episode 783 - Full Episode,https://www.youtube.com/watch?v=KDl6lQHTU7U,Found
784,Taarak Mehta Ka Ooltah Chashmah - तारक मेहता का उल्टा चशमाह - Episode 784 - Full Episode,https://www.youtube.com/watch?v=y1KdgmjPFLc,Found
785,Taarak Mehta Ka Ooltah Chashmah - तारक मेहता का उल्टा चशमाह - Episode 785 - Full Episode,https://www.youtube.com/watch?v=GdwjE7bqQkY,Found
786,"Taarak Mehta Ka Ooltah Chashmah | तारक मेहता का उल्टा चश्मा | Episode 786 | 7th December, 2020",https://www.youtube.com/watch?v=bVQLXTAtlP4,Found
787,Taarak Mehta Ka Ooltah Chashmah - तारक मेहता का उल्टा चशमाह - Episode 787 - Full Episode,https://www.youtube.com/watch?v=hq_8Iqk1bCc,Found
788,Taarak Mehta Ka Ooltah Chashmah - तारक मेहता का उल्टा चशमाह - Episode 788 - Full Episode,https://www.youtube.com/watch?v=BtvFcrn3CEY,Found
789,Taarak Mehta Ka Ooltah Chashmah - तारक मेहता का उल्टा चशमाह - Episode 789 - Full Episode,https://www.youtube.com/watch?v=B_I-JMKzAHA,Found
790,Taarak Mehta Ka Ooltah Chashmah - तारक मेहता का उल्टा चशमाह - Episode 790 - Full Episode,https://www.youtube.com/watch?v=HaF2lAGk9x8,Found
791,"Taarak Mehta Ka Ooltah Chashmah | तारक मेहता का उल्टा चश्मा | Episode 791 | 14th December, 2020",https://www.youtube.com/watch?v=dQ7sjWJYKvY,Found
792,Taarak Mehta Ka Ooltah Chashmah - तारक मेहता का उल्टा चशमाह - Episode 792 - Full Episode,https://www.youtube.com/watch?v=kXDHBNg6uSE,Found
793,Taarak Mehta Ka Ooltah Chashmah - तारक मेहता का उल्टा चशमाह - Episode 793 - Full Episode,https://www.youtube.com/watch?v=eFmpnu8L6rc,Found
794,Taarak Mehta Ka Ooltah Chashmah - तारक मेहता का उल्टा चशमाह - Episode 794 - Full Episode,https://www.youtube.com/watch?v=eKKWFu0R4wA,Found
795,Taarak Mehta Ka Ooltah Chashmah - तारक मेहता का उल्टा चशमाह - Episode 795 - Full Episode,https://www.youtube.com/watch?v=8WVlGASnP58,Found
796,Taarak Mehta Ka Ooltah Chashmah - तारक मेहता का उल्टा चशमाह - Episode 796 - Full Episode,https://www.youtube.com/watch?v=4rHiUKi6jIA,Found
797,Taarak Mehta Ka Ooltah Chashmah - तारक मेहता का उल्टा चशमाह - Episode 797 - Full Episode,https://www.youtube.com/watch?v=P3dVw9ckmn0,Found
798,"Taarak Mehta Ka Ooltah Chashmah | तारक मेहता का उल्टा चश्मा | Episode 798 | 23rd December, 2020",https://www.youtube.com/watch?v=o7vrr3iPDlQ,Found
799,Episode 799 - Taarak Mehta Ka Ooltah Chashmah - Full Episode | तारक मेहता का उल्टा चश्मा,https://www.youtube.com/watch?v=rGg0854ztrY,Found
800,Episode 800 - Taarak Mehta Ka Ooltah Chashmah - Full Episode | तारक मेहता का उल्टा चश्मा,https://www.youtube.com/watch?v=har1fvFYoSg,Found
801,Taarak Mehta Ka Ooltah Chashmah - तारक मेहता का उल्टा चशमाह - Episode 801 - Full Episode,https://www.youtube.com/watch?v=TIfMNmG6Sj0,Found
802,Taarak Mehta Ka Ooltah Chashmah - तारक मेहता का उल्टा चशमाह - Episode 802 - Full Episode,https://www.youtube.com/watch?v=Gx5BskNQKv4,Found
803,Episode 803 - Taarak Mehta Ka Ooltah Chashmah - Full Episode | तारक मेहता का उल्टा चश्मा,https://www.youtube.com/watch?v=bHRr2PuVsrk,Found
804,Taarak Mehta Ka Ooltah Chashmah - तारक मेहता का उल्टा चशमाह - Episode 804 - Full Episode,https://www.youtube.com/watch?v=GBzwsuKFjOk,Found
805,Taarak Mehta Ka Ooltah Chashmah - तारक मेहता का उल्टा चशमाह - Episode 805 - Full Episode,https://www.youtube.com/watch?v=Gi2FoFb5TA8,Found
806,Taarak Mehta Ka Ooltah Chashmah - तारक मेहता का उल्टा चशमाह - Episode 806 - Full Episode,https://www.youtube.com/watch?v=HE3J7_JmwLE,Found
807,Taarak Mehta Ka Ooltah Chashmah - तारक मेहता का उल्टा चशमाह - Episode 807 - Full Episode,https://www.youtube.com/watch?v=ymECErwdpg8,Found
808,Taarak Mehta Ka Ooltah Chashmah - तारक मेहता का उल्टा चशमाह - Episode 808 - Full Episode,https://www.youtube.com/watch?v=0QidsQ7_4HI,Found
809,Episode 809 - Taarak Mehta Ka Ooltah Chashmah - Full Episode | तारक मेहता का उल्टा चश्मा,https://www.youtube.com/watch?v=k87F2_SpTSY,Found
810,Taarak Mehta Ka Ooltah Chashmah - तारक मेहता का उल्टा चशमाह - Episode 810 - Full Episode,https://www.youtube.com/watch?v=lEEkhLAIbeQ,Found
811,Taarak Mehta Ka Ooltah Chashmah - तारक मेहता का उल्टा चशमाह - Episode 811 - Full Episode,https://www.youtube.com/watch?v=aROZ5O23sWs,Found
812,Taarak Mehta Ka Ooltah Chashmah - तारक मेहता का उल्टा चशमाह - Episode 812 - Full Episode,https://www.youtube.com/watch?v=dyb7koNB7kI,Found
813,Taarak Mehta Ka Ooltah Chashmah - तारक मेहता का उल्टा चशमाह - Episode 813 - Full Episode,https://www.youtube.com/watch?v=MxkBbpCMJkM,Found
814,Taarak Mehta Ka Ooltah Chashmah - तारक मेहता का उल्टा चशमाह - Episode 814 - Full Episode,https://www.youtube.com/watch?v=h6ep3TFTBNw,Found
815,Taarak Mehta Ka Ooltah Chashmah - तारक मेहता का उल्टा चशमाह - Episode 815 - Full Episode,https://www.youtube.com/watch?v=kvHfS65mcZA,Found
816,Taarak Mehta Ka Ooltah Chashmah - तारक मेहता का उल्टा चशमाह - Episode 816 - Full Episode,https://www.youtube.com/watch?v=tMMqAZS1SJs,Found
817,Taarak Mehta Ka Ooltah Chashmah - तारक मेहता का उल्टा चशमाह - Episode 817 - Full Episode,https://www.youtube.com/watch?v=alviYrmn0L8,Found
818,Episode 818 - Taarak Mehta Ka Ooltah Chashmah - Full Episode | तारक मेहता का उल्टा चश्मा,https://www.youtube.com/watch?v=AaJ-6YACUIM,Found
819,"Taarak Mehta Ka Ooltah Chashmah - तारक मेहता - Episode 819 - 21st October, 2017",https://www.youtube.com/watch?v=aaXuUKYUv5w,Found
820,Episode 820 - Taarak Mehta Ka Ooltah Chashmah - Full Episode | तारक मेहता का उल्टा चश्मा,https://www.youtube.com/watch?v=k-ksK3TO8L4,Found
821,Taarak Mehta Ka Ooltah Chashmah - तारक मेहता का उल्टा चशमाह - Episode 821 - Full Episode,https://www.youtube.com/watch?v=2vvndTwNEMM,Found
822,Taarak Mehta Ka Ooltah Chashmah - तारक मेहता का उल्टा चशमाह - Episode 822 - Full Episode,https://www.youtube.com/watch?v=OGxETTXp5-g,Found
823,Taarak Mehta Ka Ooltah Chashmah - तारक मेहता का उल्टा चशमाह - Episode 823 - Full Episode,https://www.youtube.com/watch?v=1Udxeh6r2ws,Found
824,Taarak Mehta Ka Ooltah Chashmah - तारक मेहता का उल्टा चशमाह - Episode 824 - Full Episode,https://www.youtube.com/watch?v=FQ9fBc2EtDA,Found
825,Taarak Mehta Ka Ooltah Chashmah - तारक मेहता का उल्टा चशमाह - Episode 825 - Full Episode,https://www.youtube.com/watch?v=mU-odbZGY94,Found
826,Taarak Mehta Ka Ooltah Chashmah - तारक मेहता का उल्टा चशमाह - Episode 826 - Full Episode,https://www.youtube.com/watch?v=QIK6iiN7Dnc,Found
827,Taarak Mehta Ka Ooltah Chashmah - तारक मेहता का उल्टा चशमाह - Episode 827 - Full Episode,https://www.youtube.com/watch?v=2F90tHQE4z4,Found
828,Taarak Mehta Ka Ooltah Chashmah - तारक मेहता का उल्टा चशमाह - Episode 828 - Full Episode,https://www.youtube.com/watch?v=u8Dfuha2_7s,Found
829,Taarak Mehta Ka Ooltah Chashmah - तारक मेहता का उल्टा चशमाह - Episode 829 - Full Episode,https://www.youtube.com/watch?v=cuMLUURJrEA,Found
830,Taarak Mehta Ka Ooltah Chashmah - तारक मेहता का उल्टा चशमाह - Episode 830 - Full Episode,https://www.youtube.com/watch?v=iEi6EfNHFCA,Found
831,Taarak Mehta Ka Ooltah Chashmah - तारक मेहता का उल्टा चशमाह - Episode 831 - Full Episode,https://www.youtube.com/watch?v=v5qTnV_hYl4,Found
832,Taarak Mehta Ka Ooltah Chashmah - तारक मेहता का उल्टा चशमाह - Episode 832 - Full Episode,https://www.youtube.com/watch?v=5mOY6FL0OoQ,Found
833,Taarak Mehta Ka Ooltah Chashmah - तारक मेहता का उल्टा चशमाह - Episode 833 - Full Episode,https://www.youtube.com/watch?v=ZGK-AtM8Tp4,Found
834,Taarak Mehta Ka Ooltah Chashmah - तारक मेहता का उल्टा चशमाह - Episode 834 - Full Episode,https://www.youtube.com/watch?v=zoC-UjQK1tY,Found
835,"Taarak Mehta Ka Ooltah Chashmah | तारक मेहता का उल्टा चश्मा | Episode 835 | 5th February, 2021",https://www.youtube.com/watch?v=_K2PucG9lvM,Found
836,Episode 836 - Taarak Mehta Ka Ooltah Chashmah - Full Episode | तारक मेहता का उल्टा चश्मा,https://www.youtube.com/watch?v=elkYx8V4iDs,Found
837,"Taarak Mehta Ka Ooltah Chashmah | तारक मेहता का उल्टा चश्मा | Episode 837 | 9th February, 2021",https://www.youtube.com/watch?v=c1rxofu43Ts,Found
838,Taarak Mehta Ka Ooltah Chashmah - तारक मेहता का उल्टा चशमाह - Episode 838 - Full Episode,https://www.youtube.com/watch?v=Z63MskmI9lM,Found
839,Taarak Mehta Ka Ooltah Chashmah - तारक मेहता का उल्टा चशमाह - Episode 839 - Full Episode,https://www.youtube.com/watch?v=FrSYobsJ55k,Found
840,Taarak Mehta Ka Ooltah Chashmah - तारक मेहता का उल्टा चशमाह - Episode 840 - Full Episode,https://www.youtube.com/watch?v=Brw38meASSE,Found
841,Episode 841 - Taarak Mehta Ka Ooltah Chashmah - Full Episode | तारक मेहता का उल्टा चश्मा,https://www.youtube.com/watch?v=qw97jUDvlvA,Found
842,Episode 842 - Taarak Mehta Ka Ooltah Chashmah - Full Episode | तारक मेहता का उल्टा चश्मा,https://www.youtube.com/watch?v=6oqXASiwuNE,Found
843,Episode 843 - Taarak Mehta Ka Ooltah Chashmah - Full Episode | तारक मेहता का उल्टा चश्मा,https://www.youtube.com/watch?v=rn-04JEC3-g,Found
844,Episode 844 - Taarak Mehta Ka Ooltah Chashmah - Full Episode | तारक मेहता का उल्टा चश्मा,https://www.youtube.com/watch?v=u_XtjE-ZA1o,Found
845,Episode 845 - Taarak Mehta Ka Ooltah Chashmah - Full Episode | तारक मेहता का उल्टा चश्मा,https://www.youtube.com/watch?v=O0Dm6UZFEts,Found
846,Episode 846 - Taarak Mehta Ka Ooltah Chashmah - Full Episode | तारक मेहता का उल्टा चश्मा,https://www.youtube.com/watch?v=vPPJXwH86is,Found
847,Episode 847 - Taarak Mehta Ka Ooltah Chashmah - Full Episode | तारक मेहता का उल्टा चश्मा,https://www.youtube.com/watch?v=QhxQuRf4TKQ,Found
848,Taarak Mehta Ka Ooltah Chashmah - तारक मेहता का उल्टा चशमाह - Episode 848 - Full Episode,https://www.youtube.com/watch?v=kGIRule0QBE,Found
849,"Taarak Mehta Ka Ooltah Chashmah | तारक मेहता का उल्टा चश्मा | Episode 849 | 24th February, 2021",https://www.youtube.com/watch?v=oxk3gWznyI8,Found
850,Taarak Mehta Ka Ooltah Chashmah - तारक मेहता का उल्टा चशमाह - Episode 850 - Full Episode,https://www.youtube.com/watch?v=ZXBWguAq3sw,Found
851,Taarak Mehta Ka Ooltah Chashmah - तारक मेहता का उल्टा चशमाह - Episode 851 - Full Episode,https://www.youtube.com/watch?v=CDKSGe5X7wo,Found
852,Taarak Mehta Ka Ooltah Chashmah - तारक मेहता का उल्टा चशमाह - Episode 852 - Full Episode,https://www.youtube.com/watch?v=SpYxIL_MKDI,Found
853,"Taarak Mehta Ka Ooltah Chashmah | तारक मेहता का उल्टा चश्मा | Episode 853 | 2nd March, 2021",https://www.youtube.com/watch?v=_BkiogCH9Wk,Found
854,Taarak Mehta Ka Ooltah Chashmah - तारक मेहता का उल्टा चशमाह - Episode 854 - Full Episode,https://www.youtube.com/watch?v=07FAqaSx5i8,Found
855,Episode 855 - Taarak Mehta Ka Ooltah Chashmah - Full Episode | तारक मेहता का उल्टा चश्मा,https://www.youtube.com/watch?v=gDTsXPLnhk4,Found
856,Episode 856 - Taarak Mehta Ka Ooltah Chashmah - Full Episode | तारक मेहता का उल्टा चश्मा,https://www.youtube.com/watch?v=6G1UG121aj4,Found
857,Taarak Mehta Ka Ooltah Chashmah - तारक मेहता का उल्टा चशमाह - Episode 857 - Full Episode,https://www.youtube.com/watch?v=NDEousIlqQk,Found
858,Taarak Mehta Ka Ooltah Chashmah - तारक मेहता का उल्टा चशमाह - Episode 858 - Full Episode,https://www.youtube.com/watch?v=YwCW7odgw0s,Found
859,"Taarak Mehta Ka Ooltah Chashmah | तारक मेहता का उल्टा चश्मा | Episode 859 | 10th March, 2021",https://www.youtube.com/watch?v=8qlyhDTbpQE,Found
860,Taarak Mehta Ka Ooltah Chashmah - तारक मेहता का उल्टा चशमाह - Episode 860- Full Episode,https://www.youtube.com/watch?v=8BglQ2GVEbw,Found
861,Taarak Mehta Ka Ooltah Chashmah - तारक मेहता का उल्टा चशमाह - Episode 861- Full Episode,https://www.youtube.com/watch?v=BwyAI_DlTFs,Found
862,"Taarak Mehta Ka Ooltah Chashmah | तारक मेहता का उल्टा चश्मा | Episode 862 | 15th March, 2021",https://www.youtube.com/watch?v=RPROWui7R30,Found
863,Taarak Mehta Ka Ooltah Chashmah - तारक मेहता का उल्टा चशमाह - Episode 863- Full Episode,https://www.youtube.com/watch?v=yacpq846wOI,Found
864,Taarak Mehta Ka Ooltah Chashmah - तारक मेहता का उल्टा चशमाह - Episode 864- Full Episode,https://www.youtube.com/watch?v=0wl3NwxIaGM,Found
865,Episode 865 - Taarak Mehta Ka Ooltah Chashmah - Full Episode | तारक मेहता का उल्टा चश्मा,https://www.youtube.com/watch?v=yyojcJ5sMxQ,Found
866,"Taarak Mehta Ka Ooltah Chashmah | तारक मेहता का उल्टा चश्मा | Episode 866 | 22nd March, 2021",https://www.youtube.com/watch?v=Fn37tVKOwtY,Found
867,Taarak Mehta Ka Ooltah Chashmah - तारक मेहता का उल्टा चशमाह - Episode 867- Full Episode,https://www.youtube.com/watch?v=3s8Fa9ElSCM,Found
868,Taarak Mehta Ka Ooltah Chashmah - तारक मेहता का उल्टा चशमाह - Episode 868- Full Episode,https://www.youtube.com/watch?v=pcrxzKVp5QU,Found
869,Episode 869 - Taarak Mehta Ka Ooltah Chashmah - Full Episode | तारक मेहता का उल्टा चश्मा,https://www.youtube.com/watch?v=UsTr4hcxWks,Found
870,Episode 870 - Taarak Mehta Ka Ooltah Chashmah - Full Episode | तारक मेहता का उल्टा चश्मा,https://www.youtube.com/watch?v=DKyZWzs1Q98,Found
871,"Taarak Mehta Ka Ooltah Chashmah | तारक मेहता का उल्टा चश्मा | Episode 871 | 29th March, 2021",https://www.youtube.com/watch?v=IqLivLY91lQ,Found
872,Taarak Mehta Ka Ooltah Chashmah - तारक मेहता का उल्टा चशमाह - Episode 872- Full Episode,https://www.youtube.com/watch?v=ghKXAdcgI1w,Found
873,Taarak Mehta Ka Ooltah Chashmah - तारक मेहता का उल्टा चशमाह - Episode 873 - Full Episode,https://www.youtube.com/watch?v=_0ShkYe_Olo,Found
874,Taarak Mehta Ka Ooltah Chashmah - तारक मेहता का उल्टा चशमाह - Episode 874 - Full Episode,https://www.youtube.com/watch?v=BNUfeT6YiPc,Found
875,"Taarak Mehta Ka Ooltah Chashmah - Full Episode Ep 875 - 17th December, 2017",https://www.youtube.com/watch?v=kklJWWaGoKs,Found
876,Taarak Mehta Ka Ooltah Chashmah - तारक मेहता का उल्टा चशमाह - Episode 876 - Full Episode,https://www.youtube.com/watch?v=8z1rvk09GOo,Found
877,Taarak Mehta Ka Ooltah Chashmah - तारक मेहता का उल्टा चशमाह - Episode 877 - Full Episode,https://www.youtube.com/watch?v=uPjSp8Ovqfw,Found
878,Taarak Mehta Ka Ooltah Chashmah - तारक मेहता का उल्टा चशमाह - Episode 878 - Full Episode,https://www.youtube.com/watch?v=F-bAsoUDDDQ,Found
879,Episode 879 - Taarak Mehta Ka Ooltah Chashmah - Full Episode | तारक मेहता का उल्टा चश्मा,https://www.youtube.com/watch?v=KRmDQmZrZZU,Found
880,Taarak Mehta Ka Ooltah Chashmah - तारक मेहता का उल्टा चशमाह - Episode 880 - Full Episode,https://www.youtube.com/watch?v=V0QGhVWNrKw,Found
881,"Taarak Mehta Ka Ooltah Chashmah | तारक मेहता का उल्टा चश्मा | Episode 881 | 3rd November, 2020",https://www.youtube.com/watch?v=4a2bi7MqOUs,Found
882,Taarak Mehta Ka Ooltah Chashmah - तारक मेहता का उल्टा चशमाह - Episode 882 - Full Episode,https://www.youtube.com/watch?v=nyyCLiK3Tl4,Found
883,Taarak Mehta Ka Ooltah Chashmah - तारक मेहता का उल्टा चशमाह - Episode 883 - Full Episode,https://www.youtube.com/watch?v=ojj7VLL0YJ8,Found
884,Taarak Mehta Ka Ooltah Chashmah - तारक मेहता का उल्टा चशमाह - Episode 884 - Full Episode,https://www.youtube.com/watch?v=9kiVHJEw54A,Found
885,Taarak Mehta Ka Ooltah Chashmah - तारक मेहता का उल्टा चशमाह - Episode 885 - Full Episode,https://www.youtube.com/watch?v=ygSJ3-_ke1Q,Found
886,Taarak Mehta Ka Ooltah Chashmah - तारक मेहता का उल्टा चशमाह - Episode 886 - Full Episode,https://www.youtube.com/watch?v=ettJMJdndAU,Found
887,Taarak Mehta Ka Ooltah Chashmah - तारक मेहता का उल्टा चशमाह - Episode 887 - Full Episode,https://www.youtube.com/watch?v=9l6OO-FsqNo,Found
888,"Taarak Mehta Ka Ooltah Chashmah - Full Episode 888 - 30th December, 2017",https://www.youtube.com/watch?v=DkmCtp1leEs,Found
889,Taarak Mehta Ka Ooltah Chashmah - तारक मेहता का उल्टा चशमाह - Episode 889 - Full Episode,https://www.youtube.com/watch?v=96nrOZK2Tsk,Found
890,Taarak Mehta Ka Ooltah Chashmah - तारक मेहता का उल्टा चशमाह - Episode 890 - Full Episode,https://www.youtube.com/watch?v=w5h4QLDkPw4,Found
891,Episode 891 - Taarak Mehta Ka Ooltah Chashmah - Full Episode | तारक मेहता का उल्टा चश्मा,https://www.youtube.com/watch?v=cRaDLf0cRqs,Found
892,Taarak Mehta Ka Ooltah Chashmah - तारक मेहता का उल्टा चशमाह - Episode 892 - Full Episode,https://www.youtube.com/watch?v=48G-dfe8wws,Found
893,Taarak Mehta Ka Ooltah Chashmah - तारक मेहता का उल्टा चशमाह - Episode 893 - Full Episode,https://www.youtube.com/watch?v=iC5136gApS0,Found
894,Taarak Mehta Ka Ooltah Chashmah - तारक मेहता का उल्टा चशमाह - Episode 894 - Full Episode,https://www.youtube.com/watch?v=rEPZcQdHHYI,Found
895,Taarak Mehta Ka Ooltah Chashmah - तारक मेहता का उल्टा चशमाह - Episode 895 - Full Episode,https://www.youtube.com/watch?v=GXGrh25jlfU,Found
896,"Taarak Mehta Ka Ooltah Chashmah | तारक मेहता का उल्टा चश्मा | Episode 896 | 13th April, 2021",https://www.youtube.com/watch?v=V5wzhnLb2bk,Found
897,Episode 897 - Taarak Mehta Ka Ooltah Chashmah - Full Episode | तारक मेहता का उल्टा चश्मा,https://www.youtube.com/watch?v=s6fV5EQXal0,Found
898,Taarak Mehta Ka Ooltah Chashmah - तारक मेहता का उल्टा चशमाह - Episode 898 - Full Episode,https://www.youtube.com/watch?v=uzNRGLRiZys,Found
899,Taarak Mehta Ka Ooltah Chashmah - तारक मेहता का उल्टा चशमाह - Episode 899 - Full Episode,https://www.youtube.com/watch?v=1jNEkWzF9Cs,Found
900,"Taarak Mehta Ka Ooltah Chashmah - Full Episode 900 - 11th January, 2018",https://www.youtube.com/watch?v=TiX7TCGfbcw,Found
901,Episode 901 - Taarak Mehta Ka Ooltah Chashmah - Full Episode | तारक मेहता का उल्टा चश्मा,https://www.youtube.com/watch?v=-a8J_kMrJrs,Found
902,Episode 902 - Taarak Mehta Ka Ooltah Chashmah - Full Episode | तारक मेहता का उल्टा चश्मा,https://www.youtube.com/watch?v=nwSGRsI9bk4,Found
903,Taarak Mehta Ka Ooltah Chashmah - तारक मेहता का उल्टा चशमाह - Episode 903 - Full Episode,https://www.youtube.com/watch?v=iqtCihjNuzI,Found
904,Taarak Mehta Ka Ooltah Chashmah - तारक मेहता का उल्टा चशमाह - Episode 904 - Full Episode,https://www.youtube.com/watch?v=x86ivk2Sgo0,Found
905,Taarak Mehta Ka Ooltah Chashmah - तारक मेहता का उल्टा चशमाह - Episode 905 - Full Episode,https://www.youtube.com/watch?v=ZJdBSPBkf38,Found
906,Taarak Mehta Ka Ooltah Chashmah - तारक मेहता का उल्टा चशमाह - Episode 906- Full Episode,https://www.youtube.com/watch?v=G410lS4AHIU,Found
907,Taarak Mehta Ka Ooltah Chashmah - तारक मेहता का उल्टा चशमाह - Episode 907 - Full Episode,https://www.youtube.com/watch?v=56qsPlhUkXg,Found
908,Taarak Mehta Ka Ooltah Chashmah - तारक मेहता का उल्टा चशमाह - Episode 908 - Full Episode,https://www.youtube.com/watch?v=CcQWpD5Ndas,Found
909,Episode 909 - Taarak Mehta Ka Ooltah Chashmah - Full Episode | तारक मेहता का उल्टा चश्मा,https://www.youtube.com/watch?v=2k8nml7X-rQ,Found
910,Episode 910 - Taarak Mehta Ka Ooltah Chashmah - Full Episode | तारक मेहता का उल्टा चश्मा,https://www.youtube.com/watch?v=OcbOqm3vRK0,Found
911,Episode 911 - Taarak Mehta Ka Ooltah Chashmah - Full Episode | तारक मेहता का उल्टा चश्मा,https://www.youtube.com/watch?v=NaJwg7IUXlA,Found
912,Taarak Mehta Ka Ooltah Chashmah - तारक मेहता का उल्टा चशमाह - Episode 912 - Full Episode,https://www.youtube.com/watch?v=nOIfk6Lx0tU,Found
913,Episode 913 - Taarak Mehta Ka Ooltah Chashmah - Full Episode | तारक मेहता का उल्टा चश्मा,https://www.youtube.com/watch?v=6rGlS31yRZ0,Found
914,Episode 914 - Taarak Mehta Ka Ooltah Chashmah - Full Episode | तारक मेहता का उल्टा चश्मा,https://www.youtube.com/watch?v=HC8nc9K--pw,Found
915,Taarak Mehta Ka Ooltah Chashmah - तारक मेहता का उल्टा चशमाह - Episode 915 - Full Episode,https://www.youtube.com/watch?v=xLOmGB_NEf8,Found
916,Taarak Mehta Ka Ooltah Chashmah - तारक मेहता का उल्टा चशमाह - Episode 916 - Full Episode,https://www.youtube.com/watch?v=bFfQ6znzdzs,Found
917,Episode 917 - Taarak Mehta Ka Ooltah Chashmah - Full Episode | तारक मेहता का उल्टा चश्मा,https://www.youtube.com/watch?v=s5rmJAm-Obo,Found
918,Taarak Mehta Ka Ooltah Chashmah - तारक मेहता का उल्टा चशमाह - Episode 918 - Full Episode,https://www.youtube.com/watch?v=6gSFtuFsOJE,Found
919,Taarak Mehta Ka Ooltah Chashmah - तारक मेहता का उल्टा चशमाह - Episode 919 - Full Episode,https://www.youtube.com/watch?v=1dogZuRItmY,Found
920,Taarak Mehta Ka Ooltah Chashmah - तारक मेहता का उल्टा चशमाह - Episode 920 - Full Episode,https://www.youtube.com/watch?v=CLXyq6k2s4Y,Found
921,Episode 921 - Taarak Mehta Ka Ooltah Chashmah - Full Episode | तारक मेहता का उल्टा चश्मा,https://www.youtube.com/watch?v=qYfT8fR3J1o,Found
922,Taarak Mehta Ka Ooltah Chashmah - तारक मेहता का उल्टा चशमाह - Episode 922 - Full Episode,https://www.youtube.com/watch?v=mrYWWAPOK18,Found
923,Episode 923 - Taarak Mehta Ka Ooltah Chashmah - Full Episode | तारक मेहता का उल्टा चश्मा,https://www.youtube.com/watch?v=VDlM7P-LSBQ,Found
924,Taarak Mehta Ka Ooltah Chashmah - तारक मेहता का उल्टा चशमाह - Episode 924 - Full Episode,https://www.youtube.com/watch?v=0pMXJi9-Ahs,Found
925,Taarak Mehta Ka Ooltah Chashmah - तारक मेहता का उल्टा चशमाह - Episode 925 - Full Episode,https://www.youtube.com/watch?v=rp4qkdeVP_g,Found
926,Episode 926 - Taarak Mehta Ka Ooltah Chashmah - Full Episode | तारक मेहता का उल्टा चश्मा,https://www.youtube.com/watch?v=L5VluA30ngM,Found
927,Taarak Mehta Ka Ooltah Chashmah | तारक मेहता का उल्टा चश्मा | Episode 927 | 25th  May 2021,https://www.youtube.com/watch?v=T2aJOwBANAs,Found
928,Taarak Mehta Ka Ooltah Chashmah - तारक मेहता का उल्टा चशमाह - Episode 928 - Full Episode,https://www.youtube.com/watch?v=BCDwBok2zFI,Found
929,Taarak Mehta Ka Ooltah Chashmah - तारक मेहता का उल्टा चशमाह - Episode 929 - Full Episode,https://www.youtube.com/watch?v=svKJvGy-Zdc,Found
930,Taarak Mehta Ka Ooltah Chashmah - तारक मेहता का उल्टा चशमाह - Episode 930 - Full Episode,https://www.youtube.com/watch?v=ndoeImqq_jQ,Found
931,Episode 931 - Taarak Mehta Ka Ooltah Chashmah - Full Episode | तारक मेहता का उल्टा चश्मा,https://www.youtube.com/watch?v=oBL9NnDwPjM,Found
932,Taarak Mehta Ka Ooltah Chashmah - तारक मेहता का उल्टा चशमाह - Episode 932 - Full Episode,https://www.youtube.com/watch?v=Vg0DHv_i_H4,Found
933,"Taarak Mehta Ka Ooltah Chashmah - Full Episode 933 - 31st January, 2018",https://www.youtube.com/watch?v=cBjVZOYPArg,Found
934,"Taarak Mehta Ka Ooltah Chashmah - Full Episode  934 - 01st February , 2018",https://www.youtube.com/watch?v=OyfU4tycxvo,Found
935,Taarak Mehta Ka Ooltah Chashmah - तारक मेहता का उल्टा चशमाह - Episode 935 - Full Episode,https://www.youtube.com/watch?v=2wA36Xr1WSU,Found
936,Taarak Mehta Ka Ooltah Chashmah - तारक मेहता का उल्टा चशमाह - Episode 936 - Full Episode,https://www.youtube.com/watch?v=JB9KTv7yiqc,Found
937,Taarak Mehta Ka Ooltah Chashmah - तारक मेहता का उल्टा चशमाह - Episode 937 - Full Episode,https://www.youtube.com/watch?v=gPxG_WOJ0jE,Found
938,Taarak Mehta Ka Ooltah Chashmah - तारक मेहता का उल्टा चशमाह - Episode 938 - Full Episode,https://www.youtube.com/watch?v=Z5VQ_fXJbbY,Found
939,Taarak Mehta Ka Ooltah Chashmah - तारक मेहता का उल्टा चशमाह - Episode 939 - Full Episode,https://www.youtube.com/watch?v=5uLKGTFlezc,Found
940,Taarak Mehta Ka Ooltah Chashmah - तारक मेहता का उल्टा चशमाह - Episode 940 - Full Episode,https://www.youtube.com/watch?v=PlpDnaJhaR8,Found
941,Taarak Mehta Ka Ooltah Chashmah - तारक मेहता का उल्टा चशमाह - Episode 941 - Full Episode,https://www.youtube.com/watch?v=GK6B-M0nEh0,Found
942,Taarak Mehta Ka Ooltah Chashmah - तारक मेहता का उल्टा चशमाह - Episode 942 - Full Episode,https://www.youtube.com/watch?v=rUNLyqgoqMU,Found
943,Taarak Mehta Ka Ooltah Chashmah - तारक मेहता का उल्टा चशमाह - Episode 943 - Full Episode,https://www.youtube.com/watch?v=xGxi4qMSSVc,Found
944,Taarak Mehta Ka Ooltah Chashmah - तारक मेहता का उल्टा चशमाह - Episode 944 - Full Episode,https://www.youtube.com/watch?v=9I3OxicphB0,Found
945,Taarak Mehta Ka Ooltah Chashmah - तारक मेहता का उल्टा चशमाह - Episode 945 - Full Episode,https://www.youtube.com/watch?v=IafNJPKrjdI,Found
946,Taarak Mehta Ka Ooltah Chashmah - तारक मेहता का उल्टा चशमाह - Episode 946 - Full Episode,https://www.youtube.com/watch?v=clzHRU8gQcQ,Found
947,"Taarak Mehta Ka Ooltah Chashmah - Full Episode  947 - 07th February , 2018",https://www.youtube.com/watch?v=Yj2RLSJyNKU,Found
948,Taarak Mehta Ka Ooltah Chashmah - तारक मेहता का उल्टा चशमाह - Episode 948 - Full Episode,https://www.youtube.com/watch?v=Sn077lAU5Fg,Found
949,Taarak Mehta Ka Ooltah Chashmah - तारक मेहता का उल्टा चशमाह - Episode 949 - Full Episode,https://www.youtube.com/watch?v=fFYeGivYB_o,Found
950,Taarak Mehta Ka Ooltah Chashmah - तारक मेहता का उल्टा चशमाह - Episode 950 - Full Episode,https://www.youtube.com/watch?v=QX8S5UhVIjM,Found
951,Taarak Mehta Ka Ooltah Chashmah - तारक मेहता का उल्टा चशमाह - Episode 951 - Full Episode,https://www.youtube.com/watch?v=lwecXjQ0MP0,Found
952,Taarak Mehta Ka Ooltah Chashmah - तारक मेहता का उल्टा चशमाह - Episode 952 - Full Episode,https://www.youtube.com/watch?v=RUf98tnXBoA,Found
953,Taarak Mehta Ka Ooltah Chashmah - तारक मेहता का उल्टा चशमाह - Episode 953 - Full Episode,https://www.youtube.com/watch?v=rtDhEurlHGk,Found
954,Taarak Mehta Ka Ooltah Chashmah - तारक मेहता का उल्टा चशमाह - Episode 954 - Full Episode,https://www.youtube.com/watch?v=I60p6nwR6X0,Found
955,Taarak Mehta Ka Ooltah Chashmah - तारक मेहता का उल्टा चशमाह - Episode 955 - Full Episode,https://www.youtube.com/watch?v=CCjAkQIYcqA,Found
956,Taarak Mehta Ka Ooltah Chashmah - तारक मेहता का उल्टा चशमाह - Episode 956 - Full Episode,https://www.youtube.com/watch?v=3RB6k1Dcpg8,Found
957,Taarak Mehta Ka Ooltah Chashmah - तारक मेहता का उल्टा चशमाह - Episode 957 - Full Episode,https://www.youtube.com/watch?v=WdumRsdwDi4,Found
958,Taarak Mehta Ka Ooltah Chashmah - तारक मेहता का उल्टा चशमाह - Episode 958 - Full Episode,https://www.youtube.com/watch?v=rmCTuVyBtes,Found
959,Taarak Mehta Ka Ooltah Chashmah - तारक मेहता का उल्टा चशमाह - Episode 959 - Full Episode,https://www.youtube.com/watch?v=SoiBOt9gm9s,Found
960,Episode 960 - Taarak Mehta Ka Ooltah Chashmah - Full Episode | तारक मेहता का उल्टा चश्मा,https://www.youtube.com/watch?v=Php5hCil5RQ,Found
961,Taarak Mehta Ka Ooltah Chashmah - तारक मेहता का उल्टा चशमाह - Episode 961 - Full Episode,https://www.youtube.com/watch?v=Ko7890LNa3A,Found
962,"Taarak Mehta Ka Ooltah Chashmah - Full Episode 962 - 15th February , 2018",https://www.youtube.com/watch?v=H1t-Nuv2JSo,Found
963,Taarak Mehta Ka Ooltah Chashmah - तारक मेहता का उल्टा चशमाह - Episode 963 - Full Episode,https://www.youtube.com/watch?v=tVNsU6jwvLk,Found
964,Taarak Mehta Ka Ooltah Chashmah - तारक मेहता का उल्टा चशमाह - Episode 964 - Full Episode,https://www.youtube.com/watch?v=Yfb0B4rhoqY,Found
965,Taarak Mehta Ka Ooltah Chashmah - तारक मेहता का उल्टा चशमाह - Episode 965 - Full Episode,https://www.youtube.com/watch?v=HK4gXNji5QI,Found
966,Episode 966 - Taarak Mehta Ka Ooltah Chashmah - Full Episode | तारक मेहता का उल्टा चश्मा,https://www.youtube.com/watch?v=lBQkxBsoQV8,Found
967,Taarak Mehta Ka Ooltah Chashmah - तारक मेहता का उल्टा चशमाह - Episode 967 - Full Episode,https://www.youtube.com/watch?v=kHD-Z8oAouk,Found
968,Taarak Mehta Ka Ooltah Chashmah - तारक मेहता का उल्टा चशमाह - Episode 968 - Full Episode,https://www.youtube.com/watch?v=vD9AhIfwj6w,Found
969,Taarak Mehta Ka Ooltah Chashmah - तारक मेहता का उल्टा चशमाह - Episode 969 - Full Episode,https://www.youtube.com/watch?v=qZAxvAxCLas,Found
970,Taarak Mehta Ka Ooltah Chashmah - तारक मेहता का उल्टा चशमाह - Episode 970 - Full Episode,https://www.youtube.com/watch?v=zUW0dLtCPI4,Found
971,Taarak Mehta Ka Ooltah Chashmah - तारक मेहता का उल्टा चशमाह - Episode 971 - Full Episode,https://www.youtube.com/watch?v=XWBhkwIm5oA,Found
972,Taarak Mehta Ka Ooltah Chashmah - तारक मेहता का उल्टा चशमाह - Episode 972 - Full Episode,https://www.youtube.com/watch?v=pH2EfQ3MInc,Found
973,Taarak Mehta Ka Ooltah Chashmah - तारक मेहता का उल्टा चशमाह - Episode 973 - Full Episode,https://www.youtube.com/watch?v=IAEU8HArxdE,Found
974,Taarak Mehta Ka Ooltah Chashmah - तारक मेहता का उल्टा चशमाह - Episode 974 - Full Episode,https://www.youtube.com/watch?v=3IHbaIPMG-4,Found
975,Taarak Mehta Ka Ooltah Chashmah - तारक मेहता का उल्टा चशमाह - Episode 975 - Full Episode,https://www.youtube.com/watch?v=Ym8oVwUzZQA,Found
976,Taarak Mehta Ka Ooltah Chashmah - तारक मेहता का उल्टा चशमाह - Episode 976 - Full Episode,https://www.youtube.com/watch?v=XOob7Em6LBQ,Found
977,Taarak Mehta Ka Ooltah Chashmah - तारक मेहता का उल्टा चशमाह - Episode 977 - Full Episode,https://www.youtube.com/watch?v=3t0TDsGqjhA,Found
978,Taarak Mehta Ka Ooltah Chashmah - तारक मेहता का उल्टा चशमाह - Episode 978 - Full Episode,https://www.youtube.com/watch?v=w8Fc3MrjaFs,Found
979,Taarak Mehta Ka Ooltah Chashmah - तारक मेहता का उल्टा चशमाह - Episode 979 - Full Episode,https://www.youtube.com/watch?v=s1REaI4SLyQ,Found
980,Taarak Mehta Ka Ooltah Chashmah - तारक मेहता का उल्टा चशमाह - Episode 980 - Full Episode,https://www.youtube.com/watch?v=JS-E1USlTd0,Found
981,Taarak Mehta Ka Ooltah Chashmah - तारक मेहता का उल्टा चशमाह - Episode 981 - Full Episode,https://www.youtube.com/watch?v=cQ0iL9Pszzc,Found
982,Taarak Mehta Ka Ooltah Chashmah - तारक मेहता का उल्टा चशमाह - Episode 982 - Full Episode,https://www.youtube.com/watch?v=R3I7iXShosU,Found
983,Taarak Mehta Ka Ooltah Chashmah - तारक मेहता का उल्टा चशमाह - Episode 983 - Full Episode,https://www.youtube.com/watch?v=dgcgeEuFkgk,Found
984,Taarak Mehta Ka Ooltah Chashmah - तारक मेहता का उल्टा चशमाह - Episode 984 - Full Episode,https://www.youtube.com/watch?v=FwA3tWZB4Uw,Found
985,Episode 985 - Taarak Mehta Ka Ooltah Chashmah - Full Episode | तारक मेहता का उल्टा चश्मा,https://www.youtube.com/watch?v=pqe3eaQvjHs,Found
986,Taarak Mehta Ka Ooltah Chashmah - तारक मेहता का उल्टा चशमाह - Episode 986 - Full Episode,https://www.youtube.com/watch?v=o094u0f21-U,Found
987,"Taarak Mehta Ka Ooltah Chashmah - Full Episode 987 - 05th  March , 2018",https://www.youtube.com/watch?v=memaNh3awWM,Found
988,Taarak Mehta Ka Ooltah Chashmah - तारक मेहता का उल्टा चशमाह - Episode 988 - Full Episode,https://www.youtube.com/watch?v=WQmDAVN4748,Found
989,Taarak Mehta Ka Ooltah Chashmah - तारक मेहता का उल्टा चशमाह - Episode 989 - Full Episode,https://www.youtube.com/watch?v=FerFol7Few4,Found
990,Taarak Mehta Ka Ooltah Chashmah - तारक मेहता का उल्टा चशमाह - Episode 990 - Full Episode,https://www.youtube.com/watch?v=rLR3D29bu7E,Found
991,Taarak Mehta Ka Ooltah Chashmah - तारक मेहता का उल्टा चशमाह - Episode 991 - Full Episode,https://www.youtube.com/watch?v=TMCAe852nXM,Found
992,Taarak Mehta Ka Ooltah Chashmah - तारक मेहता का उल्टा चशमाह - Episode 992 - Full Episode,https://www.youtube.com/watch?v=QKU9qXOV7Jw,Found
993,Taarak Mehta Ka Ooltah Chashmah - तारक मेहता का उल्टा चशमाह - Episode 993 - Full Episode,https://www.youtube.com/watch?v=SE_KQD9MTi8,Found
994,Taarak Mehta Ka Ooltah Chashmah - तारक मेहता का उल्टा चशमाह - Episode 994 - Full Episode,https://www.youtube.com/watch?v=pBFAyYDoH8U,Found
995,Taarak Mehta Ka Ooltah Chashmah - तारक मेहता का उल्टा चशमाह - Episode 995 - Full Episode,https://www.youtube.com/watch?v=0VYmGk9ePbc,Found
996,Episode 996 - Taarak Mehta Ka Ooltah Chashmah - Full Episode | तारक मेहता का उल्टा चश्मा,https://www.youtube.com/watch?v=odYpYy0mJqQ,Found
997,Taarak Mehta Ka Ooltah Chashmah - तारक मेहता का उल्टा चशमाह - Episode 997 - Full Episode,https://www.youtube.com/watch?v=BERdhRRNYFE,Found
998,Taarak Mehta Ka Ooltah Chashmah - तारक मेहता का उल्टा चशमाह - Episode 998 - Full Episode,https://www.youtube.com/watch?v=tu68uAN7GmU,Found
999,Episode 999 - Taarak Mehta Ka Ooltah Chashmah - Full Episode | तारक मेहता का उल्टा चश्मा,https://www.youtube.com/watch?v=fh1TJ96L6iw,Found
1000,Taarak Mehta Ka Ooltah Chashmah - तारक मेहता का उल्टा चशमाह - Episode 1000 - Full Episode,https://www.youtube.com/watch?v=p7JfUn5AvH8,Found
1001,"Taarak Mehta Ka Ooltah Chashmah - Full Episode 1001 - 12th  March, 2018",https://www.youtube.com/watch?v=Kgx5bb9qpFQ,Found
1002,Taarak Mehta Ka Ooltah Chashmah - तारक मेहता का उल्टा चशमाह - Episode 1002 - Full Episode,https://www.youtube.com/watch?v=zoke4D8LsMM,Found
1003,Taarak Mehta Ka Ooltah Chashmah - तारक मेहता का उल्टा चशमाह - Episode 1003 - Full Episode,https://www.youtube.com/watch?v=juf39sK9hIY,Found
1004,Taarak Mehta Ka Ooltah Chashmah - तारक मेहता का उल्टा चशमाह - Episode 1004 - Full Episode,https://www.youtube.com/watch?v=0MEYAPkKGqk,Found
1005,Taarak Mehta Ka Ooltah Chashmah - तारक मेहता का उल्टा चशमाह - Episode 1005 - Full Episode,https://www.youtube.com/watch?v=gShrlh4wREw,Found
1006,"Taarak Mehta Ka Ooltah Chashmah | तारक मेहता का उल्टा चश्मा | Episode 1006 | 3rd September, 2021",https://www.youtube.com/watch?v=8UVoJ_hQJxA,Found
1007,Episode 1007 - Taarak Mehta Ka Ooltah Chashmah - Full Episode | तारक मेहता का उल्टा चश्मा,https://www.youtube.com/watch?v=9dQ_06jQHTM,Found
1008,Taarak Mehta Ka Ooltah Chashmah - तारक मेहता का उल्टा चशमाह - Episode 1008 - Full Episode,https://www.youtube.com/watch?v=TVLNVbWVo5I,Found
1009,Episode 1009 - Taarak Mehta Ka Ooltah Chashmah - Full Episode | तारक मेहता का उल्टा चश्मा,https://www.youtube.com/watch?v=n35q-gAadWA,Found
1010,"Taarak Mehta Ka Ooltah Chashmah - Full Episode 1010 - 17th  March, 2018",https://www.youtube.com/watch?v=hDzq3DjDc0s,Found
1011,Taarak Mehta Ka Ooltah Chashmah - तारक मेहता का उल्टा चशमाह - Episode 1011 - Full Episode,https://www.youtube.com/watch?v=safnuYuhH9g,Found
1012,Taarak Mehta Ka Ooltah Chashmah - तारक मेहता का उल्टा चशमाह - Episode 1012 - Full Episode,https://www.youtube.com/watch?v=6YSTXVQ7YDc,Found
1013,Taarak Mehta Ka Ooltah Chashmah - तारक मेहता का उल्टा चशमाह - Episode 1013 - Full Episode,https://www.youtube.com/watch?v=M3_ZJfzwf6M,Found
1014,Taarak Mehta Ka Ooltah Chashmah - तारक मेहता का उल्टा चशमाह - Episode 1014 - Full Episode,https://www.youtube.com/watch?v=Y0ak4EBp3_w,Found
1015,Taarak Mehta Ka Ooltah Chashmah - तारक मेहता का उल्टा चशमाह - Episode 1015 - Full Episode,https://www.youtube.com/watch?v=yNMSzCvqnwc,Found
1016,Taarak Mehta Ka Ooltah Chashmah - तारक मेहता का उल्टा चशमाह - Episode 1016 - Full Episode,https://www.youtube.com/watch?v=B3vzx5wqAK0,Found
1017,Taarak Mehta Ka Ooltah Chashmah - तारक मेहता का उल्टा चशमाह - Episode 1017 - Full Episode,https://www.youtube.com/watch?v=MjwWxS1hMd4,Found
1018,"Taarak Mehta Ka Ooltah Chashmah -  Full Episode 1018  - 21st  March , 2018",https://www.youtube.com/watch?v=VI6AgeX10q0,Found
1019,Taarak Mehta Ka Ooltah Chashmah - तारक मेहता का उल्टा चशमाह - Episode 1019 - Full Episode,https://www.youtube.com/watch?v=2AULzR34XNE,Found
1020,Taarak Mehta Ka Ooltah Chashmah - तारक मेहता का उल्टा चशमाह - Episode 1020 - Full Episode,https://www.youtube.com/watch?v=L-NZXy5zQno,Found
1021,Taarak Mehta Ka Ooltah Chashmah - तारक मेहता का उल्टा चशमाह - Episode 1021 - Full Episode,https://www.youtube.com/watch?v=o7zknDwWASI,Found
1022,Taarak Mehta Ka Ooltah Chashmah - तारक मेहता का उल्टा चशमाह - Episode 1022 - Full Episode,https://www.youtube.com/watch?v=zbxNf7CLI84,Found
1023,Taarak Mehta Ka Ooltah Chashmah - तारक मेहता का उल्टा चशमाह - Episode 1023 - Full Episode,https://www.youtube.com/watch?v=WyVtEA5zgYY,Found
1024,Taarak Mehta Ka Ooltah Chashmah - तारक मेहता का उल्टा चशमाह - Episode 1024 - Full Episode,https://www.youtube.com/watch?v=Aq4Q_AURoTg,Found
1025,Taarak Mehta Ka Ooltah Chashmah - तारक मेहता का उल्टा चशमाह - Episode 1025 - Full Episode,https://www.youtube.com/watch?v=oR3Yo8cYiEc,Found
1026,Taarak Mehta Ka Ooltah Chashmah - तारक मेहता का उल्टा चशमाह - Episode 1026 - Full Episode,https://www.youtube.com/watch?v=0YOvHsELr78,Found
1027,Taarak Mehta Ka Ooltah Chashmah - तारक मेहता का उल्टा चशमाह - Episode 1027 - Full Episode,https://www.youtube.com/watch?v=zYwdOxODEpM,Found
1028,Taarak Mehta Ka Ooltah Chashmah - तारक मेहता का उल्टा चशमाह - Episode 1028 - Full Episode,https://www.youtube.com/watch?v=HdaDN-NYYZk,Found
1029,Ep 1029 - Taarak Mehta Ka Ooltah Chashmah - Full Episode | तारक मेहता का उल्टा चश्मा,https://www.youtube.com/watch?v=idFlk-CAHP4,Found
1030,Ep 1030 - Taarak Mehta Ka Ooltah Chashmah - Full Episode | तारक मेहता का उल्टा चश्मा,https://www.youtube.com/watch?v=RyOyazIE7ow,Found
1031,Ep 1031 - Taarak Mehta Ka Ooltah Chashmah - Full Episode | तारक मेहता का उल्टा चश्मा,https://www.youtube.com/watch?v=C352sR6ZxVI,Found
1032,Ep 1032 - Taarak Mehta Ka Ooltah Chashmah - Full Episode | तारक मेहता का उल्टा चश्मा,https://www.youtube.com/watch?v=xomyXCNxTEQ,Found
1033,Ep 1033 - Taarak Mehta Ka Ooltah Chashmah - Full Episode | तारक मेहता का उल्टा चश्मा,https://www.youtube.com/watch?v=wpHveWeD4NQ,Found
1034,Ep 1034 - Taarak Mehta Ka Ooltah Chashmah - Full Episode | तारक मेहता का उल्टा चश्मा,https://www.youtube.com/watch?v=SldkdOZPYuI,Found
1035,Ep 1035 - Taarak Mehta Ka Ooltah Chashmah - Full Episode | तारक मेहता का उल्टा चश्मा,https://www.youtube.com/watch?v=-lf68W1kZjE,Found
1036,"Taarak Mehta Ka Ooltah Chashmah - Full Episode 1036 - 30th  March , 2018",https://www.youtube.com/watch?v=4O9RklUyUpQ,Found
1037,Ep 1037 - Taarak Mehta Ka Ooltah Chashmah - Full Episode | तारक मेहता का उल्टा चश्मा,https://www.youtube.com/watch?v=l-cI-tJfyEI,Found
1038,Ep 1038 - Taarak Mehta Ka Ooltah Chashmah - Full Episode | तारक मेहता का उल्टा चश्मा,https://www.youtube.com/watch?v=miw8CycqUBE,Found
1039,Ep 1039 - Taarak Mehta Ka Ooltah Chashmah - Full Episode | तारक मेहता का उल्टा चश्मा,https://www.youtube.com/watch?v=tQ8JzWcX1gk,Found
1040,Ep 1040 - Taarak Mehta Ka Ooltah Chashmah - Full Episode | तारक मेहता का उल्टा चश्मा,https://www.youtube.com/watch?v=EMlANtbPRhY,Found
1041,Ep 1041 - Taarak Mehta Ka Ooltah Chashmah - Full Episode | तारक मेहता का उल्टा चश्मा,https://www.youtube.com/watch?v=clTgIuGbgdE,Found
1042,Taarak Mehta Ka Ooltah Chashmah - Episode 1042 - 3rd January 2013,https://www.youtube.com/watch?v=wlpNh5t_1rM,Found
1043,Ep 1043 - Taarak Mehta Ka Ooltah Chashmah - Full Episode | तारक मेहता का उल्टा चश्मा,https://www.youtube.com/watch?v=NEx8t36gthk,Found
1044,तारक मेहता का उल्टा चश्मा - एपिसोड 1044 - 7 जनवरी 2012,https://www.youtube.com/watch?v=u7uCG16DGIk,Found
1045,Ep 1045 - Taarak Mehta Ka Ooltah Chashmah - Full Episode | तारक मेहता का उल्टा चश्मा,https://www.youtube.com/watch?v=u1NJKuNvk6Q,Found
1046,Ep 1046 - Taarak Mehta Ka Ooltah Chashmah - Full Episode | तारक मेहता का उल्टा चश्मा,https://www.youtube.com/watch?v=vm0w12IXvlg,Found
1047,"Taarak Mehta Ka Ooltah Chashmah - Full Episode  1047  - 04th  April  , 2018",https://www.youtube.com/watch?v=umn45w0SooQ,Found
1048,Ep 1048 - Taarak Mehta Ka Ooltah Chashmah - Full Episode | तारक मेहता का उल्टा चश्मा,https://www.youtube.com/watch?v=Qtf7e7PTMZE,Found
1049,Ep 1049 - Taarak Mehta Ka Ooltah Chashmah - Full Episode | तारक मेहता का उल्टा चश्मा,https://www.youtube.com/watch?v=nWT2n82E4pM,Found
1050,Ep 1050 - Taarak Mehta Ka Ooltah Chashmah - Full Episode | तारक मेहता का उल्टा चश्मा,https://www.youtube.com/watch?v=6VPt0ZBKhRQ,Found
1051,Ep 1051 - Taarak Mehta Ka Ooltah Chashmah - Full Episode | तारक मेहता का उल्टा चश्मा,https://www.youtube.com/watch?v=zdEB6zKSPbg,Found
1052,Ep 1052 - Taarak Mehta Ka Ooltah Chashmah - Full Episode | तारक मेहता का उल्टा चश्मा,https://www.youtube.com/watch?v=OtZGyxX9QTk,Found
1053,Ep 1053 - Taarak Mehta Ka Ooltah Chashmah - Full Episode | तारक मेहता का उल्टा चश्मा,https://www.youtube.com/watch?v=yPKa9xewjKc,Found
1054,Taarak Mehta Ka Ooltah Chashmah - Throwback - Episode 1054 - Full Episode,https://www.youtube.com/watch?v=Vn6BA3XeI5U,Found
1055,Ep 1055 - Taarak Mehta Ka Ooltah Chashmah - Full Episode | तारक मेहता का उल्टा चश्मा,https://www.youtube.com/watch?v=aYITkTfir98,Found
1056,Ep 1056 - Taarak Mehta Ka Ooltah Chashmah - Full Episode | तारक मेहता का उल्टा चश्मा,https://www.youtube.com/watch?v=55G527fnPlQ,Found
1057,Ep 1057 - Taarak Mehta Ka Ooltah Chashmah - Full Episode | तारक मेहता का उल्टा चश्मा,https://www.youtube.com/watch?v=5Y4kBnt2YYE,Found
1058,"Taarak Mehta Ka Ooltah Chashmah - Full Episode 1058 - 10th  April  , 2018",https://www.youtube.com/watch?v=g0ARkYfWnrw,Found
1059,Ep 1059 - Taarak Mehta Ka Ooltah Chashmah - Full Episode | तारक मेहता का उल्टा चश्मा,https://www.youtube.com/watch?v=QuEkrbgDejY,Found
1060,Ep 1060 - Taarak Mehta Ka Ooltah Chashmah - Full Episode | तारक मेहता का उल्टा चश्मा,https://www.youtube.com/watch?v=gfP6qo65drU,Found
1061,"Taarak Mehta Ka Ooltah Chashmah - Full Episode 1061 - 12th  April  , 2018",https://www.youtube.com/watch?v=l9ZO_m7v5j8,Found
1062,Ep 1062 - Taarak Mehta Ka Ooltah Chashmah - Full Episode | तारक मेहता का उल्टा चश्मा,https://www.youtube.com/watch?v=IhT7y-sSWns,Found
1063,Taarak Mehta Ka Ooltah Chashmah - तारक मेहता - Throwback - Episode 1063 - Full Episode,https://www.youtube.com/watch?v=mDM_H8d7i5U,Found
1064,Ep 1064 - Taarak Mehta Ka Ooltah Chashmah - Full Episode | तारक मेहता का उल्टा चश्मा,https://www.youtube.com/watch?v=GiJqhk171oM,Found
1065,Ep 1065 - Taarak Mehta Ka Ooltah Chashmah - Full Episode | तारक मेहता का उल्टा चश्मा,https://www.youtube.com/watch?v=1TkdFxuYF8A,Found
1066,Ep 1066 - Taarak Mehta Ka Ooltah Chashmah - Full Episode | तारक मेहता का उल्टा चश्मा,https://www.youtube.com/watch?v=9Tv1sXzBUKE,Found
1067,Ep 1067 - Taarak Mehta Ka Ooltah Chashmah - Full Episode | तारक मेहता का उल्टा चश्मा,https://www.youtube.com/watch?v=nMQSCXAENQ8,Found
1068,Ep 1068 - Taarak Mehta Ka Ooltah Chashmah - Full Episode | तारक मेहता का उल्टा चश्मा,https://www.youtube.com/watch?v=yRE2Z1eeQoA,Found
1069,"Taarak Mehta Ka Ooltah Chashmah - Full Episode  1069 - 16th  April  , 2018",https://www.youtube.com/watch?v=G637_FOEwnQ,Found
1070,"Taarak Mehta Ka Ooltah Chashmah - Full Episode  1070 - 16th  April  , 2018",https://www.youtube.com/watch?v=uOdxvz_NG44,Found
1071,"Taarak Mehta Ka Ooltah Chashmah - Full Episode  1071 - 17th  April  , 2018",https://www.youtube.com/watch?v=WVe0sqASgS8,Found
1072,Ep 1072 - Taarak Mehta Ka Ooltah Chashmah - Full Episode | तारक मेहता का उल्टा चश्मा,https://www.youtube.com/watch?v=TXvKaST7R80,Found
1073,Ep 1073 - Taarak Mehta Ka Ooltah Chashmah - Full Episode | तारक मेहता का उल्टा चश्मा,https://www.youtube.com/watch?v=mMmY8Brula0,Found
1074,Ep 1074 - Taarak Mehta Ka Ooltah Chashmah - Full Episode | तारक मेहता का उल्टा चश्मा,https://www.youtube.com/watch?v=RE99NNhY1gE,Found
1075,Ep 1075 - Taarak Mehta Ka Ooltah Chashmah - Full Episode | तारक मेहता का उल्टा चश्मा,https://www.youtube.com/watch?v=Lu2cU1yiyTs,Found
1076,Ep 1076 - Taarak Mehta Ka Ooltah Chashmah - Full Episode | तारक मेहता का उल्टा चश्मा,https://www.youtube.com/watch?v=JYJimTd7MXk,Found
1077,"Taarak Mehta Ka Ooltah Chashmah - Full Episode 1077 - 20th  April  , 2018",https://www.youtube.com/watch?v=DqYkD2q_5ng,Found
1078,"Taarak Mehta Ka Ooltah Chashmah - Full Episode 1078 - 20th  April  , 2018",https://www.youtube.com/watch?v=v65fOnQKx0c,Found
1079,Taarak Mehta Ka Ooltah Chashmah | तारक मेहता का उल्टा चश्मा | Episode 1079 | Full Episode,https://www.youtube.com/watch?v=Rtdh5BQNV3U,Found
1080,Ep 1080 - Taarak Mehta Ka Ooltah Chashmah - Full Episode | तारक मेहता का उल्टा चश्मा,https://www.youtube.com/watch?v=WUDI0_9y4NU,Found
1081,"Taarak Mehta Ka Ooltah Chashmah | तारक मेहता का उल्टा चश्मा | Episode 1081 | 17th December, 2021",https://www.youtube.com/watch?v=URxP9yaYzfY,Found
1082,Ep 1082 - Taarak Mehta Ka Ooltah Chashmah - Full Episode | तारक मेहता का उल्टा चश्मा,https://www.youtube.com/watch?v=DStbQQlf6Dc,Found
1083,"Taarak Mehta Ka Ooltah Chashmah - Full Episode 1083 - 23rd  April  , 2018",https://www.youtube.com/watch?v=4aF6vclsZW4,Found
1084,"Taarak Mehta Ka Ooltah Chashmah - Full Episode  1084 - 23rd  April  , 2018",https://www.youtube.com/watch?v=fY5hrsZt2w8,Found
1085,"Taarak Mehta Ka Ooltah Chashmah - Full Episode 1085 - 24th  April  , 2018",https://www.youtube.com/watch?v=VbKY5eUGSJU,Found
1086,Ep 1086 - Taarak Mehta Ka Ooltah Chashmah - Full Episode | तारक मेहता का उल्टा चश्मा,https://www.youtube.com/watch?v=O_rBdiZoEiQ,Found
1087,Ep 1087 - Taarak Mehta Ka Ooltah Chashmah - Full Episode | तारक मेहता का उल्टा चश्मा,https://www.youtube.com/watch?v=HwDfpfyZxr0,Found
1088,"Taarak Mehta Ka Ooltah Chashmah | तारक मेहता का उल्टा चश्मा | Episode 1088 | 28th December, 2021",https://www.youtube.com/watch?v=ok_rvNlA7uk,Found
1089,"Taarak Mehta Ka Ooltah Chashmah - Full Episode 1089 - 26th April, 2018",https://www.youtube.com/watch?v=JW6ubqvWSX4,Found
1090,Ep 1090 - Taarak Mehta Ka Ooltah Chashmah - Full Episode | तारक मेहता का उल्टा चश्मा,https://www.youtube.com/watch?v=DMbTATKwvNA,Found
1091,Ep 1091 - Taarak Mehta Ka Ooltah Chashmah - Full Episode | तारक मेहता का उल्टा चश्मा,https://www.youtube.com/watch?v=8LpxwThGdf0,Found
1092,Ep 1092 - Taarak Mehta Ka Ooltah Chashmah - Full Episode | तारक मेहता का उल्टा चश्मा,https://www.youtube.com/watch?v=ZnNIZ50S-i8,Found
1093,Ep 1093 - Taarak Mehta Ka Ooltah Chashmah - Full Episode | तारक मेहता का उल्टा चश्मा,https://www.youtube.com/watch?v=Jy1e6k9mkts,Found
1094,Ep 1094 - Taarak Mehta Ka Ooltah Chashmah - Full Episode | तारक मेहता का उल्टा चश्मा,https://www.youtube.com/watch?v=0lGUcy2wn3I,Found
1095,Ep 1095 - Taarak Mehta Ka Ooltah Chashmah - Full Episode | तारक मेहता का उल्टा चश्मा,https://www.youtube.com/watch?v=Qs4Pmhl8qcw,Found
1096,"Taarak Mehta Ka Ooltah Chashmah | तारक मेहता का उल्टा चश्मा | Episode 1096 | 15th December, 2020",https://www.youtube.com/watch?v=sH5nLu0UDLY,Found
1097,"Taarak Mehta Ka Ooltah Chashmah -  Full Episode 1097 - 30th  April, 2018",https://www.youtube.com/watch?v=cY3OxAH8bpY,Found
1098,"Taarak Mehta Ka Ooltah Chashmah -  Full Episode 1098 - 30th  April, 2018",https://www.youtube.com/watch?v=zW_OmJU4yK0,Found
1099,"Taarak Mehta Ka Ooltah Chashmah - Full Episode  1099 -1st May, 2018",https://www.youtube.com/watch?v=lvWJREzT4k4,Found
1100,Ep 1100 - Taarak Mehta Ka Ooltah Chashmah - Full Episode | तारक मेहता का उल्टा चश्मा,https://www.youtube.com/watch?v=T3pvLq4vx6U,Found
1101,Ep 1101 - Taarak Mehta Ka Ooltah Chashmah - Full Episode | तारक मेहता का उल्टा चश्मा,https://www.youtube.com/watch?v=p9RIHdYXC6M,Found
1102,Ep 1102 - Taarak Mehta Ka Ooltah Chashmah - Full Episode | तारक मेहता का उल्टा चश्मा,https://www.youtube.com/watch?v=P3_-Bpi0LDI,Found
1103,Ep 1103 - Taarak Mehta Ka Ooltah Chashmah - Full Episode | तारक मेहता का उल्टा चश्मा,https://www.youtube.com/watch?v=dO1cPYb8h7w,Found
1104,Ep 1104 - Taarak Mehta Ka Ooltah Chashmah - Full Episode | तारक मेहता का उल्टा चश्मा,https://www.youtube.com/watch?v=PX3X2Yw1gxk,Found
1105,Ep 1105 - Taarak Mehta Ka Ooltah Chashmah - Full Episode | तारक मेहता का उल्टा चश्मा,https://www.youtube.com/watch?v=FMsgxBA-BDs,Found
1106,"Taarak Mehta Ka Ooltah Chashmah -  Full Episode  1106 - 4th  May, 2018",https://www.youtube.com/watch?v=hQuLmJZyzFk,Found
1107,Ep 1107 - Taarak Mehta Ka Ooltah Chashmah - Full Episode | तारक मेहता का उल्टा चश्मा,https://www.youtube.com/watch?v=mbS-m28WPyk,Found
1108,Ep 1108 - Taarak Mehta Ka Ooltah Chashmah - Full Episode | तारक मेहता का उल्टा चश्मा,https://www.youtube.com/watch?v=p4teQMQzdJI,Found
1109,"Taarak Mehta Ka Ooltah Chashmah | तारक मेहता का उल्टा चश्मा | Episode 1109 | 18th December, 2020",https://www.youtube.com/watch?v=JbS3IJIRKAQ,Found
1110,Ep 1110 - Taarak Mehta Ka Ooltah Chashmah - Full Episode | तारक मेहता का उल्टा चश्मा,https://www.youtube.com/watch?v=e9hpgzlUJbo,Found
1111,Ep 1111 - Taarak Mehta Ka Ooltah Chashmah - Full Episode | तारक मेहता का उल्टा चश्मा,https://www.youtube.com/watch?v=8oRWAyocA9w,Found
1112,Ep 1112 - Taarak Mehta Ka Ooltah Chashmah - Full Episode | तारक मेहता का उल्टा चश्मा,https://www.youtube.com/watch?v=GJwWpFfUJG8,Found
1113,Ep 1113 - Taarak Mehta Ka Ooltah Chashmah - Full Episode | तारक मेहता का उल्टा चश्मा,https://www.youtube.com/watch?v=vIq5L-Be9-M,Found
1114,Ep 1114 - Taarak Mehta Ka Ooltah Chashmah - Full Episode | तारक मेहता का उल्टा चश्मा,https://www.youtube.com/watch?v=epNBAqpr7Pw,Found
1115,Ep 1115 - Taarak Mehta Ka Ooltah Chashmah - Full Episode | तारक मेहता का उल्टा चश्मा,https://www.youtube.com/watch?v=BqZh4WQVTUM,Found
1116,"Taarak Mehta Ka Ooltah Chashmah - Full Episode 1116 -  9th  May, 2018",https://www.youtube.com/watch?v=WZULRiVmMg8,Found
1117,"Taarak Mehta Ka Ooltah Chashmah | तारक मेहता का उल्टा चश्मा | Episode 1117 | 3rd October, 2020",https://www.youtube.com/watch?v=Dk5ZMr6JXDc,Found
1118,Ep 1118 - Taarak Mehta Ka Ooltah Chashmah - Full Episode | तारक मेहता का उल्टा चश्मा,https://www.youtube.com/watch?v=C-BaSoJjbms,Found
1119,Ep 1119 - Taarak Mehta Ka Ooltah Chashmah - Full Episode | तारक मेहता का उल्टा चश्मा,https://www.youtube.com/watch?v=ElvXvC3BRp0,Found
1120,Ep 1120 - Taarak Mehta Ka Ooltah Chashmah - Full Episode | तारक मेहता का उल्टा चश्मा,https://www.youtube.com/watch?v=oo427ajouJk,Found
1121,Ep 1121 - Taarak Mehta Ka Ooltah Chashmah - Full Episode | तारक मेहता का उल्टा चश्मा,https://www.youtube.com/watch?v=Mcvs0KZqNas,Found
1122,Ep 1122 - Taarak Mehta Ka Ooltah Chashmah - Full Episode | तारक मेहता का उल्टा चश्मा,https://www.youtube.com/watch?v=42gRSMIeivk,Found
1123,Ep 1123 - Taarak Mehta Ka Ooltah Chashmah - Full Episode | तारक मेहता का उल्टा चश्मा,https://www.youtube.com/watch?v=kZcXoFULw_A,Found
1124,Ep 1124 - Taarak Mehta Ka Ooltah Chashmah - Full Episode | तारक मेहता का उल्टा चश्मा,https://www.youtube.com/watch?v=CVBFubs3Hpw,Found
1125,Ep 1125 - Taarak Mehta Ka Ooltah Chashmah - Full Episode | तारक मेहता का उल्टा चश्मा,https://www.youtube.com/watch?v=77RSKjSEnDI,Found
1126,Ep 1126 - Taarak Mehta Ka Ooltah Chashmah - Full Episode | तारक मेहता का उल्टा चश्मा,https://www.youtube.com/watch?v=kGK_4akNkzs,Found
1127,Ep 1127 - Taarak Mehta Ka Ooltah Chashmah - Full Episode | तारक मेहता का उल्टा चश्मा,https://www.youtube.com/watch?v=mDLweC13UZY,Found
1128,Ep 1128 - Taarak Mehta Ka Ooltah Chashmah - Full Episode | तारक मेहता का उल्टा चश्मा,https://www.youtube.com/watch?v=PobOcKXoK_A,Found
1129,Ep 1129 - Taarak Mehta Ka Ooltah Chashmah - Full Episode | तारक मेहता का उल्टा चश्मा,https://www.youtube.com/watch?v=rXyYRDNDXx0,Found
1130,Ep 1130 - Taarak Mehta Ka Ooltah Chashmah - Full Episode | तारक मेहता का उल्टा चश्मा,https://www.youtube.com/watch?v=C6UI0DjZJjI,Found
1131,"Taarak Mehta Ka Ooltah Chashmah - Full Episode  1131 -  17th  May, 2018",https://www.youtube.com/watch?v=FqdssbFpxSI,Found
1132,Ep 1132 - Taarak Mehta Ka Ooltah Chashmah - Full Episode | तारक मेहता का उल्टा चश्मा,https://www.youtube.com/watch?v=ttlvSunmhTM,Found
1133,Ep 1133 - Taarak Mehta Ka Ooltah Chashmah - Full Episode | तारक मेहता का उल्टा चश्मा,https://www.youtube.com/watch?v=w29v9w7pqr0,Found
1134,Ep 1134 - Taarak Mehta Ka Ooltah Chashmah - Full Episode | तारक मेहता का उल्टा चश्मा,https://www.youtube.com/watch?v=FQUuCRNcgSY,Found
1135,Ep 1135 - Taarak Mehta Ka Ooltah Chashmah - Full Episode | तारक मेहता का उल्टा चश्मा,https://www.youtube.com/watch?v=ye0K4V1f3qc,Found
1136,Ep 1136 - Taarak Mehta Ka Ooltah Chashmah - Full Episode | तारक मेहता का उल्टा चश्मा,https://www.youtube.com/watch?v=9_n3nl2Nfnk,Found
1137,"Taarak Mehta Ka Ooltah Chashmah - Full Episode 1137 - 20th May, 2018",https://www.youtube.com/watch?v=77FxTERpJvM,Found
1138,Ep 1138 - Taarak Mehta Ka Ooltah Chashmah - Full Episode | तारक मेहता का उल्टा चश्मा,https://www.youtube.com/watch?v=rr-0CtsaByA,Found
1139,"Taarak Mehta Ka Ooltah Chashmah - Full Episode  1139 -  21st  May, 2018",https://www.youtube.com/watch?v=fNJSB4pyDCw,Found
1140,Ep 1140 - Taarak Mehta Ka Ooltah Chashmah - Full Episode | तारक मेहता का उल्टा चश्मा,https://www.youtube.com/watch?v=EsYTW_kOpgU,Found
1141,Ep 1141 - Taarak Mehta Ka Ooltah Chashmah - Full Episode | तारक मेहता का उल्टा चश्मा,https://www.youtube.com/watch?v=Q0edu7PeFTw,Found
1142,"Taarak Mehta Ka Ooltah Chashmah - Full Episode  1142 -  22nd  May, 2018",https://www.youtube.com/watch?v=joJ1jmphXyY,Found
1143,Ep 1143 - Taarak Mehta Ka Ooltah Chashmah - Full Episode | तारक मेहता का उल्टा चश्मा,https://www.youtube.com/watch?v=Atxcgc8NNnA,Found
1144,Ep 1144 - Taarak Mehta Ka Ooltah Chashmah - Full Episode | तारक मेहता का उल्टा चश्मा,https://www.youtube.com/watch?v=gbe4nOc-j5g,Found
1145,Ep 1145 - Taarak Mehta Ka Ooltah Chashmah - Full Episode | तारक मेहता का उल्टा चश्मा,https://www.youtube.com/watch?v=ljNzZFev2HU,Found
1146,Ep 1146 - Taarak Mehta Ka Ooltah Chashmah - Full Episode | तारक मेहता का उल्टा चश्मा,https://www.youtube.com/watch?v=4omz81-KlDc,Found
1147,Ep 1147 - Taarak Mehta Ka Ooltah Chashmah - Full Episode | तारक मेहता का उल्टा चश्मा,https://www.youtube.com/watch?v=iaX6lkjrd6c,Found
1148,Ep 1148 - Taarak Mehta Ka Ooltah Chashmah - Full Episode | तारक मेहता का उल्टा चश्मा,https://www.youtube.com/watch?v=vsKkLooWtB0,Found
1149,Ep 1149 - Taarak Mehta Ka Ooltah Chashmah - Full Episode | तारक मेहता का उल्टा चश्मा,https://www.youtube.com/watch?v=COl16bxG72Q,Found
1150,Ep 1150 - Taarak Mehta Ka Ooltah Chashmah - Full Episode | तारक मेहता का उल्टा चश्मा,https://www.youtube.com/watch?v=gwx9mkgM6Lo,Found
1151,Ep 1151 - Taarak Mehta Ka Ooltah Chashmah - Full Episode | तारक मेहता का उल्टा चश्मा,https://www.youtube.com/watch?v=wHHzjtJWGSk,Found
1152,Ep 1152 - Taarak Mehta Ka Ooltah Chashmah - Full Episode | तारक मेहता का उल्टा चश्मा,https://www.youtube.com/watch?v=HB7hyz3jgUQ,Found
1153,Ep 1153 - Taarak Mehta Ka Ooltah Chashmah - Full Episode | तारक मेहता का उल्टा चश्मा,https://www.youtube.com/watch?v=LgKb5RYHx4U,Found
1154,Taarak Mehta Ka Ooltah Chashmah - Episode 1154 - 6th June 2013,https://www.youtube.com/watch?v=QzFPHdnR53w,Found
1155,Ep 1155 - Taarak Mehta Ka Ooltah Chashmah - Full Episode | तारक मेहता का उल्टा चश्मा,https://www.youtube.com/watch?v=keXdYmbk7iI,Found
1156,"Taarak Mehta Ka Ooltah Chashmah | तारक मेहता का उल्टा चश्मा | Episode 1156 | 4th December, 2021",https://www.youtube.com/watch?v=CbXEk1e3H38,Found
1157,Ep 1157 - Taarak Mehta Ka Ooltah Chashmah - Full Episode | तारक मेहता का उल्टा चश्मा,https://www.youtube.com/watch?v=gfJYTzuFMPY,Found
1158,Ep 1158 - Taarak Mehta Ka Ooltah Chashmah - Full Episode | तारक मेहता का उल्टा चश्मा,https://www.youtube.com/watch?v=vZR-i2R1zOE,Found
1159,Ep 1159 - Taarak Mehta Ka Ooltah Chashmah - Full Episode | तारक मेहता का उल्टा चश्मा,https://www.youtube.com/watch?v=AcS9VS6MSNU,Found
1160,Ep 1160 - Taarak Mehta Ka Ooltah Chashmah - Full Episode | तारक मेहता का उल्टा चश्मा,https://www.youtube.com/watch?v=dmkLdm5DE9Q,Found
1161,Ep 1161 - Taarak Mehta Ka Ooltah Chashmah - Full Episode | तारक मेहता का उल्टा चश्मा,https://www.youtube.com/watch?v=Oy3IJaECL-E,Found
1162,Ep 1162 - Taarak Mehta Ka Ooltah Chashmah - Full Episode | तारक मेहता का उल्टा चश्मा,https://www.youtube.com/watch?v=snud57hj5C4,Found
1163,Ep 1163 - Taarak Mehta Ka Ooltah Chashmah - Full Episode | तारक मेहता का उल्टा चश्मा,https://www.youtube.com/watch?v=H7sTHUGdSf8,Found
1164,Ep 1164 - Taarak Mehta Ka Ooltah Chashmah - Full Episode | तारक मेहता का उल्टा चश्मा,https://www.youtube.com/watch?v=dpLVuhwTJF8,Found
1165,तारक मेहता का उल्टा चश्मा - एपिसोड 1165 - 21 जून 2013,https://www.youtube.com/watch?v=7UrSC_o5jBE,Found
1166,Ep 1166 - Taarak Mehta Ka Ooltah Chashmah - Full Episode | तारक मेहता का उल्टा चश्मा,https://www.youtube.com/watch?v=-fR4vgXJb4U,Found
1167,Ep 1167 - Taarak Mehta Ka Ooltah Chashmah - Full Episode | तारक मेहता का उल्टा चश्मा,https://www.youtube.com/watch?v=jENehOg7p0Y,Found
1168,Ep 1168 - Taarak Mehta Ka Ooltah Chashmah - Full Episode | तारक मेहता का उल्टा चश्मा,https://www.youtube.com/watch?v=siXyke3-bcY,Found
1169,Jackson Hathi In The House- Taarak Mehta Ka Ooltah Chashmah - Throwback,https://www.youtube.com/watch?v=6u5g78ska8Y,Found
1170,Jetha's Detective Plan - Taarak Mehta Ka Ooltah Chashmah - Throwback,https://www.youtube.com/watch?v=dEtSyN6ioC4,Found
1171,Ep 1171 - Taarak Mehta Ka Ooltah Chashmah - Full Episode | तारक मेहता का उल्टा चश्मा,https://www.youtube.com/watch?v=38gb2NJLwxo,Found
1172,Taarak Mehta Ka Ooltah Chashmah - Episode 1172 - 2nd July 2013,https://www.youtube.com/watch?v=FuIxPsPN6Us,Found
1173,तारक मेहता का उल्टा चश्मा - एपिसोड 1173 - 3 जुलाई 2013,https://www.youtube.com/watch?v=4oX7S6eDUxY,Found
1174,Ep 1174 - Taarak Mehta Ka Ooltah Chashmah - Full Episode | तारक मेहता का उल्टा चश्मा,https://www.youtube.com/watch?v=iGRJl6kRSdE,Found
1175,Ep 1175 - Taarak Mehta Ka Ooltah Chashmah - Full Episode | तारक मेहता का उल्टा चश्मा,https://www.youtube.com/watch?v=kWUjfn2b_Ik,Found
1176,Ep 1176 - Taarak Mehta Ka Ooltah Chashmah - Full Episode | तारक मेहता का उल्टा चश्मा,https://www.youtube.com/watch?v=9w8HirEQlYU,Found
1177,Ep 1177 - Taarak Mehta Ka Ooltah Chashmah - Full Episode | तारक मेहता का उल्टा चश्मा,https://www.youtube.com/watch?v=Xp7Vv-ljTpo,Found
1178,"Taarak Mehta Ka Ooltah Chashmah - Full Episode 1178 - 30th May, 2018",https://www.youtube.com/watch?v=_qfnGgk_5sU,Found
1179,Ep 1179 - Taarak Mehta Ka Ooltah Chashmah - Full Episode | तारक मेहता का उल्टा चश्मा,https://www.youtube.com/watch?v=TX_ltXbmG0Q,Found
1180,Ep 1180 - Taarak Mehta Ka Ooltah Chashmah - Full Episode | तारक मेहता का उल्टा चश्मा,https://www.youtube.com/watch?v=sQ1_b_szq2g,Found
1181,Ep 1181 - Taarak Mehta Ka Ooltah Chashmah - Full Episode | तारक मेहता का उल्टा चश्मा,https://www.youtube.com/watch?v=GJW6twiApJQ,Found
1182,Ep 1182 - Taarak Mehta Ka Ooltah Chashmah - Full Episode | तारक मेहता का उल्टा चश्मा,https://www.youtube.com/watch?v=6Wn_gF9WLH4,Found
1183,Ep 1183 - Taarak Mehta Ka Ooltah Chashmah - Full Episode | तारक मेहता का उल्टा चश्मा,https://www.youtube.com/watch?v=KPl-z3vNstI,Found
1184,Ep 1184 - Taarak Mehta Ka Ooltah Chashmah - Full Episode | तारक मेहता का उल्टा चश्मा,https://www.youtube.com/watch?v=st9XkNzZJCg,Found
1185,Ep 1185 - Taarak Mehta Ka Ooltah Chashmah - Full Episode | तारक मेहता का उल्टा चश्मा,https://www.youtube.com/watch?v=uZj4898e7as,Found
1186,Ep 1186 - Taarak Mehta Ka Ooltah Chashmah - Full Episode | तारक मेहता का उल्टा चश्मा,https://www.youtube.com/watch?v=5QXaEU1nWNs,Found
1187,Ep 1187 - Taarak Mehta Ka Ooltah Chashmah - Full Episode | तारक मेहता का उल्टा चश्मा,https://www.youtube.com/watch?v=2RelnZnpPL0,Found
1188,Ep 1188 - Taarak Mehta Ka Ooltah Chashmah - Full Episode | तारक मेहता का उल्टा चश्मा,https://www.youtube.com/watch?v=TMIOeIoBsk4,Found
1189,Ep 1189 - Taarak Mehta Ka Ooltah Chashmah - Full Episode | तारक मेहता का उल्टा चश्मा,https://www.youtube.com/watch?v=sUZbnJxf9ug,Found
1190,"Taarak Mehta Ka Ooltah Chashmah - Full Episode 1190 - 05thJune, 2018",https://www.youtube.com/watch?v=ohccOFG6ICA,Found
1191,Ep 1191 - Taarak Mehta Ka Ooltah Chashmah - Full Episode | तारक मेहता का उल्टा चश्मा,https://www.youtube.com/watch?v=NC79jZKltPI,Found
1192,Ep 1192 - Taarak Mehta Ka Ooltah Chashmah - Full Episode | तारक मेहता का उल्टा चश्मा,https://www.youtube.com/watch?v=Fzc84Ii5qVQ,Found
1193,"Taarak Mehta Ka Ooltah Chashmah - Full Episode 1193 - 07th June, 2018",https://www.youtube.com/watch?v=KBThxerLwI0,Found
1194,Ep 1194 - Taarak Mehta Ka Ooltah Chashmah - Full Episode | तारक मेहता का उल्टा चश्मा,https://www.youtube.com/watch?v=XdPGog-5Eeo,Found
1195,तारक मेहता का उल्टा चश्मा - एपिसोड 1195 - 1 अगस्त 2013,https://www.youtube.com/watch?v=hkOygYlktIo,Found
1196,Ep 1196 - Taarak Mehta Ka Ooltah Chashmah - Full Episode | तारक मेहता का उल्टा चश्मा,https://www.youtube.com/watch?v=FBLi4X6MmkU,Found
1197,तारक मेहता का उल्टा चश्मा - एपिसोड 1197 - 5 अगस्त 2013,https://www.youtube.com/watch?v=2UFAce9v1Z0,Found
1198,Ep 1198 - Taarak Mehta Ka Ooltah Chashmah - Full Episode | तारक मेहता का उल्टा चश्मा,https://www.youtube.com/watch?v=LGTPI6dKIZ4,Found
1199,Ep 1199 - Taarak Mehta Ka Ooltah Chashmah - Full Episode | तारक मेहता का उल्टा चश्मा,https://www.youtube.com/watch?v=IVp9DLmmVdI,Found
1200,Ep 1200 - Taarak Mehta Ka Ooltah Chashmah - Full Episode | तारक मेहता का उल्टा चश्मा,https://www.youtube.com/watch?v=ziMisFsi8XY,Found
1201,Taarak Mehta Ka Ooltah Chashmah -Throwback - Episode 1201 - Full Episode,https://www.youtube.com/watch?v=jqG3xOthwiw,Found
1202,Taarak Mehta Ka Ooltah Chashmah - Episode 1202 - 12th August 2013,https://www.youtube.com/watch?v=jz_i0loQPb8,Found
1203,"Taarak Mehta Ka Ooltah Chashmah - Full Episode 1203 - 14th August, 2018",https://www.youtube.com/watch?v=B0NMBlgY8Oc,Found
1204,"Taarak Mehta Ka Ooltah Chashmah - Full Episode 1204 - 14th August, 2018",https://www.youtube.com/watch?v=cKUFCocZjc0,Found
1205,"Taarak Mehta Ka Ooltah Chashmah - Full Episode 1205 - 15th August, 2018",https://www.youtube.com/watch?v=Knsvl69zHw8,Found
1206,Jetha को क्यों था Bagha के सजावट पर शक? |Taarak Mehta Ka Ooltah Chashmah |Episode 1206 | 16 Aug 2023,https://www.youtube.com/watch?v=PfUf6-ZCk0g,Found
1207,"Taarak Mehta Ka Ooltah Chashmah - Full Episode 1207 - 25th  August, 2018",https://www.youtube.com/watch?v=CUV3HrNSVzU,Found
1208,"Taarak Mehta Ka Ooltah Chashmah - Full Episode 1208 - 26th  August, 2018",https://www.youtube.com/watch?v=NnkagfXqCA8,Found
1209,"Taarak Mehta Ka Ooltah Chashmah  - Full Episode 1209 -  26th August, 2018",https://www.youtube.com/watch?v=3GLQjCp_ylY,Found
1210,Ep 1210 - Taarak Mehta Ka Ooltah Chashmah - Full Episode | तारक मेहता का उल्टा चश्मा,https://www.youtube.com/watch?v=_YxQqH6Ni4E,Found
1211,Ep 1211 - Taarak Mehta Ka Ooltah Chashmah - Full Episode | तारक मेहता का उल्टा चश्मा,https://www.youtube.com/watch?v=2YsYcFtI7Ow,Found
1212,Ep 1212 - Taarak Mehta Ka Ooltah Chashmah - Full Episode | तारक मेहता का उल्टा चश्मा,https://www.youtube.com/watch?v=7vjdk24edvc,Found
1213,"Taarak Mehta Ka Ooltah Chashmah - Full Episode 1213 - 31st  August, 2018",https://www.youtube.com/watch?v=XdzvDd4F3Dk,Found
1214,Ep 1214 - Taarak Mehta Ka Ooltah Chashmah - Full Episode | तारक मेहता का उल्टा चश्मा,https://www.youtube.com/watch?v=LFfz4QuNG48,Found
1215,Ep 1215 - Taarak Mehta Ka Ooltah Chashmah - Full Episode | तारक मेहता का उल्टा चश्मा,https://www.youtube.com/watch?v=ps_XAT_XdMc,Found
1216,Ep 1216 - Taarak Mehta Ka Ooltah Chashmah - Full Episode | तारक मेहता का उल्टा चश्मा,https://www.youtube.com/watch?v=JjeOFDYxawg,Found
1217,तारक मेहता का उल्टा चश्मा - एपिसोड 1217 - 2 सितंबर 2013,https://www.youtube.com/watch?v=AYhqVUtSDxU,Found
1218,तारक मेहता का उल्टा चश्मा - एपिसोड 1218 - 3 सितंबर 2013,https://www.youtube.com/watch?v=wgecYHVNHns,Found
1219,तारक मेहता का उल्टा चश्मा - एपिसोड 1219 - 4 सितंबर 2013,https://www.youtube.com/watch?v=lLA2fRW7lmM,Found
1220,Ep 1220 - Taarak Mehta Ka Ooltah Chashmah - Full Episode | तारक मेहता का उल्टा चश्मा,https://www.youtube.com/watch?v=PJmpm9vBxig,Found
1221,Ep 1221 - Taarak Mehta Ka Ooltah Chashmah - Full Episode | तारक मेहता का उल्टा चश्मा,https://www.youtube.com/watch?v=8N1yWB2LEdE,Found
1222,Ep 1222 - Taarak Mehta Ka Ooltah Chashmah - Full Episode | तारक मेहता का उल्टा चश्मा,https://www.youtube.com/watch?v=HmOLdfWlzFw,Found
1223,Ep 1223 - Taarak Mehta Ka Ooltah Chashmah - Full Episode | तारक मेहता का उल्टा चश्मा,https://www.youtube.com/watch?v=lEOKl-C0T5k,Found
1224,Ep 1224 - Taarak Mehta Ka Ooltah Chashmah - Full Episode | तारक मेहता का उल्टा चश्मा,https://www.youtube.com/watch?v=NviBiNOBAgw,Found
1225,Ep 1225 - Taarak Mehta Ka Ooltah Chashmah - Full Episode | तारक मेहता का उल्टा चश्मा,https://www.youtube.com/watch?v=bR59Sj-Eiik,Found
1226,Ep 1226 - Taarak Mehta Ka Ooltah Chashmah - Full Episode | तारक मेहता का उल्टा चश्मा,https://www.youtube.com/watch?v=XI-DEmC__Uc,Found
1227,Ep 1227 - Taarak Mehta Ka Ooltah Chashmah - Full Episode | तारक मेहता का उल्टा चश्मा,https://www.youtube.com/watch?v=zzFoYjpCy98,Found
1228,Ep 1228 - Taarak Mehta Ka Ooltah Chashmah - Full Episode | तारक मेहता का उल्टा चश्मा,https://www.youtube.com/watch?v=HXc_MitpYUY,Found
1229,Taarak Mehta Ka Ooltah Chashmah - Episode 1229 - 17th September 2013,https://www.youtube.com/watch?v=1m2nhGX2B9o,Found
1230,Ep 1230 - Taarak Mehta Ka Ooltah Chashmah - Full Episode | तारक मेहता का उल्टा चश्मा,https://www.youtube.com/watch?v=pFta6YOUb20,Found
1231,Ep 1231 - Taarak Mehta Ka Ooltah Chashmah - Full Episode | तारक मेहता का उल्टा चश्मा,https://www.youtube.com/watch?v=EyKkymuNzBQ,Found
1232,Ep 1232 - Taarak Mehta Ka Ooltah Chashmah - Full Episode | तारक मेहता का उल्टा चश्मा,https://www.youtube.com/watch?v=WDpDq5LmXLk,Found
1233,Ep 1233 - Taarak Mehta Ka Ooltah Chashmah - Full Episode | तारक मेहता का उल्टा चश्मा,https://www.youtube.com/watch?v=saCs3sAoq7I,Found
1234,Ep 1234 - Taarak Mehta Ka Ooltah Chashmah - Full Episode | तारक मेहता का उल्टा चश्मा,https://www.youtube.com/watch?v=OQudgU2UAAU,Found
1235,Ep 1235 - Taarak Mehta Ka Ooltah Chashmah - Full Episode | तारक मेहता का उल्टा चश्मा,https://www.youtube.com/watch?v=fU2pdHPPpec,Found
1236,Ep 1236 - Taarak Mehta Ka Ooltah Chashmah - Full Episode | तारक मेहता का उल्टा चश्मा,https://www.youtube.com/watch?v=dhqejdDSAUA,Found
1237,Ep 1237 - Taarak Mehta Ka Ooltah Chashmah - Full Episode | तारक मेहता का उल्टा चश्मा,https://www.youtube.com/watch?v=l_iHyjUJ7_4,Found
1238,Ep 1238 - Taarak Mehta Ka Ooltah Chashmah - Full Episode | तारक मेहता का उल्टा चश्मा,https://www.youtube.com/watch?v=sOvRos09c3s,Found
1239,"Taarak Mehta Ka Ooltah Chashmah - Full Episode 1239 - 17th June, 2018",https://www.youtube.com/watch?v=FnzFdlhL7Dg,Found
1240,Ep 1240 - Dr Haathi पर पेड़ गिरा ?! | Taarak Mehta Ka Ooltah Chashmah - Full Episode | तारक मेहता,https://www.youtube.com/watch?v=afAuSESzg0s,Found
1241,Ep 1241 - Dr Haathi पर पेड़ गिरा ?! | Taarak Mehta Ka Ooltah Chashmah - Full Episode | तारक मेहता,https://www.youtube.com/watch?v=E-mTUKa6nLE,Found
1242,Ep 1242 - Dr Haathi पर पेड़ गिरा ?! | Taarak Mehta Ka Ooltah Chashmah - Full Episode | तारक मेहता,https://www.youtube.com/watch?v=k6ljjhBHsCI,Found
1243,"Taarak Mehta Ka Ooltah Chashmah - Full Episode 1243 - 19th June, 2018",https://www.youtube.com/watch?v=Wf5Ev9xojCU,Found
1244,Ep 1244 - Dr Haathi पर पेड़ गिरा ?! | Taarak Mehta Ka Ooltah Chashmah - Full Episode | तारक मेहता,https://www.youtube.com/watch?v=T2b7ELUCPFo,Found
1245,Ep 1245 - Dr Haathi पर पेड़ गिरा ?! | Taarak Mehta Ka Ooltah Chashmah - Full Episode | तारक मेहता,https://www.youtube.com/watch?v=LzLKl-bYt2s,Found
1246,Ep 1246 - Dr Haathi पर पेड़ गिरा ?! | Taarak Mehta Ka Ooltah Chashmah - Full Episode | तारक मेहता,https://www.youtube.com/watch?v=K9yW4styftc,Found
1247,"Taarak Mehta Ka Ooltah Chashmah - Full Episode 1247 - 21st June, 2018",https://www.youtube.com/watch?v=6GYhyIJF9dU,Found
1248,Ep 1248 - Taarak Mehta Ka Ooltah Chashmah - Full Episode | तारक मेहता का उल्टा चश्मा,https://www.youtube.com/watch?v=Big3MI1kEUA,Found
1249,Ep 1249 - Taarak Mehta Ka Ooltah Chashmah - Full Episode | तारक मेहता का उल्टा चश्मा,https://www.youtube.com/watch?v=b32sDDQr0XI,Found
1250,Ep 1250 - Taarak Mehta Ka Ooltah Chashmah - Full Episode | तारक मेहता का उल्टा चश्मा,https://www.youtube.com/watch?v=3r3or_q_Mb8,Found
1251,Ep 1251 - Cash Wala Envelope | Taarak Mehta Ka Ooltah Chashmah - Full Episode | तारक मेहता,https://www.youtube.com/watch?v=9K5fLrAAmmQ,Found
1252,Ep 1252 - Cash Wala Envelope | Taarak Mehta Ka Ooltah Chashmah - Full Episode | तारक मेहता,https://www.youtube.com/watch?v=cwlKcQEvwxc,Found
1253,Ep 1253 - Cash Wala Envelope | Taarak Mehta Ka Ooltah Chashmah - Full Episode | तारक मेहता,https://www.youtube.com/watch?v=r2NtOuKFiW4,Found
1254,"Taarak Mehta Ka Ooltah Chashmah - Full Episode 1254 - 21st June, 2018",https://www.youtube.com/watch?v=36hHGM2IbVA,Found
1255,Ep 1255 - Champaklal's Hiccups | Taarak Mehta Ka Ooltah Chashmah - Full Episode | तारक मेहता,https://www.youtube.com/watch?v=IWJhDgkrbxs,Found
1256,Ep 1256 - Champaklal's Hiccups | Taarak Mehta Ka Ooltah Chashmah - Full Episode | तारक मेहता,https://www.youtube.com/watch?v=_5EQTlJFJ2Q,Found
1257,Ep 1257 - Champaklal's Hiccups | Taarak Mehta Ka Ooltah Chashmah - Full Episode | तारक मेहता,https://www.youtube.com/watch?v=Ps-NT6z_RMA,Found
1258,Ep 1258 - Champaklal's Hiccups | Taarak Mehta Ka Ooltah Chashmah - Full Episode | तारक मेहता,https://www.youtube.com/watch?v=sfDHfcUrpfQ,Found
1259,Ep 1259 - Bhide Ka Purana Radio | Taarak Mehta Ka Ooltah Chashmah - Full Episode | तारक मेहता,https://www.youtube.com/watch?v=srKNw2nJIVw,Found
1260,Ep 1260 - Bhide Ka Purana Radio | Taarak Mehta Ka Ooltah Chashmah - Full Episode | तारक मेहता,https://www.youtube.com/watch?v=sCA2kynzvyQ,Found
1261,Ep 1261 - Bhide Ka Purana Radio | Taarak Mehta Ka Ooltah Chashmah - Full Episode | तारक मेहता,https://www.youtube.com/watch?v=CschlETLOig,Found
1262,The Haunted Radio | Taarak Mehta Ka Ooltah Chashmah | Full Episode 1262 | 4 July 2022,https://www.youtube.com/watch?v=-vwsx1z91k8,Found
1263,तारक मेहता का उल्टा चश्मा - एपिसोड 1263 - 1 नवंबर 2013,https://www.youtube.com/watch?v=YlNadW0ZcUU,Found
1264,Ep 1264 - Taarak Mehta Ka Ooltah Chashmah - Full Episode | तारक मेहता का उल्टा चश्मा,https://www.youtube.com/watch?v=3LkcVhwnMfU,Found
1265,Ep 1265 - Cricket Team Selection | Taarak Mehta Ka Ooltah Chashmah - Full Episode | तारक मेहता,https://www.youtube.com/watch?v=yvBs-Juc3ns,Found
1266,Ep 1266 - Cricket Team Selection | Taarak Mehta Ka Ooltah Chashmah - Full Episode | तारक मेहता,https://www.youtube.com/watch?v=CXutXpz_X_M,Found
1267,तारक मेहता का उल्टा चश्मा - एपिसोड 1267 - 7 नवंबर 2013,https://www.youtube.com/watch?v=POOr_13RB1Y,Found
1268,Ep 1268 - Cricket Team Selection | Taarak Mehta Ka Ooltah Chashmah - Full Episode | तारक मेहता,https://www.youtube.com/watch?v=xadVdxM-reg,Found
1269,Duplicate Tickets | Taarak Mehta Ka Ooltah Chashmah |Full Episode 1269 | 9 July 2022,https://www.youtube.com/watch?v=537DFFJ2jpY,Found
1270,Taarak Mehta Ka Ooltah Chashmah - Throwback - Episode 1270 - Full Episode,https://www.youtube.com/watch?v=VyBfaw5zGwA,Found
1271,Ep 1271 - Fraud With Ladies | Taarak Mehta Ka Ooltah Chashmah - Full Episode | तारक मेहता,https://www.youtube.com/watch?v=Vsp_Wmph2kE,Found
1272,Ep 1272 - Fraud With Ladies | Taarak Mehta Ka Ooltah Chashmah - Full Episode | तारक मेहता,https://www.youtube.com/watch?v=JL7Hk665RFc,Found
1273,Ep 1273 - Fraud With Ladies | Taarak Mehta Ka Ooltah Chashmah - Full Episode | तारक मेहता,https://www.youtube.com/watch?v=ts33j8Hc3so,Found
1274,Ep 1274 - Fraud With Ladies | Taarak Mehta Ka Ooltah Chashmah - Full Episode | तारक मेहता,https://www.youtube.com/watch?v=dGoEZgN-66o,Found
1275,Ep 1275 - Fraud With Ladies | Taarak Mehta Ka Ooltah Chashmah - Full Episode | तारक मेहता,https://www.youtube.com/watch?v=LqqT94uTB24,Found
1276,Ep 1276 - Fraud With Ladies | Taarak Mehta Ka Ooltah Chashmah - Full Episode | तारक मेहता,https://www.youtube.com/watch?v=iPcserZdCLY,Found
1277,Ep 1277 - Fraud With Ladies | Taarak Mehta Ka Ooltah Chashmah - Full Episode | तारक मेहता,https://www.youtube.com/watch?v=jhGU1rTSCrY,Found
1278,Ep 1278 - Fraud With Ladies | Taarak Mehta Ka Ooltah Chashmah - Full Episode | तारक मेहता,https://www.youtube.com/watch?v=RBq5lHd4KVY,Found
1279,Ep 1279 - Taarak Mehta Ka Ooltah Chashmah - Full Episode | तारक मेहता का उल्टा चश्मा,https://www.youtube.com/watch?v=1kwSOSfqF9w,Found
1280,Ep 1280 - Taarak Mehta Ka Ooltah Chashmah - Full Episode | तारक मेहता का उल्टा चश्मा,https://www.youtube.com/watch?v=HGVPA1SKhlM,Found
1281,Ep 1281 - Taarak Mehta Ka Ooltah Chashmah - Full Episode | तारक मेहता का उल्टा चश्मा,https://www.youtube.com/watch?v=ctFdAQGWWIg,Found
1282,Ep 1282 - Taarak Mehta Ka Ooltah Chashmah - Full Episode | तारक मेहता का उल्टा चश्मा,https://www.youtube.com/watch?v=7ZqJJT37vxc,Found
1283,Ep 1283 - Taarak Mehta Ka Ooltah Chashmah - Full Episode | तारक मेहता का उल्टा चश्मा,https://www.youtube.com/watch?v=U0Duki7Lu0k,Found
1284,Ep 1284 - Taarak Mehta Ka Ooltah Chashmah - Full Episode | तारक मेहता का उल्टा चश्मा,https://www.youtube.com/watch?v=XpV8Cs5v31E,Found
1285,तारक मेहता का उल्टा चश्मा - एपिसोड 1285 - 3 दिसंबर 2013,https://www.youtube.com/watch?v=_4tkSWVMm80,Found
1286,Ep 1286 - Taarak Mehta Ka Ooltah Chashmah - Full Episode | तारक मेहता का उल्टा चश्मा,https://www.youtube.com/watch?v=LduKTP8yhkg,Found
1287,Ep 1287 - Taarak Mehta Ka Ooltah Chashmah - Full Episode | तारक मेहता का उल्टा चश्मा,https://www.youtube.com/watch?v=RzcijXOnq7s,Found
1288,Ep 1288 - Popatlal Aur Bulbul | Taarak Mehta Ka Ooltah Chashmah - Full Episode | तारक मेहता,https://www.youtube.com/watch?v=ZGkije4XKM0,Found
1289,Ep 1289 - Popatlal Aur Bulbul | Taarak Mehta Ka Ooltah Chashmah - Full Episode | तारक मेहता,https://www.youtube.com/watch?v=LS2WEpo2OWE,Found
1290,Ep 1290 - Popatlal Aur Bulbul | Taarak Mehta Ka Ooltah Chashmah - Full Episode | तारक मेहता,https://www.youtube.com/watch?v=km26CS4O15o,Found
1291,Ep 1291 - Popatlal Aur Bulbul | Taarak Mehta Ka Ooltah Chashmah - Full Episode | तारक मेहता,https://www.youtube.com/watch?v=iSBIDQyhFj8,Found
1292,Ep 1292 - Popatlal Aur Bulbul | Taarak Mehta Ka Ooltah Chashmah - Full Episode | तारक मेहता,https://www.youtube.com/watch?v=dFa5Uqi9sck,Found
1293,Ep 1293 - Popatlal Aur Bulbul | Taarak Mehta Ka Ooltah Chashmah - Full Episode | तारक मेहता,https://www.youtube.com/watch?v=cHiAoBzKcVY,Found
1294,Ep 1294 - Popatlal Aur Bulbul | Taarak Mehta Ka Ooltah Chashmah - Full Episode | तारक मेहता,https://www.youtube.com/watch?v=iER_UGyZzcA,Found
1295,Ep 1295 - Popatlal Aur Bulbul | Taarak Mehta Ka Ooltah Chashmah - Full Episode | तारक मेहता,https://www.youtube.com/watch?v=jLTk8V-MWKs,Found
1296,Ep 1296 - Popatlal Aur Bulbul | Taarak Mehta Ka Ooltah Chashmah - Full Episode | तारक मेहता,https://www.youtube.com/watch?v=Y-4LZmtc7Wo,Found
1297,Ep 1297 - Popatlal Aur Bulbul | Taarak Mehta Ka Ooltah Chashmah - Full Episode | तारक मेहता,https://www.youtube.com/watch?v=KjsO_D42mBA,Found
1298,"Taarak Mehta Ka Ooltah Chashmah - Full Episode 1298 - 10th  July, 2018",https://www.youtube.com/watch?v=XU6kFty1Vv0,Found
1299,Ep 1299 - Popatlal Aur Bulbul | Taarak Mehta Ka Ooltah Chashmah - Full Episode | तारक मेहता,https://www.youtube.com/watch?v=dr_p5Z3RRvw,Found
1300,"Taarak Mehta Ka Ooltah Chashmah | तारक मेहता का उल्टा चश्मा | Episode 1300 | 2nd January, 2021",https://www.youtube.com/watch?v=YBmkKZp8nJM,Found
1301,Ep 1301 - Popatlal Aur Bulbul | Taarak Mehta Ka Ooltah Chashmah - Full Episode | तारक मेहता,https://www.youtube.com/watch?v=vPNR04NW5Uk,Found
1302,"Taarak Mehta Ka Ooltah Chashmah - Full Episode 1302 - 12th  July, 2018",https://www.youtube.com/watch?v=bK9GLN9xjqo,Found
1303,Ep 1303 - Popatlal Aur Bulbul | Taarak Mehta Ka Ooltah Chashmah - Full Episode | तारक मेहता,https://www.youtube.com/watch?v=0GxS4IESaPE,Found
1304,Ep 1304 - Popatlal Aur Bulbul | Taarak Mehta Ka Ooltah Chashmah - Full Episode | तारक मेहता,https://www.youtube.com/watch?v=o1EuEa-hD2I,Found
1305,Ep 1305 - Popatlal Aur Bulbul | Taarak Mehta Ka Ooltah Chashmah - Full Episode | तारक मेहता,https://www.youtube.com/watch?v=mC7TSkR5xYc,Found
1306,Ep 1306 - Popatlal Aur Bulbul | Taarak Mehta Ka Ooltah Chashmah - Full Episode | तारक मेहता,https://www.youtube.com/watch?v=AWMgUwqGjAg,Found
1307,तारक मेहता का उल्टा चश्मा - एपिसोड 1307 - 2 जनवरी 2014,https://www.youtube.com/watch?v=oz0k9ZN9Qos,Found
1308,Ep 1308 - Popatlal Aur Bulbul | Taarak Mehta Ka Ooltah Chashmah - Full Episode | तारक मेहता,https://www.youtube.com/watch?v=ZmfZtPmX9CQ,Found
1309,Ep 1309 - Sunder Ki Jalsa Party | Taarak Mehta Ka Ooltah Chashmah - Full Episode | तारक मेहता,https://www.youtube.com/watch?v=IxQo_Rqu1DQ,Found
1310,तारक मेहता का उल्टा चश्मा - एपिसोड 1310 - 7 जनवरी 2014,https://www.youtube.com/watch?v=UHMg6D126Xs,Found
1311,तारक मेहता का उल्टा चश्मा - एपिसोड 1311 - 8 जनवरी 2014,https://www.youtube.com/watch?v=xepxUVEDJag,Found
1312,"Taarak Mehta Ka Ooltah Chashmah | तारक मेहता का उल्टा चश्मा | Episode 1312 | 14th September, 2020",https://www.youtube.com/watch?v=Ty5_xBHT_KE,Found
1313,"Taarak Mehta Ka Ooltah Chashmah | तारक मेहता का उल्टा चश्मा | Episode 1313 | 15th September, 2020",https://www.youtube.com/watch?v=P0BwaLCdU4w,Found
1314,Taarak Mehta Ka Ooltah Chashmah - Throwback - Episode 1314 - Full Episode,https://www.youtube.com/watch?v=-5HLv15C64A,Found
1315,"Taarak Mehta Ka Ooltah Chashmah | तारक मेहता का उल्टा चश्मा | Episode 1315 | 15th September, 2020",https://www.youtube.com/watch?v=fyEgnMygOpM,Found
1316,"Taarak Mehta Ka Ooltah Chashmah | तारक मेहता का उल्टा चश्मा | Episode 1316 | 15th September, 2020",https://www.youtube.com/watch?v=9cwSYWdPNgM,Found
1317,"Taarak Mehta Ka Ooltah Chashmah | तारक मेहता का उल्टा चश्मा | Episode 1317 | 16th September, 2020",https://www.youtube.com/watch?v=skynvA_a84w,Found
1318,"Taarak Mehta Ka Ooltah Chashmah | तारक मेहता का उल्टा चश्मा | Episode 1318 | 16th September, 2020",https://www.youtube.com/watch?v=RC6MT8sFcBQ,Found
1319,Ep 1319 - Pressure Cooker Ka Confusion | Taarak Mehta Ka Ooltah Chashmah - Full Episode | तारक मेहता,https://www.youtube.com/watch?v=dScN6BcEObE,Found
1320,"Taarak Mehta Ka Ooltah Chashmah | तारक मेहता का उल्टा चश्मा | Episode 1320 | 7th January, 2021",https://www.youtube.com/watch?v=u9KEHst0y-4,Found
1321,Ep 1321 - Pressure Cooker Ka Confusion | Taarak Mehta Ka Ooltah Chashmah - Full Episode | तारक मेहता,https://www.youtube.com/watch?v=1T91xO7fhAc,Found
1322,"Taarak Mehta Ka Ooltah Chashmah | तारक मेहता का उल्टा चश्मा | Episode 1322 | 8th January, 2021",https://www.youtube.com/watch?v=mDNPuq0AtYg,Found
1323,Ep 1323 - Pressure Cooker Ka Confusion | Taarak Mehta Ka Ooltah Chashmah - Full Episode | तारक मेहता,https://www.youtube.com/watch?v=RK56Xb_vEMg,Found
1324,"Taarak Mehta Ka Ooltah Chashmah - Full Episode 1324 - 18th July, 2018",https://www.youtube.com/watch?v=MS42Vv3gNCw,Found
1325,Ep 1325 - Pressure Cooker Ka Confusion | Taarak Mehta Ka Ooltah Chashmah - Full Episode | तारक मेहता,https://www.youtube.com/watch?v=Yn3-lwwNgpc,Found
1326,Ep 1326 - Pressure Cooker Ka Confusion | Taarak Mehta Ka Ooltah Chashmah - Full Episode | तारक मेहता,https://www.youtube.com/watch?v=14bDSOxxxqM,Found
1327,"Taarak Mehta Ka Ooltah Chashmah | तारक मेहता का उल्टा चश्मा | Episode 1327 | 28th September, 2021",https://www.youtube.com/watch?v=nai5bvLLLus,Found
1328,"Taarak Mehta Ka Ooltah Chashmah - Full Episode 1328 - 20th July, 2018",https://www.youtube.com/watch?v=FTebggAvwBU,Found
1329,Ep 1329 - Fitness Camp In Gokuldham | Taarak Mehta Ka Ooltah Chashmah - Full Episode | तारक मेहता,https://www.youtube.com/watch?v=PFgL9Wxq_yI,Found
1330,Ep 1330 - Fitness Camp In Gokuldham | Taarak Mehta Ka Ooltah Chashmah - Full Episode | तारक मेहता,https://www.youtube.com/watch?v=ZIi6L5EtnXA,Found
1331,Yoga Day Special!!  Part 1: Ep 1331 - Fitness Camp in Gokuldham | Taarak Mehta Ka Ooltah Chashmah,https://www.youtube.com/watch?v=Dor_jAZ7Mwg,Found
1332,Yoga Day Special Part 2 I Ep 1332 | Taarak Mehta Ka Ooltah Chashmah - Full Episode | तारक मेहता,https://www.youtube.com/watch?v=npXWqc32K_E,Found
1333,Yoga Day Special Part 3 I Ep: 1333 I Taarak Mehta Ka Ooltah Chashmah | TMKOC Comedy,https://www.youtube.com/watch?v=-VNVeLtLddI,Found
1334,Ep 1334 - Fitness Camp In Gokuldham | Taarak Mehta Ka Ooltah Chashmah - Full Episode | तारक मेहता,https://www.youtube.com/watch?v=WjNEHhW7Vp8,Found
1335,Ep 1335 - Fitness Camp In Gokuldham | Taarak Mehta Ka Ooltah Chashmah - Full Episode | तारक मेहता,https://www.youtube.com/watch?v=iHQvZ4DrSBU,Found
1336,Ep 1336 - Fitness Camp In Gokuldham | Taarak Mehta Ka Ooltah Chashmah - Full Episode | तारक मेहता,https://www.youtube.com/watch?v=qiCppajXhO8,Found
1337,Ep 1337 - Fitness Camp In Gokuldham | Taarak Mehta Ka Ooltah Chashmah - Full Episode | तारक मेहता,https://www.youtube.com/watch?v=SM6Syg6-1C8,Found
1338,Ep 1338 - Fitness Camp In Gokuldham | Taarak Mehta Ka Ooltah Chashmah - Full Episode | तारक मेहता,https://www.youtube.com/watch?v=nC08tkNCeb4,Found
1339,Ep 1339 - Fitness Camp In Gokuldham | Taarak Mehta Ka Ooltah Chashmah - Full Episode | तारक मेहता,https://www.youtube.com/watch?v=LOaiznC29B8,Found
1340,Ep 1340 - Fitness Camp In Gokuldham | Taarak Mehta Ka Ooltah Chashmah - Full Episode | तारक मेहता,https://www.youtube.com/watch?v=T521TRbxzMc,Found
1341,Ep 1341 - Fitness Camp In Gokuldham | Taarak Mehta Ka Ooltah Chashmah - Full Episode | तारक मेहता,https://www.youtube.com/watch?v=O_ei7OGB1kM,Found
1342,Ep 1342 - Fitness Camp In Gokuldham | Taarak Mehta Ka Ooltah Chashmah - Full Episode | तारक मेहता,https://www.youtube.com/watch?v=Chdxf_FI0eU,Found
1343,Ep 1343 - Surprise Gift For Anjali | Taarak Mehta Ka Ooltah Chashmah - Full Episode | तारक मेहता,https://www.youtube.com/watch?v=1vbyE47a_J0,Found
1344,"Taarak Mehta Ka Ooltah Chashmah - Full Episode 1344 - 28th July, 2018",https://www.youtube.com/watch?v=PcmKejS1i-s,Found
1345,Ep 1345 - Surprise Gift For Anjali | Taarak Mehta Ka Ooltah Chashmah - Full Episode | तारक मेहता,https://www.youtube.com/watch?v=2hWPg53U5sI,Found
1346,Ep 1346 - Surprise Gift For Anjali | Taarak Mehta Ka Ooltah Chashmah - Full Episode | तारक मेहता,https://www.youtube.com/watch?v=xNgplTf8B0E,Found
1347,Ep 1347 - Tapu Sena Promotes Education | Taarak Mehta Ka Ooltah Chashmah - Full Episode | तारक मेहता,https://www.youtube.com/watch?v=wYg0bqAYJJo,Found
1348,Ep 1348 - Tapu Sena Promotes Education | Taarak Mehta Ka Ooltah Chashmah - Full Episode | तारक मेहता,https://www.youtube.com/watch?v=Mh7Wp1jMAPA,Found
1349,Ep 1349 - Tapu Sena Promotes Education | Taarak Mehta Ka Ooltah Chashmah - Full Episode | तारक मेहता,https://www.youtube.com/watch?v=K0sQ8dJZSeg,Found
1350,Ep 1350 - Tapu Sena Promotes Education | Taarak Mehta Ka Ooltah Chashmah - Full Episode | तारक मेहता,https://www.youtube.com/watch?v=I2rCDwphc-A,Found
1351,Ep 1351 - Tapu Sena Promotes Education | Taarak Mehta Ka Ooltah Chashmah - Full Episode | तारक मेहता,https://www.youtube.com/watch?v=RYvd-YloEOU,Found
1352,तारक मेहता का उल्टा चश्मा - एपिसोड 1352 - 3 मार्च 2014,https://www.youtube.com/watch?v=F2NrNCVQGCA,Found
1353,Ep 1353 - Tapu Sena Promotes Education | Taarak Mehta Ka Ooltah Chashmah - Full Episode | तारक मेहता,https://www.youtube.com/watch?v=QZpAgC6E1Cg,Found
1354,Ep 1354 - Tapu Sena Promotes Education | Taarak Mehta Ka Ooltah Chashmah - Full Episode | तारक मेहता,https://www.youtube.com/watch?v=1t6aa1mSp8w,Found
1355,तारक मेहता का उल्टा चश्मा - एपिसोड 1355 - 6 मार्च 2014,https://www.youtube.com/watch?v=CLulkg5zKeY,Found
1356,Ep 1356 - Bhide & Madhavi's Anniversary | Taarak Mehta Ka Ooltah Chashmah -Full Episode | तारक मेहता,https://www.youtube.com/watch?v=EHbon9UvPYE,Found
1357,Ep 1357 - Bhide & Madhavi's Anniversary | Taarak Mehta Ka Ooltah Chashmah -Full Episode | तारक मेहता,https://www.youtube.com/watch?v=JhTTgt0qsUE,Found
1358,Ep 1358 - Bhide & Madhavi's Anniversary | Taarak Mehta Ka Ooltah Chashmah -Full Episode | तारक मेहता,https://www.youtube.com/watch?v=J-IncNwur3s,Found
1359,Ep 1359 - Bhide & Madhavi's Anniversary | Taarak Mehta Ka Ooltah Chashmah -Full Episode | तारक मेहता,https://www.youtube.com/watch?v=xYvx4Lcp028,Found
1360,Ep 1360 - Bhide & Madhavi's Anniversary | Taarak Mehta Ka Ooltah Chashmah -Full Episode | तारक मेहता,https://www.youtube.com/watch?v=-cDwCeDI9Do,Found
1361,Ep 1361 - Bhide & Madhavi's Anniversary | Taarak Mehta Ka Ooltah Chashmah -Full Episode | तारक मेहता,https://www.youtube.com/watch?v=DlKSFTGRC14,Found
1362,"Taarak Mehta Ka Ooltah Chashmah - Full Episode 1362 - 01st  March , 2018",https://www.youtube.com/watch?v=uJ6S-4UuTEU,Found
1363,Ep 1363 - Popatlal Cancels Holi?! | Taarak Mehta Ka Ooltah Chashmah -Full Episode | तारक मेहता,https://www.youtube.com/watch?v=xDy2m4Evmu0,Found
1364,Ep 1364 - Popatlal Cancels Holi?! | Taarak Mehta Ka Ooltah Chashmah -Full Episode | तारक मेहता,https://www.youtube.com/watch?v=WwA2NXL61oc,Found
1365,Ep 1365 - Popatlal Cancels Holi?! | Taarak Mehta Ka Ooltah Chashmah -Full Episode | तारक मेहता,https://www.youtube.com/watch?v=8xX9yfsixXQ,Found
1366,Ep 1366 - Nashila Dhaba | Taarak Mehta Ka Ooltah Chashmah - Full Episode | तारक मेहता,https://www.youtube.com/watch?v=-aK1XA_OIc8,Found
1367,Ep 1367 - Nashila Dhaba | Taarak Mehta Ka Ooltah Chashmah - Full Episode | तारक मेहता,https://www.youtube.com/watch?v=GaRgtfTqf1k,Found
1368,Ep 1368 - Nashila Dhaba | Taarak Mehta Ka Ooltah Chashmah - Full Episode | तारक मेहता,https://www.youtube.com/watch?v=lbasPXH41gY,Found
1369,"Taarak Mehta Ka Ooltah Chashmah - Full Episode 1369 - 08th August, 2018",https://www.youtube.com/watch?v=4eCbyKdl1m8,Found
1370,Ep 1370 - Sodhi Kidnapped?! | Taarak Mehta Ka Ooltah Chashmah - Full Episode | तारक मेहता,https://www.youtube.com/watch?v=EpvSTqux5Ig,Found
1371,Ep 1371 - Sodhi Kidnapped?! | Taarak Mehta Ka Ooltah Chashmah - Full Episode | तारक मेहता,https://www.youtube.com/watch?v=sMPYv8X5hbw,Found
1372,Ep 1372 - Sodhi Kidnapped?! | Taarak Mehta Ka Ooltah Chashmah - Full Episode | तारक मेहता,https://www.youtube.com/watch?v=yB4_dYxdwHQ,Found
1373,Ep 1373 - Sodhi Kidnapped?! | Taarak Mehta Ka Ooltah Chashmah - Full Episode | तारक मेहता,https://www.youtube.com/watch?v=XM4YZwKNAmg,Found
1374,Ep 1374 - Sodhi Kidnapped?! | Taarak Mehta Ka Ooltah Chashmah - Full Episode | तारक मेहता,https://www.youtube.com/watch?v=opNCEpiNLA0,Found
1375,Ep 1375 - Sodhi Kidnapped?! | Taarak Mehta Ka Ooltah Chashmah - Full Episode | तारक मेहता,https://www.youtube.com/watch?v=05yQ8168mmo,Found
1376,Ep 1376 - Sodhi Kidnapped?! | Taarak Mehta Ka Ooltah Chashmah - Full Episode | तारक मेहता,https://www.youtube.com/watch?v=wQL9wlA-QYg,Found
1377,तारक मेहता का उल्टा चश्मा - एपिसोड 1377 - 1 अप्रैल 2014,https://www.youtube.com/watch?v=OaSTdmdmjQw,Found
1378,Ep 1378 - Sodhi Kidnapped?! | Taarak Mehta Ka Ooltah Chashmah - Full Episode | तारक मेहता,https://www.youtube.com/watch?v=Z7rgG4ByiRs,Found
1379,Ep 1379 - Sodhi Kidnapped?! | Taarak Mehta Ka Ooltah Chashmah - Full Episode | तारक मेहता,https://www.youtube.com/watch?v=MjKB-2wDN0k,Found
1380,Ep 1380 - Ghost Mystery | Taarak Mehta Ka Ooltah Chashmah - Full Episode | तारक मेहता,https://www.youtube.com/watch?v=CR5ulrMp7QI,Found
1381,Ep 1381 - Ghost Mystery | Taarak Mehta Ka Ooltah Chashmah - Full Episode | तारक मेहता,https://www.youtube.com/watch?v=Lx2WTDD_Qr8,Found
1382,Ep 1382 - Ghost Mystery | Taarak Mehta Ka Ooltah Chashmah - Full Episode | तारक मेहता,https://www.youtube.com/watch?v=ElOTBuvdIqY,Found
1383,Ep 1383 - Ghost Mystery | Taarak Mehta Ka Ooltah Chashmah - Full Episode | तारक मेहता,https://www.youtube.com/watch?v=DGmwqHN6mw8,Found
1384,तारक मेहता का उल्टा चश्मा - एपिसोड 1384 - 9 अप्रैल 2014,https://www.youtube.com/watch?v=d0ybW2TB4P0,Found
1385,Ep 1385 - Ghost Mystery | Taarak Mehta Ka Ooltah Chashmah - Full Episode | तारक मेहता,https://www.youtube.com/watch?v=Hq24c762BiE,Found
1386,Ep 1386 - Ghost Mystery | Taarak Mehta Ka Ooltah Chashmah - Full Episode | तारक मेहता,https://www.youtube.com/watch?v=yN8EJVQA4bA,Found
1387,Ep 1387 - Ghost Mystery | Taarak Mehta Ka Ooltah Chashmah - Full Episode | तारक मेहता,https://www.youtube.com/watch?v=LnRl6EQDZZE,Found
1388,Ep 1388 - Ghost Mystery | Taarak Mehta Ka Ooltah Chashmah - Full Episode | तारक मेहता,https://www.youtube.com/watch?v=gLedqqVdYEU,Found
1389,Taarak Mehta Ka Ooltah Chashmah - Episode 1389 - 15th April 2014,https://www.youtube.com/watch?v=DOQ_RNdl_0w,Found
1390,Ep 1390 - Ghost Mystery | Taarak Mehta Ka Ooltah Chashmah - Full Episode | तारक मेहता,https://www.youtube.com/watch?v=LAxUB00P_7o,Found
1391,Taarak Mehta Ka Ooltah Chashmah - Episode 1391 - 17th April 2014,https://www.youtube.com/watch?v=UbU9Py0zYl8,Found
1392,Ep 1392 - Daya Ki Mannat | Taarak Mehta Ka Ooltah Chashmah - Full Episode | तारक मेहता,https://www.youtube.com/watch?v=dzyiMQZBpMQ,Found
1393,Ep 1393 - Daya Ki Mannat | Taarak Mehta Ka Ooltah Chashmah - Full Episode | तारक मेहता,https://www.youtube.com/watch?v=kwS93u81iXg,Found
1394,Ep 1394 - Daya Ki Mannat | Taarak Mehta Ka Ooltah Chashmah - Full Episode | तारक मेहता,https://www.youtube.com/watch?v=hzn9Dnu2gEU,Found
1395,Ep 1395 - Daya Ki Mannat | Taarak Mehta Ka Ooltah Chashmah - Full Episode | तारक मेहता,https://www.youtube.com/watch?v=kS_VaKlb3AQ,Found
1396,Ep 1396 - Daya Ki Mannat | Taarak Mehta Ka Ooltah Chashmah - Full Episode | तारक मेहता,https://www.youtube.com/watch?v=menpikQDb9c,Found
1397,Ep 1397 - Support Sunderlal! | Taarak Mehta Ka Ooltah Chashmah - Full Episode | तारक मेहता,https://www.youtube.com/watch?v=6REd5oghxhY,Found
1398,Ep 1398 - Support Sunderlal! | Taarak Mehta Ka Ooltah Chashmah - Full Episode | तारक मेहता,https://www.youtube.com/watch?v=b77LchRGUy4,Found
1399,Ep 1399 - Support Sunderlal! | Taarak Mehta Ka Ooltah Chashmah - Full Episode | तारक मेहता,https://www.youtube.com/watch?v=FCLmlOIJ26E,Found
1400,Ep 1400 - Support Sunderlal! | Taarak Mehta Ka Ooltah Chashmah - Full Episode | तारक मेहता,https://www.youtube.com/watch?v=i-eMSBl8vME,Found
1401,Taarak Mehta Ka Ooltah Chashmah - Episode 1401 - 1st May 2014,https://www.youtube.com/watch?v=Pkr855MOVYg,Found
1402,Ep 1402 - Support Sunderlal! | Taarak Mehta Ka Ooltah Chashmah - Full Episode | तारक मेहता,https://www.youtube.com/watch?v=OmDGjtYEios,Found
1403,"Taarak Mehta Ka Ooltah Chashmah - Full Episode 1403 - 20th August, 2018",https://www.youtube.com/watch?v=GskReeXebFg,Found
1404,Ep 1404 - Pandit Lajawab | Taarak Mehta Ka Ooltah Chashmah - Full Episode | तारक मेहता,https://www.youtube.com/watch?v=GYH83R6KcwI,Found
1405,तारक मेहता का उल्टा चश्मा - एपिसोड 1405 - 7 मई 2014,https://www.youtube.com/watch?v=bl2XsBKzkJA,Found
1406,Ep 1406 - Pandit Lajawab | Taarak Mehta Ka Ooltah Chashmah - Full Episode | तारक मेहता,https://www.youtube.com/watch?v=MpazPw9b1iw,Found
1407,"Taarak Mehta Ka Ooltah Chashmah - Full Episode 1407 - 22nd   August, 2018",https://www.youtube.com/watch?v=jSF20LQlZtA,Found
1408,Taarak Mehta Ka Ooltah Chashmah - Episode 1408 - 12th May 2014,https://www.youtube.com/watch?v=YXF7k_jQeIQ,Found
1409,Taarak Mehta Ka Ooltah Chashmah - तारक मेहता - Throwback - Episode 1409 - Full Episode,https://www.youtube.com/watch?v=uwjVCy35Wj4,Found
1410,"Taarak Mehta Ka Ooltah Chashmah | तारक मेहता का उल्टा चश्मा | Episode 1410 | 5th October, 2021",https://www.youtube.com/watch?v=vHUPjk0fqiM,Found
1411,Taarak Mehta Ka Ooltah Chashmah | Episode 1411,https://www.youtube.com/watch?v=zRrvJA0U3CQ,Found
1412,Taarak Mehta Ka Ooltah Chashmah - Episode 1412 - 16th May 2014,https://www.youtube.com/watch?v=6MhnA3HKeXs,Found
1413,"Taarak Mehta Ka Ooltah Chashmah - Full Episode 1413 - 05th September, 2018",https://www.youtube.com/watch?v=p_aXYHL9mt0,Found
1414,"Taarak Mehta Ka Ooltah Chashmah - Full Episode 1414 - 06th September, 2018",https://www.youtube.com/watch?v=pdjcXkL_USA,Found
1415,"Taarak Mehta Ka Ooltah Chashmah | तारक मेहता का उल्टा चश्मा | Episode 1415 |  3rd July, 2021",https://www.youtube.com/watch?v=rcFLGsylTpk,Found
1416,Ep 1416 - Adventure Park | Taarak Mehta Ka Ooltah Chashmah - Full Episode | तारक मेहता,https://www.youtube.com/watch?v=WnlpH4zbTcM,Found
1417,Taarak Mehta Ka Ooltah Chashmah | Episode 1417,https://www.youtube.com/watch?v=hjrOcZrQQHI,Found
1418,Taarak Mehta Ka Ooltah Chashmah | Episode 1418,https://www.youtube.com/watch?v=QXzxMqI2X24,Found
1419,Taarak Mehta Ka Ooltah Chashmah | Episode 1419,https://www.youtube.com/watch?v=2rZFXHw0TVI,Found
1420,Taarak Mehta Ka Ooltah Chashmah | Episode 1420,https://www.youtube.com/watch?v=jIiyPlRN-bo,Found
1421,"Taarak Mehta Ka Ooltah Chashmah - Full Episode 1421 - 17th September, 2018",https://www.youtube.com/watch?v=zRHwIb1EpEI,Found
1422,Taarak Mehta Ka Ooltah Chashmah | Episode 1422,https://www.youtube.com/watch?v=IqsLFfJDkR0,Found
1423,Ep 1423 - Iyer Ka Promotion | Taarak Mehta Ka Ooltah Chashmah - Full Episode | तारक मेहता,https://www.youtube.com/watch?v=wV3OGK8eL-Y,Found
1424,Taarak Mehta Ka Ooltah Chashmah - Episode 1424 - 3rd June 2014,https://www.youtube.com/watch?v=LoRE_1Vla5Y,Found
1425,Ep 1425 - Iyer Ka Promotion | Taarak Mehta Ka Ooltah Chashmah - Full Episode | तारक मेहता,https://www.youtube.com/watch?v=N88fCXQyNwY,Found
1426,Ep 1426 - Iyer Ka Promotion | Taarak Mehta Ka Ooltah Chashmah - Full Episode | तारक मेहता,https://www.youtube.com/watch?v=IlL5xn9E4YM,Found
1427,"Taarak Mehta Ka Ooltah Chashmah - Full Episode 1427 - 20th September, 2018",https://www.youtube.com/watch?v=70m7oBfzYUM,Found
1428,"Taarak Mehta Ka Ooltah Chashmah - Full Episode 1428 - 21st September, 2018",https://www.youtube.com/watch?v=JcoHyDGEpG0,Found
1429,Ep 1429 - GPL 3 | Taarak Mehta Ka Ooltah Chashmah - Full Episode | तारक मेहता,https://www.youtube.com/watch?v=bNF5yt0xHVc,Found
1430,Ep 1430 - GPL 3 | Taarak Mehta Ka Ooltah Chashmah - Full Episode | तारक मेहता,https://www.youtube.com/watch?v=idE3t5egFEw,Found
1431,Ep 1431 - GPL 3 | Taarak Mehta Ka Ooltah Chashmah - Full Episode | तारक मेहता,https://www.youtube.com/watch?v=l4tzYotZt8I,Found
1432,Ep 1432 - GPL 3 | Taarak Mehta Ka Ooltah Chashmah - Full Episode | तारक मेहता,https://www.youtube.com/watch?v=B96oua6fH1w,Found
1433,"Taarak Mehta Ka Ooltah Chashmah | तारक मेहता का उल्टा चश्मा | Episode 1433 |  26th June, 2021",https://www.youtube.com/watch?v=dHP1Wiv96lU,Found
1434,Ep 1434 - GPL 3 | Taarak Mehta Ka Ooltah Chashmah - Full Episode | तारक मेहता,https://www.youtube.com/watch?v=eP3GDZ_BJDw,Found
1435,Ep 1435 - GPL 3 | Taarak Mehta Ka Ooltah Chashmah - Full Episode | तारक मेहता,https://www.youtube.com/watch?v=z1bJsce-kFs,Found
1436,"Taarak Mehta Ka Ooltah Chashmah - तारक मेहता का उल्टा चश्मा - Episode 1436 - 6th July, 2020",https://www.youtube.com/watch?v=eTEB5jcq_jY,Found
1437,"Taarak Mehta Ka Ooltah Chashmah - Full Episode 1437 - 25th September, 2018",https://www.youtube.com/watch?v=2fn4gwu2P6M,Found
1438,Ep 1438 - GPL 3 | Taarak Mehta Ka Ooltah Chashmah - Full Episode | तारक मेहता,https://www.youtube.com/watch?v=vqffvY2ecl4,Found
1439,Ep 1439 - GPL 3 | Taarak Mehta Ka Ooltah Chashmah - Full Episode | तारक मेहता,https://www.youtube.com/watch?v=xhrucn_f1TU,Found
1440,Ep 1440 - GPL 3 | Taarak Mehta Ka Ooltah Chashmah - Full Episode | तारक मेहता,https://www.youtube.com/watch?v=RQww1B-JXM8,Found
1441,Ep 1441 - GPL 3 | Taarak Mehta Ka Ooltah Chashmah - Full Episode | तारक मेहता,https://www.youtube.com/watch?v=QQR1Rp6FQxI,Found
1442,Ep 1442 - GPL 3 | Taarak Mehta Ka Ooltah Chashmah - Full Episode | तारक मेहता,https://www.youtube.com/watch?v=9VaIzkMTrA0,Found
1443,Ep 1443 - GPL 3 | Taarak Mehta Ka Ooltah Chashmah - Full Episode | तारक मेहता,https://www.youtube.com/watch?v=PExbgoKQ86Q,Found
1444,Ep 1444 - GPL 3 | Taarak Mehta Ka Ooltah Chashmah - Full Episode | तारक मेहता,https://www.youtube.com/watch?v=08Tqyur96M8,Found
1445,Ep 1445 - GPL 3 | Taarak Mehta Ka Ooltah Chashmah - Full Episode | तारक मेहता,https://www.youtube.com/watch?v=ikMLbsV7-v0,Found
1446,Ep 1446 - CID - Taarak Mehta Ka Ooltah Chashmah | Full Episode | तारक मेहता,https://www.youtube.com/watch?v=n0NyKz4VcTc,Found
1447,Ep 1447 - CID - Taarak Mehta Ka Ooltah Chashmah | Full Episode | तारक मेहता,https://www.youtube.com/watch?v=r2QhVLK-CxM,Found
1448,Ep 1448 - CID - Taarak Mehta Ka Ooltah Chashmah | Full Episode | तारक मेहता,https://www.youtube.com/watch?v=lry9eKuJWZs,Found
1449,"Taarak Mehta Ka Ooltah Chashmah | तारक मेहता का उल्टा चश्मा | Episode 1449 | 11th January, 2021",https://www.youtube.com/watch?v=fRSFKlVFMjs,Found
1450,Ep 1450 - CID - Taarak Mehta Ka Ooltah Chashmah | Full Episode | तारक मेहता,https://www.youtube.com/watch?v=_t0xABRDNBw,Found
1451,Ep 1451 - CID - Taarak Mehta Ka Ooltah Chashmah | Full Episode | तारक मेहता,https://www.youtube.com/watch?v=o10NKST1yDk,Found
1452,Ep 1452 - CID - Taarak Mehta Ka Ooltah Chashmah | Full Episode | तारक मेहता,https://www.youtube.com/watch?v=kQcs0GXoXVY,Found
1453,Ep 1453 - CID - Taarak Mehta Ka Ooltah Chashmah | Full Episode | तारक मेहता,https://www.youtube.com/watch?v=RMhbPXcoDLs,Found
1454,Ep 1454 - CID - Taarak Mehta Ka Ooltah Chashmah | Full Episode | तारक मेहता,https://www.youtube.com/watch?v=oIrKyevXPss,Found
1455,Ep 1455 - CID - Taarak Mehta Ka Ooltah Chashmah | Full Episode | तारक मेहता,https://www.youtube.com/watch?v=95DU_0FEaMc,Found
1456,Ep 1456 - CID - Taarak Mehta Ka Ooltah Chashmah | Full Episode | तारक मेहता,https://www.youtube.com/watch?v=qL0OgAZhJkc,Found
1457,Ep 1457 - CID - Taarak Mehta Ka Ooltah Chashmah | Full Episode | तारक मेहता,https://www.youtube.com/watch?v=g8bj_AOVM1Q,Found
1458,Ep 1458 - CID - Taarak Mehta Ka Ooltah Chashmah | Full Episode | तारक मेहता,https://www.youtube.com/watch?v=daISs1p8xu0,Found
1459,Ep 1459 - CID - Taarak Mehta Ka Ooltah Chashmah | Full Episode | तारक मेहता,https://www.youtube.com/watch?v=J0qV-wj56t4,Found
1460,Ep 1460 - CID - Taarak Mehta Ka Ooltah Chashmah | Full Episode | तारक मेहता,https://www.youtube.com/watch?v=FWgQxp7hN-I,Found
1461,"Taarak Mehta Ka Ooltah Chashmah - Full Episode 1461  - 7th October, 2018",https://www.youtube.com/watch?v=t1QcRtggFQQ,Found
1462,Ep 1462 - CID - Taarak Mehta Ka Ooltah Chashmah | Full Episode | तारक मेहता,https://www.youtube.com/watch?v=smAhHlL08ko,Found
1463,Ep 1463 - CID - Taarak Mehta Ka Ooltah Chashmah | Full Episode | तारक मेहता,https://www.youtube.com/watch?v=Mzh6SvoUw5s,Found
1464,Ep 1464 - CID - Taarak Mehta Ka Ooltah Chashmah | Full Episode | तारक मेहता,https://www.youtube.com/watch?v=JKv2jwTnIkI,Found
1465,Ep 1465 - Hong Kong Disneyland - Taarak Mehta Ka Ooltah Chashmah | Full Episode | तारक मेहता,https://www.youtube.com/watch?v=30kWe1wOdXY,Found
1466,"Taarak Mehta Ka Ooltah Chashmah - Full Episode 1466 - 18th October, 2018",https://www.youtube.com/watch?v=ck5E0sbCMbs,Found
1467,तारक मेहता का उल्टा चश्मा - एपिसोड 1467 - 1 अगस्त 2014,https://www.youtube.com/watch?v=0BGoObCkPgg,Found
1468,Ep 1468 - Hong Kong Disneyland - Taarak Mehta Ka Ooltah Chashmah | Full Episode | तारक मेहता,https://www.youtube.com/watch?v=1uEe720ereQ,Found
1469,तारक मेहता का उल्टा चश्मा - एपिसोड 1469 - 5 अगस्त 2014,https://www.youtube.com/watch?v=iP2DdVrXLvo,Found
1470,तारक मेहता का उल्टा चश्मा - एपिसोड 1470 - 6 अगस्त 2014,https://www.youtube.com/watch?v=Yj0RNIiBj2E,Found
1471,तारक मेहता का उल्टा चश्मा - एपिसोड 1471 - 7 अगस्त 2014,https://www.youtube.com/watch?v=2YvdDjy6fCg,Found
1472,तारक मेहता का उल्टा चश्मा - एपिसोड 1472 - 8 अगस्त 2014,https://www.youtube.com/watch?v=ph5jZ3g8BUE,Found
1473,Ep 1473 - Hong Kong Disneyland - Taarak Mehta Ka Ooltah Chashmah | Full Episode | तारक मेहता,https://www.youtube.com/watch?v=ww3vkz11m-k,Found
1474,Ep 1474 - Hong Kong Disneyland - Taarak Mehta Ka Ooltah Chashmah | Full Episode | तारक मेहता,https://www.youtube.com/watch?v=2CXHIpXMofE,Found
1475,Ep 1475 - Hong Kong Disneyland - Taarak Mehta Ka Ooltah Chashmah | Full Episode | तारक मेहता,https://www.youtube.com/watch?v=69zSlIQ68LM,Found
1476,"Taarak Mehta Ka Ooltah Chashmah - Full Episode 1476 - 23rd October, 2018",https://www.youtube.com/watch?v=Q6T08Oo7mxQ,Found
1477,How Will Gokuldham Members Come Back To India? | Taarak Mehta Ka Ooltah Chashmah | Episode 1477,https://www.youtube.com/watch?v=17fxR63rrkA,Found
1478,"Taarak Mehta Ka Ooltah Chashmah | तारक मेहता का उल्टा चश्मा | Episode 1478 | 4th March, 2021",https://www.youtube.com/watch?v=f9k-AIxWWVY,Found
1479,Ep 1479 - Hong Kong Disneyland - Taarak Mehta Ka Ooltah Chashmah | Full Episode | तारक मेहता,https://www.youtube.com/watch?v=GaITWlijkWg,Found
1480,Jetha को Jalebi में दिखी कौनसी अनोखी चीज़? | Taarak Mehta Ka Ooltah Chashmah | FE 1480 | 7 Apr 2023,https://www.youtube.com/watch?v=rCjiK9QmgH4,Found
1481,Ep 1481 - Taarak Ki Diet | Taarak Mehta Ka Ooltah Chashmah | Full Episode | तारक मेहता,https://www.youtube.com/watch?v=hDmHtvx02I8,Found
1482,Ep 1482 - Taarak Ki Diet | Taarak Mehta Ka Ooltah Chashmah | Full Episode | तारक मेहता,https://www.youtube.com/watch?v=leZTvegrV3o,Found
1483,Ep 1483 - Taarak Ki Diet | Taarak Mehta Ka Ooltah Chashmah | Full Episode | तारक मेहता,https://www.youtube.com/watch?v=SydfoNJYu2w,Found
1484,Ep 1484 - Taarak Ki Diet | Taarak Mehta Ka Ooltah Chashmah | Full Episode | तारक मेहता,https://www.youtube.com/watch?v=5l80ckism6g,Found
1485,Taarak Mehta Ka Ooltah Chashmah - Episode 1485 - 27th August 2014,https://www.youtube.com/watch?v=uFZHTk8qUeY,Found
1486,"Taarak Mehta Ka Ooltah Chashmah - Full Episode 1486 - 28th October, 2018",https://www.youtube.com/watch?v=4uQAqYymtHw,Found
1487,A New Challenge For The Gokuldham Gents | Taarak Mehta Ka Ooltah Chashmah | Episode 1487,https://www.youtube.com/watch?v=S_dokp2h9qM,Found
1488,तारक मेहता का उल्टा चश्मा - एपिसोड 1488 - 1 सितंबर 2014,https://www.youtube.com/watch?v=7n37bq9Qm3o,Found
1489,तारक मेहता का उल्टा चश्मा - एपिसोड 1489 - 2 सितंबर 2014,https://www.youtube.com/watch?v=0Ktm5O9EORs,Found
1490,क्या Tapu Sena को मिल पाएगा Loan? | Taarak Mehta Ka Ooltah Chashmah | FE 1490 | 21 Apr 2023,https://www.youtube.com/watch?v=vCRaTOQRZHA,Found
1491,Ep 1491 - Taarak Mehta Ka Ooltah Chashmah | Full Episode | तारक मेहता,https://www.youtube.com/watch?v=tWupC6V3Q9c,Found
1492,Ep 1492 - Taarak Mehta Ka Ooltah Chashmah | Full Episode | तारक मेहता,https://www.youtube.com/watch?v=mmwOgrnwgQ8,Found
1493,Ep 1493 - Taarak Mehta Ka Ooltah Chashmah | Full Episode | तारक मेहता,https://www.youtube.com/watch?v=JwwtPuUd9kY,Found
1494,तारक मेहता का उल्टा चश्मा - एपिसोड 1494 - 9 सितंबर 2014,https://www.youtube.com/watch?v=fsM3JlRQUtg,Found
1495,Gokuldham में हुआ गणेश उत्सव का Celebration| Taarak Mehta Ka Ooltah Chashmah | FE 1495 | 28 Apr 2023,https://www.youtube.com/watch?v=qwA-SGl3PJA,Found
1496,Dhanraj Exposes Tapu Sena's Dishonesty | Taarak Mehta Ka Ooltah Chashmah | Episode 1496,https://www.youtube.com/watch?v=O1rs8EDZXP0,Found
1497,Taarak Mehta Ka Ooltah Chashmah - Episode 1497 - 12th September 2014,https://www.youtube.com/watch?v=yIuZAs8qkQ0,Found
1498,Tapu के सामने प्रकट हुए भगवान गणपति | Taarak Mehta Ka Ooltah Chashmah | FE 1498 | 3 May 2023,https://www.youtube.com/watch?v=j4NeaDEFrTk,Found
1499,Jetha करता है Daya से प्यार भरी बातें | Taarak Mehta Ka Ooltah Chashmah | FE 1499 | 4 May 2023,https://www.youtube.com/watch?v=EsGc35aa10k,Found
1500,"Taarak Mehta Ka Ooltah Chashmah | तारक मेहता का उल्टा चश्मा | Episode 1500 | 8th July, 2021",https://www.youtube.com/watch?v=QWZlzDEHHPA,Found
1501,Ep 1501 - Taarak Mehta Ka Ooltah Chashmah | Full Episode | तारक मेहता का उल्टा चश्मा,https://www.youtube.com/watch?v=xc7GMSLcKX4,Found
1502,"Taarak Mehta Ka Ooltah Chashmah | तारक मेहता का उल्टा चश्मा | Episode 1502 |  9th July, 2021",https://www.youtube.com/watch?v=2N9Wxi4T2vE,Found
1503,Ep 1503 - Taarak Mehta Ka Ooltah Chashmah | Full Episode | तारक मेहता का उल्टा चश्मा,https://www.youtube.com/watch?v=4qvODksOnu4,Found
1504,Popatlal's Unique Suggestion Impresses Jethalal | Taarak Mehta Ka Ooltah Chashmah | Episode 1504,https://www.youtube.com/watch?v=BR7-CcFRpaw,Found
1505,Taarak Mehta Ka Ooltah Chashmah - Episode 1505 - 24th September 2014,https://www.youtube.com/watch?v=I35lWZyqZKQ,Found
1506,"Taarak Mehta Ka Ooltah Chashmah - Full Episode 1506 - 31st October, 2018",https://www.youtube.com/watch?v=2YnIUZsNgd0,Found
1507,Ep 1507 - Taarak Mehta Ka Ooltah Chashmah | Full Episode | तारक मेहता का उल्टा चश्मा,https://www.youtube.com/watch?v=xng7SL2qsO0,Found
1508,"Taarak Mehta Ka Ooltah Chashmah | तारक मेहता का उल्टा चश्मा | Episode 1508 | 13th January, 2021",https://www.youtube.com/watch?v=Tr-1iT0-90I,Found
1509,Ep 1509 - Taarak Mehta Ka Ooltah Chashmah | Full Episode | तारक मेहता का उल्टा चश्मा,https://www.youtube.com/watch?v=XUg3C2mUnk0,Found
1510,Ep 1510 - Taarak Mehta Ka Ooltah Chashmah | Full Episode | तारक मेहता का उल्टा चश्मा,https://www.youtube.com/watch?v=GN9E-DdeFiA,Found
1511,Ep 1511 - Taarak Mehta Ka Ooltah Chashmah | Full Episode | तारक मेहता का उल्टा चश्मा,https://www.youtube.com/watch?v=n5peWG_sO2o,Found
1512,Ep 1512 - Taarak Mehta Ka Ooltah Chashmah | Full Episode | तारक मेहता का उल्टा चश्मा,https://www.youtube.com/watch?v=DTjO7VhSt-o,Found
1513,"Taarak Mehta Ka Ooltah Chashmah | तारक मेहता का उल्टा चश्मा | Episode 1513 | 15th January, 2021",https://www.youtube.com/watch?v=elrUupb2VBE,Found
1514,Ep 1514 - Taarak Mehta Ka Ooltah Chashmah | Full Episode | तारक मेहता का उल्टा चश्मा,https://www.youtube.com/watch?v=aCpkf6PCq40,Found
1515,Ep 1515 - Taarak Mehta Ka Ooltah Chashmah | Full Episode | तारक मेहता का उल्टा चश्मा,https://www.youtube.com/watch?v=G6wjwThHPs4,Found
1516,Ep 1516 - Taarak Mehta Ka Ooltah Chashmah | Full Episode | तारक मेहता का उल्टा चश्मा,https://www.youtube.com/watch?v=fkMokWtPWyk,Found
1517,Ep 1517 - Taarak Mehta Ka Ooltah Chashmah | Full Episode | तारक मेहता का उल्टा चश्मा,https://www.youtube.com/watch?v=IVjJdzl0HfI,Found
1518,Ep 1518 - Taarak Mehta Ka Ooltah Chashmah | Full Episode | तारक मेहता का उल्टा चश्मा,https://www.youtube.com/watch?v=YCeSHdmHq8E,Found
1519,Ep 1519 - Taarak Mehta Ka Ooltah Chashmah | Full Episode | तारक मेहता का उल्टा चश्मा,https://www.youtube.com/watch?v=b1df7mJNxCY,Found
1520,Ep 1520 - Taarak Mehta Ka Ooltah Chashmah | Full Episode | तारक मेहता का उल्टा चश्मा,https://www.youtube.com/watch?v=BHIsTKdpslI,Found
1521,Ep 1521 - Taarak Mehta Ka Ooltah Chashmah | Full Episode | तारक मेहता का उल्टा चश्मा,https://www.youtube.com/watch?v=kNJoL-3ZxzQ,Found
1522,Ep 1522 - Taarak Mehta Ka Ooltah Chashmah | Full Episode | तारक मेहता का उल्टा चश्मा,https://www.youtube.com/watch?v=60kyKPfVMAM,Found
1523,Ep 1523 - Taarak Mehta Ka Ooltah Chashmah | Full Episode | तारक मेहता का उल्टा चश्मा,https://www.youtube.com/watch?v=XmNcquHR-Z8,Found
1524,Ep 1524 - Taarak Mehta Ka Ooltah Chashmah | Full Episode | तारक मेहता का उल्टा चश्मा,https://www.youtube.com/watch?v=ooDhm3OJ34A,Found
1525,Ep 1525 - Taarak Mehta Ka Ooltah Chashmah | Full Episode | तारक मेहता का उल्टा चश्मा,https://www.youtube.com/watch?v=MebGZWYM8xQ,Found
1526,Ep 1526 - Taarak Mehta Ka Ooltah Chashmah | Full Episode | तारक मेहता का उल्टा चश्मा,https://www.youtube.com/watch?v=WoprgtL3XCw,Found
1527,"Taarak Mehta Ka Ooltah Chashmah - Full Episode 1527 - 05th November, 2018",https://www.youtube.com/watch?v=NkWM_I7UvR0,Found
1528,Ep 1528 - Taarak Mehta Ka Ooltah Chashmah | Full Episode | तारक मेहता का उल्टा चश्मा,https://www.youtube.com/watch?v=gP87tkTzcm0,Found
1529,Ep 1529 - Taarak Mehta Ka Ooltah Chashmah | Full Episode | तारक मेहता का उल्टा चश्मा,https://www.youtube.com/watch?v=noBR2IogcUw,Found
1530,Ep 1530 - Taarak Mehta Ka Ooltah Chashmah | Full Episode | तारक मेहता का उल्टा चश्मा,https://www.youtube.com/watch?v=QVtEDXnUY20,Found
1531,Ep 1531 - Taarak Mehta Ka Ooltah Chashmah | Full Episode | तारक मेहता का उल्टा चश्मा,https://www.youtube.com/watch?v=lUwWhxwtFFc,Found
1532,Ep 1532 - Taarak Mehta Ka Ooltah Chashmah | Full Episode | तारक मेहता का उल्टा चश्मा,https://www.youtube.com/watch?v=SOrH1qqJaGc,Found
1533,Ep 1533 - Popatlal Ka Naya Phone | Taarak Mehta Ka Ooltah Chashmah | Full Episode | तारक मेहता,https://www.youtube.com/watch?v=qnAGUuWTk98,Found
1534,तारक मेहता का उल्टा चश्मा -एपिसोड 1534 - 4 नवंबर 2014,https://www.youtube.com/watch?v=gHk8zNCS0O8,Found
1535,तारक मेहता का उल्टा चश्मा -एपिसोड 1535 - 5 नवंबर 2014,https://www.youtube.com/watch?v=ihb-VbTaigY,Found
1536,Ep 1536 - Popatlal Ka Naya Phone | Taarak Mehta Ka Ooltah Chashmah | Full Episode | तारक मेहता,https://www.youtube.com/watch?v=xWpr4w2a82w,Found
1537,Ep 1537 - Popatlal Ka Naya Phone | Taarak Mehta Ka Ooltah Chashmah | Full Episode | तारक मेहता,https://www.youtube.com/watch?v=bLIuVqiHTMg,Found
1538,Ep 1538 - Popatlal Ka Naya Phone | Taarak Mehta Ka Ooltah Chashmah | Full Episode | तारक मेहता,https://www.youtube.com/watch?v=hvk3nAK2NVg,Found
1539,Ep 1539 - Popatlal Ka Naya Phone | Taarak Mehta Ka Ooltah Chashmah | Full Episode | तारक मेहता,https://www.youtube.com/watch?v=BnG0vEPHOYY,Found
1540,Ep 1540 - Taarak Mehta Ka Ooltah Chashmah | Full Episode | तारक मेहता का उल्टा चश्मा,https://www.youtube.com/watch?v=odDaEqL8w4E,Found
1541,Ep 1541 - Taarak Mehta Ka Ooltah Chashmah | Full Episode | तारक मेहता का उल्टा चश्मा,https://www.youtube.com/watch?v=9FwSDVFIvzY,Found
1542,"Taarak Mehta Ka Ooltah Chashmah - Full Episode 1542 - 08th September, 2018",https://www.youtube.com/watch?v=k8w_OUAiXKM,Found
1543,Ep 1543 - Taarak Mehta Ka Ooltah Chashmah | Full Episode | तारक मेहता का उल्टा चश्मा,https://www.youtube.com/watch?v=iavLirlqWcE,Found
1544,Ep 1544 - Taarak Mehta Ka Ooltah Chashmah | Full Episode | तारक मेहता का उल्टा चश्मा,https://www.youtube.com/watch?v=SvvdGGM51-0,Found
1545,Ep 1545 - Taarak Mehta Ka Ooltah Chashmah | Full Episode | तारक मेहता का उल्टा चश्मा,https://www.youtube.com/watch?v=g69hE3q2lCU,Found
1546,Ep 1546 - Taarak Mehta Ka Ooltah Chashmah | Full Episode | तारक मेहता का उल्टा चश्मा,https://www.youtube.com/watch?v=4rjgMePVylA,Found
1547,Ep 1547 - Taarak Mehta Ka Ooltah Chashmah | Full Episode | तारक मेहता का उल्टा चश्मा,https://www.youtube.com/watch?v=mkjw5MSJpoE,Found
1548,Ep 1548 - Taarak Mehta Ka Ooltah Chashmah | Full Episode | तारक मेहता का उल्टा चश्मा,https://www.youtube.com/watch?v=oqlNx0TDSy8,Found
1549,Ep 1549 - Taarak Mehta Ka Ooltah Chashmah | Full Episode | तारक मेहता का उल्टा चश्मा,https://www.youtube.com/watch?v=gKCfssx6ESA,Found
1550,Ep 1550 - Taarak Mehta Ka Ooltah Chashmah | Full Episode | तारक मेहता का उल्टा चश्मा,https://www.youtube.com/watch?v=PZukjEeddes,Found
1551,Ep 1551 - Taarak Mehta Ka Ooltah Chashmah | Full Episode | तारक मेहता का उल्टा चश्मा,https://www.youtube.com/watch?v=zkkmuM__Wco,Found
1552,Ep 1552 - Taarak Mehta Ka Ooltah Chashmah | Full Episode | तारक मेहता का उल्टा चश्मा,https://www.youtube.com/watch?v=0Kz4Z7b3pFM,Found
1553,Ep 1553 - Taarak Mehta Ka Ooltah Chashmah | Full Episode | तारक मेहता का उल्टा चश्मा,https://www.youtube.com/watch?v=xC6bSlQkQF0,Found
1554,Ep 1554 - Taarak Mehta Ka Ooltah Chashmah | Full Episode | तारक मेहता का उल्टा चश्मा,https://www.youtube.com/watch?v=qj1_hXwUL4g,Found
1555,Ep 1555 - Taarak Mehta Ka Ooltah Chashmah | Full Episode | तारक मेहता का उल्टा चश्मा,https://www.youtube.com/watch?v=F93Am1xvKLM,Found
1556,Ep 1556 - Taarak Mehta Ka Ooltah Chashmah | Full Episode | तारक मेहता का उल्टा चश्मा,https://www.youtube.com/watch?v=4GsfSZ6oKf8,Found
1557,Ep 1557 - Taarak Mehta Ka Ooltah Chashmah | Full Episode | तारक मेहता का उल्टा चश्मा,https://www.youtube.com/watch?v=YnwneUyCAac,Found
1558,तारक मेहता का उल्टा चश्मा - एपिसोड 1558 - 8 दिसंबर 2014,https://www.youtube.com/watch?v=EyAfmGTWaPI,Found
1559,Ep 1559 - Taarak Mehta Ka Ooltah Chashmah | Full Episode | तारक मेहता का उल्टा चश्मा,https://www.youtube.com/watch?v=QF4GmBStjRw,Found
1560,Ep 1560 - Taarak Mehta Ka Ooltah Chashmah | Full Episode | तारक मेहता का उल्टा चश्मा,https://www.youtube.com/watch?v=SxvL94lkKm4,Found
1561,Ep 1561 - Taarak Mehta Ka Ooltah Chashmah | Full Episode | तारक मेहता का उल्टा चश्मा,https://www.youtube.com/watch?v=wCikS7S_usY,Found
1562,Ep 1562 - Taarak Mehta Ka Ooltah Chashmah | Full Episode | तारक मेहता का उल्टा चश्मा,https://www.youtube.com/watch?v=IRzTZGG_eDA,Found
1563,Ep 1563 - Taarak Mehta Ka Ooltah Chashmah | Full Episode | तारक मेहता का उल्टा चश्मा,https://www.youtube.com/watch?v=uszizsij-oY,Found
1564,Ep 1564 - Taarak Mehta Ka Ooltah Chashmah | Full Episode | तारक मेहता का उल्टा चश्मा,https://www.youtube.com/watch?v=aGiEwmaFmlY,Found
1565,"Taarak Mehta Ka Ooltah Chashmah - Full Episode 1565 - 24th  November, 2018",https://www.youtube.com/watch?v=EYzZxwo23-I,Found
1566,"Taarak Mehta Ka Ooltah Chashmah - Full Episode 1566 - 25th  November, 2018",https://www.youtube.com/watch?v=9YVB0tBlbO8,Found
1567,Ep 1567 - Taarak Mehta Ka Ooltah Chashmah | Full Episode | तारक मेहता का उल्टा चश्मा,https://www.youtube.com/watch?v=KqskIbWhBdw,Found
1568,"Taarak Mehta Ka Ooltah Chashmah - Full Episode 1568 - 31st January, 2021",https://www.youtube.com/watch?v=n8dMyGw7q8k,Found
1569,Ep 1569 - Taarak Mehta Ka Ooltah Chashmah | Full Episode | तारक मेहता का उल्टा चश्मा,https://www.youtube.com/watch?v=iQxVWjGru_M,Found
1570,Ep 1570 - Taarak Mehta Ka Ooltah Chashmah | Full Episode | तारक मेहता का उल्टा चश्मा,https://www.youtube.com/watch?v=li9DDJarxFw,Found
1571,Ep 1571 - Taarak Mehta Ka Ooltah Chashmah | Full Episode | तारक मेहता का उल्टा चश्मा,https://www.youtube.com/watch?v=EKxsrXKcJAc,Found
1572,Ep 1572 - Taarak Mehta Ka Ooltah Chashmah | Full Episode | तारक मेहता का उल्टा चश्मा,https://www.youtube.com/watch?v=daecwo-QIu8,Found
1573,Ep 1573 - Taarak Mehta Ka Ooltah Chashmah | Full Episode | तारक मेहता का उल्टा चश्मा,https://www.youtube.com/watch?v=qDnv4iOKcSs,Found
1574,"Taarak Mehta Ka Ooltah Chashmah - Full Episode 1574 - 18th January, 2019",https://www.youtube.com/watch?v=DgPCqC1dYuk,Found
1575,Daya's Advice For The Party | Taarak Mehta Ka Ooltah Chashmah | Episode 1575 |Full EP| 26 March 2022,https://www.youtube.com/watch?v=-tysnlGLDT8,Found
1576,Ep 1576 - Taarak Mehta Ka Ooltah Chashmah | Full Episode | तारक मेहता का उल्टा चश्मा,https://www.youtube.com/watch?v=e9CBo9T0zMk,Found
1577,Ep 1577 - Taarak Mehta Ka Ooltah Chashmah | Full Episode | तारक मेहता का उल्टा चश्मा,https://www.youtube.com/watch?v=ETwcY6QZfT8,Found
1578,Ep 1578 - Taarak Mehta Ka Ooltah Chashmah | Full Episode | तारक मेहता का उल्टा चश्मा,https://www.youtube.com/watch?v=fECoOesjrq4,Found
1579,Ep 1579 - Taarak Mehta Ka Ooltah Chashmah | Full Episode | तारक मेहता का उल्टा चश्मा,https://www.youtube.com/watch?v=SbixFPei9H4,Found
1580,Ep 1580 - Taarak Mehta Ka Ooltah Chashmah | Full Episode | तारक मेहता का उल्टा चश्मा,https://www.youtube.com/watch?v=yhH5XuspECU,Found
1581,Ep 1581 - Taarak Mehta Ka Ooltah Chashmah | Full Episode | तारक मेहता का उल्टा चश्मा,https://www.youtube.com/watch?v=jjsiF18s5EM,Found
1582,Ep 1582 - Taarak Mehta Ka Ooltah Chashmah | Full Episode | तारक मेहता का उल्टा चश्मा,https://www.youtube.com/watch?v=T7g96CxUA5M,Found
1583,Ep 1583 - Taarak Mehta Ka Ooltah Chashmah | Full Episode | तारक मेहता का उल्टा चश्मा,https://www.youtube.com/watch?v=PC1JbLQVCX8,Found
1584,Ep 1584 - Taarak Mehta Ka Ooltah Chashmah | Full Episode | तारक मेहता का उल्टा चश्मा,https://www.youtube.com/watch?v=h8b0YNWCtaA,Found
1585,Taarak Mehta Ka Ooltah Chashmah - तारक मेहता - Episode 1585 - 14th January 2015,https://www.youtube.com/watch?v=DpB9w1HmQ2A,Found
1586,Ep 1586 - Taarak Mehta Ka Ooltah Chashmah | Full Episode | तारक मेहता का उल्टा चश्मा,https://www.youtube.com/watch?v=50E-wbEzi3I,Found
1587,Ep 1587 - Taarak Mehta Ka Ooltah Chashmah | Full Episode | तारक मेहता का उल्टा चश्मा,https://www.youtube.com/watch?v=sDE6Ne8bLHU,Found
1588,Ep 1588 - Taarak Mehta Ka Ooltah Chashmah | Full Episode | तारक मेहता का उल्टा चश्मा,https://www.youtube.com/watch?v=oaj9gdFAMGA,Found
1589,Taarak Mehta Ka Ooltah Chashmah - तारक मेहता - Throwback - Episode 1589- Full Episode,https://www.youtube.com/watch?v=3Q6OGpUO6yU,Found
1590,"Taarak Mehta Ka Ooltah Chashmah - Full Episode 1590 - 30th November, 2018",https://www.youtube.com/watch?v=fRddWHYDxXk,Found
1591,"Taarak Mehta Ka Ooltah Chashmah - Full Episode 1591 - 30th November, 2018",https://www.youtube.com/watch?v=LfazciHinMc,Found
1592,Ep 1592 - Taarak Mehta Ka Ooltah Chashmah | Full Episode | तारक मेहता का उल्टा चश्मा,https://www.youtube.com/watch?v=hPJCV96GsEc,Found
1593,Ep 1593 - Taarak Mehta Ka Ooltah Chashmah | Full Episode | तारक मेहता का उल्टा चश्मा,https://www.youtube.com/watch?v=UjjL093tk0Q,Found
1594,Taarak Mehta Ka Ooltah Chashmah - तारक मेहता - Throwback - Episode 1594- Full Episode,https://www.youtube.com/watch?v=hUf9a8BsJSs,Found
1595,"Taarak Mehta Ka Ooltah Chashmah - Full Episode 1595 - 2nd December, 2018",https://www.youtube.com/watch?v=dpE3t_qdzqY,Found
1596,Ep 1596 - Taarak Mehta Ka Ooltah Chashmah | Full Episode | तारक मेहता का उल्टा चश्मा,https://www.youtube.com/watch?v=CwT20QY3CnE,Found
1597,"Taarak Mehta Ka Ooltah Chashmah - Full Episode 1597 - 3rd December, 2018",https://www.youtube.com/watch?v=-8c8fa4uFbg,Found
1598,"Taarak Mehta Ka Ooltah Chashmah | तारक मेहता का उल्टा चश्मा | Episode 1598 | 10th February, 2021",https://www.youtube.com/watch?v=w1aSn95tFQ8,Found
1599,Ep 1599 - Taarak Mehta Ka Ooltah Chashmah | Full Episode | तारक मेहता का उल्टा चश्मा,https://www.youtube.com/watch?v=9Ur_2xtgCv4,Found
1600,Ep 1600 - Taarak Mehta Ka Ooltah Chashmah | Full Episode | तारक मेहता का उल्टा चश्मा,https://www.youtube.com/watch?v=iEBjSnZu1dc,Found
1601,Ep 1601 - Taarak Mehta Ka Ooltah Chashmah | Full Episode | तारक मेहता का उल्टा चश्मा,https://www.youtube.com/watch?v=VAr5QPJCJmw,Found
1602,"Taarak Mehta Ka Ooltah Chashmah | तारक मेहता का उल्टा चश्मा | Episode 1602 | 11th February, 2021",https://www.youtube.com/watch?v=N2Lo8Uq6Dc4,Found
1603,Ep 1603 - Taarak Mehta Ka Ooltah Chashmah | Full Episode | तारक मेहता का उल्टा चश्मा,https://www.youtube.com/watch?v=pC_08Is46Ag,Found
1604,"Taarak Mehta Ka Ooltah Chashmah | तारक मेहता का उल्टा चश्मा | Episode 1604 | 11th February, 2021",https://www.youtube.com/watch?v=mYNxfX0cgU0,Found
1605,Ep 1605 - Taarak Mehta Ka Ooltah Chashmah | Full Episode | तारक मेहता का उल्टा चश्मा,https://www.youtube.com/watch?v=cLr6l7tzobE,Found
1606,Ep 1606 - Taarak Mehta Ka Ooltah Chashmah | Full Episode | तारक मेहता का उल्टा चश्मा,https://www.youtube.com/watch?v=FdcxaQ-rwA4,Found
1607,Ep 1607 - Taarak Mehta Ka Ooltah Chashmah | Full Episode | तारक मेहता का उल्टा चश्मा,https://www.youtube.com/watch?v=InaFG2tIccE,Found
1608,Ep 1608 - Taarak Mehta Ka Ooltah Chashmah | Full Episode | तारक मेहता का उल्टा चश्मा,https://www.youtube.com/watch?v=gOzxQE5QeKM,Found
1609,Ep 1609 - Taarak Mehta Ka Ooltah Chashmah | Full Episode | तारक मेहता का उल्टा चश्मा,https://www.youtube.com/watch?v=q_kNiwmJMbA,Found
1610,Ep 1610 - Taarak Mehta Ka Ooltah Chashmah | Full Episode | तारक मेहता का उल्टा चश्मा,https://www.youtube.com/watch?v=XFg7d8CCKds,Found
1611,Ep 1611 - Taarak Mehta Ka Ooltah Chashmah | Full Episode | तारक मेहता का उल्टा चश्मा,https://www.youtube.com/watch?v=tBl_aFkkDVM,Found
1612,Ep 1612 - Taarak Mehta Ka Ooltah Chashmah | Full Episode | तारक मेहता का उल्टा चश्मा,https://www.youtube.com/watch?v=_QX6TuCP4us,Found
1613,"Taarak Mehta Ka Ooltah Chashmah - Full Episode 1613 - 4th December, 2018",https://www.youtube.com/watch?v=qjag6uuR8u4,Found
1614,"Taarak Mehta Ka Ooltah Chashmah | तारक मेहता का उल्टा चश्मा | Episode 1614 | 25th February, 2021",https://www.youtube.com/watch?v=vBpdaHSouGk,Found
1615,"Taarak Mehta Ka Ooltah Chashmah - Full Episode 1615 - 5th December, 2018",https://www.youtube.com/watch?v=HU0PWgNrv9Y,Found
1616,Ep 1616 - Taarak Mehta Ka Ooltah Chashmah | Full Episode | तारक मेहता का उल्टा चश्मा,https://www.youtube.com/watch?v=bAlgSUogCok,Found
1617,Ep 1617 - Taarak Mehta Ka Ooltah Chashmah | Full Episode | तारक मेहता का उल्टा चश्मा,https://www.youtube.com/watch?v=8dj4AqXpYNA,Found
1618,"तारक मेहता का उल्टा चश्मा - एपिसोड 1618 - 2 मार्च, 2015",https://www.youtube.com/watch?v=mFlSdtJPHcI,Found
1619,Ep 1619 - Taarak Mehta Ka Ooltah Chashmah | Full Episode | तारक मेहता का उल्टा चश्मा,https://www.youtube.com/watch?v=6WVE5gbBUJc,Found
1620,Ep 1620 - Taarak Mehta Ka Ooltah Chashmah | Full Episode | तारक मेहता का उल्टा चश्मा,https://www.youtube.com/watch?v=qaFRf_PcaE8,Found
1621,"तारक मेहता का उल्टा चश्मा - एपिसोड 1621 - 5 मार्च, 2015",https://www.youtube.com/watch?v=ZMUN2mWvVos,Found
1622,"तारक मेहता का उल्टा चश्मा - एपिसोड 1622 - 6 मार्च, 2015",https://www.youtube.com/watch?v=uxYRizMhBX8,Found
1623,Ep 1623 - Taarak Mehta Ka Ooltah Chashmah | Full Episode | तारक मेहता का उल्टा चश्मा,https://www.youtube.com/watch?v=yOg5S5xAPKs,Found
1624,Ep 1624 - Taarak Mehta Ka Ooltah Chashmah | Full Episode | तारक मेहता का उल्टा चश्मा,https://www.youtube.com/watch?v=GOpjTUNSSJc,Found
1625,Ep 1625 - Taarak Mehta Ka Ooltah Chashmah | Full Episode | तारक मेहता का उल्टा चश्मा,https://www.youtube.com/watch?v=a-z-VHhDb6k,Found
1626,Ep 1626 - Taarak Mehta Ka Ooltah Chashmah | Full Episode | तारक मेहता का उल्टा चश्मा,https://www.youtube.com/watch?v=PyR_re4J358,Found
1627,Ep 1627 - Taarak Mehta Ka Ooltah Chashmah | Full Episode | तारक मेहता का उल्टा चश्मा,https://www.youtube.com/watch?v=x2DkmOHK-KM,Found
1628,Ep 1628 - Taarak Mehta Ka Ooltah Chashmah | Full Episode | तारक मेहता का उल्टा चश्मा,https://www.youtube.com/watch?v=KnFiA-9EoFg,Found
1629,Ep 1629 - Taarak Mehta Ka Ooltah Chashmah | Full Episode | तारक मेहता का उल्टा चश्मा,https://www.youtube.com/watch?v=jfLhcvf27Ag,Found
1630,Ep 1630 - Bhide Ka Scooter Chori | Taarak Mehta Ka Ooltah Chashmah | Full Episode | तारक मेहता,https://www.youtube.com/watch?v=YlxN7Zc44WI,Found
1631,Ep 1631 - Bhide Ka Scooter Chori | Taarak Mehta Ka Ooltah Chashmah | Full Episode | तारक मेहता,https://www.youtube.com/watch?v=Rl-BJOkbrMI,Found
1632,Ep 1632 - Bhide Ka Scooter Chori | Taarak Mehta Ka Ooltah Chashmah | Full Episode | तारक मेहता,https://www.youtube.com/watch?v=IHxZW8EbYsk,Found
1633,Ep 1633 - Bhide Ka Scooter Chori | Taarak Mehta Ka Ooltah Chashmah | Full Episode | तारक मेहता,https://www.youtube.com/watch?v=aPSvFKVqCyo,Found
1634,Ep 1634 - Bhide Ka Scooter Chori | Taarak Mehta Ka Ooltah Chashmah | Full Episode | तारक मेहता,https://www.youtube.com/watch?v=z2zDZOgaSd4,Found
1635,Ep 1635 - Taarak Mehta Ka Ooltah Chashmah | Full Episode | तारक मेहता का उल्टा चश्मा,https://www.youtube.com/watch?v=GS2gTMQfjQg,Found
1636,Ep 1636 - Bhide Ka Scooter Chori | Taarak Mehta Ka Ooltah Chashmah | Full Episode | तारक मेहता,https://www.youtube.com/watch?v=HcwO_6W1oig,Found
1637,Ep 1637 - Daya Ki Beti | Taarak Mehta Ka Ooltah Chashmah | Full Episode | तारक मेहता का उल्टा चश्मा,https://www.youtube.com/watch?v=TasOiTaEvps,Found
1638,"Taarak Mehta Ka Ooltah Chashmah - Full Episode 1638 - 1st January, 2019",https://www.youtube.com/watch?v=lBWDMQ8L3rc,Found
1639,Ep 1639 - Daya Ki Beti | Taarak Mehta Ka Ooltah Chashmah | Full Episode | तारक मेहता का उल्टा चश्मा,https://www.youtube.com/watch?v=U5pL7-m57tM,Found
1640,Ep 1640 - Daya Ki Beti | Taarak Mehta Ka Ooltah Chashmah | Full Episode | तारक मेहता का उल्टा चश्मा,https://www.youtube.com/watch?v=9bh3omlmzT0,Found
1641,Ep 1641 - Daya Ki Beti | Taarak Mehta Ka Ooltah Chashmah | Full Episode | तारक मेहता का उल्टा चश्मा,https://www.youtube.com/watch?v=-g_dk37bEwE,Found
1642,Ep 1642 - Daya Ki Beti | Taarak Mehta Ka Ooltah Chashmah | Full Episode | तारक मेहता का उल्टा चश्मा,https://www.youtube.com/watch?v=fAPS8uQcDpw,Found
1643,Ep 1643 - Daya Ki Beti | Taarak Mehta Ka Ooltah Chashmah | Full Episode | तारक मेहता का उल्टा चश्मा,https://www.youtube.com/watch?v=4W-OdQYFiFg,Found
1644,"तारक मेहता का उल्टा चश्मा - एपिसोड 1644 - 6 अप्रैल, 2015",https://www.youtube.com/watch?v=nATcUJUTyVQ,Found
1645,Ep 1645 - Daya Ki Beti | Taarak Mehta Ka Ooltah Chashmah | Full Episode | तारक मेहता का उल्टा चश्मा,https://www.youtube.com/watch?v=mtquNKY6AKk,Found
1646,"तारक मेहता का उल्टा चश्मा - एपिसोड 1646 - 8 अप्रैल, 2015",https://www.youtube.com/watch?v=PKfk3aknWZE,Found
1647,Ep 1647 - Daya Ki Beti | Taarak Mehta Ka Ooltah Chashmah | Full Episode | तारक मेहता का उल्टा चश्मा,https://www.youtube.com/watch?v=2BmheoxAUoU,Found
1648,Ep 1648 - Daya Ki Beti | Taarak Mehta Ka Ooltah Chashmah | Full Episode | तारक मेहता का उल्टा चश्मा,https://www.youtube.com/watch?v=SiaUyGVUl-Q,Found
1649,Ep 1649 - Daya Ki Beti | Taarak Mehta Ka Ooltah Chashmah | Full Episode | तारक मेहता का उल्टा चश्मा,https://www.youtube.com/watch?v=UkzbLo35p2A,Found
1650,Ep 1650 - Daya Ki Beti | Taarak Mehta Ka Ooltah Chashmah | Full Episode | तारक मेहता का उल्टा चश्मा,https://www.youtube.com/watch?v=E7cnFFcit6M,Found
1651,Taarak Mehta Ka Ooltah Chashmah - तारक मेहता का उल्टा चशमाह - Episode 1651 - Full Episode,https://www.youtube.com/watch?v=X5Mrtpb8Kpo,Found
1652,Ep 1652 - Daya Ki Beti | Taarak Mehta Ka Ooltah Chashmah | Full Episode | तारक मेहता का उल्टा चश्मा,https://www.youtube.com/watch?v=-9u1d-UKIvw,Found
1653,Ep 1653 - Daya Ki Beti | Taarak Mehta Ka Ooltah Chashmah | Full Episode | तारक मेहता का उल्टा चश्मा,https://www.youtube.com/watch?v=ksoheyaJ_pA,Found
1654,Ep 1654 - Daya Ki Beti | Taarak Mehta Ka Ooltah Chashmah | Full Episode | तारक मेहता का उल्टा चश्मा,https://www.youtube.com/watch?v=Ve_A4lPqtCk,Found
1655,Taarak Mehta Ka Ooltah Chashmah | Throwback | तारक मेहता का उल्टा चशमाह | Full Episode - 1655,https://www.youtube.com/watch?v=4HEI6aAb6zg,Found
1656,Taarak Mehta Ka Ooltah Chashmah - तारक मेहता - Episode 1656 - 22nd April 2015,https://www.youtube.com/watch?v=RlheKfRoDP4,Found
1657,Ep 1657 - Daya Ki Beti | Taarak Mehta Ka Ooltah Chashmah | Full Episode | तारक मेहता का उल्टा चश्मा,https://www.youtube.com/watch?v=aUX_sIl-NcM,Found
1658,Ep 1658 - Daya Ki Beti | Taarak Mehta Ka Ooltah Chashmah | Full Episode | तारक मेहता का उल्टा चश्मा,https://www.youtube.com/watch?v=4IsrFsctL6A,Found
1659,Ep 1659 - Daya Ki Beti | Taarak Mehta Ka Ooltah Chashmah | Full Episode | तारक मेहता का उल्टा चश्मा,https://www.youtube.com/watch?v=q_3LXpdC034,Found
1660,Ep 1660 - Daya Ki Beti | Taarak Mehta Ka Ooltah Chashmah | Full Episode | तारक मेहता का उल्टा चश्मा,https://www.youtube.com/watch?v=kNSEMwdNadg,Found
1661,Ep 1661 - Daya Ki Beti | Taarak Mehta Ka Ooltah Chashmah | Full Episode | तारक मेहता का उल्टा चश्मा,https://www.youtube.com/watch?v=wr5c3TW2bGI,Found
1662,Ep 1662 - Daya Ki Beti | Taarak Mehta Ka Ooltah Chashmah | Full Episode | तारक मेहता का उल्टा चश्मा,https://www.youtube.com/watch?v=3t_jCqLySE4,Found
1663,Ep 1663 - Daya Ki Beti | Taarak Mehta Ka Ooltah Chashmah | Full Episode | तारक मेहता का उल्टा चश्मा,https://www.youtube.com/watch?v=3N1puCenGDo,Found
1664,"तारक मेहता का उल्टा चश्मा -एपिसोड 1664 - 4 मई, 2015",https://www.youtube.com/watch?v=MPQY0IaRdCQ,Found
1665,Ep 1665 - Daya Ki Beti | Taarak Mehta Ka Ooltah Chashmah | Full Episode | तारक मेहता का उल्टा चश्मा,https://www.youtube.com/watch?v=qBaQ4kjgQmM,Found
1666,"तारक मेहता का उल्टा चश्मा -एपिसोड 1666 - 6 मई, 2015",https://www.youtube.com/watch?v=MhgrZxmwJYU,Found
1667,Ep 1667 - Daya Ki Beti | Taarak Mehta Ka Ooltah Chashmah | Full Episode | तारक मेहता का उल्टा चश्मा,https://www.youtube.com/watch?v=2P_zckheNo0,Found
1668,Ep 1668 - Newspaper Chor | Taarak Mehta Ka Ooltah Chashmah | Full Episode| तारक मेहता का उल्टा चश्मा,https://www.youtube.com/watch?v=vC-KyapZxAY,Found
1669,Taarak Mehta Ka Ooltah Chashmah - तारक मेहता - Episode 1669 - 11th May 2015,https://www.youtube.com/watch?v=la_QNr6XbHg,Found
1670,Ep 1670 - Popatlal Ki Enquiry?! | Taarak Mehta Ka Ooltah Chashmah | Full Episode | तारक मेहता,https://www.youtube.com/watch?v=Q_BNEXw_8_4,Found
1671,Ep 1671 - Popatlal Ke Rishtey Ki Baat | Taarak Mehta Ka Ooltah Chashmah | Full Episode | तारक मेहता,https://www.youtube.com/watch?v=2Vir0D8lYtg,Found
1672,Ep 1672 - Popatlal Ki Mushkil | Taarak Mehta Ka Ooltah Chashmah | Full Episode | तारक मेहता,https://www.youtube.com/watch?v=sXpOxWTBasE,Found
1673,Ep 1673 - Future Baba | Taarak Mehta Ka Ooltah Chashmah | Full Episode | तारक मेहता,https://www.youtube.com/watch?v=M7CIzbqeqYk,Found
1674,Ep 1674 - Popatlal Ki Hone Wali Biwi?! | Taarak Mehta Ka Ooltah Chashmah | Full Episode | तारक मेहता,https://www.youtube.com/watch?v=v4hK2daxWss,Found
1675,Ep 1675 - Popatlal Aur Sapna Ki Kundali | Taarak Mehta Ka Ooltah Chashmah | Full Episode| तारक मेहता,https://www.youtube.com/watch?v=MBgj2A6VbLs,Found
1676,Ep 1676 - Popatlal Ki Shaadi Pakki?! | Taarak Mehta Ka Ooltah Chashmah | Full Episode| तारक मेहता,https://www.youtube.com/watch?v=uA9o-3Gx0OQ,Found
1677,Ep 1677 - Popatlal की सगाई ?! | Taarak Mehta Ka Ooltah Chashmah | Full Episode| तारक मेहता,https://www.youtube.com/watch?v=xptUdTnGqJI,Found
1678,Ep 1678 - Popatlal Ko Mili New Car ?! | Taarak Mehta Ka Ooltah Chashmah | Full Episode| तारक मेहता,https://www.youtube.com/watch?v=5UYyN2JeybI,Found
1679,Ep 1679 - Fraud Fiance?! | Taarak Mehta Ka Ooltah Chashmah | Full Episode| तारक मेहता,https://www.youtube.com/watch?v=rBBscyrXE88,Found
1680,Ep 1680 - Fraud Minty?! | Taarak Mehta Ka Ooltah Chashmah | Full Episode | तारक मेहता,https://www.youtube.com/watch?v=xq1LsAOCG5E,Found
1681,Ep 1681 - Popatlal Arranges 60 Lakh?! | Taarak Mehta Ka Ooltah Chashmah | Full Episode| तारक मेहता,https://www.youtube.com/watch?v=yh-0XzqCEVQ,Found
1682,Ep 1682 - Popatlal Ke Saath Hua Fraud?! | Taarak Mehta Ka Ooltah Chashmah | Full Episode| तारक मेहता,https://www.youtube.com/watch?v=XDyMaP_FO3c,Found
1683,Ep 1683 - Sapna Ne Diya Dhoka ?! | Taarak Mehta Ka Ooltah Chashmah | Full Episode| तारक मेहता,https://www.youtube.com/watch?v=2bBqGd4D1Jo,Found
1684,Ep 1684 -  Jethalal Ka Surprise?! | Taarak Mehta Ka Ooltah Chashmah | Full Episode| तारक मेहता,https://www.youtube.com/watch?v=QsPeo71gasc,Found
1685,Ep 1685 -  Tapu Sena Ka Result | Taarak Mehta Ka Ooltah Chashmah | Full Episode | तारक मेहता,https://www.youtube.com/watch?v=do1QFiTVyvw,Found
1686,"Taarak Mehta Ka Ooltah Chashmah | तारक मेहता का उल्टा चश्मा | Episode 1686 | 2nd February, 2021",https://www.youtube.com/watch?v=Ymj0rQv5CFE,Found
1687,Ep 1687 -  Tapu Sena Ka Result | Taarak Mehta Ka Ooltah Chashmah | Full Episode | तारक मेहता,https://www.youtube.com/watch?v=aWZx1uL5OdE,Found
1688,Ep 1688 -  Tapu Sena Ka Result | Taarak Mehta Ka Ooltah Chashmah | Full Episode | तारक मेहता,https://www.youtube.com/watch?v=aTv_vRAPiGk,Found
1689,Ep 1689 -  Tapu Sena Ka Result | Taarak Mehta Ka Ooltah Chashmah | Full Episode | तारक मेहता,https://www.youtube.com/watch?v=T2Bsa_u18M0,Found
1690,Ep 1690 -  Tapu Sena Ka Result | Taarak Mehta Ka Ooltah Chashmah | Full Episode | तारक मेहता,https://www.youtube.com/watch?v=SVuA2xOfQQs,Found
1691,Ep 1691 -  Tapu Sena Ka Result | Taarak Mehta Ka Ooltah Chashmah | Full Episode | तारक मेहता,https://www.youtube.com/watch?v=apPMoPZ56Tg,Found
1692,Ep 1692 -  Tapu Sena Ka Result | Taarak Mehta Ka Ooltah Chashmah | Full Episode | तारक मेहता,https://www.youtube.com/watch?v=WUK6haqcjTQ,Found
1693,Ep 1693 -  Tapu Sena Ka Result | Taarak Mehta Ka Ooltah Chashmah | Full Episode | तारक मेहता,https://www.youtube.com/watch?v=XrnPCacDphg,Found
1694,Ep 1694 -  Tapu Sena Ka Result | Taarak Mehta Ka Ooltah Chashmah | Full Episode | तारक मेहता,https://www.youtube.com/watch?v=MfIn9JSO7Kk,Found
1695,Ep 1695 -  Tapu Sena Ka Result | Taarak Mehta Ka Ooltah Chashmah | Full Episode | तारक मेहता,https://www.youtube.com/watch?v=jRIagxGAkMY,Found
1696,"Taarak Mehta Ka Ooltah Chashmah | तारक मेहता का उल्टा चश्मा | Episode 1696 | 7th February, 2021",https://www.youtube.com/watch?v=2NRrKtUrpi0,Found
1697,Ep 1697 -  Tapu Sena Ka Result | Taarak Mehta Ka Ooltah Chashmah | Full Episode | तारक मेहता,https://www.youtube.com/watch?v=lav8rpploTo,Found
1698,Ep 1698 -  Tapu Sena Ka Result | Taarak Mehta Ka Ooltah Chashmah | Full Episode | तारक मेहता,https://www.youtube.com/watch?v=qAne27bOJgw,Found
1699,Ep 1699 -  Tapu Sena Ka Result | Taarak Mehta Ka Ooltah Chashmah | Full Episode | तारक मेहता,https://www.youtube.com/watch?v=ACwlq7F3LNA,Found
1700,Ep 1700 -  Tapu Sena Ka Result | Taarak Mehta Ka Ooltah Chashmah | Full Episode | तारक मेहता,https://www.youtube.com/watch?v=WBUHTqKEBUs,Found
1701,Ep 1701 -  Tapu Sena Ka Result | Taarak Mehta Ka Ooltah Chashmah | Full Episode | तारक मेहता,https://www.youtube.com/watch?v=-3vgCpsYE_g,Found
1702,"Taarak Mehta Ka Ooltah Chashmah - तारक मेहता - Episode 1702 - 24th June, 2015",https://www.youtube.com/watch?v=dnbDYkojMDk,Found
1703,Ep 1703 -  Tapu Sena Goes To College | Taarak Mehta Ka Ooltah Chashmah | Full Episode | तारक मेहता,https://www.youtube.com/watch?v=JdJHoXQUWOw,Found
1704,Ep 1704 -  Tapu Sena Goes To College | Taarak Mehta Ka Ooltah Chashmah | Full Episode | तारक मेहता,https://www.youtube.com/watch?v=EfZeV90Hf38,Found
1705,Ep 1705 -  Tapu Sena Goes To College | Taarak Mehta Ka Ooltah Chashmah | Full Episode | तारक मेहता,https://www.youtube.com/watch?v=qzeMCeF5Fvs,Found
1706,Ep 1706 -  Tapu Sena Goes To College | Taarak Mehta Ka Ooltah Chashmah | Full Episode | तारक मेहता,https://www.youtube.com/watch?v=wGb5ci-xGrs,Found
1707,"Taarak Mehta Ka Ooltah Chashmah - तारक मेहता - Episode 1707 - 1st July, 2015",https://www.youtube.com/watch?v=OljDXc0BbhM,Found
1708,Ep 1708 -  Tapu Sena Goes To College | Taarak Mehta Ka Ooltah Chashmah | Full Episode | तारक मेहता,https://www.youtube.com/watch?v=8r2uveuKIP0,Found
1709,Ep 1709 -  Tapu Sena Goes To College | Taarak Mehta Ka Ooltah Chashmah | Full Episode | तारक मेहता,https://www.youtube.com/watch?v=FRu6jqz_Y2w,Found
1710,Ep 1710 -  Tapu Sena Goes To College | Taarak Mehta Ka Ooltah Chashmah | Full Episode | तारक मेहता,https://www.youtube.com/watch?v=YA3KWjvozJo,Found
1711,Ep 1711 -  Tapu Sena Goes To College | Taarak Mehta Ka Ooltah Chashmah | Full Episode | तारक मेहता,https://www.youtube.com/watch?v=hW4kiKv0zD8,Found
1712,Ep 1712 -  Tapu Sena Goes To College | Taarak Mehta Ka Ooltah Chashmah | Full Episode | तारक मेहता,https://www.youtube.com/watch?v=KOZEmHpOJP4,Found
1713,Ep 1713 -  Tapu Sena Goes To College | Taarak Mehta Ka Ooltah Chashmah | Full Episode | तारक मेहता,https://www.youtube.com/watch?v=bF8fojIJ5mc,Found
1714,Ep 1714 -  Tapu Sena Goes To College | Taarak Mehta Ka Ooltah Chashmah | Full Episode | तारक मेहता,https://www.youtube.com/watch?v=RRvxWv8F6SI,Found
1715,Ep 1715 -  Tapu Sena Goes To College | Taarak Mehta Ka Ooltah Chashmah | Full Episode | तारक मेहता,https://www.youtube.com/watch?v=90f736Hj3SI,Found
1716,Ep 1716 -  Tapu Sena Goes To College | Taarak Mehta Ka Ooltah Chashmah | Full Episode | तारक मेहता,https://www.youtube.com/watch?v=RFT87gmRQ0M,Found
1717,Ep 1717 -  Tapu Sena Goes To College | Taarak Mehta Ka Ooltah Chashmah | Full Episode | तारक मेहता,https://www.youtube.com/watch?v=JdxtM5wbBnY,Found
1718,Ep 1718 -  Tapu Sena Goes To College | Taarak Mehta Ka Ooltah Chashmah | Full Episode | तारक मेहता,https://www.youtube.com/watch?v=RbZKvtydtHs,Found
1719,Ep 1719 -  Tapu Sena Goes To College | Taarak Mehta Ka Ooltah Chashmah | Full Episode | तारक मेहता,https://www.youtube.com/watch?v=OC8DDMWemrU,Found
1720,Ep 1720 -  Tapu Sena Goes To College | Taarak Mehta Ka Ooltah Chashmah | Full Episode | तारक मेहता,https://www.youtube.com/watch?v=HBkvHRa2KMk,Found
1721,Ep 1721 -  Tapu Sena Goes To College | Taarak Mehta Ka Ooltah Chashmah | Full Episode | तारक मेहता,https://www.youtube.com/watch?v=QStu90h4Cic,Found
1722,Ep 1722 -  Tapu Sena Goes To College | Taarak Mehta Ka Ooltah Chashmah | Full Episode | तारक मेहता,https://www.youtube.com/watch?v=xjrRsOULLIk,Found
1723,Ep 1723 -  Tapu Sena Goes To College | Taarak Mehta Ka Ooltah Chashmah | Full Episode | तारक मेहता,https://www.youtube.com/watch?v=Ue-RPu2W9S0,Found
1724,"Taarak Mehta Ka Ooltah Chashmah | तारक मेहता का उल्टा चश्मा | Episode 1724 | 21th February, 2021",https://www.youtube.com/watch?v=dy7OQcWsdNk,Found
1725,Ep 1725 -  Tapu Sena Goes To College | Taarak Mehta Ka Ooltah Chashmah | Full Episode | तारक मेहता,https://www.youtube.com/watch?v=k2bqnwWi2jg,Found
1726,Ep 1726 -  Tapu Sena Goes To College | Taarak Mehta Ka Ooltah Chashmah | Full Episode | तारक मेहता,https://www.youtube.com/watch?v=z7U2GLdsRIA,Found
1727,Ep 1727 -  Tapu Sena Goes To College | Taarak Mehta Ka Ooltah Chashmah | Full Episode | तारक मेहता,https://www.youtube.com/watch?v=twJvG8rvPHQ,Found
1728,Ep 1728 -  Tapu Sena Goes To College | Taarak Mehta Ka Ooltah Chashmah | Full Episode | तारक मेहता,https://www.youtube.com/watch?v=dvhMftucbc4,Found
1729,Taarak Mehta Ka Ooltah Chashmah -Throwback - Episode 1729 - Full Episode,https://www.youtube.com/watch?v=3THJ5bFa0ck,Found
1730,Ep 1730 -  Bagha Bawri Ki Engagement | Taarak Mehta Ka Ooltah Chashmah | Full Episode | तारक मेहता,https://www.youtube.com/watch?v=qZNVGYYfvnk,Found
1731,Ep 1731 -  Bagha Bawri Ki Engagement | Taarak Mehta Ka Ooltah Chashmah | Full Episode | तारक मेहता,https://www.youtube.com/watch?v=ZmdUGwULP6E,Found
1732,Ep 1732 -  Bagha Bawri Ki Engagement | Taarak Mehta Ka Ooltah Chashmah | Full Episode | तारक मेहता,https://www.youtube.com/watch?v=Qzrf-VXebHY,Found
1733,Ep 1733 -  Bagha Bawri Ki Engagement | Taarak Mehta Ka Ooltah Chashmah | Full Episode | तारक मेहता,https://www.youtube.com/watch?v=_jccfgtMeOc,Found
1734,Ep 1734 -  Bagha Bawri Ki Engagement | Taarak Mehta Ka Ooltah Chashmah | Full Episode | तारक मेहता,https://www.youtube.com/watch?v=Uvrvn9IyrVk,Found
1735,Ep 1735 -  Bagha Bawri Ki Engagement | Taarak Mehta Ka Ooltah Chashmah | Full Episode | तारक मेहता,https://www.youtube.com/watch?v=mOxNZK5W0gg,Found
1736,"Taarak Mehta Ka Ooltah Chashmah - Full Episode 1736 - 27th January, 2019",https://www.youtube.com/watch?v=f3X4S4eoo2o,Found
1737,Ep 1737 -  Bagha Bawri Ki Engagement | Taarak Mehta Ka Ooltah Chashmah | Full Episode | तारक मेहता,https://www.youtube.com/watch?v=Ov6YBDEu4z8,Found
1738,Ep 1738 -  Bagha Bawri Ki Engagement | Taarak Mehta Ka Ooltah Chashmah | Full Episode | तारक मेहता,https://www.youtube.com/watch?v=3vasw40P6sk,Found
1739,Ep 1739 -  Bagha Bawri Ki Engagement | Taarak Mehta Ka Ooltah Chashmah | Full Episode | तारक मेहता,https://www.youtube.com/watch?v=ldPGf-plCuE,Found
1740,Ep 1740 -  Bagha Bawri Ki Engagement | Taarak Mehta Ka Ooltah Chashmah | Full Episode | तारक मेहता,https://www.youtube.com/watch?v=q3_4Hhf_DTc,Found
1741,Ep 1741 -  Bagha Bawri Ki Engagement | Taarak Mehta Ka Ooltah Chashmah | Full Episode | तारक मेहता,https://www.youtube.com/watch?v=lyrE-a_VNqI,Found
1742,Ep 1742 - Popatlal का छाता | Taarak Mehta Ka Ooltah Chashmah | Full Episode | तारक मेहता,https://www.youtube.com/watch?v=5lCNMMaHsEw,Found
1743,"तारक मेहता का उल्टा चश्मा - एपिसोड 1743 - 20 अगस्त, 2015",https://www.youtube.com/watch?v=kA70GZ9N3kw,Found
1744,Ep 1744 - Popatlal का छाता | Taarak Mehta Ka Ooltah Chashmah | Full Episode | तारक मेहता,https://www.youtube.com/watch?v=n6ERN9ya9LE,Found
1745,Ep 1745 - Popatlal का छाता | Taarak Mehta Ka Ooltah Chashmah | Full Episode | तारक मेहता,https://www.youtube.com/watch?v=FJuDKnggg7c,Found
1746,"Taarak Mehta Ka Ooltah Chashmah - तारक मेहता - Episode 1746 - 25th August, 2015",https://www.youtube.com/watch?v=6DRHZFakbz0,Found
1747,Ep 1747 - Popatlal का छाता | Taarak Mehta Ka Ooltah Chashmah | Full Episode | तारक मेहता,https://www.youtube.com/watch?v=mkxi-OGOE9c,Found
1748,Ep 1748 - Taarak Mehta Ka Ooltah Chashmah | Full Episode | तारक मेहता का उल्टा चश्मा,https://www.youtube.com/watch?v=SmozjVlO_Yo,Found
1749,Ep 1749 - Taarak Mehta Ka Ooltah Chashmah | Full Episode | तारक मेहता का उल्टा चश्मा,https://www.youtube.com/watch?v=lZpl7tQy784,Found
1750,Ep 1750 - Taarak Mehta Ka Ooltah Chashmah | Full Episode | तारक मेहता का उल्टा चश्मा,https://www.youtube.com/watch?v=EF5jQSBHLcc,Found
1751,Ep 1751 - Taarak Mehta Ka Ooltah Chashmah | Full Episode | तारक मेहता का उल्टा चश्मा,https://www.youtube.com/watch?v=IPOi13C5RfY,Found
1752,Ep 1752 - Taarak Mehta Ka Ooltah Chashmah | Full Episode | तारक मेहता का उल्टा चश्मा,https://www.youtube.com/watch?v=nDRQTQnkiN4,Found
1753,Ep 1753 - Taarak Mehta Ka Ooltah Chashmah | Full Episode | तारक मेहता का उल्टा चश्मा,https://www.youtube.com/watch?v=wryJ1K2JVHs,Found
1754,Ep 1754 - Taarak Mehta Ka Ooltah Chashmah | Full Episode | तारक मेहता का उल्टा चश्मा,https://www.youtube.com/watch?v=UCsV7nuqdcM,Found
1755,Ep 1755 - Taarak Mehta Ka Ooltah Chashmah | Full Episode | तारक मेहता का उल्टा चश्मा,https://www.youtube.com/watch?v=ymHiBpQrosM,Found
1756,Ep 1756 - Taarak Mehta Ka Ooltah Chashmah | Full Episode | तारक मेहता का उल्टा चश्मा,https://www.youtube.com/watch?v=njNfi_GmT8Q,Found
1757,Ep 1757 - Taarak Mehta Ka Ooltah Chashmah | Full Episode | तारक मेहता का उल्टा चश्मा,https://www.youtube.com/watch?v=5oajAZzfAz0,Found
1758,"तारक मेहता का उल्टा चश्मा - एपिसोड 1758 - 9 सितंबर, 2015",https://www.youtube.com/watch?v=a4bQYKgVUGc,Found
1759,"Taarak Mehta Ka Ooltah Chashmah - Full Episode 1759 - 19th February, 2019",https://www.youtube.com/watch?v=dZosHcW3fGI,Found
1760,"Taarak Mehta Ka Ooltah Chashmah - Full Episode 1760 - 19th February, 2019",https://www.youtube.com/watch?v=vyXgJjyMXu0,Found
1761,Ep 1761 - Flats Ki Renovation | Taarak Mehta Ka Ooltah Chashmah | Full Episode | तारक मेहता,https://www.youtube.com/watch?v=jt_17wcZ37A,Found
1762,"Taarak Mehta Ka Ooltah Chashmah - Full Episode 1762 - 20th February, 2019",https://www.youtube.com/watch?v=dmWDbeTYTLI,Found
1763,Ep 1763 - Flats Ki Renovation | Taarak Mehta Ka Ooltah Chashmah | Full Episode | तारक मेहता,https://www.youtube.com/watch?v=-di8QdI_aUg,Found
1764,Ep 1764 - Flats Ki Renovation | Taarak Mehta Ka Ooltah Chashmah | Full Episode | तारक मेहता,https://www.youtube.com/watch?v=uiw6EX9ui8Q,Found
1765,Ep 1765 - Flats Ki Renovation | Taarak Mehta Ka Ooltah Chashmah | Full Episode | तारक मेहता,https://www.youtube.com/watch?v=QOcoFHakgAw,Found
1766,"Taarak Mehta Ka Ooltah Chashmah - Full Episode 1766 - 22nd February, 2019",https://www.youtube.com/watch?v=adfnhrZOa7Q,Found
1767,Ep 1767 - Flats Ki Renovation | Taarak Mehta Ka Ooltah Chashmah | Full Episode | तारक मेहता,https://www.youtube.com/watch?v=6UMu-9pSbWk,Found
1768,Ep 1768 - Taarak Mehta Ka Ooltah Chashmah | Full Episode | तारक मेहता का उल्टा चश्मा,https://www.youtube.com/watch?v=hFjnYgJwYK0,Found
1769,Ep 1769 - Taarak Mehta Ka Ooltah Chashmah | Full Episode | तारक मेहता का उल्टा चश्मा,https://www.youtube.com/watch?v=h8QgwoxpS1Y,Found
1770,Ep 1770 - Taarak Mehta Ka Ooltah Chashmah | Full Episode | तारक मेहता का उल्टा चश्मा,https://www.youtube.com/watch?v=ZVApqWi416M,Found
1771,"Taarak Mehta Ka Ooltah Chashmah | तारक मेहता का उल्टा चश्मा | Episode 1771 | 24th February, 2021",https://www.youtube.com/watch?v=AaFNWMNanKY,Found
1772,"Taarak Mehta Ka Ooltah Chashmah | तारक मेहता का उल्टा चश्मा | Episode 1772 | 25th February, 2021",https://www.youtube.com/watch?v=oIQ_oUX78dA,Found
1773,"Taarak Mehta Ka Ooltah Chashmah | तारक मेहता का उल्टा चश्मा | Episode 1773 | 25th February, 2021",https://www.youtube.com/watch?v=DfKkSh__JyE,Found
1774,"Taarak Mehta Ka Ooltah Chashmah | तारक मेहता का उल्टा चश्मा | Episode 1774 | 26th February, 2021",https://www.youtube.com/watch?v=FteuwHLDNgs,Found
1775,Ep 1775 - Taarak Mehta Ka Ooltah Chashmah | Full Episode | तारक मेहता का उल्टा चश्मा,https://www.youtube.com/watch?v=6g9zZvKt9lw,Found
1776,"तारक मेहता का उल्टा चश्मा - एपिसोड 1776 - 5 अक्टूबर, 2015",https://www.youtube.com/watch?v=OczASBW9eT4,Found
1777,Ep 1777 - Flats Ki Renovation | Taarak Mehta Ka Ooltah Chashmah | Full Episode | तारक मेहता,https://www.youtube.com/watch?v=-YJPs0Ga_Xg,Found
1778,Ep 1778 - Flats Ki Renovation | Taarak Mehta Ka Ooltah Chashmah | Full Episode | तारक मेहता,https://www.youtube.com/watch?v=lSR8ocNnRdw,Found
1779,Ep 1779 - Flats Ki Renovation | Taarak Mehta Ka Ooltah Chashmah | Full Episode | तारक मेहता,https://www.youtube.com/watch?v=ZVUOiTQRvZQ,Found
1780,Ep 1780 - Flats Ki Renovation | Taarak Mehta Ka Ooltah Chashmah | Full Episode | तारक मेहता,https://www.youtube.com/watch?v=4sn-Im-ypeU,Found
1781,Ep 1781 - Flats Ki Renovation | Taarak Mehta Ka Ooltah Chashmah | Full Episode | तारक मेहता,https://www.youtube.com/watch?v=m-2aFCLUm-s,Found
1782,Ep 1782 - Flats Ki Renovation | Taarak Mehta Ka Ooltah Chashmah | Full Episode | तारक मेहता,https://www.youtube.com/watch?v=wNB1ZwTgAOg,Found
1783,Ep 1783 - Flats Ki Renovation | Taarak Mehta Ka Ooltah Chashmah | Full Episode | तारक मेहता,https://www.youtube.com/watch?v=kHSf1gWDQdU,Found
1784,Ep 1784 - Flats Ki Renovation | Taarak Mehta Ka Ooltah Chashmah | Full Episode | तारक मेहता,https://www.youtube.com/watch?v=2qxnJxYEMtY,Found
1785,Ep 1785 - Flats Ki Renovation | Taarak Mehta Ka Ooltah Chashmah | Full Episode | तारक मेहता,https://www.youtube.com/watch?v=lWbFbOiLYmc,Found
1786,Ep 1786 - Flats Ki Renovation | Taarak Mehta Ka Ooltah Chashmah | Full Episode | तारक मेहता,https://www.youtube.com/watch?v=bvpnJXtVlus,Found
1787,Ep 1787 - Flats Ki Renovation | Taarak Mehta Ka Ooltah Chashmah | Full Episode | तारक मेहता,https://www.youtube.com/watch?v=rPIFtKM-Q3g,Found
1788,Ep 1788 - Flats Ki Renovation | Taarak Mehta Ka Ooltah Chashmah | Full Episode | तारक मेहता,https://www.youtube.com/watch?v=GuC_C2IcUfM,Found
1789,Ep 1789 - Flats Ki Renovation | Taarak Mehta Ka Ooltah Chashmah | Full Episode | तारक मेहता,https://www.youtube.com/watch?v=AyIzRyiiMH4,Found
1790,Ep 1790 - Flats Ki Renovation | Taarak Mehta Ka Ooltah Chashmah | Full Episode | तारक मेहता,https://www.youtube.com/watch?v=3mZDSmj90vE,Found
1791,Ep 1791 - Flats Ki Renovation | Taarak Mehta Ka Ooltah Chashmah | Full Episode | तारक मेहता,https://www.youtube.com/watch?v=pJuC12PcgWM,Found
1792,Ep 1792 - Flats Ki Renovation | Taarak Mehta Ka Ooltah Chashmah | Full Episode | तारक मेहता,https://www.youtube.com/watch?v=Ls4vhrzutvA,Found
1793,Ep 1793 - Flats Ki Renovation | Taarak Mehta Ka Ooltah Chashmah | Full Episode | तारक मेहता,https://www.youtube.com/watch?v=ifP5CNFPZbw,Found
1794,Ep 1794 - Flats Ki Renovation | Taarak Mehta Ka Ooltah Chashmah | Full Episode | तारक मेहता,https://www.youtube.com/watch?v=G-a6Hi8NQSw,Found
1795,Ep 1795 - Flats Ki Renovation | Taarak Mehta Ka Ooltah Chashmah | Full Episode | तारक मेहता,https://www.youtube.com/watch?v=S-hjyZmSoLg,Found
1796,Ep 1796 - Flats Ki Renovation | Taarak Mehta Ka Ooltah Chashmah | Full Episode | तारक मेहता,https://www.youtube.com/watch?v=_bD_DW9rpXo,Found
1797,Ep 1797 - Flats Ki Renovation | Taarak Mehta Ka Ooltah Chashmah | Full Episode | तारक मेहता,https://www.youtube.com/watch?v=l_zVHe90gAw,Found
1798,Ep 1798 - Flats Ki Renovation | Taarak Mehta Ka Ooltah Chashmah | Full Episode | तारक मेहता,https://www.youtube.com/watch?v=ccOQrHLDgO8,Found
1799,Ep 1799 - Flats Ki Renovation | Taarak Mehta Ka Ooltah Chashmah | Full Episode | तारक मेहता,https://www.youtube.com/watch?v=B_SGaGN5hoo,Found
1800,Ep 1800 - Flats Ki Renovation | Taarak Mehta Ka Ooltah Chashmah | Full Episode | तारक मेहता,https://www.youtube.com/watch?v=H7w8g_3-Oe8,Found
1801,"तारक मेहता का उल्टा चश्मा - एपिसोड 1801 - 9 नवंबर, 2015",https://www.youtube.com/watch?v=gr7ABgA6UG8,Found
1802,Ep 1802 - Flats Ki Renovation | Taarak Mehta Ka Ooltah Chashmah | Full Episode | तारक मेहता,https://www.youtube.com/watch?v=CjUQ32XO03I,Found
1803,Ep 1803 - Flats Ki Renovation | Taarak Mehta Ka Ooltah Chashmah | Full Episode | तारक मेहता,https://www.youtube.com/watch?v=Yi8qwttfMZw,Found
1804,Ep 1804 - Flats Ki Renovation | Taarak Mehta Ka Ooltah Chashmah | Full Episode | तारक मेहता,https://www.youtube.com/watch?v=x0r-y2kTjoY,Found
1805,Ep 1805 - Flats Ki Renovation | Taarak Mehta Ka Ooltah Chashmah | Full Episode | तारक मेहता,https://www.youtube.com/watch?v=qjisfrnmQ3Q,Found
1806,Ep 1806 - Flats Ki Renovation | Taarak Mehta Ka Ooltah Chashmah | Full Episode | तारक मेहता,https://www.youtube.com/watch?v=yS3taRrl2Ms,Found
1807,Ep 1807 - Ghar Pravesh | Taarak Mehta Ka Ooltah Chashmah | Full Episode | तारक मेहता,https://www.youtube.com/watch?v=hfQkWq4RFR4,Found
1808,Ep 1808 - Flats Ki Renovation | Taarak Mehta Ka Ooltah Chashmah | Full Episode | तारक मेहता,https://www.youtube.com/watch?v=m7wXumJUn5U,Found
1809,"Taarak Mehta Ka Ooltah Chashmah | तारक मेहता का उल्टा चश्मा | Episode 1809 | 12th March, 2021",https://www.youtube.com/watch?v=KHpYXlw14nk,Found
1810,Ep 1810 - Flats Ki Renovation | Taarak Mehta Ka Ooltah Chashmah | Full Episode | तारक मेहता,https://www.youtube.com/watch?v=A4y-xSlpdLI,Found
1811,Ep 1811 - Theft In Gokuldham | Taarak Mehta Ka Ooltah Chashmah | Full Episode | तारक मेहता,https://www.youtube.com/watch?v=j0H5OFGkVog,Found
1812,Ep 1812 - Theft In Gokuldham | Taarak Mehta Ka Ooltah Chashmah | Full Episode | तारक मेहता,https://www.youtube.com/watch?v=QU0Gnj3MGhY,Found
1813,Ep 1813 - Theft In Gokuldham | Taarak Mehta Ka Ooltah Chashmah | Full Episode | तारक मेहता,https://www.youtube.com/watch?v=1qDOOt00pU0,Found
1814,Ep 1814 - Theft In Gokuldham | Taarak Mehta Ka Ooltah Chashmah | Full Episode | तारक मेहता,https://www.youtube.com/watch?v=ur6_pZZ9ZtQ,Found
1815,Ep 1815 - Theft In Gokuldham | Taarak Mehta Ka Ooltah Chashmah | Full Episode | तारक मेहता,https://www.youtube.com/watch?v=23g5QBF40WQ,Found
1816,Ep 1816 - Theft In Gokuldham | Taarak Mehta Ka Ooltah Chashmah | Full Episode | तारक मेहता,https://www.youtube.com/watch?v=K_DJ_HcddOI,Found
1817,Ep 1817 - Theft In Gokuldham | Taarak Mehta Ka Ooltah Chashmah | Full Episode | तारक मेहता,https://www.youtube.com/watch?v=HG9WL3qvIKI,Found
1818,Ep 1818 - Theft In Gokuldham | Taarak Mehta Ka Ooltah Chashmah | Full Episode | तारक मेहता,https://www.youtube.com/watch?v=Qqxdw7lb3AE,Found
1819,"तारक मेहता का उल्टा चश्मा -एपिसोड 1819 - 3 दिसंबर, 2015",https://www.youtube.com/watch?v=NIc0kZUyfts,Found
1820,Ep 1820 - Popatlal Bana Jethalal?! | Taarak Mehta Ka Ooltah Chashmah | Full Episode | तारक मेहता,https://www.youtube.com/watch?v=-Y_rVGymPY8,Found
1821,Ep 1821 - Popatlal Bana Jethalal?! | Taarak Mehta Ka Ooltah Chashmah | Full Episode | तारक मेहता,https://www.youtube.com/watch?v=m39GGJrB8wE,Found
1822,"तारक मेहता का उल्टा चश्मा - एपिसोड 1822 - 8 मार्च दिसंबर, 2015",https://www.youtube.com/watch?v=TD9Z4xn5HdM,Found
1823,Ep 1823 - Popatlal Bana Jethalal?! | Taarak Mehta Ka Ooltah Chashmah | Full Episode | तारक मेहता,https://www.youtube.com/watch?v=q1IUM0CofJ0,Found
1824,Ep 1824 - Popatlal Bana Jethalal?! | Taarak Mehta Ka Ooltah Chashmah | Full Episode | तारक मेहता,https://www.youtube.com/watch?v=ZvyiqJywMdw,Found
1825,"Taarak Mehta Ka Ooltah Chashmah - तारक मेहता - Episode 1825 - 12th March, 2019",https://www.youtube.com/watch?v=NQShPvtBiVY,Found
1826,Ep 1826 - Popatlal Bana Jethalal?! | Taarak Mehta Ka Ooltah Chashmah | Full Episode | तारक मेहता,https://www.youtube.com/watch?v=r8RBgdkBpdo,Found
1827,Ep 1827 - Taarak Mehta Ka Ooltah Chashmah | Full Episode | तारक मेहता का उल्टा चश्मा,https://www.youtube.com/watch?v=KKLmkJ5KOhA,Found
1828,"Taarak Mehta Ka Ooltah Chashmah - Full Episode 1828 - 14th March, 2019",https://www.youtube.com/watch?v=WxvXh8USZXs,Found
1829,Ep 1829 - Taarak Mehta Ka Ooltah Chashmah | Full Episode | तारक मेहता का उल्टा चश्मा,https://www.youtube.com/watch?v=mOSQfcjDEH4,Found
1830,Ep 1830 - Babitaji Model?! | Taarak Mehta Ka Ooltah Chashmah | Full Episode | तारक मेहता,https://www.youtube.com/watch?v=jm3itl-VxWI,Found
1831,Ep 1831 - Babitaji Model?! | Taarak Mehta Ka Ooltah Chashmah | Full Episode | तारक मेहता,https://www.youtube.com/watch?v=zekDxUegTGI,Found
1832,"Taarak Mehta Ka Ooltah Chashmah - Full Episode 1832 - 16th March, 2019",https://www.youtube.com/watch?v=e7ONcfyklKY,Found
1833,File Ki Adla Badli?! I Taarak Mehta Ka Ooltah Chashmah I तारक मेहता - Ep 1833,https://www.youtube.com/watch?v=UIaQ4eecViM,Found
1834,"Taarak Mehta Ka Ooltah Chashmah | तारक मेहता का उल्टा चश्मा | Episode 1834 | 18th January, 2021",https://www.youtube.com/watch?v=aq3mLe0KQT4,Found
1835,"Taarak Mehta Ka Ooltah Chashmah - तारक मेहता - Episode 1835 - 25th December, 2015",https://www.youtube.com/watch?v=gQ8UZhHQU80,Found
1836,"Taarak Mehta Ka Ooltah Chashmah - तारक मेहता - Episode 1836 - 18th March, 2019",https://www.youtube.com/watch?v=D8TjvxHTXCE,Found
1837,Ep 1837 - Babitaji Model?! | Taarak Mehta Ka Ooltah Chashmah | Full Episode | तारक मेहता,https://www.youtube.com/watch?v=NhooUM8bFFE,Found
1838,Ep 1838 - Babitaji Model?! | Taarak Mehta Ka Ooltah Chashmah | Full Episode | तारक मेहता,https://www.youtube.com/watch?v=SZ1xdefddAc,Found
1839,"Taarak Mehta Ka Ooltah Chashmah - Full Episode 1839 - 19th March, 2019",https://www.youtube.com/watch?v=_EEtcl6ZR2A,Found
1840,"तारक मेहता का उल्टा चश्मा - एपिसोड 1840 - 1 जनवरी, 2016",https://www.youtube.com/watch?v=kuhBZzzIkkY,Found
1841,Ep 1841 - Babitaji Model?! | Taarak Mehta Ka Ooltah Chashmah | Full Episode | तारक मेहता,https://www.youtube.com/watch?v=PKhSOJBysbo,Found
1842,Ep 1842 - Babitaji Model?! | Taarak Mehta Ka Ooltah Chashmah | Full Episode | तारक मेहता,https://www.youtube.com/watch?v=c9bePFS2Ejk,Found
1843,"तारक मेहता का उल्टा चश्मा - एपिसोड 1843 - 6 जनवरी, 2016",https://www.youtube.com/watch?v=0mdh1f6pnqA,Found
1844,Ep 1844 - Bhide Ki Istri! | Taarak Mehta Ka Ooltah Chashmah | Full Episode | तारक मेहता,https://www.youtube.com/watch?v=jKDlDensXmg,Found
1845,"तारक मेहता का उल्टा चश्मा - एपिसोड 1845 - 8 मार्च जनवरी, 2016",https://www.youtube.com/watch?v=8Jthn8wmSbc,Found
1846,Ep 1846 - Bhide Ki Istri! | Taarak Mehta Ka Ooltah Chashmah | Full Episode | तारक मेहता,https://www.youtube.com/watch?v=n018k5GfELA,Found
1847,Ep 1847 - Bhide Ki Istri! | Taarak Mehta Ka Ooltah Chashmah | Full Episode | तारक मेहता,https://www.youtube.com/watch?v=inxSFAMCfGI,Found
1848,"Taarak Mehta Ka Ooltah Chashmah | तारक मेहता का उल्टा चश्मा | Episode 1848 | 22nd January, 2021",https://www.youtube.com/watch?v=y6IwrXfqOUk,Found
1849,Ep 1849 - Bhide Ki Istri! | Taarak Mehta Ka Ooltah Chashmah | Full Episode | तारक मेहता,https://www.youtube.com/watch?v=2jj5Y2fIJQs,Found
1850,"Taarak Mehta Ka Ooltah Chashmah | तारक मेहता का उल्टा चश्मा | Episode 1850 | 22th January, 2021",https://www.youtube.com/watch?v=Z2xdRHwODJo,Found
1851,Bhide's Irregular Student | Taarak Mehta Ka Ooltah Chashmah | Ep 1851 | Full Episode | 5 April 2022,https://www.youtube.com/watch?v=dJFd9WaK5I0,Found
1852,Ep 1852 - Tapu Sena Bunk College?! | Taarak Mehta Ka Ooltah Chashmah | Full Episode | तारक मेहता,https://www.youtube.com/watch?v=i8IC5Zvirn8,Found
1853,Ep 1853 - College Bunk! | Taarak Mehta Ka Ooltah Chashmah | Full Episode | तारक मेहता,https://www.youtube.com/watch?v=58zo6KKAmKo,Found
1854,Ep 1854 - Tapu Sena Bunk College?! | Taarak Mehta Ka Ooltah Chashmah | Full Episode | तारक मेहता,https://www.youtube.com/watch?v=zOa9RTRJXu0,Found
1855,Ep 1855 - Tapu Sena Bunk College?! | Taarak Mehta Ka Ooltah Chashmah | Full Episode | तारक मेहता,https://www.youtube.com/watch?v=rTimOrEhkZ8,Found
1856,Ep 1856 - Tapu Sena Bunk College?! | Taarak Mehta Ka Ooltah Chashmah | Full Episode | तारक मेहता,https://www.youtube.com/watch?v=jgWiTPqcPyk,Found
1857,Ep 1857 - Taarak Mehta Ka Ooltah Chashmah | Full Episode | तारक मेहता,https://www.youtube.com/watch?v=eq3AdOuNwPY,Found
1858,Ep 1858 - Ek Cup Chai! | Taarak Mehta Ka Ooltah Chashmah | Full Episode | तारक मेहता,https://www.youtube.com/watch?v=w74_nxxwmFs,Found
1859,Ep 1859 - Ek Cup Chai! | Taarak Mehta Ka Ooltah Chashmah | Full Episode | तारक मेहता,https://www.youtube.com/watch?v=R9uwuhY7YKM,Found
1860,Ep 1860 - Ek Cup Chai! | Taarak Mehta Ka Ooltah Chashmah | Full Episode | तारक मेहता,https://www.youtube.com/watch?v=UFxLpsQ0dtQ,Found
1861,Ep 1861 - Ek Cup Chai! | Taarak Mehta Ka Ooltah Chashmah | Full Episode | तारक मेहता,https://www.youtube.com/watch?v=OcjouQNJt78,Found
1862,Ep 1862 - Ek Cup Chai! | Taarak Mehta Ka Ooltah Chashmah | Full Episode | तारक मेहता,https://www.youtube.com/watch?v=cjsKKquLx9M,Found
1863,Ep 1863 - Ek Cup Chai! | Taarak Mehta Ka Ooltah Chashmah | Full Episode | तारक मेहता,https://www.youtube.com/watch?v=Oq0xVeUmIIA,Found
1864,Ep 1864 - Ek Cup Chai! | Taarak Mehta Ka Ooltah Chashmah | Full Episode | तारक मेहता,https://www.youtube.com/watch?v=lbzJ5dGCsf0,Found
1865,Ep 1865 - Taarak Mehta Ka Ooltah Chashmah | Full Episode | तारक मेहता,https://www.youtube.com/watch?v=k0ObScjeIz0,Found
1866,Ep 1866 - Taarak Mehta Ka Ooltah Chashmah | Full Episode | तारक मेहता,https://www.youtube.com/watch?v=iye2LVK_CoU,Found
1867,Ep 1867 - Taarak Mehta Ka Ooltah Chashmah | Full Episode | तारक मेहता,https://www.youtube.com/watch?v=dl0IMAzgoKY,Found
1868,Ep 1868 - Bhide Bana Crorepati?! | Taarak Mehta Ka Ooltah Chashmah | Full Episode | तारक मेहता,https://www.youtube.com/watch?v=hLU5rTB4e0w,Found
1869,Ep 1869 - Bhide Bana Crorepati?! | Taarak Mehta Ka Ooltah Chashmah | Full Episode | तारक मेहता,https://www.youtube.com/watch?v=idx2PGdavjY,Found
1870,Ep 1870 - Bhide Bana Crorepati?! | Taarak Mehta Ka Ooltah Chashmah | Full Episode | तारक मेहता,https://www.youtube.com/watch?v=Hy19bl-VIyU,Found
1871,Ep 1871 - Bhide Bana Crorepati?! | Taarak Mehta Ka Ooltah Chashmah | Full Episode | तारक मेहता,https://www.youtube.com/watch?v=PyAVxBrCE3w,Found
1872,Ep 1872 - Bhide Bana Crorepati?! | Taarak Mehta Ka Ooltah Chashmah | Full Episode | तारक मेहता,https://www.youtube.com/watch?v=GSvmtFnEHlk,Found
1873,Ep 1873 - Bhide Bana Crorepati?! | Taarak Mehta Ka Ooltah Chashmah | Full Episode | तारक मेहता,https://www.youtube.com/watch?v=zgI-ABpIX8s,Found
1874,Ep 1874 - Bhide Bana Crorepati?! | Taarak Mehta Ka Ooltah Chashmah | Full Episode | तारक मेहता,https://www.youtube.com/watch?v=7E9JKEbjFjs,Found
1875,Ep 1875 - Bhide Bana Crorepati?! | Taarak Mehta Ka Ooltah Chashmah | Full Episode | तारक मेहता,https://www.youtube.com/watch?v=IxfPWD9M0y0,Found
1876,Ep 1876 - Bhide Bana Crorepati?! | Taarak Mehta Ka Ooltah Chashmah | Full Episode | तारक मेहता,https://www.youtube.com/watch?v=KvNfb4QtFxs,Found
1877,Ep 1877 - Bhide Bana Crorepati?! | Taarak Mehta Ka Ooltah Chashmah | Full Episode | तारक मेहता,https://www.youtube.com/watch?v=_NGYOynSImw,Found
1878,Ep 1878 - Bhide Bana Crorepati?! | Taarak Mehta Ka Ooltah Chashmah | Full Episode | तारक मेहता,https://www.youtube.com/watch?v=5Hn9qisU97s,Found
1879,Ep 1879 - Bhide Bana Crorepati?! | Taarak Mehta Ka Ooltah Chashmah | Full Episode | तारक मेहता,https://www.youtube.com/watch?v=ua5j3ZAgEhA,Found
1880,Ep 1880 - Bhide Bana Crorepati?! | Taarak Mehta Ka Ooltah Chashmah | Full Episode | तारक मेहता,https://www.youtube.com/watch?v=mdIisaga3Iw,Found
1881,Ep 1881 - Bhide Bana Crorepati?! | Taarak Mehta Ka Ooltah Chashmah | Full Episode | तारक मेहता,https://www.youtube.com/watch?v=9-YmSaYU3bE,Found
1882,Ep 1882 - Bhide Bana Crorepati?! | Taarak Mehta Ka Ooltah Chashmah | Full Episode | तारक मेहता,https://www.youtube.com/watch?v=176g0sCrzjQ,Found
1883,Ep 1883 - Bhide Bana Crorepati?! | Taarak Mehta Ka Ooltah Chashmah | Full Episode | तारक मेहता,https://www.youtube.com/watch?v=QkzySVWcvrg,Found
1884,Ep 1884 - Bhide Bana Crorepati?! | Taarak Mehta Ka Ooltah Chashmah | Full Episode | तारक मेहता,https://www.youtube.com/watch?v=GBzzHhlWdIs,Found
1885,Ep 1885 - Bhide Bana Crorepati?! | Taarak Mehta Ka Ooltah Chashmah | Full Episode | तारक मेहता,https://www.youtube.com/watch?v=72qJsqRWPqM,Found
1886,"तारक मेहता का उल्टा चश्मा -  एपिसोड 1886 - 7 मार्च, 2016",https://www.youtube.com/watch?v=Nx7SdTlfgO8,Found
1887,Ep 1887 - Bhide Bana Crorepati?! | Taarak Mehta Ka Ooltah Chashmah | Full Episode | तारक मेहता,https://www.youtube.com/watch?v=1zvORJAJfx0,Found
1888,Ep 1888 - Taarak Mehta Ka Ooltah Chashmah | Full Episode | तारक मेहता,https://www.youtube.com/watch?v=itoLsTz5D7g,Found
1889,Ep 1889 - Taarak Mehta Ka Ooltah Chashmah | Full Episode | तारक मेहता,https://www.youtube.com/watch?v=hxe8AdG334I,Found
1890,Ep 1890 - Taarak Mehta Ka Ooltah Chashmah | Full Episode | तारक मेहता,https://www.youtube.com/watch?v=umPVyEj6mvg,Found
1891,Ep 1891 - Taarak Mehta Ka Ooltah Chashmah | Full Episode | तारक मेहता,https://www.youtube.com/watch?v=H6MZwLLGw0Q,Found
1892,Ep 1892 - Taarak Mehta Ka Ooltah Chashmah | Full Episode | तारक मेहता,https://www.youtube.com/watch?v=MZInDcai25A,Found
1893,Ep 1893 - Taarak Mehta Ka Ooltah Chashmah | Full Episode | तारक मेहता,https://www.youtube.com/watch?v=J3r0q1HSvdc,Found
1894,Ep 1894 - Taarak Mehta Ka Ooltah Chashmah | Full Episode | तारक मेहता,https://www.youtube.com/watch?v=4XqB-27ui8o,Found
1895,Ep 1895 - Taarak Mehta Ka Ooltah Chashmah | Full Episode | तारक मेहता,https://www.youtube.com/watch?v=6ocGCoXhfqo,Found
1896,Ep 1896 - Taarak Mehta Ka Ooltah Chashmah | Full Episode | तारक मेहता,https://www.youtube.com/watch?v=0e5bJXEF8ds,Found
1897,Ep 1897 - Taarak Mehta Ka Ooltah Chashmah | Full Episode | तारक मेहता,https://www.youtube.com/watch?v=2IZd-v-57oc,Found
1898,Ep 1898 - Taarak Mehta Ka Ooltah Chashmah | Full Episode | तारक मेहता,https://www.youtube.com/watch?v=IAE3oZbgQ6Q,Found
1899,Ep 1899 - Taarak Mehta Ka Ooltah Chashmah | Full Episode | तारक मेहता,https://www.youtube.com/watch?v=DRaF0oAOHuA,Found
1900,Ep 1900 - Taarak Mehta Ka Ooltah Chashmah | Full Episode | तारक मेहता,https://www.youtube.com/watch?v=STbRc_dsoD8,Found
1901,"तारक मेहता का उल्टा चश्मा - एपिसोड 1901 - 28  मार्च, 2016",https://www.youtube.com/watch?v=P6miBUhzI5E,Found
1902,Ep 1902 - Gogi's Exam | Taarak Mehta Ka Ooltah Chashmah | Full Episode | तारक मेहता,https://www.youtube.com/watch?v=wCz0geuvuZA,Found
1903,Ep 1903 - Gogi's Exam | Taarak Mehta Ka Ooltah Chashmah | Full Episode | तारक मेहता,https://www.youtube.com/watch?v=HOuDWNpzRo0,Found
1904,Ep 1904 - Gogi's Exam | Taarak Mehta Ka Ooltah Chashmah | Full Episode | तारक मेहता,https://www.youtube.com/watch?v=rrff9xvxHlw,Found
1905,Ep 1905 - Gogi's Exam | Taarak Mehta Ka Ooltah Chashmah | Full Episode | तारक मेहता,https://www.youtube.com/watch?v=FtDFL_HDtzI,Found
1906,Ep 1906 - Gogi's Exam | Taarak Mehta Ka Ooltah Chashmah | Full Episode | तारक मेहता,https://www.youtube.com/watch?v=KTfI9Ua6gAc,Found
1907,Ep 1907 - Gogi's Exam | Taarak Mehta Ka Ooltah Chashmah | Full Episode | तारक मेहता,https://www.youtube.com/watch?v=gpnKwQfi3v8,Found
1908,Ep 1908 - Gogi's Exam | Taarak Mehta Ka Ooltah Chashmah | Full Episode | तारक मेहता,https://www.youtube.com/watch?v=wMuXmuFY21w,Found
1909,Ep 1909 - Iyer Aur Babita Ka Divorce?! | Taarak Mehta Ka Ooltah Chashmah | Full Episode | तारक मेहता,https://www.youtube.com/watch?v=_ioX85LT4LE,Found
1910,Ep 1910 - Iyer Aur Babita Ka Divorce?! | Taarak Mehta Ka Ooltah Chashmah | Full Episode | तारक मेहता,https://www.youtube.com/watch?v=c2sx5bZxobg,Found
1911,Ep 1911 - Iyer Aur Babita Ka Divorce?! | Taarak Mehta Ka Ooltah Chashmah | Full Episode | तारक मेहता,https://www.youtube.com/watch?v=Q9wC2RWgIro,Found
1912,Ep 1912 - Iyer Aur Babita Ka Divorce?! | Taarak Mehta Ka Ooltah Chashmah | Full Episode | तारक मेहता,https://www.youtube.com/watch?v=7k5qF5ma4jc,Found
1913,"Taarak Mehta Ka Ooltah Chashmah - Full Episode 1913 - 25th March, 2019",https://www.youtube.com/watch?v=LboZHr6BDGo,Found
1914,Ep 1914 - Iyer Aur Babita Ka Divorce?! | Taarak Mehta Ka Ooltah Chashmah | Full Episode | तारक मेहता,https://www.youtube.com/watch?v=ta80k9Nt-LU,Found
1915,Ep 1915 - Iyer Aur Babita Ka Divorce?! | Taarak Mehta Ka Ooltah Chashmah | Full Episode | तारक मेहता,https://www.youtube.com/watch?v=gTS1iz876OE,Found
1916,Ep 1916 - Iyer Aur Babita Ka Divorce?! | Taarak Mehta Ka Ooltah Chashmah | Full Episode | तारक मेहता,https://www.youtube.com/watch?v=DkelQKEWRwU,Found
1917,Ep 1917 - Iyer Aur Babita Ka Divorce?! | Taarak Mehta Ka Ooltah Chashmah | Full Episode | तारक मेहता,https://www.youtube.com/watch?v=gSHtlTZOOW4,Found
1918,Ep 1918 - Iyer Aur Babita Ka Divorce?! | Taarak Mehta Ka Ooltah Chashmah | Full Episode | तारक मेहता,https://www.youtube.com/watch?v=4z0QjGLJPOE,Found
1919,Ep 1919 - Iyer Aur Babita Ka Divorce?! | Taarak Mehta Ka Ooltah Chashmah | Full Episode | तारक मेहता,https://www.youtube.com/watch?v=oLHivRyXzE8,Found
1920,Ep 1920 - Iyer Aur Babita Ka Divorce?! | Taarak Mehta Ka Ooltah Chashmah | Full Episode | तारक मेहता,https://www.youtube.com/watch?v=BIfPoBa3bs8,Found
1921,Ep 1921 - Iyer Aur Babita Ka Divorce?! | Taarak Mehta Ka Ooltah Chashmah | Full Episode | तारक मेहता,https://www.youtube.com/watch?v=zWpXBAbb0hk,Found
1922,"Taarak Mehta Ka Ooltah Chashmah - Full Episode 1922 - 29th March, 2019",https://www.youtube.com/watch?v=ZA_ygrlqb_s,Found
1923,Ep 1923 - Iyer Aur Babita Ka Divorce?! | Taarak Mehta Ka Ooltah Chashmah | Full Episode | तारक मेहता,https://www.youtube.com/watch?v=yxrwG99ZsWY,Found
1924,Ep 1924 - Iyer Aur Babita Ka Divorce?! | Taarak Mehta Ka Ooltah Chashmah | Full Episode | तारक मेहता,https://www.youtube.com/watch?v=h_7JsUwMXy8,Found
1925,Ep 1925 - Iyer Aur Babita Ka Divorce?! | Taarak Mehta Ka Ooltah Chashmah | Full Episode | तारक मेहता,https://www.youtube.com/watch?v=GAznAyaVF5w,Found
1926,Ep 1926 - Iyer Aur Babita Ka Divorce?! | Taarak Mehta Ka Ooltah Chashmah | Full Episode | तारक मेहता,https://www.youtube.com/watch?v=K_tlKCYKYqw,Found
1927,"तारक मेहता का उल्टा चश्मा - एपिसोड 1927 - 2  मई, 2016",https://www.youtube.com/watch?v=ieWjmP78lAo,Found
1928,Ep 1928 - Iyer Aur Babita Ka Divorce?! | Taarak Mehta Ka Ooltah Chashmah | Full Episode | तारक मेहता,https://www.youtube.com/watch?v=iVDbLHChbRk,Found
1929,Ep 1929 - Iyer Aur Babita Ka Divorce?! | Taarak Mehta Ka Ooltah Chashmah | Full Episode | तारक मेहता,https://www.youtube.com/watch?v=Sfr54RuvFXM,Found
1930,Ep 1930 - Iyer Aur Babita Ka Divorce?! | Taarak Mehta Ka Ooltah Chashmah | Full Episode | तारक मेहता,https://www.youtube.com/watch?v=mTQBWIx8XhQ,Found
1931,Ep 1931 - Iyer Aur Babita Ka Divorce?! | Taarak Mehta Ka Ooltah Chashmah | Full Episode | तारक मेहता,https://www.youtube.com/watch?v=X3P0h1mV2P8,Found
1932,Ep 1932 - Iyer Aur Babita Ka Divorce?! | Taarak Mehta Ka Ooltah Chashmah | Full Episode | तारक मेहता,https://www.youtube.com/watch?v=EfVDakhuQVE,Found
1933,Ep 1933 - Iyer Aur Babita Ka Divorce?! | Taarak Mehta Ka Ooltah Chashmah | Full Episode | तारक मेहता,https://www.youtube.com/watch?v=3fZrU9Vv7ds,Found
1934,Ep 1934 - Iyer Aur Babita Ka Divorce?! | Taarak Mehta Ka Ooltah Chashmah | Full Episode | तारक मेहता,https://www.youtube.com/watch?v=t28trVct6F0,Found
1935,Ep 1935 - Iyer Aur Babita Ka Divorce?! | Taarak Mehta Ka Ooltah Chashmah | Full Episode | तारक मेहता,https://www.youtube.com/watch?v=x3QXNu3mxoo,Found
1936,"तारक मेहता का उल्टा चश्मा - एपिसोड 1936 - 13  मई, 2016",https://www.youtube.com/watch?v=sp9uwYYIImo,Found
1937,Ep 1937 - Madhavi Ka Aam Ka Business?! | Taarak Mehta Ka Ooltah Chashmah | Full Episode | तारक मेहता,https://www.youtube.com/watch?v=VbM0Q4MQ5n4,Found
1938,Ep 1938 - Madhavi Ka Aam Ka Business?! | Taarak Mehta Ka Ooltah Chashmah | Full Episode | तारक मेहता,https://www.youtube.com/watch?v=nqjRIZYd0YI,Found
1939,Ep 1939 - Madhavi Ka Aam Ka Business?! | Taarak Mehta Ka Ooltah Chashmah | Full Episode | तारक मेहता,https://www.youtube.com/watch?v=tt80HLaGlw0,Found
1940,Ep 1940 - Madhavi Ka Aam Ka Business?! | Taarak Mehta Ka Ooltah Chashmah | Full Episode | तारक मेहता,https://www.youtube.com/watch?v=YucaX2Sa-DA,Found
1941,"Taarak Mehta Ka Ooltah Chashmah - Full Episode 1941 - 7th April, 2019",https://www.youtube.com/watch?v=iHECMfi_loo,Found
1942,Ep 1942 - Madhavi Ka Aam Ka Business?! | Taarak Mehta Ka Ooltah Chashmah | Full Episode | तारक मेहता,https://www.youtube.com/watch?v=u3ihqrsMYiI,Found
1943,Ep 1943 - Madhavi Ka Aam Ka Business?! | Taarak Mehta Ka Ooltah Chashmah | Full Episode | तारक मेहता,https://www.youtube.com/watch?v=uwhTOBFo2MI,Found
1944,Ep 1944 - Madhavi Ka Aam Ka Business?! | Taarak Mehta Ka Ooltah Chashmah | Full Episode | तारक मेहता,https://www.youtube.com/watch?v=X5uxc9o-vQY,Found
1945,"Taarak Mehta Ka Ooltah Chashmah - Full Episode 1945 - 9th April, 2019",https://www.youtube.com/watch?v=I00JoDGLmdQ,Found
1946,Ep 1946 - Madhavi Ka Aam Ka Business?! | Taarak Mehta Ka Ooltah Chashmah | Full Episode | तारक मेहता,https://www.youtube.com/watch?v=I_yyZP1JvkU,Found
1947,"Taarak Mehta Ka Ooltah Chashmah - Full Episode 1947 - 10th April, 2019",https://www.youtube.com/watch?v=mEGgxZBEZFQ,Found
1948,Ep 1948 - Gogi Ka Result?! | Taarak Mehta Ka Ooltah Chashmah | Full Episode | तारक मेहता,https://www.youtube.com/watch?v=hOnm6l2aGXw,Found
1949,Ep 1949 - Bagha Bawri Ki Engagement?! | Taarak Mehta Ka Ooltah Chashmah | Full Episode | तारक मेहता,https://www.youtube.com/watch?v=Ux-CpnIVX0U,Found
1950,Ep 1950 - Bagha Bawri Ki Engagement?! | Taarak Mehta Ka Ooltah Chashmah | Full Episode | तारक मेहता,https://www.youtube.com/watch?v=qdF6sya7ukw,Found
1951,Ep 1951 - Bagha Bawri Ki Engagement?! | Taarak Mehta Ka Ooltah Chashmah | Full Episode | तारक मेहता,https://www.youtube.com/watch?v=jBMOjDPRESg,Found
1952,Ep 1952 - Bagha Bawri Ki Engagement?! | Taarak Mehta Ka Ooltah Chashmah | Full Episode | तारक मेहता,https://www.youtube.com/watch?v=pfjBIJqVqzY,Found
1953,Ep 1953 - Bagha Bawri Ki Engagement?! | Taarak Mehta Ka Ooltah Chashmah | Full Episode | तारक मेहता,https://www.youtube.com/watch?v=w0UZwIJvtvc,Found
1954,Ep 1954 - Bagha Bawri Ki Engagement?! | Taarak Mehta Ka Ooltah Chashmah | Full Episode | तारक मेहता,https://www.youtube.com/watch?v=P3tdgXksBtk,Found
1955,Ep 1955 - Bagha Bawri Ki Engagement?! | Taarak Mehta Ka Ooltah Chashmah | Full Episode | तारक मेहता,https://www.youtube.com/watch?v=qPnt4vgB16E,Found
1956,Ep 1956 - Bagha Bawri Ki Engagement?! | Taarak Mehta Ka Ooltah Chashmah | Full Episode | तारक मेहता,https://www.youtube.com/watch?v=-MJ9tQY8ufU,Found
1957,"Taarak Mehta Ka Ooltah Chashmah - Full Episode 1957 - 15th April, 2019",https://www.youtube.com/watch?v=wjPc8BODvds,Found
1958,"Taarak Mehta Ka Ooltah Chashmah - Full Episode 1958 - 16th April, 2019",https://www.youtube.com/watch?v=ElL5QSlo45U,Found
1959,Ep 1959 - Bagha Bawri Ki Engagement?! | Taarak Mehta Ka Ooltah Chashmah | Full Episode | तारक मेहता,https://www.youtube.com/watch?v=1QxOlyT3c1Y,Found
1960,Ep 1960 - Bagha Bawri Ki Engagement?! | Taarak Mehta Ka Ooltah Chashmah | Full Episode | तारक मेहता,https://www.youtube.com/watch?v=gLm--JgOaYA,Found
1961,Ep 1961 - Bagha Bawri Ki Engagement?! | Taarak Mehta Ka Ooltah Chashmah | Full Episode | तारक मेहता,https://www.youtube.com/watch?v=zzh3IuZ45q4,Found
1962,Ep 1962 - Bagha Bawri Ki Engagement?! | Taarak Mehta Ka Ooltah Chashmah | Full Episode | तारक मेहता,https://www.youtube.com/watch?v=FJFTHl4kjZI,Found
1963,Ep 1963 - Society Renovation! | Taarak Mehta Ka Ooltah Chashmah | Full Episode | तारक मेहता,https://www.youtube.com/watch?v=X2Crs9xxjuI,Found
1964,Ep 1964 - Society Renovation! | Taarak Mehta Ka Ooltah Chashmah | Full Episode | तारक मेहता,https://www.youtube.com/watch?v=Ngx9PexcyMQ,Found
1965,Ep 1965 - Society Renovation! | Taarak Mehta Ka Ooltah Chashmah | Full Episode | तारक मेहता,https://www.youtube.com/watch?v=0EfQZui1k_Y,Found
1966,Ep 1966 - Society Renovation! | Taarak Mehta Ka Ooltah Chashmah | Full Episode | तारक मेहता,https://www.youtube.com/watch?v=YQE9jndWA2s,Found
1967,Ep 1967 - Society Renovation! | Taarak Mehta Ka Ooltah Chashmah | Full Episode | तारक मेहता,https://www.youtube.com/watch?v=Yv91zs9tTHQ,Found
1968,"Taarak Mehta Ka Ooltah Chashmah - Full Episode 1968 - 21st April, 2019",https://www.youtube.com/watch?v=Tye8oZKNino,Found
1969,"Taarak Mehta Ka Ooltah Chashmah - Full Episode 1969 - 22nd April, 2019",https://www.youtube.com/watch?v=OUShfZ4TWi8,Found
1970,Ep 1970 - Popatlal & Miss Tring Tring! | Taarak Mehta Ka Ooltah Chashmah | Full Episode | तारक मेहता,https://www.youtube.com/watch?v=pWUdQyxF_KM,Found
1971,Ep 1971 - Popatlal & Miss Tring Tring! | Taarak Mehta Ka Ooltah Chashmah | Full Episode | तारक मेहता,https://www.youtube.com/watch?v=o8TB_hcZGh8,Found
1972,Ep 1972 - Popatlal & Miss Tring Tring! | Taarak Mehta Ka Ooltah Chashmah | Full Episode | तारक मेहता,https://www.youtube.com/watch?v=kBEQNAPanQ0,Found
1973,"Taarak Mehta Ka Ooltah Chashmah - Full Episode 1973 - 24th April, 2019",https://www.youtube.com/watch?v=wflCkXKAOoU,Found
1974,Ep 1974 - Popatlal & Miss Tring Tring! | Taarak Mehta Ka Ooltah Chashmah | Full Episode | तारक मेहता,https://www.youtube.com/watch?v=L34ZQYd0kHs,Found
1975,"तारक मेहता का उल्टा चश्मा - एपिसोड 1975 - 7  जुलाई, 2016",https://www.youtube.com/watch?v=Uzb5z4918hI,Found
1976,"तारक मेहता का उल्टा चश्मा - एपिसोड 1976 - 8 मार्च जुलाई, 2016",https://www.youtube.com/watch?v=lcwApeJM4Y0,Found
1977,"Taarak Mehta Ka Ooltah Chashmah - Full Episode 1977 - 26th April, 2019",https://www.youtube.com/watch?v=tO7ufYOObZA,Found
1978,Ep 1978 - Popatlal & Miss Tring Tring! | Taarak Mehta Ka Ooltah Chashmah | Full Episode | तारक मेहता,https://www.youtube.com/watch?v=Q2EXH_Mgm3Q,Found
1979,"Taarak Mehta Ka Ooltah Chashmah - Full Episode 1979 - 27th April, 2019",https://www.youtube.com/watch?v=cWv9QMWTT48,Found
1980,Ep 1980 - Popatlal & Miss Tring Tring! | Taarak Mehta Ka Ooltah Chashmah | Full Episode | तारक मेहता,https://www.youtube.com/watch?v=9IOzSQDSaPc,Found
1981,Ep 1981 - Popatlal & Miss Tring Tring! | Taarak Mehta Ka Ooltah Chashmah | Full Episode | तारक मेहता,https://www.youtube.com/watch?v=OIax0IbMoCM,Found
1982,Ep 1982 - Jethalal Ke Haath Mein Lota! | Taarak Mehta Ka Ooltah Chashmah | Full Episode | तारक मेहता,https://www.youtube.com/watch?v=T1wHR7A3Z_U,Found
1983,Ep 1983 - Jethalal Ke Haath Mein Lota! | Taarak Mehta Ka Ooltah Chashmah | Full Episode | तारक मेहता,https://www.youtube.com/watch?v=b2APofXy7uw,Found
1984,Ep 1984 - Jethalal Ke Haath Mein Lota! | Taarak Mehta Ka Ooltah Chashmah | Full Episode | तारक मेहता,https://www.youtube.com/watch?v=5J7IQsp0oxw,Found
1985,"Taarak Mehta Ka Ooltah Chashmah - Full Episode 1985 - 30th April, 2019",https://www.youtube.com/watch?v=KEDvVsQEIeQ,Found
1986,Ep 1986 - Jethalal Ke Haath Mein Lota! | Taarak Mehta Ka Ooltah Chashmah | Full Episode | तारक मेहता,https://www.youtube.com/watch?v=WxFbJa0u64o,Found
1987,Ep 1987 - Jethalal Ke Haath Mein Lota! | Taarak Mehta Ka Ooltah Chashmah | Full Episode | तारक मेहता,https://www.youtube.com/watch?v=SC1rQPT_b0A,Found
1988,"तारक मेहता का उल्टा चश्मा - एपिसोड 1988 - 26  जुलाई, 2016",https://www.youtube.com/watch?v=knpwgVI_1Qc,Found
1989,Ep 1989 - Gokuldham Mein Varun Dhawan! | Taarak Mehta Ka Ooltah Chashmah | Full Episode | तारक मेहता,https://www.youtube.com/watch?v=vG3ile8zQ0c,Found
1990,Ep 1990 - Gokuldham Mein Varun Dhawan! | Taarak Mehta Ka Ooltah Chashmah | Full Episode | तारक मेहता,https://www.youtube.com/watch?v=PKEoNhSroOY,Found
1991,Ep 1991 - Bhide Ka Cooker?! | Taarak Mehta Ka Ooltah Chashmah | Full Episode | तारक मेहता,https://www.youtube.com/watch?v=iIm-ye6R7RE,Found
1992,Ep 1992 - Bhide Ka Cooker?! | Taarak Mehta Ka Ooltah Chashmah | Full Episode | तारक मेहता,https://www.youtube.com/watch?v=ckipGhV_fUM,Found
1993,Ep 1993 - Bhide Ka Cooker?! | Taarak Mehta Ka Ooltah Chashmah | Full Episode | तारक मेहता,https://www.youtube.com/watch?v=QYinDLt6-nU,Found
1994,Ep 1994 - Bawri In Trouble?! | Taarak Mehta Ka Ooltah Chashmah | Full Episode | तारक मेहता,https://www.youtube.com/watch?v=5YXLtmyI1ko,Found
1995,Ep 1995 - Bawri In Trouble?! | Taarak Mehta Ka Ooltah Chashmah | Full Episode | तारक मेहता,https://www.youtube.com/watch?v=rrVkW7uW3Fw,Found
1996,Ep 1996 - Bawri In Trouble?! | Taarak Mehta Ka Ooltah Chashmah | Full Episode | तारक मेहता,https://www.youtube.com/watch?v=xuQRkHcRpKA,Found
1997,Ep 1997 - Bawri In Trouble?! | Taarak Mehta Ka Ooltah Chashmah | Full Episode | तारक मेहता,https://www.youtube.com/watch?v=EZ7F5lTDqGI,Found
1998,"तारक मेहता का उल्टा चश्मा - एपिसोड 1998 - 9 अगस्त, 2016",https://www.youtube.com/watch?v=gT5DmppdFbw,Found
1999,Ep 1999 - Bawri In Trouble?! | Taarak Mehta Ka Ooltah Chashmah | Full Episode | तारक मेहता,https://www.youtube.com/watch?v=ibVepWe0Rzo,Found
2000,Ep 2000 - Bawri In Trouble?! | Taarak Mehta Ka Ooltah Chashmah | Full Episode | तारक मेहता,https://www.youtube.com/watch?v=tyqAwj6HtVc,Found
2001,Ep 2001 - Independence Day Ki Planning! | Taarak Mehta Ka Ooltah Chashmah |Full Episode | तारक मेहता,https://www.youtube.com/watch?v=NsG4nTjQwNc,Found
2002,"तारक मेहता का उल्टा चश्मा -एपिसोड 2002 - 15 अगस्त, 2016",https://www.youtube.com/watch?v=VjeXzEitF6o,Found
2003,"तारक मेहता का उल्टा चश्मा - एपिसोड 2003 - 16  अगस्त, 2016",https://www.youtube.com/watch?v=Op2o3AEguzs,Found
2004,"तारक मेहता का उल्टा चश्मा - एपिसोड 2004 - 17अगस्त, 2016",https://www.youtube.com/watch?v=cxZdIqc3q6A,Found
2005,Ep 2005 - Sunder Brings Gifts?! | Taarak Mehta Ka Ooltah Chashmah | Full Episode | तारक मेहता,https://www.youtube.com/watch?v=xWDew5b65hM,Found
2006,Ep 2006 - Raksha Bandhan With Soldiers! | Taarak Mehta Ka Ooltah Chashmah | Full Episode |तारक मेहता,https://www.youtube.com/watch?v=I6HCvWUb6Xo,Found
2007,"Taarak Mehta Ka Ooltah Chashmah  - Full Episode 2007  - 27th July, 2019",https://www.youtube.com/watch?v=jJct_arxF6I,Found
2008,"Taarak Mehta Ka Ooltah Chashmah - Full Episode 2008 - 28th July, 2019",https://www.youtube.com/watch?v=AJuxUGeAvIQ,Found
2009,Ep 2009 - 10 Crore Ki Saree?! | Taarak Mehta Ka Ooltah Chashmah | Full Episode | तारक मेहता,https://www.youtube.com/watch?v=EgoLgKnl1UY,Found
2010,Ep 2010 - 10 Crore Ki Saree?! | Taarak Mehta Ka Ooltah Chashmah | Full Episode | तारक मेहता,https://www.youtube.com/watch?v=rjzWswX1gVk,Found
2011,"Taarak Mehta Ka Ooltah Chashmah - Full Episode 2011 - 29th July, 2019",https://www.youtube.com/watch?v=6Ws3wk6r2IY,Found
2012,Ep 2012 - 10 Crore Ki Saree?! | Taarak Mehta Ka Ooltah Chashmah | Full Episode | तारक मेहता,https://www.youtube.com/watch?v=5ZT81hvbfvI,Found
2013,"Taarak Mehta Ka Ooltah Chashmah - तारक मेहता - Episode 2013 - 30th August, 2016",https://www.youtube.com/watch?v=W0FIccQuqyA,Found
2014,"Taarak Mehta Ka Ooltah Chashmah - तारक मेहता - Episode 2014 - 31st August, 2016",https://www.youtube.com/watch?v=Ugclzco0N7g,Found
2015,"तारक मेहता का उल्टा चश्मा - एपिसोड 1621 - 5 मार्च, 2015",https://www.youtube.com/watch?v=ZMUN2mWvVos,Found
2016,Taarak Mehta Ka Ooltah Chashmah - Throwback - Episode 2016 - Full Episode,https://www.youtube.com/watch?v=82FqhyOYD4M,Found
2017,"Taarak Mehta Ka Ooltah Chashmah - तारक मेहता - Episode 2017 - 5th September, 2016",https://www.youtube.com/watch?v=zizVbWRlvuA,Found
2018,"Taarak Mehta Ka Ooltah Chashmah - Full Episode 1089 - 26th April, 2018",https://www.youtube.com/watch?v=JW6ubqvWSX4,Found
2019,"Taarak Mehta Ka Ooltah Chashmah - तारक मेहता - Episode 2019 - 7th September, 2016",https://www.youtube.com/watch?v=mkbskMTtwkY,Found
2020,"Taarak Mehta Ka Ooltah Chashmah - तारक मेहता - Episode 2020 - 8th September, 2016",https://www.youtube.com/watch?v=NJK9uQwUQX8,Found
2021,"Taarak Mehta Ka Ooltah Chashmah - Full Episode 2021 - 14th May, 2019",https://www.youtube.com/watch?v=EAdn8A9U8Lk,Found
2022,"Taarak Mehta Ka Ooltah Chashmah - तारक मेहता - Episode 2022 - 10th September, 2016",https://www.youtube.com/watch?v=B9wBFLlpSRk,Found
2023,"Taarak Mehta Ka Ooltah Chashmah - तारक मेहता - Episode 2023 - 12th September, 2016",https://www.youtube.com/watch?v=rQAEoTtD5uM,Found
2024,"Taarak Mehta Ka Ooltah Chashmah - तारक मेहता - Episode 2024 - 13th September, 2016",https://www.youtube.com/watch?v=XWECoEbOVZ4,Found
2025,"Taarak Mehta Ka Ooltah Chashmah - तारक मेहता - Episode 2025 - 14th September, 2016",https://www.youtube.com/watch?v=0M3y9u_9hcY,Found
2026,Ep 2026 - Gokuldham Ganesh Utsav! | Taarak Mehta Ka Ooltah Chashmah | Full Episode | तारक मेहता,https://www.youtube.com/watch?v=twz1WPTumBA,Found
2027,"Taarak Mehta Ka Ooltah Chashmah - तारक मेहता - Episode 2027 - 16th September, 2016",https://www.youtube.com/watch?v=r9cYL5IcDmM,Found
2028,Ep 2028 - Gokuldham Ganesh Utsav! | Taarak Mehta Ka Ooltah Chashmah | Full Episode | तारक मेहता,https://www.youtube.com/watch?v=AlvylTrAi9Y,Found
2029,Ep 2029 - Gokuldham Ganesh Utsav! | Taarak Mehta Ka Ooltah Chashmah | Full Episode | तारक मेहता,https://www.youtube.com/watch?v=IuhSx7fphKU,Found
2030,Ep 2030 - Gokuldham Ganesh Utsav! | Taarak Mehta Ka Ooltah Chashmah | Full Episode | तारक मेहता,https://www.youtube.com/watch?v=MzFGC4BS2dI,Found
2031,Ep 2031 - Mission Patni Pariksha?! | Taarak Mehta Ka Ooltah Chashmah | Full Episode | तारक मेहता,https://www.youtube.com/watch?v=5GefAvrhyfs,Found
2032,Ep 2032 - Mission Patni Pariksha?! | Taarak Mehta Ka Ooltah Chashmah | Full Episode | तारक मेहता,https://www.youtube.com/watch?v=ecG1oTVy0hY,Found
2033,"Taarak Mehta Ka Ooltah Chashmah - तारक मेहता - Episode 2033 - 26th September, 2016",https://www.youtube.com/watch?v=rLcS2XiLizU,Found
2034,"Taarak Mehta Ka Ooltah Chashmah - तारक मेहता - Episode 2034 - 27th September, 2016",https://www.youtube.com/watch?v=PZCCpzY3PMM,Found
2035,"Taarak Mehta Ka Ooltah Chashmah - तारक मेहता - Episode 2035 - 28th September, 2016",https://www.youtube.com/watch?v=bmCkIZivEt0,Found
2036,"Taarak Mehta Ka Ooltah Chashmah - तारक मेहता - Episode 2036 - 29th September, 2016",https://www.youtube.com/watch?v=Vo7hzkYDEqg,Found
2037,"Taarak Mehta Ka Ooltah Chashmah - Full Episode 2037 - 19th May, 2019",https://www.youtube.com/watch?v=QyHwIEudhrY,Found
2038,Ep 2038 - Mission Patni Pariksha?! | Taarak Mehta Ka Ooltah Chashmah | Full Episode | तारक मेहता,https://www.youtube.com/watch?v=R4HDof6il4A,Found
2039,Ep 2039 - Navratri Celebration?! | Taarak Mehta Ka Ooltah Chashmah | Full Episode | तारक मेहता,https://www.youtube.com/watch?v=qCNev28Nh98,Found
2040,Ep 2040 - Navratri Celebration?! | Taarak Mehta Ka Ooltah Chashmah | Full Episode | तारक मेहता,https://www.youtube.com/watch?v=PAxvaQS720k,Found
2041,"Taarak Mehta Ka Ooltah Chashmah - तारक मेहता - Episode 2041 - 6th October, 2016",https://www.youtube.com/watch?v=_qC1959Y_q4,Found
2042,Ep 2042- Navratri Celebration?! | Taarak Mehta Ka Ooltah Chashmah | Full Episode | तारक मेहता,https://www.youtube.com/watch?v=2Mb8sLbmcWY,Found
2043,Ep 2043 - Navratri Celebration?! | Taarak Mehta Ka Ooltah Chashmah | Full Episode | तारक मेहता,https://www.youtube.com/watch?v=LDQF51VQuhk,Found
2044,Ep 2044 - Navratri Celebration?! | Taarak Mehta Ka Ooltah Chashmah | Full Episode | तारक मेहता,https://www.youtube.com/watch?v=u6J3qrIdzH0,Found
2045,Ep 2045- Navratri Celebration?! | Taarak Mehta Ka Ooltah Chashmah | Full Episode | तारक मेहता,https://www.youtube.com/watch?v=8hULSlU6sXQ,Found
2046,Ep 2046 - Navratri Celebration?! | Taarak Mehta Ka Ooltah Chashmah | Full Episode | तारक मेहता,https://www.youtube.com/watch?v=mjCacWK7MFM,Found
2047,Ep 2047- Navratri Celebration?! | Taarak Mehta Ka Ooltah Chashmah | Full Episode | तारक मेहता,https://www.youtube.com/watch?v=vuLpfhu1NDM,Found
2048,Ep 2048- Pin Drop Silence?! | Taarak Mehta Ka Ooltah Chashmah | Full Episode | तारक मेहता,https://www.youtube.com/watch?v=4IHUVP9K6Vw,Found
2049,"Taarak Mehta Ka Ooltah Chashmah - तारक मेहता - Episode 2049 - 17th October, 2016",https://www.youtube.com/watch?v=uihJfnKwaVY,Found
2050,"Taarak Mehta Ka Ooltah Chashmah - तारक मेहता - Episode 2050 - 18th October, 2016",https://www.youtube.com/watch?v=wt54ri6VbNI,Found
2051,"Taarak Mehta Ka Ooltah Chashmah - तारक मेहता - Episode 2051 - 19th October, 2016",https://www.youtube.com/watch?v=UaygIvkQnGI,Found
2052,"Taarak Mehta Ka Ooltah Chashmah - तारक मेहता - Episode 2052 - 20th October, 2016",https://www.youtube.com/watch?v=wq9t1PLaSwQ,Found
2053,"Taarak Mehta Ka Ooltah Chashmah - तारक मेहता - Episode 2053 - 21st October, 2016",https://www.youtube.com/watch?v=iXTmMb6Z0lE,Found
2054,Ep 2054 - Popatlal Ka Screw Dhila?! | Taarak Mehta Ka Ooltah Chashmah | Full Episode | तारक मेहता,https://www.youtube.com/watch?v=HLR7Bji6Tvg,Found
2055,Ep 2055 - Popatlal Ka Screw Dhila?! | Taarak Mehta Ka Ooltah Chashmah | Full Episode | तारक मेहता,https://www.youtube.com/watch?v=s0i9eIn1wVE,Found
2056,"Taarak Mehta Ka Ooltah Chashmah - तारक मेहता - Episode 2056 - 25th October, 2016",https://www.youtube.com/watch?v=YA_c3J6r_Eo,Found
2057,"Taarak Mehta Ka Ooltah Chashmah - तारक मेहता - Episode 2057 - 26th October, 2016",https://www.youtube.com/watch?v=ybHXMxabHWM,Found
2058,"Taarak Mehta Ka Ooltah Chashmah - तारक मेहता - Episode 2058 - 27th October, 2016",https://www.youtube.com/watch?v=69BRcTVWetY,Found
2059,"Taarak Mehta Ka Ooltah Chashmah - तारक मेहता - Episode 2059 - 28th October, 2016",https://www.youtube.com/watch?v=0OYGOgBdOdU,Found
2060,"Taarak Mehta Ka Ooltah Chashmah - तारक मेहता - Episode 2060 - 29th October, 2016",https://www.youtube.com/watch?v=wmSRK26z4qA,Found
2061,"Taarak Mehta Ka Ooltah Chashmah - तारक मेहता - Episode 2061 - 31st October, 2016",https://www.youtube.com/watch?v=jI9r_I_kRCE,Found
2062,"Taarak Mehta Ka Ooltah Chashmah - तारक मेहता - Episode 2062 - 1st November, 2016",https://www.youtube.com/watch?v=IodGwGihMPU,Found
2063,Ep 2063 - Sonu Ka Surprise?! | Taarak Mehta Ka Ooltah Chashmah | Full Episode | तारक मेहता,https://www.youtube.com/watch?v=93vz9engiyM,Found
2064,Ep 2064 - Sonu Ka Surprise?! | Taarak Mehta Ka Ooltah Chashmah | Full Episode | तारक मेहता,https://www.youtube.com/watch?v=vTzS8J__PV4,Found
2065,"Taarak Mehta Ka Ooltah Chashmah - तारक मेहता - Episode 2065 - 4th November, 2016",https://www.youtube.com/watch?v=xxQdhIiDqO8,Found
2066,"Taarak Mehta Ka Ooltah Chashmah - तारक मेहता - Episode 2066 - 7th November, 2016",https://www.youtube.com/watch?v=6tU4x1Ix1H0,Found
2067,"Taarak Mehta Ka Ooltah Chashmah - तारक मेहता - Episode 2067 - 8th November, 2016",https://www.youtube.com/watch?v=nqCYytCzVxY,Found
2068,"Taarak Mehta Ka Ooltah Chashmah - तारक मेहता - Episode 2068 - 9th November, 2016",https://www.youtube.com/watch?v=yCFrWG25wDQ,Found
2069,"Taarak Mehta Ka Ooltah Chashmah - तारक मेहता - Episode 2069 - 10th November, 2016",https://www.youtube.com/watch?v=32HCPsUV_lM,Found
2070,"Taarak Mehta Ka Ooltah Chashmah - तारक मेहता - Episode 2070 - 11th November, 2016",https://www.youtube.com/watch?v=qESqqHb9dJk,Found
2071,"Taarak Mehta Ka Ooltah Chashmah - तारक मेहता - Episode 2071 - 14th November, 2016",https://www.youtube.com/watch?v=a00hHekhuRk,Found
2072,Ep 2072 - Pagar Andolan! | Taarak Mehta Ka Ooltah Chashmah | Full Episode | तारक मेहता,https://www.youtube.com/watch?v=8Jb3K6_KcCc,Found
2073,"Taarak Mehta Ka Ooltah Chashmah - तारक मेहता - Episode 2073 - 16th November, 2016",https://www.youtube.com/watch?v=zeaITfjNGjs,Found
2074,Ep 2074 - Notebandi! | Taarak Mehta Ka Ooltah Chashmah | Full Episode | तारक मेहता,https://www.youtube.com/watch?v=fCf1jOPa7FQ,Found
2075,Ep 2075 - Notebandi! | Taarak Mehta Ka Ooltah Chashmah | Full Episode | तारक मेहता,https://www.youtube.com/watch?v=cz6RtQevG9s,Found
2076,Ep 2076 - Notebandi! | Taarak Mehta Ka Ooltah Chashmah | Full Episode | तारक मेहता,https://www.youtube.com/watch?v=d_VnDcSjKpE,Found
2077,Ep 2077 - Notebandi! | Taarak Mehta Ka Ooltah Chashmah | Full Episode | तारक मेहता,https://www.youtube.com/watch?v=Fh0I2Cd7DbY,Found
2078,Ep 2078 - Notebandi! | Taarak Mehta Ka Ooltah Chashmah | Full Episode | तारक मेहता,https://www.youtube.com/watch?v=C21nqakmwXg,Found
2079,"Taarak Mehta Ka Ooltah Chashmah - तारक मेहता - Episode 2079 - 24th November, 2016",https://www.youtube.com/watch?v=bZfE58Fi800,Found
2080,Ep 2080 - Notebandi! | Taarak Mehta Ka Ooltah Chashmah | Full Episode | तारक मेहता,https://www.youtube.com/watch?v=H0RGTSHET8s,Found
2081,"Taarak Mehta Ka Ooltah Chashmah - तारक मेहता - Episode 2081 - 28th November, 2016",https://www.youtube.com/watch?v=WjkpbOsXS_c,Found
2082,"Taarak Mehta Ka Ooltah Chashmah - तारक मेहता - Episode 2082 - 29th November, 2016",https://www.youtube.com/watch?v=BKK8nBFCw4Y,Found
2083,"Taarak Mehta Ka Ooltah Chashmah - तारक मेहता - Episode 2083 - 30th November, 2016",https://www.youtube.com/watch?v=8bj841KrIwI,Found
2084,"Taarak Mehta Ka Ooltah Chashmah - Full Episode 2084 - 2nd June, 2019",https://www.youtube.com/watch?v=1RkTUyuj4lM,Found
2085,"Taarak Mehta Ka Ooltah Chashmah - तारक मेहता - Episode 2085 - 2nd December, 2016",https://www.youtube.com/watch?v=UEqKGguoZjM,Found
2086,"Taarak Mehta Ka Ooltah Chashmah - तारक मेहता - Episode 2086 - 5th December, 2016",https://www.youtube.com/watch?v=_0-em0hjGmg,Found
2087,"Taarak Mehta Ka Ooltah Chashmah - तारक मेहता - Episode 2087 - 6th December, 2016",https://www.youtube.com/watch?v=PLOo33t4960,Found
2088,"Taarak Mehta Ka Ooltah Chashmah - तारक मेहता - Episode 2088 - 7th December, 2016",https://www.youtube.com/watch?v=p5bl138EpNU,Found
2089,"Taarak Mehta Ka Ooltah Chashmah - तारक मेहता - Episode 2089 - 8th December, 2016",https://www.youtube.com/watch?v=4WfZ7nZoC8M,Found
2090,"Taarak Mehta Ka Ooltah Chashmah - तारक मेहता - Episode 2090 - 9th December, 2016",https://www.youtube.com/watch?v=HlZrUgq9ER8,Found
2091,"Taarak Mehta Ka Ooltah Chashmah - तारक मेहता - Episode 2091 - 12th December, 2016",https://www.youtube.com/watch?v=ZS4w6PN9lwk,Found
2092,"Taarak Mehta Ka Ooltah Chashmah - तारक मेहता - Episode 2092 - 13th December, 2016",https://www.youtube.com/watch?v=XMS4O9glM7c,Found
2093,"Taarak Mehta Ka Ooltah Chashmah - तारक मेहता - Episode 2093 - 14th December, 2016",https://www.youtube.com/watch?v=GIC5Duw8XDU,Found
2094,"Taarak Mehta Ka Ooltah Chashmah - तारक मेहता - Episode 2094 - 15th December, 2016",https://www.youtube.com/watch?v=bShzxY8LgIE,Found
2095,Ep 2095 - Ghanchakar In Shop! | Taarak Mehta Ka Ooltah Chashmah | Full Episode | तारक मेहता,https://www.youtube.com/watch?v=ZFN0ya1HRUw,Found
2096,"Taarak Mehta Ka Ooltah Chashmah - तारक मेहता - Episode 2096 - 19th December, 2016",https://www.youtube.com/watch?v=YgkJgZVfTP4,Found
2097,Ep 2097 - Ghanchakar In Shop! | Taarak Mehta Ka Ooltah Chashmah | Full Episode | तारक मेहता,https://www.youtube.com/watch?v=tqsvOHhWm1w,Found
2098,Ep 2098 - Ghanchakar In Shop! | Taarak Mehta Ka Ooltah Chashmah | Full Episode | तारक मेहता,https://www.youtube.com/watch?v=0fmHbtZ_BaU,Found
2099,"Taarak Mehta Ka Ooltah Chashmah - तारक मेहता - Episode 2099 - 22nd December, 2016",https://www.youtube.com/watch?v=uT53d09-QLI,Found
2100,"Taarak Mehta Ka Ooltah Chashmah - तारक मेहता - Episode 2100 - 23rd December, 2016",https://www.youtube.com/watch?v=uWhdot76pkk,Found
2101,"Taarak Mehta Ka Ooltah Chashmah - तारक मेहता - Episode 2101 - 26th December, 2016",https://www.youtube.com/watch?v=hLjR8GO5fEU,Found
2102,"Taarak Mehta Ka Ooltah Chashmah - तारक मेहता - Episode 2102 - 27th December, 2016",https://www.youtube.com/watch?v=ZPMYkHEnF7M,Found
2103,"Taarak Mehta Ka Ooltah Chashmah - तारक मेहता - Episode 2103 - 28th December, 2016",https://www.youtube.com/watch?v=ugxwUXox7ro,Found
2104,"Taarak Mehta Ka Ooltah Chashmah - तारक मेहता - Episode 2104 - 29th December, 2016",https://www.youtube.com/watch?v=Ci8b0bzq6kw,Found
2105,"Taarak Mehta Ka Ooltah Chashmah - तारक मेहता - Episode 2105 - 30th December, 2016",https://www.youtube.com/watch?v=PNMCii0UJoM,Found
2106,"Taarak Mehta Ka Ooltah Chashmah - तारक मेहता - Episode 2106 - 2nd January, 2017",https://www.youtube.com/watch?v=vakPhRUtj4M,Found
2107,"Taarak Mehta Ka Ooltah Chashmah - तारक मेहता - Episode 2107 - 3rd January, 2017",https://www.youtube.com/watch?v=QLtMUkxZmnI,Found
2108,"Taarak Mehta Ka Ooltah Chashmah - तारक मेहता - Episode 2108 - 4th January, 2017",https://www.youtube.com/watch?v=Tx5ucChhnmM,Found
2109,"Taarak Mehta Ka Ooltah Chashmah - तारक मेहता - Episode 2109 - 5th January, 2017",https://www.youtube.com/watch?v=501KvJQo2ns,Found
2110,"Taarak Mehta Ka Ooltah Chashmah - तारक मेहता - Episode 2110 - 6th January, 2017",https://www.youtube.com/watch?v=hFj_H3Gf6Tc,Found
2111,"Taarak Mehta Ka Ooltah Chashmah - तारक मेहता - Episode 2111 - 9th January, 2017",https://www.youtube.com/watch?v=16TX4PzNhzA,Found
2112,"Taarak Mehta Ka Ooltah Chashmah - Full Episode 2112 - 13th June, 2019",https://www.youtube.com/watch?v=Tm2cMuQsLw4,Found
2113,Ep 2113 - Sakharam Kidnap?! | Taarak Mehta Ka Ooltah Chashmah | Full Episode | तारक मेहता,https://www.youtube.com/watch?v=AaqCZVg79uk,Found
2114,"Taarak Mehta Ka Ooltah Chashmah - तारक मेहता - Episode 2114 - 12th January, 2017",https://www.youtube.com/watch?v=0axWHIAw6cw,Found
2115,"Taarak Mehta Ka Ooltah Chashmah - तारक मेहता - Episode 2115 - 13th January, 2017",https://www.youtube.com/watch?v=TBAjt_68iu4,Found
2116,"Taarak Mehta Ka Ooltah Chashmah - तारक मेहता - Episode 2116 - 16th January, 2017",https://www.youtube.com/watch?v=FqRofeHHd1U,Found
2117,Ep 2117 - Sakharam Kidnap?! | Taarak Mehta Ka Ooltah Chashmah | Full Episode | तारक मेहता,https://www.youtube.com/watch?v=KrYrlZFgX3s,Found
2118,"Taarak Mehta Ka Ooltah Chashmah - तारक मेहता - Episode 2118 - 18th January, 2017",https://www.youtube.com/watch?v=4Z1j0pIRX9A,Found
2119,"Taarak Mehta Ka Ooltah Chashmah - तारक मेहता - Episode 2119 - 19th January, 2017",https://www.youtube.com/watch?v=d1PNSsXz5c8,Found
2120,Ep 2120 - Sakharam Kidnap?! | Taarak Mehta Ka Ooltah Chashmah | Full Episode | तारक मेहता,https://www.youtube.com/watch?v=ebOE5t3LBR4,Found
2121,Ep 2121 - Sakharam Kidnap?! | Taarak Mehta Ka Ooltah Chashmah | Full Episode | तारक मेहता,https://www.youtube.com/watch?v=lvHT5R8lyVY,Found
2122,"Taarak Mehta Ka Ooltah Chashmah - तारक मेहता - Episode 2122 - 24th January, 2017",https://www.youtube.com/watch?v=sVOA69O7_ks,Found
2123,"Taarak Mehta Ka Ooltah Chashmah - तारक मेहता - Episode 2123 - 25th January, 2017",https://www.youtube.com/watch?v=cNIt6A-jNM4,Found
2124,"Taarak Mehta Ka Ooltah Chashmah - तारक मेहता - Episode 2124 - 26th January, 2017",https://www.youtube.com/watch?v=P8FQ25-x_qE,Found
2125,"Taarak Mehta Ka Ooltah Chashmah - तारक मेहता - Episode 2125 - 27th January, 2017",https://www.youtube.com/watch?v=tusuUgnEAP8,Found
2126,"Taarak Mehta Ka Ooltah Chashmah - तारक मेहता - Episode 2126 - 30th January, 2017",https://www.youtube.com/watch?v=gxMH2ALDI1c,Found
2127,"Taarak Mehta Ka Ooltah Chashmah | तारक मेहता का उल्टा चश्मा | Episode 2127 | 6th April, 2021",https://www.youtube.com/watch?v=6HDhprUOqZI,Found
2128,"Taarak Mehta Ka Ooltah Chashmah - तारक मेहता - Ep 2128 - 1st Feb, 2017",https://www.youtube.com/watch?v=PsAyNLsFZDM,Found
2129,"Taarak Mehta Ka Ooltah Chashmah | तारक मेहता का उल्टा चश्मा | Episode 2129 | 7 th April, 2021",https://www.youtube.com/watch?v=W9IDv3e-BGM,Found
2130,"Taarak Mehta Ka Ooltah Chashmah - तारक मेहता - Ep 2130 - 3rd Feb, 2017",https://www.youtube.com/watch?v=Les6BYItRzw,Found
2131,"Taarak Mehta Ka Ooltah Chashmah - तारक मेहता - Ep 2131 - 6th Feb, 2017",https://www.youtube.com/watch?v=oah4Jr6ViME,Found
2132,Ep 2132 - Beti Padhao! | Taarak Mehta Ka Ooltah Chashmah | Full Episode | तारक मेहता,https://www.youtube.com/watch?v=9c8obJp5fzE,Found
2133,Ep 2133 - Beti Padhao! | Taarak Mehta Ka Ooltah Chashmah | Full Episode | तारक मेहता,https://www.youtube.com/watch?v=9cFpGReEFA0,Found
2134,"Taarak Mehta Ka Ooltah Chashmah - तारक मेहता - Ep 2134 - 9th Feb, 2017",https://www.youtube.com/watch?v=q1Fa8Bg8dHk,Found
2135,"Taarak Mehta Ka Ooltah Chashmah - तारक मेहता - Ep 2135 - 10th Feb, 2017",https://www.youtube.com/watch?v=ndcpjqQ2ZVQ,Found
2136,"Taarak Mehta Ka Ooltah Chashmah - तारक मेहता - Ep 2136 - 13th Feb, 2017",https://www.youtube.com/watch?v=B4lMEFY_a48,Found
2137,"Taarak Mehta Ka Ooltah Chashmah - तारक मेहता - Ep 2137 - 14th Feb, 2017",https://www.youtube.com/watch?v=MIpueIrJpCM,Found
2138,"Taarak Mehta Ka Ooltah Chashmah - तारक मेहता - Ep 2138 - 15th Feb, 2017",https://www.youtube.com/watch?v=WrQpsgsA_xs,Found
2139,"Taarak Mehta Ka Ooltah Chashmah - तारक मेहता - Ep 2139 - 16th Feb, 2017",https://www.youtube.com/watch?v=4PEZcBdgoNk,Found
2140,"Taarak Mehta Ka Ooltah Chashmah - तारक मेहता - Ep 2140 - 17th Feb, 2017",https://www.youtube.com/watch?v=6DcQOjkp0Es,Found
2141,"Taarak Mehta Ka Ooltah Chashmah - तारक मेहता - Ep 2141 - 20th Feb, 2017",https://www.youtube.com/watch?v=o_8YuK74qL8,Found
2142,"Taarak Mehta Ka Ooltah Chashmah - तारक मेहता - Ep 2142 - 21st Feb, 2017",https://www.youtube.com/watch?v=j69hJZBwHxM,Found
2143,"Taarak Mehta Ka Ooltah Chashmah - तारक मेहता - Ep 2143 - 22nd Feb, 2017",https://www.youtube.com/watch?v=1wOR2E_xLE8,Found
2144,"Taarak Mehta Ka Ooltah Chashmah - तारक मेहता - Ep 2144 - 23rd Feb, 2017",https://www.youtube.com/watch?v=zSpmnV5saW8,Found
2145,Ep 2145 - Swach Bharat! | Taarak Mehta Ka Ooltah Chashmah | Full Episode | तारक मेहता,https://www.youtube.com/watch?v=DgISY0yn6bs,Found
2146,"Taarak Mehta Ka Ooltah Chashmah - तारक मेहता - Ep 2146 - 27th Feb, 2017",https://www.youtube.com/watch?v=g58WmvvGvsY,Found
2147,"Taarak Mehta Ka Ooltah Chashmah - तारक मेहता - Ep 2147 - 28th Feb, 2017",https://www.youtube.com/watch?v=FhxT1ukmGcQ,Found
2148,"Taarak Mehta Ka Ooltah Chashmah - तारक मेहता  - Ep 2148 - 1st Mar,2017",https://www.youtube.com/watch?v=Jf56GzFCp8o,Found
2149,"Taarak Mehta Ka Ooltah Chashmah - तारक मेहता - Ep 2149 - 2nd Mar, 2017",https://www.youtube.com/watch?v=2SZAV9ZnFrw,Found
2150,Ep 2150 - Tapu Ka Birthday! | Taarak Mehta Ka Ooltah Chashmah | Full Episode | तारक मेहता,https://www.youtube.com/watch?v=oAkDOh1FUGQ,Found
2151,"Taarak Mehta Ka Ooltah Chashmah - तारक मेहता - Ep 2151 - 6th Mar, 2017",https://www.youtube.com/watch?v=VB9LM_ee0f4,Found
2152,Ep 2152 - Tapu Ka Birthday! | Taarak Mehta Ka Ooltah Chashmah | Full Episode | तारक मेहता,https://www.youtube.com/watch?v=wDGMQa_TP0U,Found
2153,Ep 2153 - Tapu Ka Birthday! | Taarak Mehta Ka Ooltah Chashmah | Full Episode | तारक मेहता,https://www.youtube.com/watch?v=WO2qxJQ8McM,Found
2154,"Taarak Mehta Ka Ooltah Chashmah - तारक मेहता - Ep 2154 - 9th Mar, 2017",https://www.youtube.com/watch?v=GrJyaGVuBWc,Found
2155,"Taarak Mehta Ka Ooltah Chashmah - तारक मेहता - Ep 2155 - 10th Mar, 2017",https://www.youtube.com/watch?v=ElzhCIDaQD4,Found
2156,"Taarak Mehta Ka Ooltah Chashmah - Full Episode 2156 - 3rd July, 2019",https://www.youtube.com/watch?v=T1ba9_ERpL0,Found
2157,"Taarak Mehta Ka Ooltah Chashmah - तारक मेहता - Ep 2157 - Holi Special - 14th Mar, 2017",https://www.youtube.com/watch?v=ph8kpSe9gh0,Found
2158,"Taarak Mehta Ka Ooltah Chashmah - तारक मेहता - Ep 2158 - Holi Special - 15th Mar, 2017",https://www.youtube.com/watch?v=lp2k9uHSt7k,Found
2159,क्या Society में हो रहे विवाद को रोक पाएगी Daya? | Taarak Mehta Ka Ooltah Chashmah | 25 Mar 2024,https://www.youtube.com/watch?v=0xU2mIuEq8c,Found
2160,"Taarak Mehta Ka Ooltah Chashmah - Full Episode 2160 - 5th July, 2019",https://www.youtube.com/watch?v=ipnrBASQzxw,Found
2161,"Taarak Mehta Ka Ooltah Chashmah - तारक मेहता - Ep 2161 - Holi Special - 20th Mar, 2017",https://www.youtube.com/watch?v=6QHi5P5cmyM,Found
2162,"Taarak Mehta Ka Ooltah Chashmah - तारक मेहता - Ep 2162 - Holi Special - 21st Mar, 2017",https://www.youtube.com/watch?v=i_A2urQKLSc,Found
2163,"Taarak Mehta Ka Ooltah Chashmah - तारक मेहता - Ep 2163 - Holi Special - 22nd Mar, 2017",https://www.youtube.com/watch?v=uKxH1zcuvFE,Found
2164,"Taarak Mehta Ka Ooltah Chashmah - तारक मेहता - Ep 2164 - Holi Special - 23rd Mar, 2017",https://www.youtube.com/watch?v=9MgfTY6wJBA,Found
2165,"Taarak Mehta Ka Ooltah Chashmah - तारक मेहता - Ep 2165 - 24th Mar, 2017",https://www.youtube.com/watch?v=0gsrxVXYdxk,Found
2166,"Taarak Mehta Ka Ooltah Chashmah - तारक मेहता - Ep 2166 - 27th Mar, 2017",https://www.youtube.com/watch?v=ehP_oJv_0S4,Found
2167,"Taarak Mehta Ka Ooltah Chashmah - तारक मेहता - Ep 2167 - 28th Mar, 2017",https://www.youtube.com/watch?v=mkDGK2C6n3w,Found
2168,"Taarak Mehta Ka Ooltah Chashmah - तारक मेहता - Ep 2168 - Gudi Padwa Special - 29th Mar, 2017",https://www.youtube.com/watch?v=gmy55-BTaBo,Found
2169,"Taarak Mehta Ka Ooltah Chashmah - तारक मेहता - Ep 2169 - 30th Mar, 2017",https://www.youtube.com/watch?v=wMP8RujYeoc,Found
2170,"Taarak Mehta Ka Ooltah Chashmah | तारक मेहता का उल्टा चश्मा | Episode 2170 | 5th April, 2021",https://www.youtube.com/watch?v=ATqIo8wwClI,Found
2171,"Taarak Mehta Ka Ooltah Chashmah - तारक मेहता - Ep 2171 - 3rd Apr, 2017",https://www.youtube.com/watch?v=-EpEQsIRGes,Found
2172,"Taarak Mehta Ka Ooltah Chashmah - तारक मेहता - Ep 2172 - 4th Apr, 2017",https://www.youtube.com/watch?v=gUDkeiD_WDM,Found
2173,"Taarak Mehta Ka Ooltah Chashmah - तारक मेहता - Ep 2173 - 5th Apr, 2017",https://www.youtube.com/watch?v=UR9pS3uJAE0,Found
2174,"Taarak Mehta Ka Ooltah Chashmah - तारक मेहता - Ep 2174 - 6th Apr, 2017",https://www.youtube.com/watch?v=C43fbGDDPiU,Found
2175,"Taarak Mehta Ka Ooltah Chashmah - तारक मेहता - Ep 2175 - 7th Apr, 2017",https://www.youtube.com/watch?v=yHMON1xoC0k,Found
2176,"Taarak Mehta Ka Ooltah Chashmah - तारक मेहता - Ep 2176 - 10th Apr, 2017",https://www.youtube.com/watch?v=KvshPTSITIE,Found
2177,"Taarak Mehta Ka Ooltah Chashmah - तारक मेहता - Ep 2177 - 11th Apr, 2017",https://www.youtube.com/watch?v=TL7ZB815PII,Found
2178,Ep 2178 - RANG BADALNE WALA LOCKET?!  | Taarak Mehta Ka Ooltah Chashmah | Full Episode | तारक मेहता,https://www.youtube.com/watch?v=9b3G7vC8ado,Found
2179,"Taarak Mehta Ka Ooltah Chashmah - तारक मेहता - Ep 2179 - 13th Apr, 2017",https://www.youtube.com/watch?v=yMCQr1mbAB4,Found
2180,Ep 2180 - RANG BADALNE WALA LOCKET?!  | Taarak Mehta Ka Ooltah Chashmah | Full Episode | तारक मेहता,https://www.youtube.com/watch?v=BSgMAV3GnVo,Found
2181,"Taarak Mehta Ka Ooltah Chashmah - तारक मेहता - Ep 2181 - 17th Apr, 2017",https://www.youtube.com/watch?v=V05QOVGJ3es,Found
2182,"Taarak Mehta Ka Ooltah Chashmah - तारक मेहता - Ep 2182 - 18th Apr, 2017",https://www.youtube.com/watch?v=HZPHQYUmA9U,Found
2183,Ep 2183 - Police ki Car Chori?!  | Taarak Mehta Ka Ooltah Chashmah | Full Episode | तारक मेहता,https://www.youtube.com/watch?v=r1sKgibIurU,Found
2184,"Taarak Mehta Ka Ooltah Chashmah - तारक मेहता - Ep 2184 - 20th Apr, 2017",https://www.youtube.com/watch?v=Ap6bGdaY2yw,Found
2185,"Taarak Mehta Ka Ooltah Chashmah - तारक मेहता - Ep 2185 - 21st Apr, 2017",https://www.youtube.com/watch?v=RHCmTaBH5Qs,Found
2186,Ep 2186 - Police ki Car Chori?!  | Taarak Mehta Ka Ooltah Chashmah | Full Episode | तारक मेहता,https://www.youtube.com/watch?v=UJhAULm_Spg,Found
2187,"Taarak Mehta Ka Ooltah Chashmah - तारक मेहता - Ep 2187 - 25th Apr, 2017",https://www.youtube.com/watch?v=4f1THWEtfbQ,Found
2188,Ep 2188 - Police ki Car Chori?!  | Taarak Mehta Ka Ooltah Chashmah | Full Episode | तारक मेहता,https://www.youtube.com/watch?v=3f1Q-k4TzIg,Found
2189,Ep 2189 - Mission Hathoda?!  | Taarak Mehta Ka Ooltah Chashmah | Full Episode | तारक मेहता,https://www.youtube.com/watch?v=k5zI6eZ9IHY,Found
2190,Jetha ने बनाया Tapu को Out करने का Master Plan! |Taarak Mehta Ka Ooltah Chashmah| Full Episode 2190,https://www.youtube.com/watch?v=ImfsDT4rJ00,Found
2191,"Taarak Mehta Ka Ooltah Chashmah - तारक मेहता - Ep 2191 - 1st May, 2017",https://www.youtube.com/watch?v=OWEENr8zwYE,Found
2192,"Taarak Mehta Ka Ooltah Chashmah - तारक मेहता - Ep 2192 - 2nd May, 2017",https://www.youtube.com/watch?v=V9tWsqxgMMg,Found
2193,Ep 2193 - Mission Hathoda?!  | Taarak Mehta Ka Ooltah Chashmah | Full Episode | तारक मेहता,https://www.youtube.com/watch?v=UFTrIqab3-c,Found
2194,"Taarak Mehta Ka Ooltah Chashmah - तारक मेहता - Ep 2194 - 4th May, 2017",https://www.youtube.com/watch?v=D5f5aJx3LcA,Found
2195,"Taarak Mehta Ka Ooltah Chashmah - तारक मेहता - Ep 2195 - 5th May, 2017",https://www.youtube.com/watch?v=4YtOkc9aN2I,Found
2196,"Taarak Mehta Ka Ooltah Chashmah - तारक मेहता - Ep 2196 - 8th May, 2017",https://www.youtube.com/watch?v=o2xH0llyWjE,Found
2197,"Taarak Mehta Ka Ooltah Chashmah - तारक मेहता - Ep 2197 - 9th May, 2017",https://www.youtube.com/watch?v=3ohDJuLr2IM,Found
2198,"Taarak Mehta Ka Ooltah Chashmah - तारक मेहता - Ep 2198 - 10th May, 2017",https://www.youtube.com/watch?v=xhBO4HhsXgw,Found
2199,"Taarak Mehta Ka Ooltah Chashmah - तारक मेहता - Ep 2199 - 11th May, 2017",https://www.youtube.com/watch?v=VjCnPvuWpWo,Found
2200,"Taarak Mehta Ka Ooltah Chashmah - तारक मेहता - Ep 2200 - 12th May, 2017",https://www.youtube.com/watch?v=m5eRLRowNIY,Found
2201,"Taarak Mehta Ka Ooltah Chashmah - तारक मेहता - Ep 2201 - 15th May, 2017",https://www.youtube.com/watch?v=TiCcRWfI0aU,Found
2202,"Taarak Mehta Ka Ooltah Chashmah - तारक मेहता - Ep 2202 - 16th May, 2017",https://www.youtube.com/watch?v=pujIm1B8p3k,Found
2203,"Taarak Mehta Ka Ooltah Chashmah - तारक मेहता - Ep 2203 - 17th May, 2017",https://www.youtube.com/watch?v=JtW6Zmj1hN8,Found
2204,Ep 2204  - Bhide Aur Madhvi Ki Fight?! | Taarak Mehta Ka Ooltah Chashmah | Full Episode | तारक मेहता,https://www.youtube.com/watch?v=geUBUWnqYDg,Found
2205,"Taarak Mehta Ka Ooltah Chashmah - तारक मेहता - Ep 2205 - 19th May, 2017",https://www.youtube.com/watch?v=eVzRPJwFVCo,Found
2206,"Taarak Mehta Ka Ooltah Chashmah - तारक मेहता - Ep 2206 - 22nd May, 2017",https://www.youtube.com/watch?v=_z1Tw175eyw,Found
2207,"Taarak Mehta Ka Ooltah Chashmah - तारक मेहता - Ep 2207 - 23rd May, 2017",https://www.youtube.com/watch?v=171wray0sz8,Found
2208,Ep 2208  - Sundar Ki Dukan?! | Taarak Mehta Ka Ooltah Chashmah | Full Episode | तारक मेहता,https://www.youtube.com/watch?v=Or90JeGqMwM,Found
2209,"Taarak Mehta Ka Ooltah Chashmah - तारक मेहता - Ep 2209 - 25th May, 2017",https://www.youtube.com/watch?v=C4kccWJMfaE,Found
2210,"Taarak Mehta Ka Ooltah Chashmah - तारक मेहता - Ep 2210 - 26th May, 2017",https://www.youtube.com/watch?v=SjcixrOfS0I,Found
2211,"Taarak Mehta Ka Ooltah Chashmah - तारक मेहता - Ep 2211 - 29th May, 2017",https://www.youtube.com/watch?v=uYkOdoUVrHo,Found
2212,"Taarak Mehta Ka Ooltah Chashmah - तारक मेहता - Ep 2212 - 30th May, 2017",https://www.youtube.com/watch?v=IQKYUMZ5owc,Found
2213,"Taarak Mehta Ka Ooltah Chashmah - तारक मेहता - Ep 2213 - 31st May, 2017",https://www.youtube.com/watch?v=IviKcGUXnAo,Found
2214,"Taarak Mehta Ka Ooltah Chashmah - तारक मेहता - Ep 2214 - 1st Jun, 2017",https://www.youtube.com/watch?v=olGm58jLkHY,Found
2215,"Taarak Mehta Ka Ooltah Chashmah - तारक मेहता - Ep 2215 - 2nd Jun, 2017",https://www.youtube.com/watch?v=aa9sC89OAEM,Found
2216,"Taarak Mehta Ka Ooltah Chashmah - तारक मेहता - Ep 2216 - 5th Jun, 2017",https://www.youtube.com/watch?v=_AcfBFWNMwQ,Found
2217,"Taarak Mehta Ka Ooltah Chashmah - Full Episode 2217 -  1st August, 2019",https://www.youtube.com/watch?v=yQOBoliO_as,Found
2218,Taarak Mehta Ka Ooltah Chashmah -Throwback - Episode 2218 - Full Episode,https://www.youtube.com/watch?v=FZCYEnXN96M,Found
2219,Taarak Mehta Ka Ooltah Chashmah - तारक मेहता - Throwback - Episode 2219 - Full Episode,https://www.youtube.com/watch?v=A2pf-7Ke1Mw,Found
2220,Midnight में कौन घुस आया है Jetha के घर? | Taarak Mehta Ka Ooltah Chashmah | Comedy Lagataar,https://www.youtube.com/watch?v=60EboSmoLv4,Found
2221,"Taarak Mehta Ka Ooltah Chashmah - तारक मेहता - Ep 2221 - 10th Jun, 2017",https://www.youtube.com/watch?v=lPHtMsHNQzE,Found
2222,"Taarak Mehta Ka Ooltah Chashmah - तारक मेहता - Ep 2222 - 12th Jun, 2017",https://www.youtube.com/watch?v=yr4Ol9XoJ8c,Found
2223,"Taarak Mehta Ka Ooltah Chashmah - तारक मेहता - Ep 2223 - 13th Jun, 2017",https://www.youtube.com/watch?v=cZlz35ZkCIU,Found
2224,"Taarak Mehta Ka Ooltah Chashmah - तारक मेहता - Ep 2224 - 14th Jun, 2017",https://www.youtube.com/watch?v=aZIglzXAX00,Found
2225,"Taarak Mehta Ka Ooltah Chashmah - तारक मेहता - Ep 2225 - 15th Jun, 2017",https://www.youtube.com/watch?v=GiVbq_Xj6hU,Found
2226,"Taarak Mehta Ka Ooltah Chashmah - तारक मेहता - Ep 2226 - 16th Jun, 2017",https://www.youtube.com/watch?v=KQtwavBAeNc,Found
2227,"Taarak Mehta Ka Ooltah Chashmah - तारक मेहता - Ep 2227 - 19th Jun, 2017",https://www.youtube.com/watch?v=03sDeqfPCsk,Found
2228,"Taarak Mehta Ka Ooltah Chashmah - तारक मेहता - Ep 2228 - 20th Jun, 2017",https://www.youtube.com/watch?v=4ZYdJEjvzdg,Found
2229,"Taarak Mehta Ka Ooltah Chashmah - तारक मेहता - Ep 2229 - 21st June, 2017",https://www.youtube.com/watch?v=tTG1RXtvH2o,Found
2230,"Taarak Mehta Ka Ooltah Chashmah - तारक मेहता - Ep 2230 - 22nd June, 2017",https://www.youtube.com/watch?v=5fNZC82Y9lQ,Found
2231,"Taarak Mehta Ka Ooltah Chashmah - तारक मेहता - Ep 2231 - 23rd June, 2017",https://www.youtube.com/watch?v=CDVQ19vOEE0,Found
2232,"Taarak Mehta Ka Ooltah Chashmah - तारक मेहता - Ep 2232 - 26th June, 2017",https://www.youtube.com/watch?v=RMQ6_00ty8M,Found
2233,"Taarak Mehta Ka Ooltah Chashmah - तारक मेहता - Ep 2233 - 27th June, 2017",https://www.youtube.com/watch?v=NX9WC1Mhogo,Found
2234,"Taarak Mehta Ka Ooltah Chashmah - तारक मेहता - Ep 2234 - 28th June, 2017",https://www.youtube.com/watch?v=SdnR9eEmtPs,Found
2235,"Taarak Mehta Ka Ooltah Chashmah - तारक मेहता - Ep 2235 - 29th June, 2017",https://www.youtube.com/watch?v=FUrWjGEBrsA,Found
2236,"Taarak Mehta Ka Ooltah Chashmah - तारक मेहता - Ep 2236 - 30th June, 2017",https://www.youtube.com/watch?v=9imeTQUSmIY,Found
2237,"Taarak Mehta Ka Ooltah Chashmah - तारक मेहता - Ep 2237 - 3rd July, 2017",https://www.youtube.com/watch?v=EGf__wcj56M,Found
2238,"Taarak Mehta Ka Ooltah Chashmah - तारक मेहता - Ep 2238 - 4th July, 2017",https://www.youtube.com/watch?v=huHV78RTA_s,Found
2239,"Taarak Mehta Ka Ooltah Chashmah - तारक मेहता - Ep 2239 - 5th July, 2017",https://www.youtube.com/watch?v=D7Mj6SAMNdU,Found
2240,"Taarak Mehta Ka Ooltah Chashmah - तारक मेहता - Ep 2240 - 6th July, 2017",https://www.youtube.com/watch?v=qgLo_bq8S0I,Found
2241,"Taarak Mehta Ka Ooltah Chashmah - तारक मेहता - Ep 2241 - 7th July, 2017",https://www.youtube.com/watch?v=IDOuhpumVX8,Found
2242,"Taarak Mehta Ka Ooltah Chashmah - तारक मेहता - Ep 2242 - 10th July, 2017",https://www.youtube.com/watch?v=qUao96_2qj8,Found
2243,"Taarak Mehta Ka Ooltah Chashmah | तारक मेहता का उल्टा चश्मा | Episode 2243 | 15th April, 2021",https://www.youtube.com/watch?v=lgDKO3zlg-0,Found
2244,"Taarak Mehta Ka Ooltah Chashmah - तारक मेहता - Ep 2244 - 12th July, 2017",https://www.youtube.com/watch?v=prTxL99G1S0,Found
2245,"Taarak Mehta Ka Ooltah Chashmah - Full Episode 2245 - 13th August, 2019",https://www.youtube.com/watch?v=HCfOdrAktNo,Found
2246,"Taarak Mehta Ka Ooltah Chashmah - Full Episode 2246 - 14th August, 2019",https://www.youtube.com/watch?v=Y5RUud8uliU,Found
2247,Taarak Mehta Ka Ooltah Chashmah | Throwback | तारक मेहता का उल्टा चशमाह | Full Episode - 2247,https://www.youtube.com/watch?v=TDR9pHTFzKU,Found
2248,"Taarak Mehta Ka Ooltah Chashmah - तारक मेहता - Ep 2248 - 17th July, 2017",https://www.youtube.com/watch?v=ISANoheY9U4,Found
2249,"Taarak Mehta Ka Ooltah Chashmah - तारक मेहता - Ep 2249 - 18th July, 2017",https://www.youtube.com/watch?v=0UlVA4cSNA0,Found
2250,"Taarak Mehta Ka Ooltah Chashmah - तारक मेहता - Ep 2250 - 19th July, 2017",https://www.youtube.com/watch?v=tCzAE4FngTk,Found
2251,"Taarak Mehta Ka Ooltah Chashmah - तारक मेहता - Ep 2251 - 20th July, 2017",https://www.youtube.com/watch?v=vRHqNZdAJyg,Found
2252,"Taarak Mehta Ka Ooltah Chashmah - तारक मेहता - Ep 2252 - 21st July, 2017",https://www.youtube.com/watch?v=h-R8xcI6QHM,Found
2253,"Taarak Mehta Ka Ooltah Chashmah - तारक मेहता - Ep 2253 - 24th July, 2017",https://www.youtube.com/watch?v=NQBRKit_6zQ,Found
2254,"Taarak Mehta Ka Ooltah Chashmah - तारक मेहता - Ep 2254 - 25th July, 2017",https://www.youtube.com/watch?v=G4ZL3OosuX8,Found
2255,"Taarak Mehta Ka Ooltah Chashmah - तारक मेहता - Ep 2255 - 26th July, 2017",https://www.youtube.com/watch?v=1jxy95NxL5U,Found
2256,"Taarak Mehta Ka Ooltah Chashmah - तारक मेहता - Ep 2256 - 27th July, 2017",https://www.youtube.com/watch?v=jeSXSWyRHmA,Found
2257,"Taarak Mehta Ka Ooltah Chashmah - तारक मेहता - Ep 2257 - 28th July, 2017",https://www.youtube.com/watch?v=pttZZH4E6N8,Found
2258,"Taarak Mehta Ka Ooltah Chashmah - तारक मेहता - Ep 2258 - 31st July, 2017",https://www.youtube.com/watch?v=WSP9g13Zi7I,Found
2259,"Taarak Mehta Ka Ooltah Chashmah - तारक मेहता - Ep 2259 - 1st August, 2017",https://www.youtube.com/watch?v=KZX0aOMVtMM,Found
2260,"Taarak Mehta Ka Ooltah Chashmah - तारक मेहता - Ep 2260 - 2nd August, 2017",https://www.youtube.com/watch?v=OA-Zr29m91w,Found
2261,"Taarak Mehta Ka Ooltah Chashmah - तारक मेहता - Ep 2261 - 3rd August, 2017",https://www.youtube.com/watch?v=MsujUFYoVWM,Found
2262,"Taarak Mehta Ka Ooltah Chashmah - तारक मेहता - Ep 2262 - 4th August, 2017",https://www.youtube.com/watch?v=vK4z6C2pgbw,Found
2263,"Taarak Mehta Ka Ooltah Chashmah - तारक मेहता - Ep 2263 - 7th August, 2017",https://www.youtube.com/watch?v=i6PM9bxx5sc,Found
2264,"Taarak Mehta Ka Ooltah Chashmah - तारक मेहता - Ep 2264 - 8th August, 2017",https://www.youtube.com/watch?v=vEzXtc0Cp88,Found
2265,"Taarak Mehta Ka Ooltah Chashmah - तारक मेहता - Ep 2265 - 9th August, 2017",https://www.youtube.com/watch?v=x0zPylhFK7Q,Found
2266,"Taarak Mehta Ka Ooltah Chashmah - तारक मेहता - Ep 2266 - 10th August, 2017",https://www.youtube.com/watch?v=njYK5zCUztw,Found
2267,"Taarak Mehta Ka Ooltah Chashmah - तारक मेहता - Ep 2267 - 11th August, 2017",https://www.youtube.com/watch?v=K_TmQ5nYVzA,Found
2268,"Taarak Mehta Ka Ooltah Chashmah - तारक मेहता - Ep 2268 - 14th August, 2017",https://www.youtube.com/watch?v=OrE73fFbW3U,Found
2269,"Taarak Mehta Ka Ooltah Chashmah - तारक मेहता - Ep 2269 -Independence Day Special-15th August, 2017",https://www.youtube.com/watch?v=SvUsj-NFebs,Found
2270,"Taarak Mehta Ka Ooltah Chashmah - तारक मेहता - Ep 2270 - Independence Day Special-16th August, 2017",https://www.youtube.com/watch?v=uePzMuV5iB8,Found
2271,"Taarak Mehta Ka Ooltah Chashmah - तारक मेहता - Ep 2271 - 17th August, 2017",https://www.youtube.com/watch?v=czNDLQSdEfo,Found
2272,"Taarak Mehta Ka Ooltah Chashmah - तारक मेहता - Ep 2272 - 18th August, 2017",https://www.youtube.com/watch?v=2d6hCIlFGUE,Found
2273,"Taarak Mehta Ka Ooltah Chashmah - तारक मेहता - Ep 2273 - 21st August, 2017",https://www.youtube.com/watch?v=J73yQsmgRxk,Found
2274,"Taarak Mehta Ka Ooltah Chashmah - तारक मेहता - Ep 2274 - 22nd August, 2017",https://www.youtube.com/watch?v=x25ONuQTXEA,Found
2275,"Taarak Mehta Ka Ooltah Chashmah - Full Episode 2275 - 26th August, 2019",https://www.youtube.com/watch?v=IuUVPtf4ibE,Found
2276,"Taarak Mehta Ka Ooltah Chashmah - तारक मेहता - Ep 2276 - 24th August, 2017",https://www.youtube.com/watch?v=Fu5i8eTCbt4,Found
2277,"Taarak Mehta Ka Ooltah Chashmah - तारक मेहता - Ep 2277 - 25th August, 2017",https://www.youtube.com/watch?v=K7i7u6GoE4I,Found
2278,"Taarak Mehta Ka Ooltah Chashmah - तारक मेहता - Ep 2278 - 28th August, 2017",https://www.youtube.com/watch?v=9_cj_P21sCE,Found
2279,"Taarak Mehta Ka Ooltah Chashmah - तारक मेहता - Ep 2279 - 29th August, 2017",https://www.youtube.com/watch?v=F7PSDA3J4LA,Found
2280,"Taarak Mehta Ka Ooltah Chashmah - तारक मेहता - Ep 2280 - 30th August, 2017",https://www.youtube.com/watch?v=Ess9ESAAck0,Found
2281,"Taarak Mehta Ka Ooltah Chashmah - तारक मेहता - Ep 2281 - 31st August, 2017",https://www.youtube.com/watch?v=mxHZktDaPyg,Found
2282,"Taarak Mehta Ka Ooltah Chashmah - तारक मेहता - Ep 2282 - 1st September, 2017",https://www.youtube.com/watch?v=h0NRDcgiUWU,Found
2283,"Taarak Mehta Ka Ooltah Chashmah - तारक मेहता - Ep 2283 - 4th September, 2017",https://www.youtube.com/watch?v=h5si13nZKrU,Found
2284,"Taarak Mehta Ka Ooltah Chashmah - तारक मेहता - Ep 2284 - 5th September, 2017",https://www.youtube.com/watch?v=wtn1Ubt1E7I,Found
2285,"Taarak Mehta Ka Ooltah Chashmah - तारक मेहता - Ep 2285 - 6th September, 2017",https://www.youtube.com/watch?v=ZqkRs3XvrFU,Found
2286,"Taarak Mehta Ka Ooltah Chashmah - तारक मेहता - Ep 2286 - 7th September, 2017",https://www.youtube.com/watch?v=WQn9z3uir7A,Found
2287,"Taarak Mehta Ka Ooltah Chashmah - तारक मेहता - Ep 2287 - 8th September, 2017",https://www.youtube.com/watch?v=7suNGv7fIfI,Found
2288,"Taarak Mehta Ka Ooltah Chashmah - तारक मेहता - Ep 2288 - 11th September, 2017",https://www.youtube.com/watch?v=vJZP3m2xBcY,Found
2289,Taarak Mehta Ka Ooltah Chashmah - Throwback - Episode 2289 - Full Episode,https://www.youtube.com/watch?v=sH9L78HVuO0,Found
2290,"Taarak Mehta Ka Ooltah Chashmah - तारक मेहता - Ep 2290 - 13th September, 2017",https://www.youtube.com/watch?v=E4QdmizD1So,Found
2291,"Taarak Mehta Ka Ooltah Chashmah - तारक मेहता - Ep 2291-14th September, 2017",https://www.youtube.com/watch?v=vDBln6p3bNM,Found
2292,"Taarak Mehta Ka Ooltah Chashmah | तारक मेहता का उल्टा चश्मा | Episode 2292 | 4th December, 2020",https://www.youtube.com/watch?v=reDxsfgtawo,Found
2293,"Taarak Mehta Ka Ooltah Chashmah - तारक मेहता - Ep 2293-18th September, 2017",https://www.youtube.com/watch?v=Wrsxn7IFYoU,Found
2294,"Taarak Mehta Ka Ooltah Chashmah - तारक मेहता - Ep 2294 - 19th September, 2017",https://www.youtube.com/watch?v=iOgW3jTxBdE,Found
2295,"Taarak Mehta Ka Ooltah Chashmah - तारक मेहता - Ep 2295 - 20th September, 2017",https://www.youtube.com/watch?v=_By4fkCVXII,Found
2296,"Taarak Mehta Ka Ooltah Chashmah - तारक मेहता - Ep 2296 - 21st September, 2017",https://www.youtube.com/watch?v=LZm2iQFMW4s,Found
2297,Chai Gang ने किया Gokuldham पर हमला | Taarak Mehta Ka Ooltah Chashmah | Gokuldham Gentlemen League,https://www.youtube.com/watch?v=lWT35beSkuM,Found
2298,"Taarak Mehta Ka Ooltah Chashmah - तारक मेहता - Ep 2298 - 25th September, 2017",https://www.youtube.com/watch?v=NaqgHJBjXXw,Found
2299,"Taarak Mehta Ka Ooltah Chashmah - तारक मेहता - Navratri Special - Ep 2299 - 26th September, 2017",https://www.youtube.com/watch?v=ygpfaqcdJPY,Found
2300,"Taarak Mehta Ka Ooltah Chashmah - तारक मेहता - Navratri Special - Ep 2300 - 27th September, 2017",https://www.youtube.com/watch?v=Ilxw2jgmbO0,Found
2301,"Taarak Mehta Ka Ooltah Chashmah - तारक मेहता - Navratri Special - Ep 2301 - 28th September, 2017",https://www.youtube.com/watch?v=8VPAiZXZl78,Found
2302,"Taarak Mehta Ka Ooltah Chashmah - तारक मेहता - Navratri Special - Ep 2302 - 29th September, 2017",https://www.youtube.com/watch?v=mHsCBNRisug,Found
2303,"Taarak Mehta Ka Ooltah Chashmah - तारक मेहता - Navratri Special - Ep 2303 - 30th September, 2017",https://www.youtube.com/watch?v=pg8bykZoRYA,Found
2304,"Taarak Mehta Ka Ooltah Chashmah - तारक मेहता - Navratri Special - Ep 2304 - 2nd October, 2017",https://www.youtube.com/watch?v=ti2qdZBHXhw,Found
2305,"Taarak Mehta Ka Ooltah Chashmah - तारक मेहता - Ep 2305 - 3rd October, 2017",https://www.youtube.com/watch?v=SZ9O2rX3SDo,Found
2306,"Taarak Mehta Ka Ooltah Chashmah - तारक मेहता - Ep 2306 - 4th October, 2017",https://www.youtube.com/watch?v=evXRreuHesM,Found
2307,"Taarak Mehta Ka Ooltah Chashmah - तारक मेहता - Ep 2307 - 5th October, 2017",https://www.youtube.com/watch?v=w-dwQJ50r0k,Found
2308,"Taarak Mehta Ka Ooltah Chashmah - तारक मेहता - Ep 2308 - 6th October, 2017",https://www.youtube.com/watch?v=Qi58u5Rch8s,Found
2309,"Taarak Mehta Ka Ooltah Chashmah - तारक मेहता - Ep 2309 - 9th October, 2017",https://www.youtube.com/watch?v=OyljSXH6ZgU,Found
2310,"Taarak Mehta Ka Ooltah Chashmah - तारक मेहता - Ep 2310 - 10th October, 2017",https://www.youtube.com/watch?v=AkZlVQPYqUw,Found
2311,"Taarak Mehta Ka Ooltah Chashmah - तारक मेहता - Ep 2311 - 11th October, 2017",https://www.youtube.com/watch?v=i4llplrx7_k,Found
2312,"Taarak Mehta Ka Ooltah Chashmah - तारक मेहता - Ep 2312 - 12th October, 2017",https://www.youtube.com/watch?v=pNSd0i8OJHA,Found
2313,"Taarak Mehta Ka Ooltah Chashmah - तारक मेहता - Ep 2313 - 13th October, 2017",https://www.youtube.com/watch?v=igZUJQsgl1o,Found
2314,"Taarak Mehta Ka Ooltah Chashmah - तारक मेहता - Ep 2314 - 14th October, 2017",https://www.youtube.com/watch?v=Zxf1gdEI7UA,Found
2315,"Taarak Mehta Ka Ooltah Chashmah - तारक मेहता - Ep 2315 - Full Episode - 16th October, 2017",https://www.youtube.com/watch?v=jaj1Antt2_c,Found
2316,"Taarak Mehta Ka Ooltah Chashmah - तारक मेहता - Ep 2316 - Full Episode - 17th October, 2017",https://www.youtube.com/watch?v=xPMytoXsP7s,Found
2317,"Taarak Mehta Ka Ooltah Chashmah - तारक मेहता - Ep 2317 - Full Episode - 18th October, 2017",https://www.youtube.com/watch?v=2CGA5FNEj3A,Found
2318,"Taarak Mehta Ka Ooltah Chashmah - तारक मेहता - Ep 2318 - Full Episode - 19th October, 2017",https://www.youtube.com/watch?v=e8MFcbhZHv8,Found
2319,"Taarak Mehta Ka Ooltah Chashmah - तारक मेहता - Ep 2319 - Full Episode - 20th October, 2017",https://www.youtube.com/watch?v=vuMYVl_ohtY,Found
2320,"Taarak Mehta Ka Ooltah Chashmah - तारक मेहता - Ep 2320 - Full Episode - 21st October, 2017",https://www.youtube.com/watch?v=kiY9Uz9jZPY,Found
2321,"Taarak Mehta Ka Ooltah Chashmah - तारक मेहता - Ep 2321 - Full Episode - 23rd October, 2017",https://www.youtube.com/watch?v=XEgft49BowY,Found
2322,"Taarak Mehta Ka Ooltah Chashmah - तारक मेहता - Ep 2322 - Full Episode - 24th October, 2017",https://www.youtube.com/watch?v=VLd7ykgzPV8,Found
2323,"Taarak Mehta Ka Ooltah Chashmah - तारक मेहता - Ep 2323 - Full Episode - 25th October, 2017",https://www.youtube.com/watch?v=Lf0GiCc2OAk,Found
2324,"Taarak Mehta Ka Ooltah Chashmah - तारक मेहता - Ep 2324 - Full Episode - 26th October, 2017",https://www.youtube.com/watch?v=e3Cg8Tub68I,Found
2325,"Taarak Mehta Ka Ooltah Chashmah - तारक मेहता - Ep 2325 - Full Episode - 27th October, 2017",https://www.youtube.com/watch?v=3vZ8vaQohgI,Found
2326,"Taarak Mehta Ka Ooltah Chashmah - तारक मेहता - Ep 2326 - Full Episode - 30th October, 2017",https://www.youtube.com/watch?v=MfWh5lHH9nc,Found
2327,"Taarak Mehta Ka Ooltah Chashmah - तारक मेहता - Ep 2327 - Full Episode - 31st October, 2017",https://www.youtube.com/watch?v=4jL64fan2Sc,Found
2328,"Taarak Mehta Ka Ooltah Chashmah - तारक मेहता - Ep 2328 - Full Episode - 1st November, 2017",https://www.youtube.com/watch?v=7cY9oWnV4ks,Found
2329,"Taarak Mehta Ka Ooltah Chashmah - तारक मेहता - Ep 2329 - Full Episode - 2nd November, 2017",https://www.youtube.com/watch?v=5JwciACWpCE,Found
2330,"Taarak Mehta Ka Ooltah Chashmah - तारक मेहता - Ep 2330 - Full Episode - 3rd November, 2017",https://www.youtube.com/watch?v=5RjOH4S3bqk,Found
2331,"Taarak Mehta Ka Ooltah Chashmah - तारक मेहता - Ep 2331 - Full Episode - 6th November, 2017",https://www.youtube.com/watch?v=kh2gEhBdWlM,Found
2332,"Taarak Mehta Ka Ooltah Chashmah - तारक मेहता - Ep 2332 - Full Episode - 7th November, 2017",https://www.youtube.com/watch?v=0pMPcsbt9Oo,Found
2333,"Taarak Mehta Ka Ooltah Chashmah - तारक मेहता - Ep 2333 - Full Episode - 8th November, 2017",https://www.youtube.com/watch?v=kTbeqnGVxrg,Found
2334,"Taarak Mehta Ka Ooltah Chashmah - तारक मेहता - Ep 2334 - Full Episode - 9th November, 2017",https://www.youtube.com/watch?v=YLLVbktXyk8,Found
2335,"Taarak Mehta Ka Ooltah Chashmah - तारक मेहता - Ep 2335 - Full Episode - 10th November, 2017",https://www.youtube.com/watch?v=VWOR14kqbrY,Found
2336,"Taarak Mehta Ka Ooltah Chashmah - तारक मेहता - Ep 2336 - Full Episode - 13th November, 2017",https://www.youtube.com/watch?v=PcUwY7S1EWg,Found
2337,"Taarak Mehta Ka Ooltah Chashmah - तारक मेहता - Ep 2337 - Full Episode - 14th November, 2017",https://www.youtube.com/watch?v=L2Mpp8ENVOk,Found
2338,"Taarak Mehta Ka Ooltah Chashmah - तारक मेहता - Ep 2338 - Full Episode - 15th November, 2017",https://www.youtube.com/watch?v=XBbCfOcLgxI,Found
2339,"Taarak Mehta Ka Ooltah Chashmah - तारक मेहता - Ep 2339 - Full Episode - 16th November, 2017",https://www.youtube.com/watch?v=-NaZ_l37sw8,Found
2340,"Taarak Mehta Ka Ooltah Chashmah - तारक मेहता - Ep 2340 - Full Episode - 17th November, 2017",https://www.youtube.com/watch?v=a35hoU95oMo,Found
2341,"Taarak Mehta Ka Ooltah Chashmah - तारक मेहता - Ep 2341 - Full Episode - 20th November, 2017",https://www.youtube.com/watch?v=AehNLXZ_Xf8,Found
2342,"Taarak Mehta Ka Ooltah Chashmah - तारक मेहता - Ep 2342 - Full Episode - 21st November, 2017",https://www.youtube.com/watch?v=z9QdkrANGbE,Found
2343,"Taarak Mehta Ka Ooltah Chashmah - तारक मेहता - Ep 2343 - Full Episode - 22nd November, 2017",https://www.youtube.com/watch?v=k65hByOwVPE,Found
2344,"Taarak Mehta Ka Ooltah Chashmah - तारक मेहता - Ep 2344 - Full Episode - 23rd November, 2017",https://www.youtube.com/watch?v=N8AeHR2gemg,Found
2345,"Taarak Mehta Ka Ooltah Chashmah - तारक मेहता - Ep 2345 - Full Episode - 24th November, 2017",https://www.youtube.com/watch?v=gxGox0Ppc_E,Found
2346,"Taarak Mehta Ka Ooltah Chashmah - तारक मेहता - Ep 2346 - Full Episode - 27th November, 2017",https://www.youtube.com/watch?v=rmw69BNeCqM,Found
2347,"Taarak Mehta Ka Ooltah Chashmah - Ep 2347 - Full Episode - 28th November, 2017",https://www.youtube.com/watch?v=riP5saJgAF4,Found
2348,"Taarak Mehta Ka Ooltah Chashmah - Ep 2348 - Full Episode - 29th November, 2017",https://www.youtube.com/watch?v=23tqdVAS2eo,Found
2349,"Taarak Mehta Ka Ooltah Chashmah - Ep 2349 - Full Episode - 30th November, 2017",https://www.youtube.com/watch?v=k7yYOUOndsc,Found
2350,"Taarak Mehta Ka Ooltah Chashmah - Ep 2350 - Full Episode - 1st December, 2017",https://www.youtube.com/watch?v=qTm6Nc7U5xA,Found
2351,"Taarak Mehta Ka Ooltah Chashmah - Ep 2351 - Full Episode - 4th December, 2017",https://www.youtube.com/watch?v=-A4I-a6X3Lg,Found
2352,"Taarak Mehta Ka Ooltah Chashmah - Ep 2352 - Full Episode - 5th December, 2017",https://www.youtube.com/watch?v=duIdrfB5LzY,Found
2353,"Taarak Mehta Ka Ooltah Chashmah - Ep 2353 - Full Episode - 6th December, 2017",https://www.youtube.com/watch?v=6XGLtt-RhOI,Found
2354,"Taarak Mehta Ka Ooltah Chashmah - Ep 2354 - Full Episode - 7th December, 2017",https://www.youtube.com/watch?v=LjQoP0k1Kl0,Found
2355,"Taarak Mehta Ka Ooltah Chashmah - Ep 2355 - Full Episode - 8th December, 2017",https://www.youtube.com/watch?v=VZimSFta0Kc,Found
2356,"Taarak Mehta Ka Ooltah Chashmah - Ep 2356 - Full Episode - 11th December, 2017",https://www.youtube.com/watch?v=ukwqRv_DvEk,Found
2357,"Taarak Mehta Ka Ooltah Chashmah - Ep 2357 - Full Episode - 12th December, 2017",https://www.youtube.com/watch?v=h6EZqVH50uk,Found
2358,"Taarak Mehta Ka Ooltah Chashmah - Ep 2358 - Full Episode - 13th December, 2017",https://www.youtube.com/watch?v=S2PmTb3xA2U,Found
2359,"Taarak Mehta Ka Ooltah Chashmah - Ep 2359 - Full Episode - 14th December, 2017",https://www.youtube.com/watch?v=nbwjGKLi3z4,Found
2360,"Taarak Mehta Ka Ooltah Chashmah - Ep 2360 - Full Episode - 15th December, 2017",https://www.youtube.com/watch?v=TJ5OaMiJqtc,Found
2361,"Taarak Mehta Ka Ooltah Chashmah - Ep 2361 - Full Episode - 18th December, 2017",https://www.youtube.com/watch?v=SW6N3NqSIxg,Found
2362,"Taarak Mehta Ka Ooltah Chashmah - Ep 2362 - Webisode - 19th December, 2017",https://www.youtube.com/watch?v=BW0DPpd4BdM,Found
2363,"Taarak Mehta Ka Ooltah Chashmah - Ep 2363 - Full Episode - 20th December, 2017",https://www.youtube.com/watch?v=ahpHLO2m1vQ,Found
2364,"Taarak Mehta Ka Ooltah Chashmah - Ep 2364 - Full Episode - 21st December, 2017",https://www.youtube.com/watch?v=l_Vme1oQTO8,Found
2365,"Taarak Mehta Ka Ooltah Chashmah - Ep 2365 - Full Episode - 22nd December, 2017",https://www.youtube.com/watch?v=K63qtfaC-O8,Found
2366,"Taarak Mehta Ka Ooltah Chashmah - Ep 2366 - Full Episode - 25th December, 2017",https://www.youtube.com/watch?v=eT7MhNj_oTU,Found
2367,"Taarak Mehta Ka Ooltah Chashmah - Ep 2367 - Full Episode - 26th December, 2017",https://www.youtube.com/watch?v=5pHDU5Bxi90,Found
2368,"Taarak Mehta Ka Ooltah Chashmah - Ep 2368 - Full Episode - 27th December, 2017",https://www.youtube.com/watch?v=r3HEppd4V_4,Found
2369,"Taarak Mehta Ka Ooltah Chashmah - Ep 2369 - Full Episode - 28th December, 2017",https://www.youtube.com/watch?v=qXqdi8LjtmY,Found
2370,"Taarak Mehta Ka Ooltah Chashmah - Ep 2370 - Full Episode - 29th December, 2017",https://www.youtube.com/watch?v=itgjzLbuPeg,Found
2371,"Taarak Mehta Ka Ooltah Chashmah - Ep 2371 - Full Episode - 1st January, 2018",https://www.youtube.com/watch?v=KFwjXC3LiwA,Found
2372,"Taarak Mehta Ka Ooltah Chashmah - Ep 2372 - Full Episode - 2nd January, 2018",https://www.youtube.com/watch?v=YKGRLeJ1xdE,Found
2373,"Taarak Mehta Ka Ooltah Chashmah - Ep 2373 - Full Episode - 3rd January, 2018",https://www.youtube.com/watch?v=s-LrrS2BBbA,Found
2374,"Taarak Mehta Ka Ooltah Chashmah - Ep 2374 - Full Episode - 4th January, 2018",https://www.youtube.com/watch?v=KwYpnq7fdpk,Found
2375,"Taarak Mehta Ka Ooltah Chashmah - Ep 2375 - Full Episode - 5th January, 2018",https://www.youtube.com/watch?v=MI4SD4ARHEU,Found
2376,"Taarak Mehta Ka Ooltah Chashmah - Ep 2376 - Full Episode - 8th January, 2018",https://www.youtube.com/watch?v=3MSQnDlAqWE,Found
2377,"Taarak Mehta Ka Ooltah Chashmah - Ep 2377 - Full Episode - 9th January, 2018",https://www.youtube.com/watch?v=oQpEBelJDCo,Found
2378,"Taarak Mehta Ka Ooltah Chashmah - Ep 2378 - Full Episode - 10th January, 2018",https://www.youtube.com/watch?v=uLMRV5JUW40,Found
2379,"Taarak Mehta Ka Ooltah Chashmah - Ep 2379 - Full Episode - 11th January, 2018",https://www.youtube.com/watch?v=jbx1hWlYY9Y,Found
2380,"Taarak Mehta Ka Ooltah Chashmah - Ep 2380 - Full Episode - 12th January, 2018",https://www.youtube.com/watch?v=Xz1RVdTbw7s,Found
2381,"Taarak Mehta Ka Ooltah Chashmah - Ep 2381 - Full Episode - 15th January, 2018",https://www.youtube.com/watch?v=rPUTtdmh3Lo,Found
2382,"Taarak Mehta Ka Ooltah Chashmah - Full Episode - Ep 2382 - 16th January, 2018",https://www.youtube.com/watch?v=CdO6kBUt5dM,Found
2383,"Taarak Mehta Ka Ooltah Chashmah - Ep 2383 - Full Episode - 17th January, 2018",https://www.youtube.com/watch?v=Ha8rV7wP8XQ,Found
2384,"Taarak Mehta Ka Ooltah Chashmah - Ep 2384 - Full Episode - 18th January, 2018",https://www.youtube.com/watch?v=Hv1BkBczZcs,Found
2385,"Taarak Mehta Ka Ooltah Chashmah - Ep 2385 - Full Episode - 19th January, 2018",https://www.youtube.com/watch?v=m1_4JFbedZE,Found
2386,"Taarak Mehta Ka Ooltah Chashmah - Ep 2386 - Full Episode - 22nd January, 2018",https://www.youtube.com/watch?v=-lTs1EoCwLo,Found
2387,"Taarak Mehta Ka Ooltah Chashmah - Ep 2387 - Full Episode - 23rd January, 2018",https://www.youtube.com/watch?v=F350zodFfps,Found
2388,"Taarak Mehta Ka Ooltah Chashmah - Ep 2388 - Full Episode - 24th January, 2018",https://www.youtube.com/watch?v=BTL6CvLrBEs,Found
2389,"Taarak Mehta Ka Ooltah Chashmah - Ep 2389 - Full Episode - 25th January, 2018",https://www.youtube.com/watch?v=OKWu4Ik429M,Found
2390,"Taarak Mehta Ka Ooltah Chashmah - Ep 2390 - Full Episode - 26th January, 2018",https://www.youtube.com/watch?v=IS2t3Meeivs,Found
2391,"Taarak Mehta Ka Ooltah Chashmah - Ep 2391 - Full Episode - 29th January, 2018",https://www.youtube.com/watch?v=D9iHEDFRqNc,Found
2392,"Taarak Mehta Ka Ooltah Chashmah - Ep 2392 - Full Episode - 30th January, 2018",https://www.youtube.com/watch?v=IAlrFLpQ33M,Found
2393,"Taarak Mehta Ka Ooltah Chashmah - Ep 2393 - Full Episode - 31st January, 2018",https://www.youtube.com/watch?v=c5VRdsDzQwE,Found
2394,"Taarak Mehta Ka Ooltah Chashmah - Ep 2394 - Full Episode - 1st February, 2018",https://www.youtube.com/watch?v=3VwQLjbC2hk,Found
2395,"Taarak Mehta Ka Ooltah Chashmah - Ep 2395 - Full Episode - 2nd February, 2018",https://www.youtube.com/watch?v=hL6yWko4vS0,Found
2396,"Taarak Mehta Ka Ooltah Chashmah - Ep 2396 - Full Episode - 5th February, 2018",https://www.youtube.com/watch?v=m3czWsO2Y6k,Found
2397,"Taarak Mehta Ka Ooltah Chashmah - Ep 2397 - Full Episode - 6th February, 2018",https://www.youtube.com/watch?v=IK7SzhqReRQ,Found
2398,"Taarak Mehta Ka Ooltah Chashmah - Ep 2398 - Full Episode - 7th February, 2018",https://www.youtube.com/watch?v=BF4SFJOMpi0,Found
2399,"Taarak Mehta Ka Ooltah Chashmah - Ep 2399 - Full Episode - 8th February, 2018",https://www.youtube.com/watch?v=nwyhtVf5RKs,Found
2400,"Taarak Mehta Ka Ooltah Chashmah - Ep 2400 - Full Episode - 9th February, 2018",https://www.youtube.com/watch?v=vGmJiY2Awek,Found
2401,"Taarak Mehta Ka Ooltah Chashmah - Ep 2401 - Full Episode - 12th February, 2018",https://www.youtube.com/watch?v=I8TZn4Tn6B0,Found
2402,"Taarak Mehta Ka Ooltah Chashmah - Ep 2402 - Full Episode - 13th February, 2018",https://www.youtube.com/watch?v=wT6LmoLFXJU,Found
2403,"Taarak Mehta Ka Ooltah Chashmah - Ep 2403 - Full Episode - 14th February, 2018",https://www.youtube.com/watch?v=wK_liWAOfW8,Found
2404,"Taarak Mehta Ka Ooltah Chashmah - Ep 2404 - Full Episode - 15th February, 2018",https://www.youtube.com/watch?v=JiX8o3eesG4,Found
2405,"Taarak Mehta Ka Ooltah Chashmah - Ep 2405 - Full Episode - 16th February, 2018",https://www.youtube.com/watch?v=4iZuD2bQAR8,Found
2406,"Taarak Mehta Ka Ooltah Chashmah - Ep 2406 - Full Episode - 19th February, 2018",https://www.youtube.com/watch?v=KcNEimaXgBQ,Found
2407,"Taarak Mehta Ka Ooltah Chashmah - Ep 2407 - Full Episode - 20th February, 2018",https://www.youtube.com/watch?v=twURo3eABmM,Found
2408,"Taarak Mehta Ka Ooltah Chashmah - Ep 2408 - Full Episode - 21st February, 2018",https://www.youtube.com/watch?v=Fwc4xyA0p2Q,Found
2409,"Taarak Mehta Ka Ooltah Chashmah - Ep 2409 - Full Episode - 22nd February, 2018",https://www.youtube.com/watch?v=m0_EDgs-5bU,Found
2410,"Taarak Mehta Ka Ooltah Chashmah - Ep 2410 - Full Episode - 23rd February, 2018",https://www.youtube.com/watch?v=7Jbkl5sEVlw,Found
2411,"Taarak Mehta Ka Ooltah Chashmah - Ep 2411 - Full Episode - 26th February, 2018",https://www.youtube.com/watch?v=P1YxlTsmwJ8,Found
2412,"Taarak Mehta Ka Ooltah Chashmah - Ep 2412 - Full Episode - 27th February, 2018",https://www.youtube.com/watch?v=tFM9hvSj0y0,Found
2413,"Taarak Mehta Ka Ooltah Chashmah - Ep 2413 - Full Episode - 28th February, 2018",https://www.youtube.com/watch?v=OTjamLD534Q,Found
2414,"Taarak Mehta Ka Ooltah Chashmah - Ep 2414 - Full Episode - 1st March, 2018",https://www.youtube.com/watch?v=uZ62kvyGhjQ,Found
2415,"Taarak Mehta Ka Ooltah Chashmah - Ep 2415 - Full Episode - 2nd March, 2018",https://www.youtube.com/watch?v=jhezW7swz2k,Found
2416,"Taarak Mehta Ka Ooltah Chashmah - Ep 2416 - Full Episode - 5th March, 2018",https://www.youtube.com/watch?v=Kf5QpRBxBSQ,Found
2417,"Taarak Mehta Ka Ooltah Chashmah - Ep 2417 - Full Episode - 6th March, 2018",https://www.youtube.com/watch?v=ccn6VPsRark,Found
2418,"Taarak Mehta Ka Ooltah Chashmah - Ep 2418 - Full Episode - 7th March, 2018",https://www.youtube.com/watch?v=bY2d7hfC6tc,Found
2419,"Taarak Mehta Ka Ooltah Chashmah - Ep 2419 - Full Episode - 8th March, 2018",https://www.youtube.com/watch?v=tpKJGx0JotU,Found
2420,"Taarak Mehta Ka Ooltah Chashmah - Ep 2420 - Full Episode - 9th March, 2018",https://www.youtube.com/watch?v=RAkFJNis9W4,Found
2421,"Taarak Mehta Ka Ooltah Chashmah - Ep 2421 - Full Episode - 12th March, 2018",https://www.youtube.com/watch?v=xlpK1XKz788,Found
2422,"Taarak Mehta Ka Ooltah Chashmah - Ep 2422 - Full Episode - 13th March, 2018",https://www.youtube.com/watch?v=WbFSyRL-3Ts,Found
2423,"Taarak Mehta Ka Ooltah Chashmah - Ep 2423 - Full Episode - 14th March, 2018",https://www.youtube.com/watch?v=LGNWwqO6IbY,Found
2424,"Taarak Mehta Ka Ooltah Chashmah - Ep 2424 - Full Episode - 15th March, 2018",https://www.youtube.com/watch?v=64NJSqHJIoA,Found
2425,"Taarak Mehta Ka Ooltah Chashmah - Ep 2425 - Full Episode - 16th March, 2018",https://www.youtube.com/watch?v=QYCUB_PqAvs,Found
2426,"Taarak Mehta Ka Ooltah Chashmah - Ep 2426 - Full Episode - 19th March, 2018",https://www.youtube.com/watch?v=hhxQjbPf2Qg,Found
2427,"Taarak Mehta Ka Ooltah Chashmah - Ep 2427 - Full Episode - 20th March, 2018",https://www.youtube.com/watch?v=pqyNzal705E,Found
2428,"Taarak Mehta Ka Ooltah Chashmah - Ep 2428 - Full Episode - 21st March, 2018",https://www.youtube.com/watch?v=Z018r0ZyMOg,Found
2429,"Taarak Mehta Ka Ooltah Chashmah - Ep 2429 - Full Episode - 22nd March, 2018",https://www.youtube.com/watch?v=9zy2YI7bk2o,Found
2430,"Taarak Mehta Ka Ooltah Chashmah - Ep 2430 - Full Episode - 23rd March, 2018",https://www.youtube.com/watch?v=Z88AhAnUC88,Found
2431,"Taarak Mehta Ka Ooltah Chashmah - Ep 2431 - Full Episode - 26th March, 2018",https://www.youtube.com/watch?v=F76cCx0zhaA,Found
2432,"Taarak Mehta Ka Ooltah Chashmah - Ep 2432 - Full Episode - 27th March, 2018",https://www.youtube.com/watch?v=HroIlEjw0K0,Found
2433,"Taarak Mehta Ka Ooltah Chashmah - Ep 2433 - Full Episode - 28th March, 2018",https://www.youtube.com/watch?v=HVKOL2UfYcs,Found
2434,"Taarak Mehta Ka Ooltah Chashmah - Ep 2434 - Full Episode - 29th March, 2018",https://www.youtube.com/watch?v=ti57TfLxg5M,Found
2435,"Taarak Mehta Ka Ooltah Chashmah - Ep 2435 - Full Episode - 30th March, 2018",https://www.youtube.com/watch?v=VVQGLHkjb8U,Found
2436,"Taarak Mehta Ka Ooltah Chashmah - Ep 2436 - Full Episode - 2nd April, 2018",https://www.youtube.com/watch?v=UID-g8STSmE,Found
2437,"Taarak Mehta Ka Ooltah Chashmah - Ep 2437 - Full Episode - 3rd April, 2018",https://www.youtube.com/watch?v=gOfFEZpfOgY,Found
2438,"Taarak Mehta Ka Ooltah Chashmah - Ep 2438 - Full Episode - 4th April, 2018",https://www.youtube.com/watch?v=kbSqXseTaA8,Found
2439,"Taarak Mehta Ka Ooltah Chashmah - Ep 2439 - Full Episode - 5th April, 2018",https://www.youtube.com/watch?v=C1nn0_EZLjY,Found
2440,"Taarak Mehta Ka Ooltah Chashmah - Ep 2440 - Full Episode - 6th April, 2018",https://www.youtube.com/watch?v=1lBrYHA0ifo,Found
2441,"Taarak Mehta Ka Ooltah Chashmah - Ep 2441 - Full Episode - 9th April, 2018",https://www.youtube.com/watch?v=O8azHD3Id8w,Found
2442,"Taarak Mehta Ka Ooltah Chashmah - Ep 2442 - Full Episode - 10th April, 2018",https://www.youtube.com/watch?v=B30ECD0Gvl4,Found
2443,"Taarak Mehta Ka Ooltah Chashmah - Ep 2443 - Full Episode - 11th April, 2018",https://www.youtube.com/watch?v=jIc_rykgq3s,Found
2444,"Taarak Mehta Ka Ooltah Chashmah - Ep 2444 - Full Episode - 12th April, 2018",https://www.youtube.com/watch?v=XOxaSDCNkbY,Found
2445,"Taarak Mehta Ka Ooltah Chashmah - Ep 2445 - Full Episode - 13th April, 2018",https://www.youtube.com/watch?v=F5kaLDGMQ14,Found
2446,"Taarak Mehta Ka Ooltah Chashmah - Ep 2446 - Full Episode - 16th April, 2018",https://www.youtube.com/watch?v=wtkTaHArhvE,Found
2447,"Taarak Mehta Ka Ooltah Chashmah - Ep 2447 - Full Episode - 17th April, 2018",https://www.youtube.com/watch?v=DFSVLmDoOfg,Found
2448,"Taarak Mehta Ka Ooltah Chashmah - Ep 2448 - Full Episode - 18th April, 2018",https://www.youtube.com/watch?v=6OYIOXhVraM,Found
2449,"Taarak Mehta Ka Ooltah Chashmah - Ep 2449 - Full Episode - 19th April, 2018",https://www.youtube.com/watch?v=sHdmQPkvLew,Found
2450,"Taarak Mehta Ka Ooltah Chashmah - Ep 2450 - Full Episode - 20th April, 2018",https://www.youtube.com/watch?v=GySuurFt4AA,Found
2451,"Taarak Mehta Ka Ooltah Chashmah - Ep 2451 - Full Episode - 23rd April, 2018",https://www.youtube.com/watch?v=G0q80pLoDdM,Found
2452,"Taarak Mehta Ka Ooltah Chashmah - Ep 2452 - Full Episode - 24th April, 2018",https://www.youtube.com/watch?v=C3C1bnZFNJw,Found
2453,"Taarak Mehta Ka Ooltah Chashmah - Ep 2453 - Full Episode - 25th April, 2018",https://www.youtube.com/watch?v=0ltpTiJ9-MA,Found
2454,"Taarak Mehta Ka Ooltah Chashmah - Ep 2454 - Full Episode - 26th April, 2018",https://www.youtube.com/watch?v=bC-AfkVCwFA,Found
2455,"Taarak Mehta Ka Ooltah Chashmah - Ep 2455 - Full Episode - 27th April, 2018",https://www.youtube.com/watch?v=HFEHxyZQWXY,Found
2456,"Taarak Mehta Ka Ooltah Chashmah - Ep 2456 - Full Episode - 30th April, 2018",https://www.youtube.com/watch?v=Nyp6265ep9w,Found
2457,"Taarak Mehta Ka Ooltah Chashmah - Ep 2457 - Full Episode - 1st May, 2018",https://www.youtube.com/watch?v=1D1STln0NiM,Found
2458,"Taarak Mehta Ka Ooltah Chashmah - Ep 2458 - Full Episode - 2nd May, 2018",https://www.youtube.com/watch?v=XwyVpFEx6Kg,Found
2459,"Taarak Mehta Ka Ooltah Chashmah - Ep 2459 - Full Episode - 3rd May, 2018",https://www.youtube.com/watch?v=Mw9jv5KMXBM,Found
2460,"Taarak Mehta Ka Ooltah Chashmah - Ep 2460 - Full Episode - 4th May, 2018",https://www.youtube.com/watch?v=fJhcZ3B5z2w,Found
2461,"Taarak Mehta Ka Ooltah Chashmah - Ep 2461 - Full Episode - 7th May, 2018",https://www.youtube.com/watch?v=ME_7wAdJ-Jg,Found
2462,"Taarak Mehta Ka Ooltah Chashmah - Ep 2462 - Full Episode - 8th May, 2018",https://www.youtube.com/watch?v=IzhNbccJp5w,Found
2463,"Taarak Mehta Ka Ooltah Chashmah - Ep 2463 - Full Episode - 9th May, 2018",https://www.youtube.com/watch?v=UBkhHJA59Qw,Found
2464,"Taarak Mehta Ka Ooltah Chashmah - Ep 2464 - Full Episode - 10th May, 2018",https://www.youtube.com/watch?v=FgYCNEgZSrg,Found
2465,"Taarak Mehta Ka Ooltah Chashmah - Ep 2465 - Full Episode - 11th May, 2018",https://www.youtube.com/watch?v=enmUtxh_3t8,Found
2466,"Taarak Mehta Ka Ooltah Chashmah - Ep 2466 - Full Episode - 14th May, 2018",https://www.youtube.com/watch?v=UvBG_kbzm4w,Found
2467,"Taarak Mehta Ka Ooltah Chashmah - Ep 2467 - Full Episode - 15th May, 2018",https://www.youtube.com/watch?v=WqB0CE9YjCs,Found
2468,"Taarak Mehta Ka Ooltah Chashmah - Ep 2468 - Full Episode - 16th May, 2018",https://www.youtube.com/watch?v=YHJVl9PEtdg,Found
2469,"Taarak Mehta Ka Ooltah Chashmah - Ep 2469 - Full Episode - 17th May, 2018",https://www.youtube.com/watch?v=GMDwMJXScs0,Found
2470,"Taarak Mehta Ka Ooltah Chashmah - Ep 2470 - Full Episode - 18th May, 2018",https://www.youtube.com/watch?v=-VTVSB1FO30,Found
2471,"Taarak Mehta Ka Ooltah Chashmah - Ep 2471 - Full Episode - 21st May, 2018",https://www.youtube.com/watch?v=J19CqaXkniw,Found
2472,"Taarak Mehta Ka Ooltah Chashmah - Ep 2472 - Full Episode - 22nd May, 2018",https://www.youtube.com/watch?v=iwbDEyGyIIY,Found
2473,"Taarak Mehta Ka Ooltah Chashmah - Ep 2473 - Full Episode - 23rd May, 2018",https://www.youtube.com/watch?v=odM-Q7BB4Bg,Found
2474,"Taarak Mehta Ka Ooltah Chashmah - Ep 2474 - Full Episode - 24th May, 2018",https://www.youtube.com/watch?v=YYEkABjb2ck,Found
2475,"Taarak Mehta Ka Ooltah Chashmah - Ep 2475 - Full Episode - 25th May, 2018",https://www.youtube.com/watch?v=kFCaLpfwodY,Found
2476,"Taarak Mehta Ka Ooltah Chashmah - Ep 2476 - Full Episode - 28th May, 2018",https://www.youtube.com/watch?v=btxaD6eiwj0,Found
2477,"Taarak Mehta Ka Ooltah Chashmah - Ep 2477 - Full Episode - 29th May, 2018",https://www.youtube.com/watch?v=pWqEv7Zo5ys,Found
2478,क्यों Jetha है Tapu से Angry? |Taarak Mehta Ka Ooltah Chashmah | Full Episode 2478 | 12 July 2023,https://www.youtube.com/watch?v=yxoH8P4s1g8,Found
2479,"Taarak Mehta Ka Ooltah Chashmah - Ep 2479 - Full Episode - 31st May, 2018",https://www.youtube.com/watch?v=bD2Dle63JPs,Found
2480,"Taarak Mehta Ka Ooltah Chashmah - Ep 2480 - Full Episode - 1st June, 2018",https://www.youtube.com/watch?v=H7gxE-Xq86Y,Found
2481,"Taarak Mehta Ka Ooltah Chashmah - Ep 2481 - Full Episode - 4th June, 2018",https://www.youtube.com/watch?v=QYtTRiBjHxc,Found
2482,"Taarak Mehta Ka Ooltah Chashmah - Ep 2482 - Full Episode - 5th June, 2018",https://www.youtube.com/watch?v=VW38tyCVAUY,Found
2483,"Taarak Mehta Ka Ooltah Chashmah - Ep 2483 - Full Episode - 6th June, 2018",https://www.youtube.com/watch?v=LcdPFbmFmJk,Found
2484,"Taarak Mehta Ka Ooltah Chashmah - Ep 2484 - Full Episode - 7th June, 2018",https://www.youtube.com/watch?v=PD-qo4yYvKw,Found
2485,"Taarak Mehta Ka Ooltah Chashmah - Ep 2485 - Full Episode - 8th June, 2018",https://www.youtube.com/watch?v=dZdXpYnaG30,Found
2486,"Taarak Mehta Ka Ooltah Chashmah - Ep 2486 - Full Episode - 11th June, 2018",https://www.youtube.com/watch?v=DowaZgcRp3Q,Found
2487,"Taarak Mehta Ka Ooltah Chashmah - Ep 2487 - Full Episode - 12th June, 2018",https://www.youtube.com/watch?v=MohkYUa7RsI,Found
2488,"Taarak Mehta Ka Ooltah Chashmah - Ep 2488 - Full Episode - 13th June, 2018",https://www.youtube.com/watch?v=QbiBoLjrY4w,Found
2489,"Taarak Mehta Ka Ooltah Chashmah - Ep 2489 - Full Episode - 14th June, 2018",https://www.youtube.com/watch?v=S6I5vTnXN08,Found
2490,"Taarak Mehta Ka Ooltah Chashmah - Ep 2490 - Full Episode - 15th June, 2018",https://www.youtube.com/watch?v=P0Uq415kYxA,Found
2491,"Taarak Mehta Ka Ooltah Chashmah - Ep 2491 - Full Episode - 18th June, 2018",https://www.youtube.com/watch?v=bWuMB7xYhKE,Found
2492,"Taarak Mehta Ka Ooltah Chashmah - Ep 2492 - Full Episode - 19th June, 2018",https://www.youtube.com/watch?v=4DA7Y1gmoOA,Found
2493,"Taarak Mehta Ka Ooltah Chashmah - Ep 2493 - Full Episode - 20th June, 2018",https://www.youtube.com/watch?v=A2yIK5HqvTk,Found
2494,"Taarak Mehta Ka Ooltah Chashmah - Ep 2494 - Full Episode - 21st June, 2018",https://www.youtube.com/watch?v=remfSlA7BkY,Found
2495,"Taarak Mehta Ka Ooltah Chashmah - Ep 2495 - Full Episode - 22nd June, 2018",https://www.youtube.com/watch?v=i-JwKVwNmUs,Found
2496,"Taarak Mehta Ka Ooltah Chashmah - Ep 2496 - Full Episode - 25th June, 2018",https://www.youtube.com/watch?v=neVXmsFcm5Y,Found
2497,"Taarak Mehta Ka Ooltah Chashmah - Ep 2497 - Full Episode - 26th June, 2018",https://www.youtube.com/watch?v=3vg_viWESlY,Found
2498,"Taarak Mehta Ka Ooltah Chashmah - Ep 2498 - Full Episode - 27th June, 2018",https://www.youtube.com/watch?v=kpFiO8N5xJc,Found
2499,"Taarak Mehta Ka Ooltah Chashmah - Ep 2499 - Full Episode - 28th June, 2018",https://www.youtube.com/watch?v=mQLIFjluMTs,Found
2500,"Taarak Mehta Ka Ooltah Chashmah - Ep 2500 - Full Episode - 29th June, 2018",https://www.youtube.com/watch?v=WquGhpG5o1Y,Found
2501,"Taarak Mehta Ka Ooltah Chashmah - Ep 2501 - Full Episode - 2nd July, 2018",https://www.youtube.com/watch?v=QoJET4VQWzI,Found
2502,"Taarak Mehta Ka Ooltah Chashmah - Ep 2502 - Full Episode - 3rd July, 2018",https://www.youtube.com/watch?v=Zp7U8RAao7E,Found
2503,"Taarak Mehta Ka Ooltah Chashmah - Ep 2503 - Full Episode - 4th July, 2018",https://www.youtube.com/watch?v=rDeaWixQG5Q,Found
2504,"Taarak Mehta Ka Ooltah Chashmah - Ep 2504 - Full Episode - 5th July, 2018",https://www.youtube.com/watch?v=tBhBV9CPU1Q,Found
2505,Bapuji ने क्यों लिया Gokuldham छोड़ने का फैसला? | Taarak Mehta Ka Ooltah Chashmah | 27 July 2024,https://www.youtube.com/watch?v=WOsp_6z6GW8,Found
2506,"Taarak Mehta Ka Ooltah Chashmah - Ep 2506 - Full Episode - 9th July, 2018",https://www.youtube.com/watch?v=BuZ76Y6iRNE,Found
2507,"Taarak Mehta Ka Ooltah Chashmah - Ep 2507 - Full Episode - 10th July, 2018",https://www.youtube.com/watch?v=78ABStijJvE,Found
2508,"Taarak Mehta Ka Ooltah Chashmah - Ep 2508 - Full Episode - 11th July, 2018",https://www.youtube.com/watch?v=GSCn9LMIaY0,Found
2509,"Taarak Mehta Ka Ooltah Chashmah - Ep 2509 - Full Episode - 12th July, 2018",https://www.youtube.com/watch?v=VVwRNZhNHjU,Found
2510,"Taarak Mehta Ka Ooltah Chashmah - Ep 2510 - Full Episode - 13th July, 2018",https://www.youtube.com/watch?v=pWENwBWFCW0,Found
2511,"Taarak Mehta Ka Ooltah Chashmah - Ep 2511 - Full Episode - 16th July, 2018",https://www.youtube.com/watch?v=DJEpXCPtIW4,Found
2512,"Taarak Mehta Ka Ooltah Chashmah - Ep 2512 - Full Episode - 17th July, 2018",https://www.youtube.com/watch?v=AeLdBBk4ObQ,Found
2513,"Taarak Mehta Ka Ooltah Chashmah - Ep 2513 - Full Episode - 18th July, 2018",https://www.youtube.com/watch?v=_dseln_a13A,Found
2514,"Taarak Mehta Ka Ooltah Chashmah - Ep 2514 - Full Episode - 19th July, 2018",https://www.youtube.com/watch?v=sQS8EhIhifg,Found
2515,"Taarak Mehta Ka Ooltah Chashmah - Ep 2515 - Full Episode - 20th July, 2018",https://www.youtube.com/watch?v=7erVyq1JILk,Found
2516,"Taarak Mehta Ka Ooltah Chashmah - Ep 2516 - Full Episode - 23rd July, 2018",https://www.youtube.com/watch?v=nozz7wc-Clk,Found
2517,"Taarak Mehta Ka Ooltah Chashmah - Ep 2517 - Full Episode - 24th July, 2018",https://www.youtube.com/watch?v=Xwa4eipm_cI,Found
2518,"Taarak Mehta Ka Ooltah Chashmah - Ep 2518 - Full Episode - 25th July, 2018",https://www.youtube.com/watch?v=CazyT6JwdX8,Found
2519,"Taarak Mehta Ka Ooltah Chashmah - Ep 2519 - Full Episode - 26th July, 2018",https://www.youtube.com/watch?v=4BYoCsmBFmQ,Found
2520,"Taarak Mehta Ka Ooltah Chashmah - Ep 2520 - Full Episode - 27th July, 2018",https://www.youtube.com/watch?v=9CmTuC31knY,Found
2521,"Taarak Mehta Ka Ooltah Chashmah - Ep 2521 - Full Episode - 30th July, 2018",https://www.youtube.com/watch?v=5YT6bt-QHZA,Found
2522,"Taarak Mehta Ka Ooltah Chashmah - Ep 2522 - Full Episode - 31st July, 2018",https://www.youtube.com/watch?v=nG6CZHL2DDo,Found
2523,"Taarak Mehta Ka Ooltah Chashmah - Ep 2523 - Full Episode - 1st August, 2018",https://www.youtube.com/watch?v=5zKvVwUBEsc,Found
2524,"Taarak Mehta Ka Ooltah Chashmah - Ep 2524 - Full Episode - 2nd August, 2018",https://www.youtube.com/watch?v=KX73vNi316M,Found
2525,"Taarak Mehta Ka Ooltah Chashmah - Ep 2525 - Full Episode - 3rd August, 2018",https://www.youtube.com/watch?v=AbrxmuSVBJw,Found
2526,"Taarak Mehta Ka Ooltah Chashmah - Ep 2526 - Full Episode - 6th August, 2018",https://www.youtube.com/watch?v=bXKaz4APFUc,Found
2527,"Taarak Mehta Ka Ooltah Chashmah - Ep 2527 - Full Episode - 7th August, 2018",https://www.youtube.com/watch?v=5NDEahsohhY,Found
2528,"Taarak Mehta Ka Ooltah Chashmah - Ep 2528 - Full Episode - 8th August, 2018",https://www.youtube.com/watch?v=urZoyZMOtHs,Found
2529,"Taarak Mehta Ka Ooltah Chashmah - Ep 2529 - Full Episode - 9th August, 2018",https://www.youtube.com/watch?v=txr2-nrbWHc,Found
2530,"Taarak Mehta Ka Ooltah Chashmah - Ep 2530 - Full Episode - 10th August, 2018",https://www.youtube.com/watch?v=G2pkJzSt6NQ,Found
2531,"Taarak Mehta Ka Ooltah Chashmah - Ep 2531 - Full Episode - 13th August, 2018",https://www.youtube.com/watch?v=UwR6gWL9MVo,Found
2532,"Taarak Mehta Ka Ooltah Chashmah - Ep 2532 - Full Episode - 14th August, 2018",https://www.youtube.com/watch?v=vc6Fcibst2k,Found
2533,"Taarak Mehta Ka Ooltah Chashmah - Ep 2533 - Full Episode - 15th August, 2018",https://www.youtube.com/watch?v=Fub5ACiG56k,Found
2534,"Taarak Mehta Ka Ooltah Chashmah - Ep 2534 - Full Episode - 16th August, 2018",https://www.youtube.com/watch?v=tdrp5tc7ZRQ,Found
2535,"Taarak Mehta Ka Ooltah Chashmah - Ep 2535 - Full Episode - 17th August, 2018",https://www.youtube.com/watch?v=2Oej53kPE0c,Found
2536,"Taarak Mehta Ka Ooltah Chashmah - Ep 2536 - Full Episode - 20th August, 2018",https://www.youtube.com/watch?v=P-AOlWzsr_o,Found
2537,"Taarak Mehta Ka Ooltah Chashmah - Ep 2537 - Full Episode - 21st August, 2018",https://www.youtube.com/watch?v=XDAENFqUA1o,Found
2538,"Taarak Mehta Ka Ooltah Chashmah - Ep 2538 - Full Episode - 22nd August, 2018",https://www.youtube.com/watch?v=qsTXB_JNxFs,Found
2539,"Taarak Mehta Ka Ooltah Chashmah - Ep 2539 - Full Episode - 23rd August, 2018",https://www.youtube.com/watch?v=V878wTEM6Os,Found
2540,"Taarak Mehta Ka Ooltah Chashmah - Ep 2540 - Full Episode - 24th August, 2018",https://www.youtube.com/watch?v=nI7WtIrLthg,Found
2541,"Taarak Mehta Ka Ooltah Chashmah - Ep 2541 - Full Episode - 27th August, 2018",https://www.youtube.com/watch?v=TR7GXbR3azo,Found
2542,"Taarak Mehta Ka Ooltah Chashmah - Ep 2542 - Full Episode - 28th August, 2018",https://www.youtube.com/watch?v=xK2zWbEF-BM,Found
2543,"Taarak Mehta Ka Ooltah Chashmah - Ep 2543 - Full Episode - 29th August, 2018",https://www.youtube.com/watch?v=MUxvKrdpIfY,Found
2544,"Taarak Mehta Ka Ooltah Chashmah - Ep 2544 - Full Episode - 30th August, 2018",https://www.youtube.com/watch?v=qYOQChFjok0,Found
2545,"Taarak Mehta Ka Ooltah Chashmah - Ep 2545 - Full Episode - 31st August, 2018",https://www.youtube.com/watch?v=Dml9Bz2hLAM,Found
2546,"Taarak Mehta Ka Ooltah Chashmah - Ep 2546 - Full Episode - 3rd September, 2018",https://www.youtube.com/watch?v=jyIm2uVy1Gs,Found
2547,"Taarak Mehta Ka Ooltah Chashmah - Ep 2547 - Full Episode - 4th September, 2018",https://www.youtube.com/watch?v=g7-alD4eAfU,Found
2548,"Taarak Mehta Ka Ooltah Chashmah - Ep 2548 - Full Episode - 5th September, 2018",https://www.youtube.com/watch?v=K3pDuKMwWXg,Found
2549,"Taarak Mehta Ka Ooltah Chashmah - Ep 2549 - Full Episode - 6th September, 2018",https://www.youtube.com/watch?v=e-85-_IpYc0,Found
2550,"Taarak Mehta Ka Ooltah Chashmah - Ep 2550 - Full Episode - 7th September, 2018",https://www.youtube.com/watch?v=yZ_rSrlnJM8,Found
2551,"Taarak Mehta Ka Ooltah Chashmah - Ep 2551 - Full Episode - 10th September, 2018",https://www.youtube.com/watch?v=F4_wJtdY5nE,Found
2552,"Taarak Mehta Ka Ooltah Chashmah - Ep 2552 - Full Episode - 11th September, 2018",https://www.youtube.com/watch?v=WK1KdZNAk04,Found
2553,"Taarak Mehta Ka Ooltah Chashmah - Ep 2553 - Full Episode - 12th September, 2018",https://www.youtube.com/watch?v=VMRkAWJ6LfE,Found
2554,"Taarak Mehta Ka Ooltah Chashmah - Ep 2554 - Full Episode - 13th September, 2018",https://www.youtube.com/watch?v=HFpVYwDdixc,Found
2555,"Taarak Mehta Ka Ooltah Chashmah - Ep 2555 - Full Episode - 14th September, 2018",https://www.youtube.com/watch?v=y9AN2U9TwSw,Found
2556,"Taarak Mehta Ka Ooltah Chashmah - Ep 2556 - Full Episode - 17th September, 2018",https://www.youtube.com/watch?v=J6Qr2VEEYcM,Found
2557,"Taarak Mehta Ka Ooltah Chashmah - Ep 2557 - Full Episode - 18th September, 2018",https://www.youtube.com/watch?v=pzyZUXQHI6Y,Found
2558,"Taarak Mehta Ka Ooltah Chashmah - Ep 2558 - Full Episode - 19th September, 2018",https://www.youtube.com/watch?v=zJbCxLuq4XQ,Found
2559,"Taarak Mehta Ka Ooltah Chashmah - Ep 2559 - Full Episode - 20th September, 2018",https://www.youtube.com/watch?v=Tz07Eeh4gGg,Found
2560,"Taarak Mehta Ka Ooltah Chashmah - Ep 2560 - Full Episode - 21st September, 2018",https://www.youtube.com/watch?v=XWqNA15-xig,Found
2561,"Taarak Mehta Ka Ooltah Chashmah - Ep 2561 - Full Episode - 24th September, 2018",https://www.youtube.com/watch?v=UPhlipm3MmU,Found
2562,"Taarak Mehta Ka Ooltah Chashmah - Ep 2562 - Full Episode - 25th September, 2018",https://www.youtube.com/watch?v=3iMY-lENDRg,Found
2563,"Taarak Mehta Ka Ooltah Chashmah - Ep 2563 - Full Episode - 26th September, 2018",https://www.youtube.com/watch?v=1sJ36hEUUBM,Found
2564,"Taarak Mehta Ka Ooltah Chashmah - Ep 2564 - Full Episode - 27th September, 2018",https://www.youtube.com/watch?v=stZ9gEuyXWI,Found
2565,"Taarak Mehta Ka Ooltah Chashmah - Ep 2565 - Full Episode - 28th September, 2018",https://www.youtube.com/watch?v=gZpRJdNmJK8,Found
2566,"Jetha's Dilemma | Taarak Mehta Ka Ooltah Chashmah | Full Episode 2566 | 1st October, 2018",https://www.youtube.com/watch?v=hH7qGuduEwc,Found
2567,Can Iyer And Popatlal Answer The Question? | Taarak Mehta Ka Ooltah Chashmah | FE 2567 | 9 Sep 2022,https://www.youtube.com/watch?v=_lQmEjteogk,Found
2568,"Taarak Mehta Ka Ooltah Chashmah - Ep 2568 - Full Episode - 3rd October, 2018",https://www.youtube.com/watch?v=bRqPFWxedRk,Found
2569,"Taarak Mehta Ka Ooltah Chashmah - Ep 2569 - Full Episode - 4th October, 2018",https://www.youtube.com/watch?v=yXBZ4OxTjCo,Found
2570,"Taarak Mehta Ka Ooltah Chashmah - Ep 2570 - Full Episode - 5th October, 2018",https://www.youtube.com/watch?v=_4jh72EaxtQ,Found
2571,"Taarak Mehta Ka Ooltah Chashmah - Ep 2571 - Full Episode - 8th October, 2018",https://www.youtube.com/watch?v=Rpj4lcSqZ5c,Found
2572,"Taarak Mehta Ka Ooltah Chashmah - Ep 2572 - Full Episode - 9th October, 2018",https://www.youtube.com/watch?v=tDnXFSU6GoY,Found
2573,"Taarak Mehta Ka Ooltah Chashmah - Ep 2573 - Full Episode - 10th October, 2018",https://www.youtube.com/watch?v=1G-ENds9sR4,Found
2574,"Taarak Mehta Ka Ooltah Chashmah - Ep 2574 - Full Episode - 11th October, 2018",https://www.youtube.com/watch?v=ZDo7obBh-qQ,Found
2575,"Taarak Mehta Ka Ooltah Chashmah - Ep 2575 - Full Episode - 12th October, 2018",https://www.youtube.com/watch?v=ZBLAjuzWvuQ,Found
2576,"Taarak Mehta Ka Ooltah Chashmah - Ep 2576 - Full Episode - 15th October, 2018",https://www.youtube.com/watch?v=-bgPohTED60,Found
2577,"Taarak Mehta Ka Ooltah Chashmah - Ep 2577 - Full Episode - 16th October, 2018",https://www.youtube.com/watch?v=K2pIKoAeFNg,Found
2578,"Taarak Mehta Ka Ooltah Chashmah - Ep 2578 - Full Episode - 17th October, 2018",https://www.youtube.com/watch?v=abAsJKoHGRU,Found
2579,"Taarak Mehta Ka Ooltah Chashmah - Ep 2579 - Full Episode - 18th October, 2018",https://www.youtube.com/watch?v=yuws-acwQxw,Found
2580,"Taarak Mehta Ka Ooltah Chashmah - Ep 2580 - Full Episode - 19th October, 2018 | Navratri Special",https://www.youtube.com/watch?v=aa29bKqWUoA,Found
2581,"Taarak Mehta Ka Ooltah Chashmah - Ep 2581 - Full Episode - 20th October, 2018 | Navratri Special",https://www.youtube.com/watch?v=dn4o4_pkgQo,Found
2582,"Taarak Mehta Ka Ooltah Chashmah - Ep 2582 - Full Episode - 22nd October, 2018",https://www.youtube.com/watch?v=vasAb1AbqMY,Found
2583,"Taarak Mehta Ka Ooltah Chashmah - Ep 2583 - Full Episode - 23rd October, 2018 | Navratri Special",https://www.youtube.com/watch?v=ddrsGlVuvis,Found
2584,"Taarak Mehta Ka Ooltah Chashmah - Ep 2584 - Full Episode - 24th October, 2018 | Navratri Special",https://www.youtube.com/watch?v=Dva3Yt_ode0,Found
2585,"Taarak Mehta Ka Ooltah Chashmah - Ep 2585 - Full Episode - 25th October, 2018",https://www.youtube.com/watch?v=dLZxUpEl2dk,Found
2586,"Taarak Mehta Ka Ooltah Chashmah - Ep 2586 - Full Episode - 26th October, 2018",https://www.youtube.com/watch?v=38h_dFyzM0Y,Found
2587,"Taarak Mehta Ka Ooltah Chashmah - Ep 2587 - Full Episode - 27th October, 2018",https://www.youtube.com/watch?v=vIrCH8LX4qI,Found
2588,"Taarak Mehta Ka Ooltah Chashmah - Ep 2588 - Full Episode - 29th October, 2018",https://www.youtube.com/watch?v=gd1rCkVe728,Found
2589,"Taarak Mehta Ka Ooltah Chashmah - Ep 2589 - Full Episode - 30th October, 2018",https://www.youtube.com/watch?v=6L8noy0mPdo,Found
2590,"Taarak Mehta Ka Ooltah Chashmah - Ep 2590 - Full Episode - 31st October, 2018",https://www.youtube.com/watch?v=FC0byEgQmu4,Found
2591,"Taarak Mehta Ka Ooltah Chashmah - Ep 2591 - Full Episode - 1st November, 2018",https://www.youtube.com/watch?v=LvZfopfXrrQ,Found
2592,"Taarak Mehta Ka Ooltah Chashmah - Ep 2592 - Full Episode - 2nd November, 2018",https://www.youtube.com/watch?v=b8DcxczNNMU,Found
2593,"Taarak Mehta Ka Ooltah Chashmah - Ep 2593 - Full Episode - 3rd November, 2018",https://www.youtube.com/watch?v=-zKDyaWUd5U,Found
2594,"Taarak Mehta Ka Ooltah Chashmah - Ep 2594 - Full Episode - 5th November, 2018",https://www.youtube.com/watch?v=xSEyqNpEJg4,Found
2595,"Taarak Mehta Ka Ooltah Chashmah - Ep 2595 - Full Episode - 6th November, 2018",https://www.youtube.com/watch?v=ac0DEUuHjeE,Found
2596,"Taarak Mehta Ka Ooltah Chashmah - Ep 2596 - Full Episode - 7th November, 2018",https://www.youtube.com/watch?v=Rzr_qVz8gsw,Found
2597,"Taarak Mehta Ka Ooltah Chashmah - Ep 2597 - Full Episode - 8th November, 2018",https://www.youtube.com/watch?v=Q5RtYaIku0U,Found
2598,"Taarak Mehta Ka Ooltah Chashmah - Ep 2598 - Full Episode - 9th November, 2018",https://www.youtube.com/watch?v=7_bDxQEkpN8,Found
2599,"Taarak Mehta Ka Ooltah Chashmah - Ep 2599 - Full Episode - 12th November, 2018",https://www.youtube.com/watch?v=KWZ8H_nvw4Q,Found
2600,"Taarak Mehta Ka Ooltah Chashmah - Ep 2600 - Full Episode - 13th November, 2018",https://www.youtube.com/watch?v=ZIATCWaCBbA,Found
2601,"Taarak Mehta Ka Ooltah Chashmah - Ep 2601 - Full Episode - 14th November, 2018",https://www.youtube.com/watch?v=A37kIo4DLMA,Found
2602,"Taarak Mehta Ka Ooltah Chashmah - Ep 2602 - Full Episode - 15th November, 2018",https://www.youtube.com/watch?v=wuREADc7yns,Found
2603,"Taarak Mehta Ka Ooltah Chashmah - Ep 2603 - Full Episode - 16th November, 2018",https://www.youtube.com/watch?v=in3gOVim2hk,Found
2604,"Taarak Mehta Ka Ooltah Chashmah - Ep 2604 - Full Episode - 19th November, 2018",https://www.youtube.com/watch?v=glPENtmgO0E,Found
2605,"Taarak Mehta Ka Ooltah Chashmah - Ep 2605 - Full Episode - 20th November, 2018",https://www.youtube.com/watch?v=hzekM4xNRZQ,Found
2606,"Taarak Mehta Ka Ooltah Chashmah - Ep 2606 - Full Episode - 21st November, 2018",https://www.youtube.com/watch?v=JDelna8jZ7k,Found
2607,"Taarak Mehta Ka Ooltah Chashmah - Ep 2607 - Full Episode - 22nd November, 2018",https://www.youtube.com/watch?v=CivXN_WX-bE,Found
2608,"Taarak Mehta Ka Ooltah Chashmah - Ep 2608 - Full Episode - 23rd November, 2018",https://www.youtube.com/watch?v=4J1KC-H0j5I,Found
2609,"Taarak Mehta Ka Ooltah Chashmah - Ep 2609 - Full Episode - 26th November, 2018",https://www.youtube.com/watch?v=sPMT5sFkwz4,Found
2610,"Taarak Mehta Ka Ooltah Chashmah - Ep 2610 - Full Episode - 27th November, 2018",https://www.youtube.com/watch?v=j0uzAsA_0zE,Found
2611,"Taarak Mehta Ka Ooltah Chashmah - Ep 2611 - Full Episode - 28th November, 2018",https://www.youtube.com/watch?v=vxlP1ehDnFE,Found
2612,"Taarak Mehta Ka Ooltah Chashmah - Ep 2612 - Full Episode - 29th November, 2018",https://www.youtube.com/watch?v=D9aXwa3SbmU,Found
2613,"Taarak Mehta Ka Ooltah Chashmah - Ep 2613 - Full Episode - 30th November, 2018",https://www.youtube.com/watch?v=0c9DmBwCJrI,Found
2614,"Taarak Mehta Ka Ooltah Chashmah - Ep 2614 - Full Episode - 3rd December, 2018",https://www.youtube.com/watch?v=DUC6F8_QjnM,Found
2615,"Taarak Mehta Ka Ooltah Chashmah - Ep 2615 - Full Episode - 4th December, 2018",https://www.youtube.com/watch?v=oAp9yJ8sJJY,Found
2616,"Taarak Mehta Ka Ooltah Chashmah - Ep 2616 - Full Episode - 5th December, 2018",https://www.youtube.com/watch?v=1x4JhGj_dQM,Found
2617,"Taarak Mehta Ka Ooltah Chashmah - Ep 2617 - Full Episode - 6th December, 2018",https://www.youtube.com/watch?v=wcbO6vnUMfY,Found
2618,"Taarak Mehta Ka Ooltah Chashmah - Ep 2618 - Full Episode - 7th December, 2018",https://www.youtube.com/watch?v=z_bsD84IKuA,Found
2619,"Taarak Mehta Ka Ooltah Chashmah - Ep 2619 - Full Episode - 10th December, 2018",https://www.youtube.com/watch?v=3JwRvnTlf-M,Found
2620,"Taarak Mehta Ka Ooltah Chashmah - Ep 2620 - Full Episode - 11th December, 2018",https://www.youtube.com/watch?v=Q_0Sgo1objY,Found
2621,"Taarak Mehta Ka Ooltah Chashmah - Ep 2621 - Full Episode - 12th December, 2018",https://www.youtube.com/watch?v=rf1-8O04fIY,Found
2622,"Taarak Mehta Ka Ooltah Chashmah | तारक मेहता का उल्टा चश्मा | Episode 2622 |  5th June, 2021",https://www.youtube.com/watch?v=oe4VkxtQ854,Found
2623,"Taarak Mehta Ka Ooltah Chashmah - Ep 2623 - Full Episode - 14th December, 2018",https://www.youtube.com/watch?v=enK9CaSFlvs,Found
2624,"Taarak Mehta Ka Ooltah Chashmah - Ep 2624 - Full Episode - 17th December, 2018",https://www.youtube.com/watch?v=YSzDBE_oR_8,Found
2625,"Taarak Mehta Ka Ooltah Chashmah - Ep 2625 - Full Episode - 18th December, 2018",https://www.youtube.com/watch?v=A47IFKd4ymY,Found
2626,"Taarak Mehta Ka Ooltah Chashmah - Ep 2626 - Full Episode - 19th December, 2018",https://www.youtube.com/watch?v=PZGz9wav4UE,Found
2627,"Taarak Mehta Ka Ooltah Chashmah - Ep 2627 - Full Episode - 20th December, 2018",https://www.youtube.com/watch?v=9z6u-StABKs,Found
2628,"Taarak Mehta Ka Ooltah Chashmah - Ep 2628 - Full Episode - 21st December, 2018",https://www.youtube.com/watch?v=hlKn5cfxL8Y,Found
2629,"Taarak Mehta Ka Ooltah Chashmah - Ep 2629 - Full Episode - 24th December, 2018",https://www.youtube.com/watch?v=6HDwGzk6Gvw,Found
2630,"Taarak Mehta Ka Ooltah Chashmah - Ep 2630 - Full Episode - 25th December, 2018",https://www.youtube.com/watch?v=qxZM9wCbLyE,Found
2631,"Taarak Mehta Ka Ooltah Chashmah - Ep 2631 - Full Episode - 26th December, 2018",https://www.youtube.com/watch?v=HaO-XyIZb1Y,Found
2632,"Taarak Mehta Ka Ooltah Chashmah - Ep 2632 - Full Episode - 27th December, 2018",https://www.youtube.com/watch?v=8reMc1tpPr4,Found
2633,"Taarak Mehta Ka Ooltah Chashmah - Ep 2633 - Full Episode - 28th December, 2018",https://www.youtube.com/watch?v=sxgMkvCCMXc,Found
2634,"Taarak Mehta Ka Ooltah Chashmah - Ep 2634 - Full Episode - 31st December, 2018",https://www.youtube.com/watch?v=cl8WgzXuxMg,Found
2635,"Taarak Mehta Ka Ooltah Chashmah - Ep 2635 - Full Episode - 1st January, 2019",https://www.youtube.com/watch?v=ZlKgJOxBKGM,Found
2636,"Taarak Mehta Ka Ooltah Chashmah - Ep 2636 - Full Episode - 2nd January, 2019",https://www.youtube.com/watch?v=h2PK0yvSNDs,Found
2637,"Taarak Mehta Ka Ooltah Chashmah - Ep 2637 - Full Episode - 3rd January, 2019",https://www.youtube.com/watch?v=h4T7DMOF10k,Found
2638,"Taarak Mehta Ka Ooltah Chashmah - Ep 2638 - Full Episode - 4th January, 2019",https://www.youtube.com/watch?v=rhj91Lp4d2s,Found
2639,"Taarak Mehta Ka Ooltah Chashmah - Ep 2639 - Full Episode - 7th January, 2019",https://www.youtube.com/watch?v=LsXA05jCgIc,Found
2640,"Taarak Mehta Ka Ooltah Chashmah - Ep 2640 - Full Episode - 8th January, 2019",https://www.youtube.com/watch?v=0WtL-HOCR80,Found
2641,"Taarak Mehta Ka Ooltah Chashmah - Ep 2641 - Full Episode - 9th January, 2019",https://www.youtube.com/watch?v=2n2qNYQ6v7k,Found
2642,"Taarak Mehta Ka Ooltah Chashmah - Ep 2642 - Full Episode - 10th January, 2019",https://www.youtube.com/watch?v=dTrZpwy4TV4,Found
2643,"Taarak Mehta Ka Ooltah Chashmah - Ep 2643 - Full Episode - 11th January, 2019",https://www.youtube.com/watch?v=CjgyQwz7twk,Found
2644,"Taarak Mehta Ka Ooltah Chashmah - Ep 2644 - Full Episode - 14th January, 2019",https://www.youtube.com/watch?v=IkGac0BoYU0,Found
2645,"Taarak Mehta Ka Ooltah Chashmah - Ep 2645 - Full Episode - 15th January, 2019",https://www.youtube.com/watch?v=-l2qcT53gm0,Found
2646,"Taarak Mehta Ka Ooltah Chashmah - Ep 2646 - Full Episode - 16th January, 2019",https://www.youtube.com/watch?v=LWAN5XVV5Fg,Found
2647,"Taarak Mehta Ka Ooltah Chashmah - Ep 2647 - Full Episode - 17th January, 2019",https://www.youtube.com/watch?v=sfwiDUw-YfE,Found
2648,"Taarak Mehta Ka Ooltah Chashmah - Ep 2648 - Full Episode - 18th January, 2019",https://www.youtube.com/watch?v=6iGfrqOFv8I,Found
2649,"Taarak Mehta Ka Ooltah Chashmah - Ep 2649 - Full Episode - 21st January, 2019",https://www.youtube.com/watch?v=CYWkVl_s4wo,Found
2650,"Taarak Mehta Ka Ooltah Chashmah - Ep 2650 - Full Episode - 22nd January, 2019",https://www.youtube.com/watch?v=FqDmidBYXck,Found
2651,"Taarak Mehta Ka Ooltah Chashmah - Ep 2651 - Full Episode - 23rd January, 2019",https://www.youtube.com/watch?v=DImeWdqFEhU,Found
2652,"Taarak Mehta Ka Ooltah Chashmah - Ep 2652 - Full Episode - 24th January, 2019",https://www.youtube.com/watch?v=Mz2hfBGC8EQ,Found
2653,"Taarak Mehta Ka Ooltah Chashmah - Ep 2653 - Full Episode - 25th January, 2019",https://www.youtube.com/watch?v=dVk2o50HDQY,Found
2654,"Taarak Mehta Ka Ooltah Chashmah - Ep 2654 - Full Episode - 28th January, 2019",https://www.youtube.com/watch?v=HQgddNscBv8,Found
2655,"Taarak Mehta Ka Ooltah Chashmah - Ep 2655 - Full Episode - 29th January, 2019",https://www.youtube.com/watch?v=xDMaAvdT4m0,Found
2656,"Taarak Mehta Ka Ooltah Chashmah - Ep 2656 - Full Episode - 30th January, 2019",https://www.youtube.com/watch?v=2FpfbRxj0u4,Found
2657,"Taarak Mehta Ka Ooltah Chashmah - Ep 2657 - Full Episode - 31st January, 2019",https://www.youtube.com/watch?v=BLkdafkKP2E,Found
2658,"Taarak Mehta Ka Ooltah Chashmah - Ep 2658 - Full Episode - 1st February, 2019",https://www.youtube.com/watch?v=HDOTyLsjYTw,Found
2659,"Taarak Mehta Ka Ooltah Chashmah - Ep 2659 - Full Episode - 4th February, 2019",https://www.youtube.com/watch?v=SHStyJ8ZSgQ,Found
2660,"Taarak Mehta Ka Ooltah Chashmah - Ep 2660 - Full Episode - 5th February, 2019",https://www.youtube.com/watch?v=H5XYos_BGdY,Found
2661,"Taarak Mehta Ka Ooltah Chashmah - Ep 2661 - Full Episode - 6th February, 2019",https://www.youtube.com/watch?v=AYJ3Qd4y5QQ,Found
2662,"Taarak Mehta Ka Ooltah Chashmah - Ep 2662 - Full Episode - 7th February, 2019",https://www.youtube.com/watch?v=C-5Gfcm65cA,Found
2663,"Taarak Mehta Ka Ooltah Chashmah - Ep 2663 - Full Episode - 8th February, 2019",https://www.youtube.com/watch?v=Iod2D-x79OE,Found
2664,"Taarak Mehta Ka Ooltah Chashmah - Ep 2664 - Full Episode - 11th February, 2019",https://www.youtube.com/watch?v=nwnp3dAddg4,Found
2665,"Taarak Mehta Ka Ooltah Chashmah - Ep 2665 - Full Episode - 12th February, 2019",https://www.youtube.com/watch?v=6Zdx8Yawdww,Found
2666,"Taarak Mehta Ka Ooltah Chashmah - Ep 2666 - Full Episode - 13th February, 2019",https://www.youtube.com/watch?v=NIzpx7ThbE0,Found
2667,"Taarak Mehta Ka Ooltah Chashmah - Ep 2667 - Full Episode - 14th February, 2019",https://www.youtube.com/watch?v=nme1jxO9H0g,Found
2668,"Taarak Mehta Ka Ooltah Chashmah - Ep 2668 - Full Episode - 15th February, 2019",https://www.youtube.com/watch?v=d8Jv-SGe_eI,Found
2669,"Taarak Mehta Ka Ooltah Chashmah - Ep 2669 - Full Episode - 18th February, 2019",https://www.youtube.com/watch?v=uUNqt7hw3WU,Found
2670,"Taarak Mehta Ka Ooltah Chashmah - Ep 2670 - Full Episode - 19th February, 2019",https://www.youtube.com/watch?v=TQQxXdogmgw,Found
2671,"Taarak Mehta Ka Ooltah Chashmah - Ep 2671 - Full Episode - 20th February, 2019",https://www.youtube.com/watch?v=olrZKanVeBU,Found
2672,"Taarak Mehta Ka Ooltah Chashmah - Ep 2672 - Full Episode - 21st February, 2019",https://www.youtube.com/watch?v=0FnilX6Z6HM,Found
2673,"Taarak Mehta Ka Ooltah Chashmah - Ep 2673 - Full Episode - 22nd February, 2019",https://www.youtube.com/watch?v=VGTiXWZuNvc,Found
2674,"Taarak Mehta Ka Ooltah Chashmah - Ep 2674 - Full Episode - 25th February, 2019",https://www.youtube.com/watch?v=VZMbFRJZKAg,Found
2675,"Taarak Mehta Ka Ooltah Chashmah - Ep 2675 - Full Episode - 26th February, 2019",https://www.youtube.com/watch?v=cwV4igM0joc,Found
2676,"Taarak Mehta Ka Ooltah Chashmah - Ep 2676 - Full Episode - 27th February, 2019",https://www.youtube.com/watch?v=ukyn_BVnpJI,Found
2677,"Taarak Mehta Ka Ooltah Chashmah - Ep 2677 - Full Episode - 28th February, 2019",https://www.youtube.com/watch?v=1zCWfsy-H2s,Found
2678,"Taarak Mehta Ka Ooltah Chashmah - Ep 2678 - Full Episode - 1st March, 2019",https://www.youtube.com/watch?v=WtgRUU0DYi0,Found
2679,"Taarak Mehta Ka Ooltah Chashmah - Ep 2679 - Full Episode - 4th March, 2019",https://www.youtube.com/watch?v=dWHpmfDOkA8,Found
2680,"Taarak Mehta Ka Ooltah Chashmah - Ep 2680 - Full Episode - 5th March, 2019",https://www.youtube.com/watch?v=BzO7ZU5yFwg,Found
2681,"Taarak Mehta Ka Ooltah Chashmah - Ep 2681 - Full Episode - 6th March, 2019",https://www.youtube.com/watch?v=NEAwPR_-sM0,Found
2682,"Taarak Mehta Ka Ooltah Chashmah - Ep 2682 - Full Episode - 7th March, 2019",https://www.youtube.com/watch?v=gq-LHYs038s,Found
2683,"Taarak Mehta Ka Ooltah Chashmah - Ep 2683 - Full Episode - 8th March, 2019",https://www.youtube.com/watch?v=5frDxA7UxPw,Found
2684,"Taarak Mehta Ka Ooltah Chashmah - Ep 2684 - Full Episode - 11th March, 2019",https://www.youtube.com/watch?v=OZMOVD87ajY,Found
2685,"Taarak Mehta Ka Ooltah Chashmah - Ep 2685 - Full Episode - 12th March, 2019",https://www.youtube.com/watch?v=WDrEsv-zQ-Q,Found
2686,"Taarak Mehta Ka Ooltah Chashmah - Ep 2686 - Full Episode - 13th March, 2019",https://www.youtube.com/watch?v=5iNBWLibWw8,Found
2687,"Taarak Mehta Ka Ooltah Chashmah - Ep 2687 - Full Episode - 14th March, 2019",https://www.youtube.com/watch?v=qd4GiDo645g,Found
2688,"Taarak Mehta Ka Ooltah Chashmah - Ep 2688 - Full Episode - 15th March, 2019",https://www.youtube.com/watch?v=P0KCUNaWGfo,Found
2689,"Taarak Mehta Ka Ooltah Chashmah - Ep 2689 - Full Episode - 18th March, 2019",https://www.youtube.com/watch?v=9SX9elu0tYY,Found
2690,"Taarak Mehta Ka Ooltah Chashmah - Ep 2690 - Full Episode - 19th March, 2019",https://www.youtube.com/watch?v=liOE9ZTZwww,Found
2691,"Taarak Mehta Ka Ooltah Chashmah - Ep 2691 - Full Episode - 20th March, 2019",https://www.youtube.com/watch?v=skQUlRKMIew,Found
2692,"Taarak Mehta Ka Ooltah Chashmah - Ep 2692 - Full Episode - 21st March, 2019",https://www.youtube.com/watch?v=c6AmqB-7qWY,Found
2693,"Taarak Mehta Ka Ooltah Chashmah - Ep 2693 - Full Episode - 22nd March, 2019",https://www.youtube.com/watch?v=DQTmXTSRJfo,Found
2694,"Taarak Mehta Ka Ooltah Chashmah - Ep 2694 - Full Episode - 25th March, 2019",https://www.youtube.com/watch?v=ZsRr-OOyeA0,Found
2695,"Taarak Mehta Ka Ooltah Chashmah - Ep 2695 - Full Episode - 26th March, 2019",https://www.youtube.com/watch?v=FL4z2x3vdSk,Found
2696,"Taarak Mehta Ka Ooltah Chashmah - Ep 2696 - Full Episode - 27th March, 2019",https://www.youtube.com/watch?v=vy0R4425_Ko,Found
2697,"Taarak Mehta Ka Ooltah Chashmah - Ep 2697 - Full Episode - 28th March, 2019",https://www.youtube.com/watch?v=8eRHCZPuwv0,Found
2698,"Taarak Mehta Ka Ooltah Chashmah - Ep 2698 - Full Episode - 29th March, 2019",https://www.youtube.com/watch?v=rx06_WBidLo,Found
2699,"Taarak Mehta Ka Ooltah Chashmah - Ep 2699 - Full Episode - 1st April, 2019",https://www.youtube.com/watch?v=7dwq28oFq6M,Found
2700,"Taarak Mehta Ka Ooltah Chashmah - Ep 2700 - Full Episode - 2nd April, 2019",https://www.youtube.com/watch?v=_-wgPsMNnPo,Found
2701,"Taarak Mehta Ka Ooltah Chashmah - Ep 2701 - Full Episode - 3rd April, 2019",https://www.youtube.com/watch?v=FQJLKAIZBnY,Found
2702,"Taarak Mehta Ka Ooltah Chashmah - Ep 2702 - Full Episode - 4th April, 2019",https://www.youtube.com/watch?v=dAklGpUi6oc,Found
2703,"Taarak Mehta Ka Ooltah Chashmah - Ep 2703 - Full Episode - 5th April, 2019",https://www.youtube.com/watch?v=QcWT3fe2pXQ,Found
2704,"Taarak Mehta Ka Ooltah Chashmah - Ep 2704 - Full Episode - 8th April, 2019",https://www.youtube.com/watch?v=Jh_cMXB06-8,Found
2705,"Taarak Mehta Ka Ooltah Chashmah - Ep 2705 - Full Episode - 9th April, 2019",https://www.youtube.com/watch?v=oRdeF6lBpL8,Found
2706,"Taarak Mehta Ka Ooltah Chashmah - Ep 2706 - Full Episode - 10th April, 2019",https://www.youtube.com/watch?v=gPrB3SYMmdE,Found
2707,"Taarak Mehta Ka Ooltah Chashmah - Ep 2707 - Full Episode - 11th April, 2019",https://www.youtube.com/watch?v=NmZA6xjcWSQ,Found
2708,"Taarak Mehta Ka Ooltah Chashmah - Ep 2708 - Full Episode - 12th April, 2019",https://www.youtube.com/watch?v=ih8d8rnCE5I,Found
2709,"Taarak Mehta Ka Ooltah Chashmah - Ep 2709 - Full Episode - 15th April, 2019",https://www.youtube.com/watch?v=ehqTD5K1Sy4,Found
2710,"Taarak Mehta Ka Ooltah Chashmah - Ep 2710 - Full Episode - 16th April, 2019",https://www.youtube.com/watch?v=cR9UMjB_TPA,Found
2711,"Taarak Mehta Ka Ooltah Chashmah - Ep 2711 - Full Episode - 17th April, 2019",https://www.youtube.com/watch?v=uFXNOBUAQEU,Found
2712,"Taarak Mehta Ka Ooltah Chashmah - Ep 2712 - Full Episode - 18th April, 2019",https://www.youtube.com/watch?v=hz4TME9Xm1I,Found
2713,"Taarak Mehta Ka Ooltah Chashmah - Ep 2713 - Full Episode - 19th April, 2019",https://www.youtube.com/watch?v=WXCDCNHqU1c,Found
2714,"Taarak Mehta Ka Ooltah Chashmah - Ep 2714 - Full Episode - 22nd April, 2019",https://www.youtube.com/watch?v=yMMxSb5oBU4,Found
2715,"Taarak Mehta Ka Ooltah Chashmah - Ep 2715 - Full Episode - 23rd April, 2019",https://www.youtube.com/watch?v=DYeSRKiJUvw,Found
2716,"Taarak Mehta Ka Ooltah Chashmah - Ep 2716 - Full Episode - 24th April, 2019",https://www.youtube.com/watch?v=rlzmXoc1v6Q,Found
2717,"Taarak Mehta Ka Ooltah Chashmah - Ep 2717 - Full Episode - 25th April, 2019",https://www.youtube.com/watch?v=tY5YkXzzvkA,Found
2718,"Taarak Mehta Ka Ooltah Chashmah - Ep 2718 - Full Episode - 26th April, 2019",https://www.youtube.com/watch?v=HCGxj12AUfc,Found
2719,"Taarak Mehta Ka Ooltah Chashmah - Ep 2719 - Full Episode - 29th April, 2019",https://www.youtube.com/watch?v=pXEQNP3wYcE,Found
2720,"Taarak Mehta Ka Ooltah Chashmah - Ep 2720 - Full Episode - 30th April, 2019",https://www.youtube.com/watch?v=19dgWE9FKqY,Found
2721,"Taarak Mehta Ka Ooltah Chashmah - Ep 2721 - Full Episode - 1st May, 2019",https://www.youtube.com/watch?v=23VPpQUHMrw,Found
2722,"Taarak Mehta Ka Ooltah Chashmah - Ep 2722 - Full Episode - 2nd May, 2019",https://www.youtube.com/watch?v=uf1QXHfm9pw,Found
2723,"Taarak Mehta Ka Ooltah Chashmah - Ep 2723 - Full Episode - 3rd May, 2019",https://www.youtube.com/watch?v=8oSmmjJHc_o,Found
2724,"Taarak Mehta Ka Ooltah Chashmah - Ep 2724 - Full Episode - 6th May, 2019",https://www.youtube.com/watch?v=-UQYGN3KxUU,Found
2725,"Taarak Mehta Ka Ooltah Chashmah - Ep 2725 - Full Episode - 7th May, 2019",https://www.youtube.com/watch?v=MvDSpXSBbCY,Found
2726,"Taarak Mehta Ka Ooltah Chashmah - Ep 2726 - Full Episode - 8th May, 2019",https://www.youtube.com/watch?v=FuRJRJxvigA,Found
2727,"Taarak Mehta Ka Ooltah Chashmah - Ep 2727 - Full Episode - 9th May, 2019",https://www.youtube.com/watch?v=_Cpvv0WJQ_A,Found
2728,"Taarak Mehta Ka Ooltah Chashmah - Ep 2728 - Full Episode - 10th May, 2019",https://www.youtube.com/watch?v=jOQKc5BfbfQ,Found
2729,"Taarak Mehta Ka Ooltah Chashmah - Ep 2729 - Full Episode - 13th May, 2019",https://www.youtube.com/watch?v=BEUZtT7_VDk,Found
2730,"Taarak Mehta Ka Ooltah Chashmah - Ep 2730 - Full Episode - 14th May, 2019",https://www.youtube.com/watch?v=Z2JrhJIsNr4,Found
2731,"Taarak Mehta Ka Ooltah Chashmah - Ep 2731 - Full Episode - 15th May, 2019",https://www.youtube.com/watch?v=nG7-v64y0Ls,Found
2732,"Taarak Mehta Ka Ooltah Chashmah - Ep 2732 - Full Episode - 16th May, 2019",https://www.youtube.com/watch?v=52J7YT463UU,Found
2733,"Taarak Mehta Ka Ooltah Chashmah - Ep 2733 - Full Episode - 17th May, 2019",https://www.youtube.com/watch?v=xKUg1KI4htg,Found
2734,"Taarak Mehta Ka Ooltah Chashmah - Ep 2734 - Full Episode - 20th May, 2019",https://www.youtube.com/watch?v=Nsuxe0QZJh8,Found
2735,"Taarak Mehta Ka Ooltah Chashmah - Ep 2735 - Full Episode - 21st May, 2019",https://www.youtube.com/watch?v=YrmmZTCKeJA,Found
2736,"Taarak Mehta Ka Ooltah Chashmah - Ep 2736 - Full Episode - 22nd May, 2019",https://www.youtube.com/watch?v=hjIQ_eeJed4,Found
2737,"Taarak Mehta Ka Ooltah Chashmah - Ep 2737 - Full Episode - 23rd May, 2019",https://www.youtube.com/watch?v=vJD0_uXl2PY,Found
2738,"Taarak Mehta Ka Ooltah Chashmah - Ep 2738 - Full Episode - 24th May, 2019",https://www.youtube.com/watch?v=83gpD0QwREc,Found
2739,"Taarak Mehta Ka Ooltah Chashmah - Ep 2739 - Full Episode - 27th May, 2019",https://www.youtube.com/watch?v=_Z5pD3-0IAg,Found
2740,"Taarak Mehta Ka Ooltah Chashmah - Ep 2740 - Full Episode - 28th May, 2019",https://www.youtube.com/watch?v=WsjsXXgxlFk,Found
2741,"Taarak Mehta Ka Ooltah Chashmah - Ep 2741 - Full Episode - 29th May, 2019",https://www.youtube.com/watch?v=_v1_1S9s2IQ,Found
2742,"Taarak Mehta Ka Ooltah Chashmah - Ep 2742 - Full Episode - 30th May, 2019",https://www.youtube.com/watch?v=Znfwwovl3m4,Found
2743,"Taarak Mehta Ka Ooltah Chashmah - Ep 2743 - Full Episode - 31st May, 2019",https://www.youtube.com/watch?v=3dYjXI-F7eY,Found
2744,"Taarak Mehta Ka Ooltah Chashmah - Ep 2744 - Full Episode - 3rd June, 2019",https://www.youtube.com/watch?v=gcgoLPwZKR8,Found
2745,"Taarak Mehta Ka Ooltah Chashmah - Ep 2745 - Full Episode - 4th June, 2019",https://www.youtube.com/watch?v=drtl3l6-38A,Found
2746,"Taarak Mehta Ka Ooltah Chashmah - Ep 2746 - Full Episode - 5th June, 2019",https://www.youtube.com/watch?v=6fTu3cEsT08,Found
2747,"Taarak Mehta Ka Ooltah Chashmah - Ep 2747 - Full Episode - 6th June, 2019",https://www.youtube.com/watch?v=21hB0s__SNo,Found
2748,"Taarak Mehta Ka Ooltah Chashmah - Ep 2748 - Full Episode - 7th June, 2019",https://www.youtube.com/watch?v=sZ7eOOUlbvk,Found
2749,"Taarak Mehta Ka Ooltah Chashmah - Ep 2749 - Full Episode - 10th June, 2019",https://www.youtube.com/watch?v=pgt3O7JfYOw,Found
2750,"Taarak Mehta Ka Ooltah Chashmah - Ep 2750 - Full Episode - 11th June, 2019",https://www.youtube.com/watch?v=CxzK4O2DqNM,Found
2751,"Taarak Mehta Ka Ooltah Chashmah - Ep 2751 - Full Episode - 12th June, 2019",https://www.youtube.com/watch?v=W80opARLktQ,Found
2752,"Taarak Mehta Ka Ooltah Chashmah - Ep 2752 - Full Episode - 13th June, 2019",https://www.youtube.com/watch?v=AcBA0xIqnZQ,Found
2753,"Taarak Mehta Ka Ooltah Chashmah - Ep 2753 - Full Episode - 14th June, 2019",https://www.youtube.com/watch?v=HO1QW_P1ixQ,Found
2754,"Taarak Mehta Ka Ooltah Chashmah - Ep 2754 - Full Episode - 17th June, 2019",https://www.youtube.com/watch?v=MBz5ux4BMGM,Found
2755,"Taarak Mehta Ka Ooltah Chashmah - Ep 2755 - Full Episode - 18th June, 2019",https://www.youtube.com/watch?v=0J3KnpNNvnE,Found
2756,"Taarak Mehta Ka Ooltah Chashmah - Ep 2756 - Full Episode - 19th June, 2019",https://www.youtube.com/watch?v=xIP2vF8mu4k,Found
2757,"Taarak Mehta Ka Ooltah Chashmah - Ep 2757 - Full Episode - 20th June, 2019",https://www.youtube.com/watch?v=6L10ggA7rRg,Found
2758,"Taarak Mehta Ka Ooltah Chashmah - Ep 2758 - Full Episode - 21st June, 2019",https://www.youtube.com/watch?v=HoZZXzhQXOg,Found
2759,"Taarak Mehta Ka Ooltah Chashmah - Ep 2759 - Full Episode - 24th June, 2019",https://www.youtube.com/watch?v=YtUzue7BOqg,Found
2760,"Taarak Mehta Ka Ooltah Chashmah - Ep 2760 - Full Episode - 25th June, 2019",https://www.youtube.com/watch?v=XbP407CBOdE,Found
2761,"Taarak Mehta Ka Ooltah Chashmah - Ep 2761 - Full Episode - 26th June, 2019",https://www.youtube.com/watch?v=7uG0Q9WGehY,Found
2762,"Taarak Mehta Ka Ooltah Chashmah - Ep 2762 - Full Episode - 27th June, 2019",https://www.youtube.com/watch?v=9Uma4BElGWo,Found
2763,"Taarak Mehta Ka Ooltah Chashmah - Ep 2763 - Full Episode - 28th June, 2019",https://www.youtube.com/watch?v=RTOotyJtx6I,Found
2764,"Taarak Mehta Ka Ooltah Chashmah - Ep 2764 - Full Episode - 1st July, 2019",https://www.youtube.com/watch?v=JK0xOuxOnMI,Found
2765,"Taarak Mehta Ka Ooltah Chashmah - Ep 2765 - Full Episode - 2nd July, 2019",https://www.youtube.com/watch?v=UwVLp_etIG8,Found
2766,"Taarak Mehta Ka Ooltah Chashmah - Ep 2766 - Full Episode - 3rd July, 2019",https://www.youtube.com/watch?v=9jUIVCyidIY,Found
2767,"Taarak Mehta Ka Ooltah Chashmah - Ep 2767 - Full Episode - 4th July, 2019",https://www.youtube.com/watch?v=-GsKNRZemQQ,Found
2768,"Taarak Mehta Ka Ooltah Chashmah - Ep 2768 - Full Episode - 5th July, 2019",https://www.youtube.com/watch?v=o5-eVAyESW4,Found
2769,"Taarak Mehta Ka Ooltah Chashmah - Ep 2769 - Full Episode - 8th July, 2019",https://www.youtube.com/watch?v=OBlldoYQh7M,Found
2770,"Taarak Mehta Ka Ooltah Chashmah - Ep 2770 - Full Episode - 9th July, 2019",https://www.youtube.com/watch?v=9hGjL65ZFWs,Found
2771,"Taarak Mehta Ka Ooltah Chashmah - Ep 2771 - Full Episode - 10th July, 2019",https://www.youtube.com/watch?v=wtitsYBbUSs,Found
2772,"Taarak Mehta Ka Ooltah Chashmah - Ep 2772 - Full Episode - 11th July, 2019",https://www.youtube.com/watch?v=RPbJpjXO5lo,Found
2773,"Taarak Mehta Ka Ooltah Chashmah - Ep 2773 - Full Episode - 12th July, 2019",https://www.youtube.com/watch?v=NyZrrz5jcTs,Found
2774,"Taarak Mehta Ka Ooltah Chashmah - Ep 2774 - Full Episode - 15th July, 2019",https://www.youtube.com/watch?v=7pERa6ehwVA,Found
2775,"Taarak Mehta Ka Ooltah Chashmah - Ep 2775 - Full Episode - 16th July, 2019",https://www.youtube.com/watch?v=nXf5rf_idus,Found
2776,"Taarak Mehta Ka Ooltah Chashmah - Ep 2776 - Full Episode - 17th July, 2019",https://www.youtube.com/watch?v=fwnwMPAxpp8,Found
2777,"Taarak Mehta Ka Ooltah Chashmah - Ep 2777 - Full Episode - 18th July, 2019",https://www.youtube.com/watch?v=hAMFTu6NJRg,Found
2778,"Taarak Mehta Ka Ooltah Chashmah - Ep 2778 - Full Episode - 19th July, 2019",https://www.youtube.com/watch?v=_o-IzoxAZYE,Found
2779,"Taarak Mehta Ka Ooltah Chashmah - Ep 2779 - Full Episode - 22nd July, 2019",https://www.youtube.com/watch?v=1br3jPfB-Fs,Found
2780,"Taarak Mehta Ka Ooltah Chashmah - Ep 2780 - Full Episode - 23rd July, 2019",https://www.youtube.com/watch?v=4BUdz6yRGhs,Found
2781,Episode 2781 - Taarak Mehta Ka Ooltah Chashmah - Full Episode | तारक मेहता का उल्टा चश्मा,https://www.youtube.com/watch?v=3uynd-wZTuI,Found
2782,"Taarak Mehta Ka Ooltah Chashmah - Ep 2782 - Full Episode - 25th July, 2019",https://www.youtube.com/watch?v=qMvCZDQE_Fc,Found
2783,"Taarak Mehta Ka Ooltah Chashmah - Ep 2783 - Full Episode - 26th July, 2019",https://www.youtube.com/watch?v=55mPnsJ3zvU,Found
2784,"Taarak Mehta Ka Ooltah Chashmah - Ep 2784 - Full Episode - 29th July, 2019",https://www.youtube.com/watch?v=J7ehNQ1zKkI,Found
2785,"Taarak Mehta Ka Ooltah Chashmah - Ep 2785 - Full Episode - 30th July, 2019",https://www.youtube.com/watch?v=8iM8wHC0zV8,Found
2786,"Taarak Mehta Ka Ooltah Chashmah - Ep 2786 - Full Episode - 31st July, 2019",https://www.youtube.com/watch?v=3qikbd8l2Qk,Found
2787,"Taarak Mehta Ka Ooltah Chashmah - Ep 2787 - Full Episode - 1st August, 2019",https://www.youtube.com/watch?v=PLSkwIRTAx8,Found
2788,"Taarak Mehta Ka Ooltah Chashmah - Ep 2788 - Full Episode - 2nd August, 2019",https://www.youtube.com/watch?v=KrFnzoj7eZ8,Found
2789,"Taarak Mehta Ka Ooltah Chashmah - Ep 2789 - Full Episode - 5th August, 2019",https://www.youtube.com/watch?v=cx0lxbjmcHk,Found
2790,"Taarak Mehta Ka Ooltah Chashmah - Ep 2790 - Full Episode - 6th August, 2019",https://www.youtube.com/watch?v=Ggyi8u9Qsh4,Found
2791,"Taarak Mehta Ka Ooltah Chashmah - Ep 2791 - Full Episode - 7th August, 2019",https://www.youtube.com/watch?v=leAcSevDjFU,Found
2792,"Taarak Mehta Ka Ooltah Chashmah - Ep 2792 - Full Episode - 8th August, 2019",https://www.youtube.com/watch?v=2KI67Kj-QHI,Found
2793,"Taarak Mehta Ka Ooltah Chashmah - Ep 2793 - Full Episode - 9th August, 2019",https://www.youtube.com/watch?v=8wOY38JkHEE,Found
2794,"Taarak Mehta Ka Ooltah Chashmah - Ep 2794 - Full Episode - 12th August, 2019",https://www.youtube.com/watch?v=5Q9_ZDkHI40,Found
2795,"Taarak Mehta Ka Ooltah Chashmah - Ep 2795 - Full Episode - 13th August, 2019",https://www.youtube.com/watch?v=c2A0-d9BZuQ,Found
2796,"Taarak Mehta Ka Ooltah Chashmah - Ep 2796 - Full Episode - 14th August, 2019",https://www.youtube.com/watch?v=NjZrAKa8KNA,Found
2797,"Taarak Mehta Ka Ooltah Chashmah - Ep 2797 - Full Episode - 15th August, 2019",https://www.youtube.com/watch?v=qmdrSrnU2lQ,Found
2798,"Taarak Mehta Ka Ooltah Chashmah - Ep 2798 - Full Episode - 16th August, 2019",https://www.youtube.com/watch?v=Yd2pBEWW_dc,Found
2799,"Taarak Mehta Ka Ooltah Chashmah - Ep 2799 - Full Episode - 19th August, 2019",https://www.youtube.com/watch?v=Vdx0IvR2aS0,Found
2800,"Taarak Mehta Ka Ooltah Chashmah - Ep 2800 - Full Episode - 20th August, 2019",https://www.youtube.com/watch?v=cbN9L7wxWw0,Found
2801,"Taarak Mehta Ka Ooltah Chashmah - Ep 2801 - Full Episode - 21st August, 2019",https://www.youtube.com/watch?v=3Q_6HZh5M_8,Found
2802,"Taarak Mehta Ka Ooltah Chashmah - Ep 2802 - Full Episode - 22nd August, 2019",https://www.youtube.com/watch?v=4lBpYkRhnAM,Found
2803,"Taarak Mehta Ka Ooltah Chashmah - Ep 2803 - Full Episode - 23rd August, 2019",https://www.youtube.com/watch?v=OPV398HTqjo,Found
2804,"A Goon In The Society | Taarak Mehta Ka Ooltah Chashmah | Full Episode 2804 | 26th August, 2019",https://www.youtube.com/watch?v=FQUnxEteEgc,Found
2805,"Taarak Mehta Ka Ooltah Chashmah - Ep 2805 - Full Episode - 27th August, 2019",https://www.youtube.com/watch?v=z6iLVMvVWnI,Found
2806,"Taarak Mehta Ka Ooltah Chashmah - Ep 2806 - Full Episode - 28th August, 2019",https://www.youtube.com/watch?v=OsxKUxSJ7RY,Found
2807,"Taarak Mehta Ka Ooltah Chashmah - Ep 2807 - Full Episode - 29th August, 2019",https://www.youtube.com/watch?v=QzrKSWZTMYw,Found
2808,"Taarak Mehta Ka Ooltah Chashmah - Ep 2808 - Full Episode - 30th August, 2019",https://www.youtube.com/watch?v=oPogtpZBGas,Found
2809,"Taarak Mehta Ka Ooltah Chashmah - Ep 2809 - Full Episode - 2nd September, 2019",https://www.youtube.com/watch?v=UQmzDOuMlv0,Found
2810,"Taarak Mehta Ka Ooltah Chashmah - Ep 2810 - Full Episode - 3rd September, 2019",https://www.youtube.com/watch?v=u1Gd2M4VIuk,Found
2811,"Taarak Mehta Ka Ooltah Chashmah - Ep 2811 - Full Episode - 4th September, 2019",https://www.youtube.com/watch?v=jlw2zf5yLlg,Found
2812,"Taarak Mehta Ka Ooltah Chashmah - Ep 2812 - Full Episode - 5th September, 2019",https://www.youtube.com/watch?v=PMz8JM4Zl18,Found
2813,"Taarak Mehta Ka Ooltah Chashmah - Ep 2813 - Full Episode - 6th September, 2019",https://www.youtube.com/watch?v=1YY_x1_KeQE,Found
2814,"Taarak Mehta Ka Ooltah Chashmah - Ep 2814 - Full Episode - 9th September, 2019",https://www.youtube.com/watch?v=_h83Mr1pLq0,Found
2815,"Taarak Mehta Ka Ooltah Chashmah - Ep 2815 - Full Episode - 10th September, 2019",https://www.youtube.com/watch?v=E4R5HC8lFHQ,Found
2816,"Taarak Mehta Ka Ooltah Chashmah - Ep 2816 - Full Episode - 11th September, 2019",https://www.youtube.com/watch?v=UyTtLJ3Gm0k,Found
2817,"Taarak Mehta Ka Ooltah Chashmah - Ep 2817 - Full Episode - 12th September, 2019",https://www.youtube.com/watch?v=hqeHfGO-Jwc,Found
2818,"Taarak Mehta Ka Ooltah Chashmah - Ep 2818 - Full Episode - 13th September, 2019",https://www.youtube.com/watch?v=FJL0Jtb8GlY,Found
2819,"Taarak Mehta Ka Ooltah Chashmah - Ep 2819 - Full Episode - 16th September, 2019",https://www.youtube.com/watch?v=9HeLqPFLllk,Found
2820,"Taarak Mehta Ka Ooltah Chashmah - Ep 2820 - Full Episode - 17th September, 2019",https://www.youtube.com/watch?v=BtZ969-22R4,Found
2821,"Taarak Mehta Ka Ooltah Chashmah - Ep 2821 - Full Episode - 18th September, 2019",https://www.youtube.com/watch?v=uWGHuFY0rmw,Found
2822,"Taarak Mehta Ka Ooltah Chashmah - Ep 2822 - Full Episode - 19th September, 2019",https://www.youtube.com/watch?v=HlNNgDkSl9M,Found
2823,"Taarak Mehta Ka Ooltah Chashmah - Ep 2823 - Full Episode - 20th September, 2019",https://www.youtube.com/watch?v=IX40a5dtjC4,Found
2824,"Taarak Mehta Ka Ooltah Chashmah - Ep 2824 - Full Episode - 23rd September, 2019",https://www.youtube.com/watch?v=tbZeOlfLngE,Found
2825,"Taarak Mehta Ka Ooltah Chashmah - Ep 2825 - Full Episode - 24th September, 2019",https://www.youtube.com/watch?v=9GzCdkaiw5s,Found
2826,"Taarak Mehta Ka Ooltah Chashmah - Ep 2826 - Full Episode - 25th September, 2019",https://www.youtube.com/watch?v=vyCF_5sXD2g,Found
2827,"Taarak Mehta Ka Ooltah Chashmah - Ep 2827 - Full Episode - 26th September, 2019",https://www.youtube.com/watch?v=OvEs6KeJe4E,Found
2828,"Taarak Mehta Ka Ooltah Chashmah - Ep 2828 - Full Episode - 27th September, 2019",https://www.youtube.com/watch?v=gKHMQU9QX30,Found
2829,"Taarak Mehta Ka Ooltah Chashmah - Ep 2829 - Full Episode - 30th September, 2019",https://www.youtube.com/watch?v=WLCFZcTMczY,Found
2830,"Taarak Mehta Ka Ooltah Chashmah - Ep 2830 - Full Episode - 1st October, 2019",https://www.youtube.com/watch?v=6GR4nL-k-mI,Found
2831,"Taarak Mehta Ka Ooltah Chashmah - Ep 2831 - Full Episode - 2nd October, 2019",https://www.youtube.com/watch?v=H0yOH3tMyvM,Found
2832,"Taarak Mehta Ka Ooltah Chashmah - Ep 2832 - Full Episode - 3rd October, 2019",https://www.youtube.com/watch?v=ALBVuJ2YvS8,Found
2833,"Taarak Mehta Ka Ooltah Chashmah - Ep 2833 - Full Episode - 4th October, 2019",https://www.youtube.com/watch?v=SrNUIlA3eS0,Found
2834,"Taarak Mehta Ka Ooltah Chashmah - Ep 2834 - Full Episode - 7th October, 2019",https://www.youtube.com/watch?v=qOKzdVqVspU,Found
2835,"Taarak Mehta Ka Ooltah Chashmah - Ep 2835 - Full Episode - 8th October, 2019",https://www.youtube.com/watch?v=v07Tz-Estk4,Found
2836,"Taarak Mehta Ka Ooltah Chashmah - Ep 2836 - Full Episode - 9th October, 2019",https://www.youtube.com/watch?v=lmtxNppvDzM,Found
2837,"Taarak Mehta Ka Ooltah Chashmah - Ep 2837 - Full Episode - 10th October, 2019",https://www.youtube.com/watch?v=o2GRoxuWxXs,Found
2838,"Taarak Mehta Ka Ooltah Chashmah - Ep 2838 - Full Episode - 11th October, 2019",https://www.youtube.com/watch?v=58uNlzwegfg,Found
2839,"Taarak Mehta Ka Ooltah Chashmah - Ep 2839 - Full Episode - 14th October, 2019",https://www.youtube.com/watch?v=mhCvhsiMRaw,Found
2840,"Taarak Mehta Ka Ooltah Chashmah - Ep 2840 - Full Episode - 15th October, 2019",https://www.youtube.com/watch?v=6ZM8vp8ea5c,Found
2841,"Taarak Mehta Ka Ooltah Chashmah - Ep 2841 - Full Episode - 16th October, 2019",https://www.youtube.com/watch?v=BzMO4lO8UQE,Found
2842,"Taarak Mehta Ka Ooltah Chashmah - Ep 2842 - Full Episode - 17th October, 2019",https://www.youtube.com/watch?v=Q3Df1sz47aM,Found
2843,"Taarak Mehta Ka Ooltah Chashmah - Ep 2843 - Full Episode - 18th October, 2019",https://www.youtube.com/watch?v=JZCIzAODvEA,Found
2844,"Taarak Mehta Ka Ooltah Chashmah - Ep 2844 - Full Episode - 21st October, 2019",https://www.youtube.com/watch?v=zXF2Gbs3FvI,Found
2845,"Taarak Mehta Ka Ooltah Chashmah - Ep 2845 - Full Episode - 22nd October, 2019",https://www.youtube.com/watch?v=48c7QpKA8Mo,Found
2846,"Taarak Mehta Ka Ooltah Chashmah - Ep 2846 - Full Episode - 23rd October, 2019",https://www.youtube.com/watch?v=rdq7BNFP7RA,Found
2847,"Taarak Mehta Ka Ooltah Chashmah - Ep 2847 - Full Episode - 24th October, 2019",https://www.youtube.com/watch?v=pt6iRPL8Rig,Found
2848,"Taarak Mehta Ka Ooltah Chashmah - Ep 2848 - Full Episode - 25th October, 2019",https://www.youtube.com/watch?v=a28k9q1196E,Found
2849,"Taarak Mehta Ka Ooltah Chashmah - Ep 2849 - Full Episode - 28th October, 2019",https://www.youtube.com/watch?v=UhDig2yVme4,Found
2850,"Taarak Mehta Ka Ooltah Chashmah - Ep 2850 - Full Episode - 29th October, 2019",https://www.youtube.com/watch?v=SIcJh7M1CBw,Found
2851,"Taarak Mehta Ka Ooltah Chashmah - Ep 2851 - Full Episode - 30th October, 2019",https://www.youtube.com/watch?v=10NX8QYdQgA,Found
2852,"Taarak Mehta Ka Ooltah Chashmah - Ep 2852 - Full Episode - 31st October, 2019",https://www.youtube.com/watch?v=be4Q54Zmp7A,Found
2853,"Taarak Mehta Ka Ooltah Chashmah - Ep 2853 - Full Episode - 1st November, 2019",https://www.youtube.com/watch?v=_DjxynC5Pu4,Found
2854,"Taarak Mehta Ka Ooltah Chashmah - Ep 2854 - Full Episode - 4th November, 2019",https://www.youtube.com/watch?v=bxsqdT6SW70,Found
2855,"Taarak Mehta Ka Ooltah Chashmah - Ep 2855 - Full Episode - 5th November, 2019",https://www.youtube.com/watch?v=PWHGz578CZA,Found
2856,"Taarak Mehta Ka Ooltah Chashmah - Ep 2856 - Full Episode - 6th November, 2019",https://www.youtube.com/watch?v=svT3iZ3IrnU,Found
2857,"Taarak Mehta Ka Ooltah Chashmah - Ep 2857 - Full Episode - 7th November, 2019",https://www.youtube.com/watch?v=ECInIMILzCY,Found
2858,"Taarak Mehta Ka Ooltah Chashmah - Ep 2858 - Full Episode - 8th November, 2019",https://www.youtube.com/watch?v=yVSpz34lTVA,Found
2859,"Taarak Mehta Ka Ooltah Chashmah - Ep 2859 - Full Episode - 11th November, 2019",https://www.youtube.com/watch?v=Qy5bFGCbYRo,Found
2860,"Taarak Mehta Ka Ooltah Chashmah - Ep 2860 - Full Episode - 12th November, 2019",https://www.youtube.com/watch?v=LMoTDrHJd98,Found
2861,"Taarak Mehta Ka Ooltah Chashmah - Ep 2861 - Full Episode - 13th November, 2019",https://www.youtube.com/watch?v=0c07YE2W_K8,Found
2862,"Taarak Mehta Ka Ooltah Chashmah - Ep 2862 - Full Episode - 14th November, 2019",https://www.youtube.com/watch?v=mOwR1XKaUHE,Found
2863,"Taarak Mehta Ka Ooltah Chashmah - Ep 2863 - Full Episode - 15th November, 2019",https://www.youtube.com/watch?v=i9GGNnQRBBE,Found
2864,"Taarak Mehta Ka Ooltah Chashmah - Ep 2864 - Full Episode - 18th November, 2019",https://www.youtube.com/watch?v=9lFjLxWMUIQ,Found
2865,"Taarak Mehta Ka Ooltah Chashmah - Ep 2865 - Full Episode - 19th November, 2019",https://www.youtube.com/watch?v=kiBv0vYnQ7I,Found
2866,"Taarak Mehta Ka Ooltah Chashmah - Ep 2866 - Full Episode - 20th November, 2019",https://www.youtube.com/watch?v=gZqt8OR8rX0,Found
2867,"Taarak Mehta Ka Ooltah Chashmah - Ep 2867 - Full Episode - 21st November, 2019",https://www.youtube.com/watch?v=42kxZXYj-qQ,Found
2868,"Taarak Mehta Ka Ooltah Chashmah - Ep 2868 - Full Episode - 22nd November, 2019",https://www.youtube.com/watch?v=di6ZMsCwWIM,Found
2869,"Taarak Mehta Ka Ooltah Chashmah - Ep 2869 - Full Episode - 25th November, 2019",https://www.youtube.com/watch?v=66XZ3y9CxPk,Found
2870,"Taarak Mehta Ka Ooltah Chashmah - Ep 2870 - Full Episode - 26th November, 2019",https://www.youtube.com/watch?v=-oGwprcaJ8c,Found
2871,"Taarak Mehta Ka Ooltah Chashmah - Ep 2871 - Full Episode - 27th November, 2019",https://www.youtube.com/watch?v=o8UeeBa6L5g,Found
2872,"Taarak Mehta Ka Ooltah Chashmah - Ep 2872 - Full Episode - 28th November, 2019",https://www.youtube.com/watch?v=w4MuZSoPAh8,Found
2873,Taarak Mehta Ka Ooltah Chashmah - Ep 2873 - Full Episode - 29th November 2019,https://www.youtube.com/watch?v=g30CJTT9Kl8,Found
2874,Taarak Mehta Ka Ooltah Chashmah - Ep 2874 - Full Episode - 2nd December 2019,https://www.youtube.com/watch?v=SmK65uFFbbI,Found
2875,Taarak Mehta Ka Ooltah Chashmah - Ep 2875 - Full Episode - 3rd December 2019,https://www.youtube.com/watch?v=eSG4dU8k9d8,Found
2876,Taarak Mehta Ka Ooltah Chashmah - Ep 2876 - Full Episode - 4th December 2019,https://www.youtube.com/watch?v=DZOWUXBaopQ,Found
2877,Taarak Mehta Ka Ooltah Chashmah - Ep 2877 - Full Episode - 5th December 2019,https://www.youtube.com/watch?v=fWjPcnAF4i4,Found
2878,Taarak Mehta Ka Ooltah Chashmah - Ep 2878 - Full Episode - 6th December 2019,https://www.youtube.com/watch?v=8I0liy-GS7o,Found
2879,Taarak Mehta Ka Ooltah Chashmah - Ep 2879 - Full Episode - 9th December 2019,https://www.youtube.com/watch?v=82xbWBlm8a8,Found
2880,Taarak Mehta Ka Ooltah Chashmah - Ep 2880 - Full Episode - 10th December 2019,https://www.youtube.com/watch?v=ciM8ev7THCg,Found
2881,Taarak Mehta Ka Ooltah Chashmah - Ep 2881 - Full Episode - 11th December 2019,https://www.youtube.com/watch?v=vMPm0b8M6Lk,Found
2882,Taarak Mehta Ka Ooltah Chashmah - Ep 2882 - Full Episode - 12th December 2019,https://www.youtube.com/watch?v=ymhGO2w4c7A,Found
2883,Taarak Mehta Ka Ooltah Chashmah - Ep 2883 - Full Episode - 13th December 2019,https://www.youtube.com/watch?v=AKe2-uhHEm8,Found
2884,Taarak Mehta Ka Ooltah Chashmah - Ep 2884 - Full Episode - 16th December 2019,https://www.youtube.com/watch?v=PDuRgm6w6cg,Found
2885,Taarak Mehta Ka Ooltah Chashmah - Ep 2885 - Full Episode - 17th December 2019,https://www.youtube.com/watch?v=bDbFzOILBIA,Found
2886,Taarak Mehta Ka Ooltah Chashmah - Ep 2886 - Full Episode - 18th December 2019,https://www.youtube.com/watch?v=1vfa3R-Dh5Q,Found
2887,Taarak Mehta Ka Ooltah Chashmah - Ep 2887 - Full Episode - 19th December 2019,https://www.youtube.com/watch?v=tRtfprDzPnM,Found
2888,Taarak Mehta Ka Ooltah Chashmah - Ep 2888 - Full Episode - 20th December 2019,https://www.youtube.com/watch?v=0ktXwOZbhC4,Found
2889,Taarak Mehta Ka Ooltah Chashmah - Ep 2889 - Full Episode - 23rd December 2019,https://www.youtube.com/watch?v=GJW1HVX983k,Found
2890,Taarak Mehta Ka Ooltah Chashmah - Ep 2890 - Full Episode - 24th December 2019,https://www.youtube.com/watch?v=QJegQDMAMic,Found
2891,Taarak Mehta Ka Ooltah Chashmah - Ep 2891 - Full Episode - 25th December 2019,https://www.youtube.com/watch?v=s7j4uI7lhTg,Found
2892,Taarak Mehta Ka Ooltah Chashmah - Ep 2892 - Full Episode - 26th December 2019,https://www.youtube.com/watch?v=JGo0ya7MYGw,Found
2893,Taarak Mehta Ka Ooltah Chashmah - Ep 2893 - Full Episode - 27th December 2019,https://www.youtube.com/watch?v=4ugJdKbFwX8,Found
2894,Taarak Mehta Ka Ooltah Chashmah - Ep 2894 - Full Episode - 30th December 2019,https://www.youtube.com/watch?v=LV8Yx5LZ4hs,Found
2895,Taarak Mehta Ka Ooltah Chashmah - Ep 2895 - Full Episode - 31st December 2019,https://www.youtube.com/watch?v=mQk29GDv9F0,Found
2896,Taarak Mehta Ka Ooltah Chashmah - Ep 2896 - Full Episode - 1st January 2020,https://www.youtube.com/watch?v=bwxt-gXvOs4,Found
2897,Taarak Mehta Ka Ooltah Chashmah - Ep 2897 - Full Episode - 2nd January 2020,https://www.youtube.com/watch?v=BUngRzKmsOc,Found
2898,Taarak Mehta Ka Ooltah Chashmah - Ep 2898 - Full Episode - 3rd January 2020,https://www.youtube.com/watch?v=AmU-GAU-diU,Found
2899,Taarak Mehta Ka Ooltah Chashmah - Ep 2899 - Full Episode - 6th January 2020,https://www.youtube.com/watch?v=h_yEC2pQKr0,Found
2900,Taarak Mehta Ka Ooltah Chashmah - Ep 2900 - Full Episode - 7th January 2020,https://www.youtube.com/watch?v=f0zmG81fF6s,Found
2901,Taarak Mehta Ka Ooltah Chashmah - Ep 2901 - Full Episode - 8th January 2020,https://www.youtube.com/watch?v=-KtQQzHICrA,Found
2902,Taarak Mehta Ka Ooltah Chashmah - Ep 2902 - Full Episode - 9th January 2020,https://www.youtube.com/watch?v=Qbp3PGJuWyg,Found
2903,Taarak Mehta Ka Ooltah Chashmah - Ep 2903 - Full Episode - 10th January 2020,https://www.youtube.com/watch?v=Nd8iCiJ3fMc,Found
2904,Taarak Mehta Ka Ooltah Chashmah - Ep 2904 - Full Episode - 13th January 2020,https://www.youtube.com/watch?v=5i_lM3I3Tu0,Found
2905,Taarak Mehta Ka Ooltah Chashmah - Ep 2905 - Full Episode - 14th January 2020,https://www.youtube.com/watch?v=gAx9lfKRCew,Found
2906,Taarak Mehta Ka Ooltah Chashmah - तारक मेहता - Ep 2906 - Full Episode - 15th January 2020,https://www.youtube.com/watch?v=-fJinoQ74fA,Found
2907,Taarak Mehta Ka Ooltah Chashmah - तारक मेहता - Ep 2907 - Full Episode - 16th January 2020,https://www.youtube.com/watch?v=NDOa7EmNX5g,Found
2908,Taarak Mehta Ka Ooltah Chashmah - तारक मेहता - Ep 2908 - Full Episode - 17th January 2020,https://www.youtube.com/watch?v=YNFxFa46jS4,Found
2909,Taarak Mehta Ka Ooltah Chashmah - Ep 2909 - Full Episode - 20th January 2020,https://www.youtube.com/watch?v=h2c8crEUihY,Found
2910,Taarak Mehta Ka Ooltah Chashmah - तारक मेहता - Ep 2910 - Full Episode - 21st January 2020,https://www.youtube.com/watch?v=GF4GyZUHEGU,Found
2911,Taarak Mehta Ka Ooltah Chashmah - तारक मेहता - Ep 2911 - Full Episode - 22nd January 2020,https://www.youtube.com/watch?v=qXXWv1SXxNk,Found
2912,Taarak Mehta Ka Ooltah Chashmah - तारक मेहता - Ep 2912 - Full Episode - 23rd January 2020,https://www.youtube.com/watch?v=6fwX8ALw9No,Found
2913,Taarak Mehta Ka Ooltah Chashmah - तारक मेहता - Ep 2913 - Full Episode - 24th January 2020,https://www.youtube.com/watch?v=oanCiu-4k9U,Found
2914,Taarak Mehta Ka Ooltah Chashmah - तारक मेहता - Ep 2914 - Full Episode - 27th January 2020,https://www.youtube.com/watch?v=GD8Ng-nix1Y,Found
2915,Taarak Mehta Ka Ooltah Chashmah - तारक मेहता - Ep 2915 - Full Episode - 28th January 2020,https://www.youtube.com/watch?v=ZJD8-rFNyL0,Found
2916,Taarak Mehta Ka Ooltah Chashmah - तारक मेहता - Ep 2916 - Full Episode - 29th January 2020,https://www.youtube.com/watch?v=jf5DZpNVIhc,Found
2917,Taarak Mehta Ka Ooltah Chashmah - तारक मेहता - Ep 2917 - Full Episode - 30th January 2020,https://www.youtube.com/watch?v=iTFz6abIykg,Found
2918,Taarak Mehta Ka Ooltah Chashmah - तारक मेहता - Ep 2918 - Full Episode - 31st January 2020,https://www.youtube.com/watch?v=Ht7RMsl0OfA,Found
2919,Taarak Mehta Ka Ooltah Chashmah - तारक मेहता - Ep 2919 - Full Episode - 3rd February 2020,https://www.youtube.com/watch?v=_Ae0Tzf8R1M,Found
2920,Taarak Mehta Ka Ooltah Chashmah - तारक मेहता - Ep 2920 - Full Episode - 4th February 2020,https://www.youtube.com/watch?v=AtCj_FghaG0,Found
2921,Taarak Mehta Ka Ooltah Chashmah - तारक मेहता - Ep 2921 - Full Episode - 5th February 2020,https://www.youtube.com/watch?v=Y0L7KztlzfU,Found
2922,Taarak Mehta Ka Ooltah Chashmah - तारक मेहता - Ep 2922 - Full Episode - 6th February 2020,https://www.youtube.com/watch?v=wtOVNLgFgTQ,Found
2923,Taarak Mehta Ka Ooltah Chashmah - तारक मेहता - Ep 2923 - Full Episode - 7th February 2020,https://www.youtube.com/watch?v=3yWNXGjtPH4,Found
2924,Taarak Mehta Ka Ooltah Chashmah - तारक मेहता - Ep 2924 - Full Episode - 10th February 2020,https://www.youtube.com/watch?v=Hn0XiLRJ8BI,Found
2925,Taarak Mehta Ka Ooltah Chashmah - तारक मेहता - Ep 2925 - Full Episode - 11th February 2020,https://www.youtube.com/watch?v=me_pIJ847uk,Found
2926,Taarak Mehta Ka Ooltah Chashmah - तारक मेहता - Ep 2926 - Full Episode - 12th February 2020,https://www.youtube.com/watch?v=Tmk-uA22MU4,Found
2927,Taarak Mehta Ka Ooltah Chashmah - तारक मेहता - Ep 2927 - Full Episode - 13th February 2020,https://www.youtube.com/watch?v=nvQ-Cb22f0s,Found
2928,Taarak Mehta Ka Ooltah Chashmah - तारक मेहता - Ep 2928 - Full Episode - 14th February 2020,https://www.youtube.com/watch?v=QIIZmGxgqPM,Found
2929,Taarak Mehta Ka Ooltah Chashmah - तारक मेहता  - Ep 2929 - Full Episode - 17th February 2020,https://www.youtube.com/watch?v=rUpz94l6_Kg,Found
2930,Taarak Mehta Ka Ooltah Chashmah - तारक मेहता - Ep 2930 - Full Episode - 18th February 2020,https://www.youtube.com/watch?v=9z8hpsp_t_M,Found
2931,Taarak Mehta Ka Ooltah Chashmah - तारक मेहता  - Ep 2931 - Full Episode - 19th February 2020,https://www.youtube.com/watch?v=2GKRk4ZchoU,Found
2932,Taarak Mehta Ka Ooltah Chashmah - तारक मेहता  - Ep 2932 - Full Episode - 20th February 2020,https://www.youtube.com/watch?v=IMzv_MjjbmM,Found
2933,Taarak Mehta Ka Ooltah Chashmah - तारक मेहता  - Ep 2933 - Full Episode - 21st February 2020,https://www.youtube.com/watch?v=KO_FvGz0Ar8,Found
2934,Taarak Mehta Ka Ooltah Chashmah - तारक मेहता  - Ep 2934 - Full Episode - 24th February 2020,https://www.youtube.com/watch?v=vRZ7kE6Sa58,Found
2935,Taarak Mehta Ka Ooltah Chashmah - तारक मेहता - Ep 2935 - Full Episode - 25th February 2020,https://www.youtube.com/watch?v=5lNwkKCP970,Found
2936,Taarak Mehta Ka Ooltah Chashmah - तारक मेहता - Ep 2936 - Full Episode - 26th February 2020,https://www.youtube.com/watch?v=gVRZlC1rnDY,Found
2937,Taarak Mehta Ka Ooltah Chashmah - तारक मेहता - Ep 2937 - Full Episode - 27th February 2020,https://www.youtube.com/watch?v=amdpDgzbDmE,Found
2938,Taarak Mehta Ka Ooltah Chashmah - तारक मेहता - Ep 2938 - Full Episode - 28th February 2020,https://www.youtube.com/watch?v=QiYwkp5sDEU,Found
2939,Jetha ने मनाई Umbadiyu Party | Taarak Mehta Ka Ooltah Chashmah | Gada Pariwar Ki Hasya Kathayein,https://www.youtube.com/watch?v=esaaoKLrOXo,Found
2940,Popatlal की वजह से गिरा Society वालों पर Besan |Taarak Mehta Ka Ooltah Chashmah| Full Episode-2940,https://www.youtube.com/watch?v=rlLsC_H_lUk,Found
2941,Taarak Mehta Ka Ooltah Chashmah - तारक मेहता - Ep 2941 - Full Episode - 4th March 2020,https://www.youtube.com/watch?v=ouK3iUlgmLU,Found
2942,Taarak Mehta Ka Ooltah Chashmah - तारक मेहता - Ep 2942 - Full Episode - 5th March 2020,https://www.youtube.com/watch?v=F5GJWA4osD8,Found
2943,Taarak Mehta Ka Ooltah Chashmah - तारक मेहता - Ep 2943 - Full Episode - 6th March 2020,https://www.youtube.com/watch?v=w_DL66Jj8Vc,Found
2944,Taarak Mehta Ka Ooltah Chashmah  - तारक मेहता - Ep 2944 - Full Episode - 9th March 2020,https://www.youtube.com/watch?v=An7ODnqcEuo,Found
2945,TMKOC Holi 2020 | Latest Episode 2945 | Taarak Mehta Ka Ooltah Chashmah | तारक मेहता का उल्टा चश्मा,https://www.youtube.com/watch?v=fcNXwaGhgh4,Found
2946,Taarak Mehta Is Caught! | Taarak Mehta Ka Ooltah Chashmah | Full Episode 2946 | 11th March 2020,https://www.youtube.com/watch?v=7-coDTL8Cds,Found
2947,Taarak Mehta Ka Ooltah Chashmah - तारक मेहता - Ep 2947 - Full Episode - 12th March 2020,https://www.youtube.com/watch?v=vMEacmOD6SE,Found
2948,Taarak Mehta Ka Ooltah Chashmah - तारक मेहता - Ep 2948 - Full Episode - 13th March 2020,https://www.youtube.com/watch?v=AM7kersdl04,Found
2949,Taarak Mehta Ka Ooltah Chashmah - तारक मेहता - Ep 2949 - Full Episode - 16th March 2020,https://www.youtube.com/watch?v=f50rCVUjtNM,Found
2950,Taarak Mehta Ka Ooltah Chashmah - तारक मेहता - Ep 2950 - Full Episode - 17th March 2020,https://www.youtube.com/watch?v=oBbWXdfNv6c,Found
2951,Taarak Mehta Ka Ooltah Chashmah - तारक मेहता - Ep 2951 - Full Episode - 18th March 2020,https://www.youtube.com/watch?v=aKBRVUJ_eZI,Found
2952,Taarak Mehta Ka Ooltah Chashmah - तारक मेहता - Ep 2952 - Full Episode - 19th March 2020,https://www.youtube.com/watch?v=M7uZh5X7t6I,Found
2953,Taarak Mehta Ka Ooltah Chashmah  - तारक मेहता - Ep 2953 - Full Episode - 20th March 2020,https://www.youtube.com/watch?v=xGiorAXDdRY,Found
2954,Taarak Mehta Ka Ooltah Chashmah - तारक मेहता - Ep 2954 - Full Episode - 22nd July 2020,https://www.youtube.com/watch?v=yBKwEtGjOCM,Found
2955,Taarak Mehta Ka Ooltah Chashmah - तारक मेहता - Ep 2955  - Full Episode - 23rd July 2020,https://www.youtube.com/watch?v=Xx5xX-4p0Aw,Found
2956,Taarak Mehta Ka Ooltah Chashmah - तारक मेहता - Ep 2956  - Full Episode - 24th July 2020,https://www.youtube.com/watch?v=yBFJdERh4HM,Found
2957,Taarak Mehta Ka Ooltah Chashmah - तारक मेहता - Ep 2957  - Full Episode - 27th July 2020,https://www.youtube.com/watch?v=WvkeK4usGpQ,Found
2958,Taarak Mehta Ka Ooltah Chashmah  - तारक मेहता - Ep 2958  - Full Episode - 28th July 2020,https://www.youtube.com/watch?v=5JqgkUKZMDE,Found
2959,Taarak Mehta Ka Ooltah Chashmah - तारक मेहता - Ep 2959  - Full Episode - 29th July 2020,https://www.youtube.com/watch?v=Q-lsnTlerF8,Found
2960,Taarak Mehta Ka Ooltah Chashmah - तारक मेहता - Ep 2960  - Full Episode - 30th July 2020,https://www.youtube.com/watch?v=eHJLiS3c3tA,Found
2961,Taarak Mehta Ka Ooltah Chashmah  - तारक मेहता - Ep 2961  - Full Episode - 31st July 2020,https://www.youtube.com/watch?v=IVH2dDJmw2s,Found
2962,Taarak Mehta Ka Ooltah Chashmah - तारक मेहता - Ep 2962  - Full Episode - 3rd August 2020,https://www.youtube.com/watch?v=xIEylJA5HUg,Found
2963,Taarak Mehta Ka Ooltah Chashmah - तारक मेहता - Ep 2963  - Full Episode - 4th August 2020,https://www.youtube.com/watch?v=OJjrvJPcZZE,Found
2964,Taarak Mehta Ka Ooltah Chashmah - तारक मेहता - Ep 2964  - Full Episode - 5th August 2020,https://www.youtube.com/watch?v=2rFX7zL7GV0,Found
2965,Taarak Mehta Ka Ooltah Chashmah - तारक मेहता - Ep 2965  - Full Episode - 6th August 2020,https://www.youtube.com/watch?v=NegKvyTiCY4,Found
2966,Taarak Mehta Ka Ooltah Chashmah  - तारक मेहता - Ep 2966  - Full Episode - 7th August 2020,https://www.youtube.com/watch?v=QtSCGRjO0xY,Found
2967,Taarak Mehta Ka Ooltah Chashmah - तारक मेहता - Ep 2967  - Full Episode - 10th August 2020,https://www.youtube.com/watch?v=-HU_svSE_3o,Found
2968,Taarak Mehta Ka Ooltah Chashmah - तारक मेहता - Ep 2968  - Full Episode - 11th August 2020,https://www.youtube.com/watch?v=cNfyzIl7giw,Found
2969,Taarak Mehta Ka Ooltah Chashmah - तारक मेहता - Ep 2969  - Full Episode - 12th August 2020,https://www.youtube.com/watch?v=rf9Vp95_Fdw,Found
2970,Taarak Mehta Ka Ooltah Chashmah - तारक मेहता - Ep 2970  - Full Episode - 13th August 2020,https://www.youtube.com/watch?v=H16nbXGgJzY,Found
2971,Taarak Mehta Ka Ooltah Chashmah - तारक मेहता - Ep 2971  - Full Episode - 14th August 2020,https://www.youtube.com/watch?v=Cj9OBMRY9hk,Found
2972,Taarak Mehta Ka Ooltah Chashmah  - तारक मेहता - Ep 2972  - Full Episode - 17th August 2020,https://www.youtube.com/watch?v=Q1OoZBdfZhI,Found
2973,Taarak Mehta Ka Ooltah Chashmah - तारक मेहता - Ep 2973  - Full Episode - 18th August 2020,https://www.youtube.com/watch?v=n0sA5EOKbkU,Found
2974,Taarak Mehta Ka Ooltah Chashmah - तारक मेहता - Ep 2974  - Full Episode - 19th August 2020,https://www.youtube.com/watch?v=oRrLKYY7f9M,Found
2975,Taarak Mehta Ka Ooltah Chashmah - तारक मेहता - Ep 2975  - Full Episode - 20th August 2020,https://www.youtube.com/watch?v=AGpRpUl7h0s,Found
2976,Taarak Mehta Ka Ooltah Chashmah - तारक मेहता - Ep 2976  - Full Episode - 21st August 2020,https://www.youtube.com/watch?v=vqvlk7Y1th4,Found
2977,Taarak Mehta Ka Ooltah Chashmah - तारक मेहता - Ep 2977  - Full Episode - 24th August 2020,https://www.youtube.com/watch?v=xrzL2NQmjCs,Found
2978,Taarak Mehta Ka Ooltah Chashmah - तारक मेहता - Ep 2978  - Full Episode - 25th August 2020,https://www.youtube.com/watch?v=7NWnOT9-BSg,Found
2979,Taarak Mehta Ka Ooltah Chashmah - तारक मेहता - Ep 2979  - Full Episode - 26th August 2020,https://www.youtube.com/watch?v=j6fYfS5No8k,Found
2980,Taarak Mehta Ka Ooltah Chashmah - तारक मेहता - Ep 2980  - Full Episode - 27th August 2020,https://www.youtube.com/watch?v=uY51vOUNkKg,Found
2981,Taarak Mehta Ka Ooltah Chashmah  - तारक मेहता - Ep 2981  - Full Episode - 28th August 2020,https://www.youtube.com/watch?v=ZW96oQclTAw,Found
2982,Taarak Mehta Ka Ooltah Chashmah  - तारक मेहता - Ep 2982  - Full Episode - 31st August 2020,https://www.youtube.com/watch?v=d6PQkYdGBR4,Found
2983,Taarak Mehta Ka Ooltah Chashmah  - तारक मेहता - Ep 2983  - Full Episode - 1st September 2020,https://www.youtube.com/watch?v=W5I6xUjgpUY,Found
2984,Taarak Mehta Ka Ooltah Chashmah  - तारक मेहता - Ep 2984  - Full Episode - 2nd September 2020,https://www.youtube.com/watch?v=h-CsdONLnRE,Found
2985,Taarak Mehta Ka Ooltah Chashmah - तारक मेहता - Ep 2985  - Full Episode - 3rd September 2020,https://www.youtube.com/watch?v=B_o0ZbeL2fA,Found
2986,Taarak Mehta Ka Ooltah Chashmah - तारक मेहता - Ep 2986  - Full Episode - 4th September 2020,https://www.youtube.com/watch?v=BTZ6ItzfXYE,Found
2987,Taarak Mehta Ka Ooltah Chashmah - तारक मेहता - Ep 2987 - Full Episode - 7th September 2020,https://www.youtube.com/watch?v=XF-TP17S-yE,Found
2988,Taarak Mehta Ka Ooltah Chashmah - तारक मेहता - Ep 2988  - Full Episode - 8th September 2020,https://www.youtube.com/watch?v=d9_mAc7iy6I,Found
2989,Taarak Mehta Ka Ooltah Chashmah - तारक मेहता - Ep 2989  - Full Episode - 9th September 2020,https://www.youtube.com/watch?v=wSLRlJXctqA,Found
2990,Taarak Mehta Ka Ooltah Chashmah - तारक मेहता - Ep 2990  - Full Episode - 10th September 2020,https://www.youtube.com/watch?v=T_cdMS8JOhw,Found
2991,Taarak Mehta Ka Ooltah Chashmah  - तारक मेहता - Ep 2991  - Full Episode - 11th September 2020,https://www.youtube.com/watch?v=DX2GUk63Y3k,Found
2992,Taarak Mehta Ka Ooltah Chashmah  - तारक मेहता - Ep 2992  - Full Episode - 14th September 2020,https://www.youtube.com/watch?v=zLxqQgpU3gc,Found
2993,Taarak Mehta Ka Ooltah Chashmah  - तारक मेहता - Ep 2993 - Full Episode - 15th September 2020,https://www.youtube.com/watch?v=os9EIc4TdcQ,Found
2994,Taarak Mehta Ka Ooltah Chashmah  - तारक मेहता - Ep 2994 - Full Episode - 16th September 2020,https://www.youtube.com/watch?v=jVEzFLWnj-w,Found
2995,Taarak Mehta Ka Ooltah Chashmah  - तारक मेहता - Ep 2996 - Full Episode - 18th September 2020,https://www.youtube.com/watch?v=npE5Ukb7Bn0,Found
2996,Taarak Mehta Ka Ooltah Chashmah  - तारक मेहता - Ep 2996 - Full Episode - 18th September 2020,https://www.youtube.com/watch?v=npE5Ukb7Bn0,Found
2997,Taarak Mehta Ka Ooltah Chashmah  - तारक मेहता - Ep 2997 - Full Episode - 21st September 2020,https://www.youtube.com/watch?v=JbLph-AfO-A,Found
2998,Taarak Mehta Ka Ooltah Chashmah  - तारक मेहता - Ep 2998 - Full Episode - 22nd September 2020,https://www.youtube.com/watch?v=Cty55Sst1U4,Found
2999,Taarak Mehta Ka Ooltah Chashmah  - तारक मेहता - Ep 2999 - Full Episode - 23rd September 2020,https://www.youtube.com/watch?v=U3gLcXrwo5w,Found
3000,Taarak Mehta Ka Ooltah Chashmah  - तारक मेहता - Ep 3000 - Full Episode - 24th September 2020,https://www.youtube.com/watch?v=Uo8iJnK-Kz0,Found
3001,Taarak Mehta Ka Ooltah Chashmah - तारक मेहता - Ep 3001 - Full Episode - 25th September 2020,https://www.youtube.com/watch?v=oyEOqOKE0Ms,Found
3002,Taarak Mehta Ka Ooltah Chashmah - तारक मेहता  - Ep 3002 - Full Episode - 28th September 2020,https://www.youtube.com/watch?v=pG-aNmRHtw0,Found
3003,Taarak Mehta Ka Ooltah Chashmah - तारक मेहता - Ep 3003 - Full Episode - 29th September 2020,https://www.youtube.com/watch?v=tXDk0PCtr40,Found
3004,Taarak Mehta Ka Ooltah Chashmah - तारक मेहता - Ep 3004 - Full Episode - 30th September 2020,https://www.youtube.com/watch?v=4_h2p1Sao2s,Found
3005,Taarak Mehta Ka Ooltah Chashmah - तारक मेहता - Ep 3005 - Full Episode - 1st October 2020,https://www.youtube.com/watch?v=EXR0U45lmpk,Found
3006,Taarak Mehta Ka Ooltah Chashmah - तारक मेहता - Ep 3006 - Full Episode - 2nd October 2020,https://www.youtube.com/watch?v=6KDPXAAjiww,Found
3007,Taarak Mehta Ka Ooltah Chashmah - तारक मेहता - Ep 3007 - Full Episode - 5th October 2020,https://www.youtube.com/watch?v=Ts1YVcIXgQI,Found
3008,Taarak Mehta Ka Ooltah Chashmah - तारक मेहता - Ep 3008 - Full Episode - 6th October 2020,https://www.youtube.com/watch?v=mjVnTV-zNsU,Found
3009,Taarak Mehta Ka Ooltah Chashmah - तारक मेहता - Ep 3009 - Full Episode - 7th October 2020,https://www.youtube.com/watch?v=7ib4HNbFI0Q,Found
3010,Taarak Mehta Ka Ooltah Chashmah - तारक मेहता - Ep 3010 - Full Episode - 8th October 2020,https://www.youtube.com/watch?v=1T2uLm9jCv0,Found
3011,Taarak Mehta Ka Ooltah Chashmah - तारक मेहता - Ep 3011 - Full Episode - 9th October 2020,https://www.youtube.com/watch?v=gjkjDzJMpKE,Found
3012,Taarak Mehta Ka Ooltah Chashmah - तारक मेहता  - Ep 3012 - Full Episode - 12th October 2020,https://www.youtube.com/watch?v=jYcBswYtV-w,Found
3013,Taarak Mehta Ka Ooltah Chashmah - तारक मेहता  - Ep 3013 - Full Episode - 13th October 2020,https://www.youtube.com/watch?v=4NDAxOJRU6M,Found
3014,Taarak Mehta Ka Ooltah Chashmah - तारक मेहता  - Ep 3014 - Full Episode - 14th October 2020,https://www.youtube.com/watch?v=bw9E_EzY-HY,Found
3015,Taarak Mehta Ka Ooltah Chashmah - तारक मेहता  - Ep 3015 - Full Episode - 15th October 2020,https://www.youtube.com/watch?v=Z0k5NG3lOYo,Found
3016,Taarak Mehta Ka Ooltah Chashmah - तारक मेहता  - Ep 3016 - Full Episode - 16th October 2020,https://www.youtube.com/watch?v=3raE22o_bg0,Found
3017,Episode 3017 - Taarak Mehta Ka Ooltah Chashmah - Full Episode | तारक मेहता का उल्टा चश्मा,https://www.youtube.com/watch?v=EEPS-fpBjAM,Found
3018,Taarak Mehta Ka Ooltah Chashmah - तारक मेहता - Ep 3018 - Full Episode - 20th October 2020,https://www.youtube.com/watch?v=YuPzHVRLW3k,Found
3019,Taarak Mehta Ka Ooltah Chashmah - तारक मेहता  - Ep 3019 - Full Episode - 21st October 2020,https://www.youtube.com/watch?v=N-P5m95eLAM,Found
3020,Taarak Mehta Ka Ooltah Chashmah - तारक मेहता - Ep 3020 - Full Episode - 22nd October 2020,https://www.youtube.com/watch?v=H9t9p4edx5s,Found
3021,Taarak Mehta Ka Ooltah Chashmah - तारक मेहता - Ep 3021 - Full Episode - 23rd October 2020,https://www.youtube.com/watch?v=HIBn1-5iCUs,Found
3022,Taarak Mehta Ka Ooltah Chashmah  - तारक मेहता - Ep 3022 - Full Episode - 26th October 2020,https://www.youtube.com/watch?v=OtHwv1IKwMk,Found
3023,Taarak Mehta Ka Ooltah Chashmah  - तारक मेहता - Ep 3023 - Full Episode - 27th October 2020,https://www.youtube.com/watch?v=u_0Zm9k0xIg,Found
3024,Taarak Mehta Ka Ooltah Chashmah  - तारक मेहता - Ep 3024 - Full Episode - 28th October 2020,https://www.youtube.com/watch?v=UUjHV-DdwJE,Found
3025,Taarak Mehta Ka Ooltah Chashmah  - तारक मेहता - Ep 3025 - Full Episode - 29th October 2020,https://www.youtube.com/watch?v=HexfGMUtCdM,Found
3026,Taarak Mehta Ka Ooltah Chashmah  - तारक मेहता - Ep 3026 - Full Episode - 30th October 2020,https://www.youtube.com/watch?v=wUsKwZ3G3G4,Found
3027,Taarak Mehta Ka Ooltah Chashmah  - तारक मेहता - Ep 3027 - Full Episode - 2nd November 2020,https://www.youtube.com/watch?v=vNv6QQYsOg4,Found
3028,Taarak Mehta Ka Ooltah Chashmah  - तारक मेहता - Ep 3028 - Full Episode - 3rd November 2020,https://www.youtube.com/watch?v=bBe47ZEtFpI,Found
3029,Taarak Mehta Ka Ooltah Chashmah  - तारक मेहता - Ep 3029 - Full Episode - 4th November 2020,https://www.youtube.com/watch?v=thRWkRPDoEA,Found
3030,Taarak Mehta Ka Ooltah Chashmah  - तारक मेहता - Ep 3030 - Full Episode - 5th November 2020,https://www.youtube.com/watch?v=jgyGx9WJJg0,Found
3031,Taarak Mehta Ka Ooltah Chashmah - तारक मेहता - Ep 3031 - Full Episode - 6th November 2020,https://www.youtube.com/watch?v=Fq-Zmng84EE,Found
3032,Taarak Mehta Ka Ooltah Chashmah - तारक मेहता - Ep 3032 - Full Episode - 9th November 2020,https://www.youtube.com/watch?v=R5tavmyKEVY,Found
3033,Taarak Mehta Ka Ooltah Chashmah - तारक मेहता - Ep 3033 - Full Episode - 10th November 2020,https://www.youtube.com/watch?v=XkPdE0vcn60,Found
3034,Taarak Mehta Ka Ooltah Chashmah - तारक मेहता - Ep 3034 - Full Episode - 11th November 2020,https://www.youtube.com/watch?v=Eeehvxjh-rs,Found
3035,Taarak Mehta Ka Ooltah Chashmah - तारक मेहता - Ep 3035 - Full Episode - 12th November 2020,https://www.youtube.com/watch?v=vK_CbRz5ENw,Found
3036,Taarak Mehta Ka Ooltah Chashmah - तारक मेहता - Ep 3036 - Full Episode - 13th November 2020,https://www.youtube.com/watch?v=XtpJVPutPJ4,Found
3037,Taarak Mehta Ka Ooltah Chashmah - तारक मेहता - Ep 3037 - Full Episode - 16th November 2020,https://www.youtube.com/watch?v=bJQySXyspKk,Found
3038,Taarak Mehta Ka Ooltah Chashmah - तारक मेहता - Ep 3038 - Full Episode - 17th November 2020,https://www.youtube.com/watch?v=cCAjTA5dgAM,Found
3039,Taarak Mehta Ka Ooltah Chashmah - तारक मेहता - Ep 3039 - Full Episode - 18th November 2020,https://www.youtube.com/watch?v=2qRvh9X3DHw,Found
3040,Taarak Mehta Ka Ooltah Chashmah - तारक मेहता - Ep 3040 - Full Episode - 19th November 2020,https://www.youtube.com/watch?v=8OQ2fnU44Ps,Found
3041,Taarak Mehta Ka Ooltah Chashmah - तारक मेहता - Ep 3041 - Full Episode - 20th November 2020,https://www.youtube.com/watch?v=b98oFymGq-s,Found
3042,Taarak Mehta Ka Ooltah Chashmah - तारक मेहता - Ep 3042 - Full Episode - 23rd November 2020,https://www.youtube.com/watch?v=VPLt9DcEYnk,Found
3043,Taarak Mehta Ka Ooltah Chashmah - तारक मेहता - Ep 3043 - Full Episode - 24th November 2020,https://www.youtube.com/watch?v=kng3C8I5Dss,Found
3044,Taarak Mehta Ka Ooltah Chashmah - तारक मेहता - Ep 3044 - Full Episode - 25th November 2020,https://www.youtube.com/watch?v=bouDf3eRC6s,Found
3045,Taarak Mehta Ka Ooltah Chashmah - तारक मेहता - Ep 3045 - Full Episode - 26th November 2020,https://www.youtube.com/watch?v=i4o0vGjnpi8,Found
3046,Taarak Mehta Ka Ooltah Chashmah - तारक मेहता - Ep 3046 - Full Episode - 27th November 2020,https://www.youtube.com/watch?v=7FA6EEGES9Y,Found
3047,Taarak Mehta Ka Ooltah Chashmah - तारक मेहता - Ep 3047 - Full Episode - 30th November 2020,https://www.youtube.com/watch?v=1KfEP0SookI,Found
3048,Taarak Mehta Ka Ooltah Chashmah - तारक मेहता - Ep 3048 - Full Episode - 1st December 2020,https://www.youtube.com/watch?v=p6dXauNlCj0,Found
3049,Taarak Mehta Ka Ooltah Chashmah - तारक मेहता - Ep 3049 - Full Episode - 2nd December 2020,https://www.youtube.com/watch?v=SUBeSXYX5jM,Found
3050,Taarak Mehta Ka Ooltah Chashmah - तारक मेहता - Ep 3050 - Full Episode - 3rd December 2020,https://www.youtube.com/watch?v=yWxaPT8RUpE,Found
3051,Taarak Mehta Ka Ooltah Chashmah - तारक मेहता - Ep 3051 - Full Episode - 4th December 2020,https://www.youtube.com/watch?v=P11i2FY8VX8,Found
3052,Taarak Mehta Ka Ooltah Chashmah - तारक मेहता - Ep 3052 - Full Episode - 7th December 2020,https://www.youtube.com/watch?v=pPFxyeUEBg8,Found
3053,Taarak Mehta Ka Ooltah Chashmah - तारक मेहता - Ep 3053 - Full Episode - 8th December 2020,https://www.youtube.com/watch?v=IBhyUmf_zO8,Found
3054,Taarak Mehta Ka Ooltah Chashmah - तारक मेहता - Ep 3054 - Full Episode - 9th December 2020,https://www.youtube.com/watch?v=GDYoCBZedEc,Found
3055,Taarak Mehta Ka Ooltah Chashmah - तारक मेहता - Ep 3055 - Full Episode - 10th December 2020,https://www.youtube.com/watch?v=hbVwXM_wbi4,Found
3056,Taarak Mehta Ka Ooltah Chashmah - तारक मेहता - Ep 3056 - Full Episode - 11th December 2020,https://www.youtube.com/watch?v=Vja15_7MPR8,Found
3057,Taarak Mehta Ka Ooltah Chashmah - तारक मेहता - Ep 3057 - Full Episode - 14th December 2020,https://www.youtube.com/watch?v=TBwxVHt8oZU,Found
3058,Taarak Mehta Ka Ooltah Chashmah - तारक मेहता - Ep 3058 - Full Episode - 15th December 2020,https://www.youtube.com/watch?v=CR95RquVrI8,Found
3059,Taarak Mehta Ka Ooltah Chashmah - तारक मेहता - Ep 3059 - Full Episode - 16th December 2020,https://www.youtube.com/watch?v=3MlIK9gWDrI,Found
3060,Taarak Mehta Ka Ooltah Chashmah - तारक मेहता - Ep 3060 - Full Episode - 17th December 2020,https://www.youtube.com/watch?v=nIayBd-YCow,Found
3061,Taarak Mehta Ka Ooltah Chashmah - तारक मेहता - Ep 3061 - Full Episode - 18th December 2020,https://www.youtube.com/watch?v=RJCSzk-_4io,Found
3062,Taarak Mehta Ka Ooltah Chashmah - तारक मेहता - Ep 3062 - Full Episode - 21st December 2020,https://www.youtube.com/watch?v=rUuE_SYhc6E,Found
3063,Taarak Mehta Ka Ooltah Chashmah - तारक मेहता - Ep 3063 - Full Episode - 22nd December 2020,https://www.youtube.com/watch?v=B1znfPBjlfE,Found
3064,Taarak Mehta Ka Ooltah Chashmah - तारक मेहता - Ep 3064 - Full Episode - 23rd December 2020,https://www.youtube.com/watch?v=yrqefIBKfGM,Found
3065,Taarak Mehta Ka Ooltah Chashmah - तारक मेहता - Ep 3065 - Full Episode - 24th December 2020,https://www.youtube.com/watch?v=L03rdU4bmeY,Found
3066,Taarak Mehta Ka Ooltah Chashmah - तारक मेहता - Ep 3066 - Full Episode - 25th December 2020,https://www.youtube.com/watch?v=uUkrBKGfUoU,Found
3067,Taarak Mehta Ka Ooltah Chashmah - तारक मेहता - Ep 3067 - Full Episode - 28th December 2020,https://www.youtube.com/watch?v=IPX4FIC2Xpc,Found
3068,Taarak Mehta Ka Ooltah Chashmah - तारक मेहता - Ep 3068 - Full Episode - 29th December 2020,https://www.youtube.com/watch?v=O06cqqEWbN4,Found
3069,Taarak Mehta Ka Ooltah Chashmah - तारक मेहता - Ep 3069 - Full Episode - 30th December 2020,https://www.youtube.com/watch?v=_z0lUQ5cOKo,Found
3070,Taarak Mehta Ka Ooltah Chashmah - तारक मेहता - Ep 3070 - Full Episode - 31st December 2020,https://www.youtube.com/watch?v=09MqUgVrDeg,Found
3071,"Taarak Mehta Ka Ooltah Chashmah - तारक मेहता - Ep 3071 - Full Episode - 1st January, 2021",https://www.youtube.com/watch?v=XkB0gvujYF4,Found
3072,"Taarak Mehta Ka Ooltah Chashmah - तारक मेहता - Ep 3072 - Full Episode - 4th January, 2021",https://www.youtube.com/watch?v=kIff2wYlLAY,Found
3073,"Taarak Mehta Ka Ooltah Chashmah - तारक मेहता - Ep 3073 - Full Episode - 5th January, 2021",https://www.youtube.com/watch?v=WU0KgkDan_4,Found
3074,"Taarak Mehta Ka Ooltah Chashmah - तारक मेहता - Ep 3074 - Full Episode - 6th January, 2021",https://www.youtube.com/watch?v=lN9hHjXuOvI,Found
3075,"Taarak Mehta Ka Ooltah Chashmah - तारक मेहता - Ep 3075 - Full Episode - 7th January, 2021",https://www.youtube.com/watch?v=f1fqW_UsnsY,Found
3076,"Taarak Mehta Ka Ooltah Chashmah - तारक मेहता - Ep 3076 - Full Episode - 8th January, 2021",https://www.youtube.com/watch?v=fXfkmYsMszc,Found
3077,"Taarak Mehta Ka Ooltah Chashmah - तारक मेहता - Ep 3077 - Full Episode - 11th January, 2021",https://www.youtube.com/watch?v=AXXm4OygUsw,Found
3078,"Taarak Mehta Ka Ooltah Chashmah - तारक मेहता - Ep 3078 - Full Episode - 12th January, 2021",https://www.youtube.com/watch?v=ZESh3CxJpGw,Found
3079,"Taarak Mehta Ka Ooltah Chashmah - तारक मेहता - Ep 3079 - Full Episode - 13th January, 2021",https://www.youtube.com/watch?v=0J9G4z_n05g,Found
3080,"Taarak Mehta Ka Ooltah Chashmah - तारक मेहता - Ep 3080 - Full Episode - 14th January, 2021",https://www.youtube.com/watch?v=6OEkLLF_ls0,Found
3081,"Taarak Mehta Ka Ooltah Chashmah - तारक मेहता - Ep 3081 - Full Episode - 15th January, 2021",https://www.youtube.com/watch?v=0yoHe_JyT9s,Found
3082,"Taarak Mehta Ka Ooltah Chashmah - तारक मेहता - Ep 3082 - Full Episode - 18th January, 2021",https://www.youtube.com/watch?v=Z9ng82ITTGk,Found
3083,"Taarak Mehta Ka Ooltah Chashmah - तारक मेहता - Ep 3083 - Full Episode - 19th January, 2021",https://www.youtube.com/watch?v=2NWQFqCOee8,Found
3084,"Taarak Mehta Ka Ooltah Chashmah - तारक मेहता - Ep 3084 - Full Episode - 20th January, 2021",https://www.youtube.com/watch?v=tzIjyQ5VH9c,Found
3085,"Taarak Mehta Ka Ooltah Chashmah - तारक मेहता - Ep 3085 - Full Episode - 21st January, 2021",https://www.youtube.com/watch?v=IuO7OrYN_mw,Found
3086,"Taarak Mehta Ka Ooltah Chashmah - तारक मेहता - Ep 3086 - Full Episode - 22nd January, 2021",https://www.youtube.com/watch?v=q-v99QSh6u4,Found
3087,"Taarak Mehta Ka Ooltah Chashmah - तारक मेहता - Ep 3087 - Full Episode - 25th January, 2021",https://www.youtube.com/watch?v=PInCyFeq3BE,Found
3088,"Taarak Mehta Ka Ooltah Chashmah - तारक मेहता - Ep 3088 - Full Episode - 26th January, 2021",https://www.youtube.com/watch?v=ZEdj_hTWBSk,Found
3089,"Taarak Mehta Ka Ooltah Chashmah - तारक मेहता - Ep 3089 - Full Episode - 27th January, 2021",https://www.youtube.com/watch?v=4nVqmWQuWBs,Found
3090,"Taarak Mehta Ka Ooltah Chashmah - तारक मेहता - Ep 3090 - Full Episode - 28th January, 2021",https://www.youtube.com/watch?v=Ne6vmDOZuzI,Found
3091,"Taarak Mehta Ka Ooltah Chashmah - तारक मेहता - Ep 3091 - Full Episode - 29th January, 2021",https://www.youtube.com/watch?v=owrqkuqpEyM,Found
3092,NEW! Ep 3092 - Love Letter! | Taarak Mehta Ka Ooltah Chashmah - Full Episode | तारक मेहता,https://www.youtube.com/watch?v=gVA6hu2wkMU,Found
3093,"Taarak Mehta Ka Ooltah Chashmah - तारक मेहता - Ep 3093 - Full Episode - 2nd February, 2021",https://www.youtube.com/watch?v=JRsqZwNx2JQ,Found
3094,"Taarak Mehta Ka Ooltah Chashmah - तारक मेहता - Ep 3094 - Full Episode - 3rd February, 2021",https://www.youtube.com/watch?v=3OsmsXpYDKw,Found
3095,"Taarak Mehta Ka Ooltah Chashmah - तारक मेहता - Ep 3095 - Full Episode - 4th February, 2021",https://www.youtube.com/watch?v=axImOKO-0Os,Found
3096,"Taarak Mehta Ka Ooltah Chashmah - तारक मेहता - Ep 3096 - Full Episode - 5th February, 2021",https://www.youtube.com/watch?v=tXQ-8vpiVeE,Found
3097,"Taarak Mehta Ka Ooltah Chashmah - तारक मेहता - Ep 3097 - Full Episode - 8th February, 2021",https://www.youtube.com/watch?v=7QiXl7GUzs8,Found
3098,"Taarak Mehta Ka Ooltah Chashmah - तारक मेहता - Ep 3098 - Full Episode - 9th February, 2021",https://www.youtube.com/watch?v=SwXdPg8zAIg,Found
3099,"Taarak Mehta Ka Ooltah Chashmah - तारक मेहता - Ep 3099 - Full Episode - 10th February, 2021",https://www.youtube.com/watch?v=f_AsX7fE7sA,Found
3100,NEW! Ep 3100 - Bhogilal! | Taarak Mehta Ka Ooltah Chashmah - Full Episode | तारक मेहता,https://www.youtube.com/watch?v=WQRmZrvWpiA,Found
3101,"Taarak Mehta Ka Ooltah Chashmah - तारक मेहता - Ep 3101 - Full Episode - 12th February, 2021",https://www.youtube.com/watch?v=D4VZiZ0f88s,Found
3102,"Taarak Mehta Ka Ooltah Chashmah - तारक मेहता - Ep 3102  - Full Episode - 15th February, 2021",https://www.youtube.com/watch?v=f4CgM6X2Ieg,Found
3103,"Taarak Mehta Ka Ooltah Chashmah - तारक मेहता - Ep 3103  - Full Episode - 16th February, 2021",https://www.youtube.com/watch?v=brioGMOZneY,Found
3104,"Taarak Mehta Ka Ooltah Chashmah - तारक मेहता - Ep 3104  - Full Episode - 17th February, 2021",https://www.youtube.com/watch?v=P0rLbC3YjS0,Found
3105,"Taarak Mehta Ka Ooltah Chashmah - तारक मेहता - Ep 3105  - Full Episode - 18th February, 2021",https://www.youtube.com/watch?v=99ZPG5V8fK0,Found
3106,"Taarak Mehta Ka Ooltah Chashmah - तारक मेहता - Ep 3106  - Full Episode - 19th February, 2021",https://www.youtube.com/watch?v=kuU8otB8LIM,Found
3107,"Taarak Mehta Ka Ooltah Chashmah - तारक मेहता - Ep 3107 - Full Episode - 22nd February, 2021",https://www.youtube.com/watch?v=uPGdGhMWKk0,Found
3108,"Taarak Mehta Ka Ooltah Chashmah - तारक मेहता - Ep 3108 - Full Episode - 23rd February, 2021",https://www.youtube.com/watch?v=LGnep4pUJcM,Found
3109,"Taarak Mehta Ka Ooltah Chashmah - तारक मेहता - Ep 3109 - Full Episode - 24th February, 2021",https://www.youtube.com/watch?v=_RXU7yp7A0c,Found
3110,"Taarak Mehta Ka Ooltah Chashmah - तारक मेहता - Ep 3110 - Full Episode - 25th February, 2021",https://www.youtube.com/watch?v=K54JiilI_DE,Found
3111,"Taarak Mehta Ka Ooltah Chashmah - तारक मेहता - Ep 3111 - Full Episode - 26th February, 2021",https://www.youtube.com/watch?v=U7BU5JPR3lE,Found
3112,"Taarak Mehta Ka Ooltah Chashmah - तारक मेहता - Ep 3112 - Full Episode - 1st March, 2021",https://www.youtube.com/watch?v=eNFbMk-y6dU,Found
3113,"Taarak Mehta Ka Ooltah Chashmah - तारक मेहता - Ep 3113 - Full Episode - 2nd March, 2021",https://www.youtube.com/watch?v=GLXNRS5Zpiw,Found
3114,"Taarak Mehta Ka Ooltah Chashmah - तारक मेहता - Ep 3114 - Full Episode - 3rd March, 2021",https://www.youtube.com/watch?v=fDTpN6k-VlY,Found
3115,"Taarak Mehta Ka Ooltah Chashmah - तारक मेहता - Ep 3115 - Full Episode - 4th March, 2021",https://www.youtube.com/watch?v=Ka0Vt0IkgH4,Found
3116,"Taarak Mehta Ka Ooltah Chashmah - तारक मेहता - Ep 3116 - Full Episode - 5th March, 2021",https://www.youtube.com/watch?v=yu9ESK8cTMQ,Found
3117,"Taarak Mehta Ka Ooltah Chashmah - तारक मेहता - Ep 3117 - Full Episode - 8th March, 2021",https://www.youtube.com/watch?v=FSg4WOHsUck,Found
3118,"Taarak Mehta Ka Ooltah Chashmah - तारक मेहता - Ep 3118 - Full Episode - 9th March, 2021",https://www.youtube.com/watch?v=eFVme8aaQ9g,Found
3119,"Taarak Mehta Ka Ooltah Chashmah - तारक मेहता - Ep 3119 - Full Episode - 10th March, 2021",https://www.youtube.com/watch?v=hAYoK6aLcFk,Found
3120,"Taarak Mehta Ka Ooltah Chashmah - तारक मेहता - Ep 3120 - Full Episode - 11th March, 2021",https://www.youtube.com/watch?v=GUg5fjVbSk8,Found
3121,"Taarak Mehta Ka Ooltah Chashmah - तारक मेहता - Ep 3121 - Full Episode - 12th March, 2021",https://www.youtube.com/watch?v=F8j7tIUSDA0,Found
3122,"Taarak Mehta Ka Ooltah Chashmah - तारक मेहता - Ep 3122 - Full Episode - 15th March, 2021",https://www.youtube.com/watch?v=avONlIlL8x0,Found
3123,"Taarak Mehta Ka Ooltah Chashmah - तारक मेहता - Ep 3123 - Full Episode - 16th March, 2021",https://www.youtube.com/watch?v=GwbNgG0tjkY,Found
3124,"Taarak Mehta Ka Ooltah Chashmah - तारक मेहता - Ep 3124 - Full Episode - 17th March, 2021",https://www.youtube.com/watch?v=Z6lJPde31-I,Found
3125,"Taarak Mehta Ka Ooltah Chashmah - तारक मेहता - Ep 3125 - Full Episode - 18th March, 2021",https://www.youtube.com/watch?v=GwrkIv8C7mg,Found
3126,"Taarak Mehta Ka Ooltah Chashmah - तारक मेहता - Ep 3126 - Full Episode - 19th March, 2021",https://www.youtube.com/watch?v=L_wigeEKsD4,Found
3127,"Taarak Mehta Ka Ooltah Chashmah - तारक मेहता - Ep 3127 - Full Episode - 22nd March, 2021",https://www.youtube.com/watch?v=20rwNLBLIv8,Found
3128,"Taarak Mehta Ka Ooltah Chashmah - तारक मेहता - Ep 3128 - Full Episode - 23rd March, 2021",https://www.youtube.com/watch?v=chN2LFM4djM,Found
3129,"Taarak Mehta Ka Ooltah Chashmah - तारक मेहता - Ep 3129 - Full Episode - 24th March, 2021",https://www.youtube.com/watch?v=MELLnA3azNk,Found
3130,"Taarak Mehta Ka Ooltah Chashmah - तारक मेहता - Ep 3130 - Full Episode - 25th March, 2021",https://www.youtube.com/watch?v=eEhi41lcHOQ,Found
3131,"Taarak Mehta Ka Ooltah Chashmah - तारक मेहता - Ep 3131 - Full Episode - 26th March, 2021",https://www.youtube.com/watch?v=oeFO3e-ZSzo,Found
3132,"Taarak Mehta Ka Ooltah Chashmah - तारक मेहता - Ep 3132 - Full Episode - 29th March, 2021",https://www.youtube.com/watch?v=4YjQnZX6p_M,Found
3133,"Taarak Mehta Ka Ooltah Chashmah - तारक मेहता - Ep 3133 - Full Episode - 30th March, 2021",https://www.youtube.com/watch?v=CENU0Y8w1Rs,Found
3134,"Taarak Mehta Ka Ooltah Chashmah - तारक मेहता - Ep 3134 - Full Episode - 31st March, 2021",https://www.youtube.com/watch?v=TPVK38xZT4c,Found
3135,"Taarak Mehta Ka Ooltah Chashmah - तारक मेहता - Ep 3135 - Full Episode - 1st April, 2021",https://www.youtube.com/watch?v=ryWsSdaIcow,Found
3136,"Taarak Mehta Ka Ooltah Chashmah - तारक मेहता - Ep 3136 - Full Episode - 2nd April, 2021",https://www.youtube.com/watch?v=SQRmUgWS66k,Found
3137,Taarak Mehta Ka Ooltah Chashmah - तारक मेहता - Ep 3137 - Full Episode - 5th April,https://www.youtube.com/watch?v=dl33yEFXVdY,Found
3138,"Taarak Mehta Ka Ooltah Chashmah - तारक मेहता - Ep 3138 - Full Episode - 6th April, 2021",https://www.youtube.com/watch?v=_weAXWEDlIQ,Found
3139,"Taarak Mehta Ka Ooltah Chashmah - तारक मेहता - Ep 3139 - Full Episode - 6th April, 2021",https://www.youtube.com/watch?v=wFFj9XqL9ko,Found
3140,"Taarak Mehta Ka Ooltah Chashmah - तारक मेहता - Ep 3140 - Full Episode - 8th April, 2021",https://www.youtube.com/watch?v=6P5lLM23XMU,Found
3141,Taarak Mehta Ka Ooltah Chashmah - तारक मेहता - Ep 3141 - Full Episode - 9th April,https://www.youtube.com/watch?v=xn543uv_5sg,Found
3142,NEW! Ep 3142 - Taarak Mehta Ka Ooltah Chashmah - Full Episode | तारक मेहता का उल्टा चश्मा,https://www.youtube.com/watch?v=VPwN2b4_3ao,Found
3143,Taarak Mehta Ka Ooltah Chashmah - तारक मेहता - Ep 3143 - Full Episode - 13th April,https://www.youtube.com/watch?v=AujhGPHwO_Y,Found
3144,"Taarak Mehta Ka Ooltah Chashmah - तारक मेहता - Ep 3144 - Full Episode - 14th April, 2021",https://www.youtube.com/watch?v=W7zlUcuR0_o,Found
3145,"Taarak Mehta Ka Ooltah Chashmah - तारक मेहता - Ep 3145 - Full Episode - 15th April,2021",https://www.youtube.com/watch?v=0_gzMNA51LU,Found
3146,"Taarak Mehta Ka Ooltah Chashmah - तारक मेहता - Ep 3146 - Full Episode - 16th April,2021",https://www.youtube.com/watch?v=HuW423E6Mms,Found
3147,"Taarak Mehta Ka Ooltah Chashmah - तारक मेहता - Ep 3147 - Full Episode - 19th April,2021",https://www.youtube.com/watch?v=pN6xWTA7Pkw,Found
3148,"Taarak Mehta Ka Ooltah Chashmah - तारक मेहता - Ep 3148 - Full Episode - 20th April,2021",https://www.youtube.com/watch?v=2hKMIMyFlc8,Found
3149,"Taarak Mehta Ka Ooltah Chashmah - तारक मेहता - Ep 3149 - Full Episode - 21st April,2021",https://www.youtube.com/watch?v=fcKnEfxPuPU,Found
3150,"Taarak Mehta Ka Ooltah Chashmah - तारक मेहता - Ep 3150 - Full Episode - 22nd April,2021",https://www.youtube.com/watch?v=PPeZlNb-TEU,Found
3151,"Taarak Mehta Ka Ooltah Chashmah - तारक मेहता - Ep 3151 - Full Episode - 23rd April,2021",https://www.youtube.com/watch?v=sUqMoylgdPU,Found
3152,"Taarak Mehta Ka Ooltah Chashmah - तारक मेहता - Ep 3152 - Full Episode - 26th April,2021",https://www.youtube.com/watch?v=hfT0ytUBKxY,Found
3153,"Taarak Mehta Ka Ooltah Chashmah - तारक मेहता - Ep 3153 - Full Episode - 27th April,2021",https://www.youtube.com/watch?v=9FOlLnuV1qk,Found
3154,"Taarak Mehta Ka Ooltah Chashmah - तारक मेहता - Ep 3154 - Full Episode - 28th April,2021",https://www.youtube.com/watch?v=WXbuwGaJFx4,Found
3155,"Taarak Mehta Ka Ooltah Chashmah - तारक मेहता - Ep 3155 - Full Episode - 29th April,2021",https://www.youtube.com/watch?v=LgSP0KAat1k,Found
3156,"Taarak Mehta Ka Ooltah Chashmah - तारक मेहता - Ep 3156 - Full Episode - 30th April,2021",https://www.youtube.com/watch?v=lETFIEN6EXo,Found
3157,NEW! Ep 3157 - Taarak Mehta Ka Ooltah Chashmah - Full Episode | तारक मेहता का उल्टा चश्मा,https://www.youtube.com/watch?v=ZaPEFNNZCqM,Found
3158,"Taarak Mehta Ka Ooltah Chashmah -  तारक मेहता - Ep 3158 - Full Episode - 4th May,2021",https://www.youtube.com/watch?v=Dgp4Ria_qWI,Found
3159,"Taarak Mehta Ka Ooltah Chashmah - तारक मेहता - Ep 3159 - Full Episode - 5th May,2021",https://www.youtube.com/watch?v=46blJW9rMLk,Found
3160,"Taarak Mehta Ka Ooltah Chashmah - तारक मेहता - Ep 3160 - Full Episode - 6th May,2021",https://www.youtube.com/watch?v=dHA9c1hIU4I,Found
3161,"Taarak Mehta Ka Ooltah Chashmah - तारक मेहता - Ep 3161 - Full Episode - 7th May,2021",https://www.youtube.com/watch?v=hHvv-n-I2SM,Found
3162,"Taarak Mehta Ka Ooltah Chashmah - Ep 3162 - Full Episode - 10th May,2021",https://www.youtube.com/watch?v=FmVx-H0QJaQ,Found
3163,"Taarak Mehta Ka Ooltah Chashmah - Ep 3163 - Full Episode - 11th May,2021",https://www.youtube.com/watch?v=-yEycMTu_Uw,Found
3164,"Taarak Mehta Ka Ooltah Chashmah - Ep 3164 - Full Episode - 12th May,2021",https://www.youtube.com/watch?v=mhFiWBUCcQ4,Found
3165,"Taarak Mehta Ka Ooltah Chashmah - Ep 3165 - Full Episode - 13th May,2021",https://www.youtube.com/watch?v=wIijTvI2pB8,Found
3166,"Taarak Mehta Ka Ooltah Chashmah - Ep 3166 - Full Episode - 14th May,2021",https://www.youtube.com/watch?v=KZdwQARAppE,Found
3167,"Taarak Mehta Ka Ooltah Chashmah - Ep 3167 - Full Episode - 17th May,2021",https://www.youtube.com/watch?v=dF6WpGqbcFk,Found
3168,"Taarak Mehta Ka Ooltah Chashmah - Ep 3168 - Full Episode - 18thMay,2021",https://www.youtube.com/watch?v=CQoT-vAUWpM,Found
3169,"Taarak Mehta Ka Ooltah Chashmah - Ep 3169 - Full Episode - 19th May,2021",https://www.youtube.com/watch?v=3bKKRGOAHfc,Found
3170,"Taarak Mehta Ka Ooltah Chashmah - Ep 3170 - Full Episode - 20th May, 2021",https://www.youtube.com/watch?v=c15b_mHMQdE,Found
3171,"Taarak Mehta Ka Ooltah Chashmah - Ep 3171 - Full Episode - 21st May,2021",https://www.youtube.com/watch?v=Wogmww9VLck,Found
3172,"Taarak Mehta Ka Ooltah Chashmah   Ep 3172   Full Episode   24th May,2021",https://www.youtube.com/watch?v=Hl_ed4jKt78,Found
3173,"Taarak Mehta Ka Ooltah Chashmah - Ep 3173 - Full Episode - 25th May,2021",https://www.youtube.com/watch?v=ix1kGqrmZvg,Found
3174,"Taarak Mehta Ka Ooltah Chashmah - Ep 3174 - Full Episode - 26th May,2021",https://www.youtube.com/watch?v=4xgVGcSk2n4,Found
3175,"Taarak Mehta Ka Ooltah Chashmah - Ep 3175 - Full Episode - 27th May,2021",https://www.youtube.com/watch?v=NXsuOWKU7e8,Found
3176,"Taarak Mehta Ka Ooltah Chashmah - Ep 3176 - Full Episode - 28th May,2021",https://www.youtube.com/watch?v=xrNnQoymrB4,Found
3177,"Taarak Mehta Ka Ooltah Chashmah - Ep 3177 - Full Episode - 31st May,2021",https://www.youtube.com/watch?v=J26V9qh35oQ,Found
3178,Taarak Mehta Ka Ooltah Chashmah - Ep 3178 - Full Episode - 1st June 2021,https://www.youtube.com/watch?v=_pYnJJ_2ynU,Found
3179,"Taarak Mehta Ka Ooltah Chashmah - Ep 3179 - Full Episode - 2nd June,2021",https://www.youtube.com/watch?v=VI3DmeLdw_w,Found
3180,"Taarak Mehta Ka Ooltah Chashmah - Ep 3180 - Full Episode - 3rd June,2021",https://www.youtube.com/watch?v=nR6yl-MQd2g,Found
3181,"Taarak Mehta Ka Ooltah Chashmah - Ep 3181 - Full Episode - 4th June,2021",https://www.youtube.com/watch?v=NxUs-Z3Zn2Y,Found
3182,"Taarak Mehta Ka Ooltah Chashmah - Ep 3182 - Full Episode - 7th June,2021",https://www.youtube.com/watch?v=LHrwtsyWhBE,Found
3183,"Taarak Mehta Ka Ooltah Chashmah - Ep 3183 - Full Episode - 8th June,2021",https://www.youtube.com/watch?v=505dcqt-FIw,Found
3184,"Taarak Mehta Ka Ooltah Chashmah - Ep 3184 - Full Episode - 9th June, 2021",https://www.youtube.com/watch?v=8X9ZFYnlEss,Found
3185,"Taarak Mehta Ka Ooltah Chashmah - Ep 3185 - Full Episode - 10th June, 2021",https://www.youtube.com/watch?v=WEvjMJ_tZFA,Found
3186,"Taarak Mehta Ka Ooltah Chashmah - Ep 3186 - Full Episode - 11th June, 2021",https://www.youtube.com/watch?v=gGRznUrXWe0,Found
3187,"Taarak Mehta Ka Ooltah Chashmah - Ep 3187 - Full Episode - 14th June, 2021",https://www.youtube.com/watch?v=ApL31f6CIXQ,Found
3188,"Taarak Mehta Ka Ooltah Chashmah - Ep 3188 - Full Episode - 15th June, 2021",https://www.youtube.com/watch?v=ZwSWFAmkvfU,Found
3189,"Taarak Mehta Ka Ooltah Chashmah - Ep 3189 - Full Episode - 16th June, 2021",https://www.youtube.com/watch?v=ADPvxldUrPc,Found
3190,"Taarak Mehta Ka Ooltah Chashmah - Ep 3190 - Full Episode - 17th June, 2021",https://www.youtube.com/watch?v=4NHtbSSKsSw,Found
3191,"Taarak Mehta Ka Ooltah Chashmah - Ep 3191 - Full Episode - 18th June, 2021",https://www.youtube.com/watch?v=gRjaLw_ZD2o,Found
3192,"Taarak Mehta Ka Ooltah Chashmah - Ep 3192 - Full Episode - 21st June, 2021",https://www.youtube.com/watch?v=_sZCnYQEuW4,Found
3193,"Taarak Mehta Ka Ooltah Chashmah - Ep 3193 - Full Episode - 22nd June, 2021",https://www.youtube.com/watch?v=9cRtvRAqyco,Found
3194,"Taarak Mehta Ka Ooltah Chashmah - Ep 3194 - Full Episode - 23rd June, 2021",https://www.youtube.com/watch?v=5uAaBVxdX_c,Found
3195,"Taarak Mehta Ka Ooltah Chashmah - Ep 3195 - Full Episode - 24th June, 2021",https://www.youtube.com/watch?v=5bNh25O5yP0,Found
3196,"Taarak Mehta Ka Ooltah Chashmah - Ep 3196 - Full Episode - 25th June, 2021",https://www.youtube.com/watch?v=HWRj35j2WvQ,Found
3197,"Taarak Mehta Ka Ooltah Chashmah - Ep 3197 - Full Episode - 28th June, 2021",https://www.youtube.com/watch?v=Pd_wL3UkTeQ,Found
3198,"Taarak Mehta Ka Ooltah Chashmah - Ep 3198 - Full Episode - 29th June, 2021",https://www.youtube.com/watch?v=yDczZmSyV70,Found
3199,"Taarak Mehta Ka Ooltah Chashmah - Ep 3199 - Full Episode - 30th June, 2021",https://www.youtube.com/watch?v=Np5H80Bl_SE,Found
3200,"Taarak Mehta Ka Ooltah Chashmah - तारक मेहता - Ep 3200 - Full Episode - 1st July, 2021",https://www.youtube.com/watch?v=Ab8i-qm1P0A,Found
3201,"Taarak Mehta Ka Ooltah Chashmah - तारक मेहता - Ep 3201 - Full Episode - 2nd July, 2021",https://www.youtube.com/watch?v=uKsam_bmC1A,Found
3202,"Taarak Mehta Ka Ooltah Chashmah - तारक मेहता - Ep 3202 - Full Episode - 5th July, 2021",https://www.youtube.com/watch?v=wms6YRbnd-k,Found
3203,"Taarak Mehta Ka Ooltah Chashmah - तारक मेहता - Ep 3203 - Full Episode - 6th July, 2021",https://www.youtube.com/watch?v=HEX6-j50uZ4,Found
3204,"Taarak Mehta Ka Ooltah Chashmah - तारक मेहता - Ep 3204 - Full Episode - 7th July, 2021",https://www.youtube.com/watch?v=2H3PW7mZWts,Found
3205,"Taarak Mehta Ka Ooltah Chashmah - तारक मेहता - Ep 3205 - Full Episode - 8th July, 2021",https://www.youtube.com/watch?v=Adbir8aq3IE,Found
3206,"Taarak Mehta Ka Ooltah Chashmah - तारक मेहता - Ep 3206 - Full Episode - 9th July, 2021",https://www.youtube.com/watch?v=1VFJKJaOspw,Found
3207,"Taarak Mehta Ka Ooltah Chashmah - तारक मेहता - Ep 3207 - Full Episode - 12th July, 2021",https://www.youtube.com/watch?v=00MfgvqnQsY,Found
3208,NEW! Ep 3208 - Rang Tarang Resort | Taarak Mehta Ka Ooltah Chashmah - Full Episode | तारक मेहता,https://www.youtube.com/watch?v=t8hkY_hv8s8,Found
3209,NEW! Ep 3209 - Rang Tarang Resort | Taarak Mehta Ka Ooltah Chashmah - Full Episode | तारक मेहता,https://www.youtube.com/watch?v=ryuySvIxlmc,Found
3210,"Taarak Mehta Ka Ooltah Chashmah - तारक मेहता - Ep 3210 - Full Episode - 15th July, 2021",https://www.youtube.com/watch?v=2bJ9jzvcJzY,Found
3211,"Taarak Mehta Ka Ooltah Chashmah - तारक मेहता - Ep 3211 - Full Episode - 16th July, 2021",https://www.youtube.com/watch?v=TUSrpR7sFIk,Found
3212,NEW! Ep 3212 - Rang Tarang Resort | Taarak Mehta Ka Ooltah Chashmah - Full Episode | तारक मेहता,https://www.youtube.com/watch?v=bZzRFnOgLjw,Found
3213,"Taarak Mehta Ka Ooltah Chashmah -तारक मेहता - Ep 3213 - Full Episode - 20th July, 2021",https://www.youtube.com/watch?v=5iqURnlpKr0,Found
3214,"Taarak Mehta Ka Ooltah Chashmah -तारक मेहता - Ep 3214 - Full Episode - 21st July, 2021",https://www.youtube.com/watch?v=PntNoouNbso,Found
3215,"Taarak Mehta Ka Ooltah Chashmah -तारक मेहता - Ep 3215 - Full Episode - 22nd July, 2021",https://www.youtube.com/watch?v=XWoL6da5RCI,Found
3216,"Taarak Mehta Ka Ooltah Chashmah -तारक मेहता - Ep 3216 - Full Episode - 23rd July, 2021",https://www.youtube.com/watch?v=Mig603H3oNY,Found
3217,NEW! Ep 3217 - Rang Tarang Resort | Taarak Mehta Ka Ooltah Chashmah - Full Episode | तारक मेहता,https://www.youtube.com/watch?v=gofXaAy9r5g,Found
3218,NEW! Ep 3218 - Rang Tarang Resort | Taarak Mehta Ka Ooltah Chashmah - Full Episode | तारक मेहता,https://www.youtube.com/watch?v=y3kdNXqN35M,Found
3219,NEW! Ep 3219 - Rang Tarang Resort | Taarak Mehta Ka Ooltah Chashmah - Full Episode | तारक मेहता,https://www.youtube.com/watch?v=rbcciJRzeB0,Found
3220,"Taarak Mehta Ka Ooltah Chashmah -तारक मेहता - Ep 3220 - Full Episode - 29th July, 2021",https://www.youtube.com/watch?v=m6xcMSEdO5Y,Found
3221,"Taarak Mehta Ka Ooltah Chashmah -तारक मेहता - Ep 3221 - Full Episode - 30th July, 2021",https://www.youtube.com/watch?v=Nc64pg3UODE,Found
3222,NEW! Ep 3222 - Rang Tarang Resort | Taarak Mehta Ka Ooltah Chashmah - Full Episode | तारक मेहता,https://www.youtube.com/watch?v=dGCBPoQRqP4,Found
3223,"Taarak Mehta Ka Ooltah Chashmah - Vidyut's SOS Code-Ep 3223 - Full Episode - 3rd August, 2021",https://www.youtube.com/watch?v=pRPYsEdGRa8,Found
3224,"Taarak Mehta Ka Ooltah Chashmah - Taarak's Boss Calls Him- Ep 3224 - Full Episode - 4th August, 2021",https://www.youtube.com/watch?v=YGolzhbTPCI,Found
3225,"Taarak Mehta Ka Ooltah Chashmah -Taarak Describes His Boss- Ep 3225 - Full Episode -5th August, 2021",https://www.youtube.com/watch?v=IsLe0IDA9nA,Found
3226,"Taarak Mehta Ka Ooltah Chashmah - Ep 3226 - Taarak Is Late-Full Episode - 6th August, 2021",https://www.youtube.com/watch?v=SB-WqzB1kKQ,Found
3227,"Taarak Mehta Ka Ooltah Chashmah -Taarak Gets Over Pressured- Ep 3227 -Full Episode -9th August, 2021",https://www.youtube.com/watch?v=_jXEU9Uzqz8,Found
3228,"Taarak Mehta Ka Ooltah Chashmah -Taarak Gets Over Pressured- Ep 3228 -Full Episode-10th August, 2021",https://www.youtube.com/watch?v=krSl1HO8J6I,Found
3229,"Taarak Mehta Ka Ooltah Chashmah - Taarak Lies To His Boss-Ep 3229 - Full Episode - 11th August, 2021",https://www.youtube.com/watch?v=9GLAY9mdSM4,Found
3230,"Taarak Mehta Ka Ooltah Chashmah -Jethalal Treats Taarak- Ep 3230 - Full Episode - 12th August, 2021",https://www.youtube.com/watch?v=la7gGx6les4,Found
3231,NEW! Ep 3231 - Taarak's Boss | Taarak Mehta Ka Ooltah Chashmah - Full Episode | तारक मेहता,https://www.youtube.com/watch?v=Cjp7cSoDB-w,Found
3232,"Taarak Mehta Ka Ooltah Chashmah - Anjali Doubts Taarak - Ep 3232 - 16th August, 2021",https://www.youtube.com/watch?v=kV_fhIgjdKM,Found
3233,"Taarak Mehta Ka Ooltah Chashmah -Bapuji And Tapu's Bond - Ep 3233 - Full Episode - 17th August, 2021",https://www.youtube.com/watch?v=s03ohdm-poo,Found
3234,"Taarak Mehta Ka Ooltah Chashmah - Jethalal Steps Out - Ep 3234 - Full Episode - 18th August, 2021",https://www.youtube.com/watch?v=A8w7RSMiiTg,Found
3235,"Taarak Mehta Ka Ooltah Chashmah -Jethalal Is Scared - Ep 3235 - Full Episode - 19th August, 2021",https://www.youtube.com/watch?v=i2kPPCd4AxU,Found
3236,"Taarak Mehta Ka Ooltah Chashmah -Tapu Sena Have Secret Plan-Ep 3236 -Full Episode -20th August, 2021",https://www.youtube.com/watch?v=4HjDFUrD1Sw,Found
3237,"Taarak Mehta Ka Ooltah Chashmah -Jethalal Gets Scared  Ep 3237 - Full Episode - 23rd August, 2021",https://www.youtube.com/watch?v=aqv_x6XNxcw,Found
3238,"Taarak Mehta Ka Ooltah Chashmah -Sodhi Is Strong - Ep 3238 - Full Episode - 24thAugust, 2021",https://www.youtube.com/watch?v=uXQYPY0R-hI,Found
3239,"Taarak Mehta Ka Ooltah Chashmah -Gokuldham's Vaccination Day- Ep 3239-Full Episode-25th August, 2021",https://www.youtube.com/watch?v=-z3pU-bZDSM,Found
3240,"Taarak Mehta Ka Ooltah Chashmah -Gokuldham Gets Vaccinated- Ep 3240 - Full Episode-26th August, 2021",https://www.youtube.com/watch?v=LXlR-oRWS4I,Found
3241,"Taarak Mehta Ka Ooltah Chashmah -Jethalal Gets Vaccinated- Ep 3241 -Full Episode - 27th August, 2021",https://www.youtube.com/watch?v=7L0_WEzvIG0,Found
3242,"Taarak Mehta Ka Ooltah Chashmah - Rumours Of Fake Vaccine - Ep 3242 - Full Episode - 30th Aug, 2021",https://www.youtube.com/watch?v=Fnngwh-04Nc,Found
3243,"Taarak Mehta Ka Ooltah Chashmah -Vaccination Drive Fails- Ep 3243 - Full Episode - 31st Aug, 2021",https://www.youtube.com/watch?v=kUHDz7wy_Uk,Found
3244,Taarak Mehta Ka Ooltah Chashmah - Gokuldham  Under Arrest  - Ep 3244 - Full Episode -1st Sept  2021,https://www.youtube.com/watch?v=YnZNt554hgM,Found
3245,Taarak Mehta Ka Ooltah Chashmah-Jetha Supports the Vaccine Drive-Ep 3245 -Full Episode-2nd Sept 2021,https://www.youtube.com/watch?v=8VaS-73D5Z0,Found
3246,Taarak Mehta Ka Ooltah Chashmah - Thief's Get Caught    - Ep 3246 - Full Episode- 3rd Sept  2021,https://www.youtube.com/watch?v=mrFD_qjex98,Found
3247,Taarak Mehta Ka Ooltah Chashmah - Jethalal Has A Severe Pain - Ep 3247 - 6th September  2021,https://www.youtube.com/watch?v=ilbidKuTR8E,Found
3248,Taarak Mehta Ka Ooltah Chashmah - Popatlal Returns To Gokuldham  - Ep 3248 -7th September  2021,https://www.youtube.com/watch?v=peY0lip4x7Y,Found
3249,Taarak Mehta Ka Ooltah Chashmah - Jethalal And Bhide Argue - Ep 3249 - Full Episode - 8th Sep 2021,https://www.youtube.com/watch?v=N-GNXH8DXQY,Found
3250,Taarak Mehta Ka Ooltah Chashmah -Scheme for Ganesh Utsav - Ep 3250 - Full Episode - 9th Sep 2021,https://www.youtube.com/watch?v=ahKyZyc1jks,Found
3251,Taarak Mehta Ka Ooltah Chashmah -Tapu Sena v/s Bhide- Ep 3251 - Full Episode - 10th Sep 2021,https://www.youtube.com/watch?v=Zmwo4kVKGu0,Found
3252,Taarak Mehta Ka Ooltah Chashmah -Bhide and Tapu Sena Together- Ep 3252 - Full Episode -13th Sep 2021,https://www.youtube.com/watch?v=33sAzp8EQ-c,Found
3253,Taarak Mehta Ka Ooltah Chashmah-Bhide Recites 108 Names Of Ganesh-Ep 3253-Full Episode-14th Sep 2021,https://www.youtube.com/watch?v=9u1NAko-Ngk,Found
3254,Taarak Mehta Ka Ooltah Chashmah -Will Bhide's Dream Come True?- Ep 3254 -Full Episode -15th Sep 2021,https://www.youtube.com/watch?v=iJV2UJHAAio,Found
3255,Taarak Mehta Ka Ooltah Chashmah -Will The Priest Help Bhide? -Ep 3255 - Full Episode - 16th Sep 2021,https://www.youtube.com/watch?v=3AUzOEjudLg,Found
3256,Taarak Mehta Ka Ooltah Chashmah -Why Is Bhide Upset?- Ep 3256 - Full Episode - 17th Sep 2021,https://www.youtube.com/watch?v=YQvaKlGmJ0U,Found
3257,Taarak Mehta Ka Ooltah Chashmah -Sundar Joins The Festival-Ep 3257-Full Episode -20th September 2021,https://www.youtube.com/watch?v=OP_A6cG1eLM,Found
3258,Taarak Mehta Ka Ooltah Chashmah-Gokuldham Prepare For Event-Ep 3258-Full Episode-21st September 2021,https://www.youtube.com/watch?v=KC4yD0GbFLk,Found
3259,Taarak Mehta Ka Ooltah Chashmah -Bhide Discloses The Theme-Ep 3259-Full Episode -22nd September 2021,https://www.youtube.com/watch?v=XdZolW2kLTg,Found
3260,Taarak Mehta Ka Ooltah Chashmah  Who Will Abdul Portray?-Ep 3260-Full Episode-23rd September  2021,https://www.youtube.com/watch?v=S3bxUF7IsJQ,Found
3261,Taarak Mehta Ka Ooltah Chashmah- Sodhi Portrays Udham Singh-Ep 3261-Full Episode-24th September 2021,https://www.youtube.com/watch?v=ee5Cgg3_M-Q,Found
3262,Taarak Mehta Ka Ooltah Chashmah-Babita Portray Annie Besant-Ep 3262-Full Episode-27th September 2021,https://www.youtube.com/watch?v=hVy24m3vVxQ,Found
3263,NEW! Ep 3263 - Sunder As Tatya Tope! | Taarak Mehta Ka Ooltah Chashmah | TMKOC Comedy | तारक मेहता,https://www.youtube.com/watch?v=Gp7TVie9s28,Found
3264,Taarak Mehta Ka Ooltah Chashmah-It's Jethalal's Turn -Ep 3264-Full Episode- 29th September  2021,https://www.youtube.com/watch?v=Y0lQQzpqf8U,Found
3265,Taarak Mehta Ka Ooltah Chashmah-Sonu’s Amazing Suggestion-Ep 3265-Full Episode- 30th September  2021,https://www.youtube.com/watch?v=Ls35EkLS0GQ,Found
3266,Taarak Mehta Ka Ooltah Chashmah-तारक मेहता का उल्टा चश्मा-Ep 3266 - Full Episode -1 October  2021,https://www.youtube.com/watch?v=oWb9cLMdh_M,Found
3267,Taarak Mehta Ka Ooltah Chashmah-तारक मेहता का उल्टा चश्मा- Ep 3267 - Full Episode-4 October  2021,https://www.youtube.com/watch?v=ex27kqYzMa0,Found
3268,Taarak Mehta Ka Ooltah Chashmah - तारक मेहता - Ep 3268 - Full Episode - 5th  October  2021,https://www.youtube.com/watch?v=vsOz64FZ4yo,Found
3269,Taarak Mehta Ka Ooltah Chashmah -  तारक मेहता- Ep 3269 - Full Episode - 6th  October  2021,https://www.youtube.com/watch?v=lJRF_12T-zs,Found
3270,"Taarak Mehta Ka Ooltah Chashmah-Ep 3270 - Full Episode - Where Is Bhide's Money? - 7th October, 2021",https://www.youtube.com/watch?v=WPmvUB78DRc,Found
3271,Taarak Mehta Ka Ooltah Chashmah - Ep 3271 - Full Episode -Bhide Tests Tapu Sena - 8th  October  2021,https://www.youtube.com/watch?v=0k3IkHjCCrE,Found
3272,Taarak Mehta Ka Ooltah Chashmah - Ep 3272 - Full Episode -Tapu Sena In Trouble - 9th  October  2021,https://www.youtube.com/watch?v=L5QplIMisEY,Found
3273,Taarak Mehta Ka Ooltah Chashmah - Ep 3273 - Full Episode - Tapu Sena’s New Idea - 11th October  2021,https://www.youtube.com/watch?v=8yfSF0ZVlQc,Found
3274,Taarak Mehta Ka Ooltah Chashmah - Ep 3274 -Full Episode - Will Tapu Sena Succeed?-12th October  2021,https://www.youtube.com/watch?v=z2IxqWHzlJg,Found
3275,Taarak Mehta Ka Ooltah Chashmah -Ep 3275 -Full Episode - Abdul Follows Tapu Sena -13th October  2021,https://www.youtube.com/watch?v=9gQKJCCTAXo,Found
3276,Taarak Mehta Ka Ooltah Chashmah - Ep 3276 -Full Episode - Sonu Is Being Sent Away -14th October 2021,https://www.youtube.com/watch?v=rZz9mXyA3B0,Found
3277,Taarak Mehta Ka Ooltah Chashmah - Ep 3277 -Full Episode -Dada Ji Helped Tapu Sena -15th October 2021,https://www.youtube.com/watch?v=ZOkVGxL05nU,Found
3278,Taarak Mehta Ka Ooltah Chashmah-Jethalal And Bhide Make Soda-Ep 3278-Full Episode-16th October  2021,https://www.youtube.com/watch?v=hZSlt3k0eN4,Found
3279,Taarak Mehta Ka Ooltah Chashmah -Bhide Calls Jethalal-Ep 3279 - Full Episode - 18th October  2021,https://www.youtube.com/watch?v=3zxYxKjHQZI,Found
3280,Taarak Mehta Ka Ooltah Chashmah -Ep 3280 -Full Episode - Secret Gift For Popatlal -19th October 2021,https://www.youtube.com/watch?v=D7hvfZAa6JA,Found
3281,Taarak Mehta Ka Ooltah Chashmah -Ep 3281 -Full Episode - Secret Party Of The Men -20th October 2021,https://www.youtube.com/watch?v=JQoC6S0NGAc,Found
3282,Taarak Mehta Ka Ooltah Chashmah - Jetha Gets A Bank Letter-Ep 3282 -Full Episode -21st  October 2021,https://www.youtube.com/watch?v=dfTCcAbXNEE,Found
3283,Taarak Mehta Ka Ooltah Chashmah-Taarak Gets Tired Of His Boss-Ep 3283-Full Episode-22nd October 2021,https://www.youtube.com/watch?v=WX2s50D1pVA,Found
3284,Taarak Mehta Ka Ooltah Chashmah - Taarak’s Resignation - Ep 3284 - Full Episode - 23rd  October 2021,https://www.youtube.com/watch?v=fw9tHSPJgh4,Found
3285,Taarak Mehta Ka Ooltah Chashmah - Jethalal Is Angry - Ep 3285 - Full Episode - 25th  October 2021,https://www.youtube.com/watch?v=UGV3ZVQduoI,Found
3286,Taarak Mehta Ka Ooltah Chashmah - Jethalal Calls Iyer For Help - Ep 3286-Full Episode-26th  Oct 2021,https://www.youtube.com/watch?v=X1V_YLXl1N4,Found
3287,Taarak Mehta Ka Ooltah Chashmah - Iyer In Trouble -  Ep 3287 - Full Episode - 27th  October  2021,https://www.youtube.com/watch?v=d47fh-OfdVw,Found
3288,Taarak Mehta Ka Ooltah Chashmah - Iyer Blames Jethalal - Ep 3288 - Full Episode - 28th October  2021,https://www.youtube.com/watch?v=QCY5RD20bhM,Found
3289,Taarak Mehta Ka Ooltah Chashmah - Jethalal’s Plan - Ep 3289 - Full Episode - 29th   October  2021,https://www.youtube.com/watch?v=CoOQdNZcGJg,Found
3290,Taarak Mehta Ka Ooltah Chashmah - Iyer’s Problem Solved - Ep 3290 -Full Episode -30 October 2021,https://www.youtube.com/watch?v=z17VHRBtdhE,Found
3291,Taarak Mehta Ka Ooltah Chashmah - Angry Champaklal - Ep 3291 - Full Episode - 1st November  2021,https://www.youtube.com/watch?v=GaZhrvUYa14,Found
3292,Taarak Mehta Ka Ooltah Chashmah -No Diet Diwali - Ep 3292 - Full Episode - 2nd November 2021,https://www.youtube.com/watch?v=c5guRdFgJRs,Found
3293,Taarak Mehta Ka Ooltah Chashmah -Ladies To The Rescue - Ep 3293 - Full Episode - 3rd November 2021,https://www.youtube.com/watch?v=vhPmqwtsFYE,Found
3294,Taarak Mehta Ka Ooltah Chashmah - Madhavi Gets Angry - Ep 3294 - Full Episode - 4th November 2021,https://www.youtube.com/watch?v=FaLqnAZi62w,Found
3295,NEW! Ep 3295 - Jethalal Ne Kiya Galti Se Udghatan! | Taarak Mehta Ka Ooltah Chashmah| Diwali Special,https://www.youtube.com/watch?v=EXMOiMXF4C8,Found
3296,Taarak Mehta Ka Ooltah Chashmah -Theft At Diwali Mela - Ep 3296 - Full Episode - 6th November 2021,https://www.youtube.com/watch?v=6tkyBkhmZb4,Found
3297,Taarak Mehta Ka Ooltah Chashmah - Has Daya Returned? - Ep 3297 - Full Episode - 8th November 2021,https://www.youtube.com/watch?v=oUeX2IRwzNM,Found
3298,Taarak Mehta Ka Ooltah Chashmah -Taarak Eats Kachoris! - Ep 3298 - Full Episode - 9th November 2021,https://www.youtube.com/watch?v=s-Vfg5lqG_U,Found
3299,Taarak Mehta Ka Ooltah Chashmah - Why Is Jetha Upset? - Ep 3299 - Full Episode - 10th November,https://www.youtube.com/watch?v=DkI6mhmpZ6M,Found
3300,Taarak Mehta Ka Ooltah Chashmah - Jetha Teaches Googly Bowl - Ep 3300 - Full Episode - 11th November,https://www.youtube.com/watch?v=ILUbeNXG0gw,Found
3301,Taarak Mehta Ka Ooltah Chashmah - Iyer Slips - Ep 3301 - Full Episode - 12 November 2021,https://www.youtube.com/watch?v=PVhogZFwLio,Found
3302,Taarak Mehta Ka Ooltah Chashma- Bhide's Duty As A Teacher - Ep 3302- Full Episode- 13 November 2021,https://www.youtube.com/watch?v=RonO3yxSbtQ,Found
3303,Taarak Mehta Ka Ooltah Chashma - Lenders At Bhide's Place  - Ep 3303 -Full Episode -15 November 2021,https://www.youtube.com/watch?v=iIB0GzNJcGw,Found
3304,Taarak Mehta Ka Ooltah Chashma- Goons At Jetha's Godown - Ep 3304 - Full Episode - 16 November 2021,https://www.youtube.com/watch?v=XEaWUVydZGo,Found
3305,Taarak Mehta Ka Ooltah Chashmah -Will Bagha's Idea Help? -Ep 3305 -Full Episode - 17 November 2021,https://www.youtube.com/watch?v=MLuF9fO5-Kw,Found
3306,Taarak Mehta Ka Ooltah Chashmah-How Will Jetha Face Babita?-Ep 3306-Full Episode- 18 November 2021,https://www.youtube.com/watch?v=Xii0zN1Z0jM,Found
3307,Taarak Mehta Ka Ooltah Chashmah-Babita Reaches Jetha's Godown-Ep 3307-Full Episode -19 November 2021,https://www.youtube.com/watch?v=DjyTQLNWdok,Found
3308,Taarak Mehta Ka Ooltah Chashmah- Will Taarak Help His Friend?-Ep 3308-Full Episode -20 November 2021,https://www.youtube.com/watch?v=Y_3OOjpKOoc,Found
3309,Taarak Mehta Ka Ooltah Chashmah- Mission- Ignore Jethalal- Ep 3309- Full Episode- 22 November 2021,https://www.youtube.com/watch?v=o9Nv3Wafw1Q,Found
3310,Taarak Mehta Ka Ooltah Chashmah- How Will Sodhi Help Jetha?- Ep 3310-Full Episode- 23 November 2021,https://www.youtube.com/watch?v=wPmm5oirXVQ,Found
3311,Taarak Mehta Ka Ooltah Chashmah -Jethalal Has Been Arrested-Ep 3311-Full Episode -24 November 2021,https://www.youtube.com/watch?v=p1RxQ1rCi1M,Found
3312,Taarak Mehta Ka Ooltah Chashmah -Who Made Pandey Ji Angry? -Ep 3312-Full Episode - 25 November 2021,https://www.youtube.com/watch?v=3EOK5zmWyZk,Found
3313,Taarak Mehta Ka Ooltah Chashmah-Jetha Gets Babita's Phone! -Ep 3313-Full Episode - 26 November 2021,https://www.youtube.com/watch?v=CA0GjYpLFbM,Found
3314,Taarak Mehta Ka Ooltah Chashmah - Jetha Gets A New Name! -Ep 3314 - Full Episode- 27 November 2021,https://www.youtube.com/watch?v=08Y4XmjojPw,Found
3315,Taarak Mehta Ka Ooltah Chashmah - Popatlal Gets A Shock -Ep 3315 - Full Episode- 28 November 2022,https://www.youtube.com/watch?v=xRLZo4QcqvY,Found
3316,Taarak Mehta Ka Ooltah Chashmah -Bhide Burns The Saree Ep 3316 - Full Episode - 30 November 2021,https://www.youtube.com/watch?v=h3EH164dIlk,Found
3317,NEW RELEASE | Taarak Mehta Ka Ooltah Chashmah-What Will Bhide Do Next?-Ep 3317 - Full EP -1 Dec 2021,https://www.youtube.com/watch?v=5CCvijTxI_w,Found
3318,NEW RELEASE | Taarak Mehta Ka Ooltah Chashmah -Taarak Gives An Idea! -Ep 3318 - Full EP - 2 Dec 2021,https://www.youtube.com/watch?v=7pqQUbWz5rE,Found
3319,NEW RELEASE | Taarak Mehta Ka Ooltah Chashmah - Is Sakharam Stolen? - Ep 3319 - Full EP - 3 Dec 2021,https://www.youtube.com/watch?v=24b5TzHWH24,Found
3320,NEW RELEASE | Taarak Mehta Ka Ooltah Chashmah - Ep 3320 - Full EP - 4 Dec 2021,https://www.youtube.com/watch?v=mJxnrPyuf9Y,Found
3321,NEW RELEASE | Taarak Mehta Ka Ooltah Chashmah - Ep 3321 - Full EP - 6 Dec 2021,https://www.youtube.com/watch?v=bwCfF0bGkSg,Found
3322,NEW RELEASE | Taarak Mehta Ka Ooltah Chashmah - Ep 3322 - Full EP - 7 Dec 2021,https://www.youtube.com/watch?v=zltfulbfJ8g,Found
3323,NEW RELEASE | Taarak Mehta Ka Ooltah Chashmah-Amitabh Ji Calls Asit Modi-Ep 3323-Full EP -8 Dec 2021,https://www.youtube.com/watch?v=iXQHFfB28oE,Found
3324,NEW RELEASE | Taarak Mehta Ka Ooltah Chashmah - Asit Modi's Surprise - Ep 3324- Full EP - 9 Dec 2021,https://www.youtube.com/watch?v=veUFN5YkRDc,Found
3325,NEW RELEASE |Taarak Mehta Ka Ooltah Chashmah-Gokhuldham Gets Invitation-Ep 3325 -Full EP-10 Dec 2021,https://www.youtube.com/watch?v=gF5EIL5wScM,Found
3326,NEW RELEASE | Taarak Mehta Ka Ooltah Chashmah-Reminiscing The Day- Ep 3326-Full Episode- 11 Dec 2021,https://www.youtube.com/watch?v=hHxlZLCRY1o,Found
3327,NEW RELEASE | Taarak Mehta Ka Ooltah Chashmah-Call From Marriage Bureau-Ep 3327- Full EP-13 Dec 2021,https://www.youtube.com/watch?v=iq7wVd603CI,Found
3328,NEW RELEASE | Taarak Mehta Ka Ooltah Chashmah - Proposals For Popatlal- Ep 3328- Full Ep-14 Dec 2021,https://www.youtube.com/watch?v=D2Jql5zblhk,Found
3329,NEW! Ep 3329 - Taarak Mehta Ka Ooltah Chashmah - Full Episode | तारक मेहता का उल्टा चश्मा,https://www.youtube.com/watch?v=Yudc5Iy7Cbg,Found
3330,NEW RELEASE -Taarak Mehta Ka Ooltah Chashmah-Will Popatlal Regret? Ep 3330-Full Episode-16 Dec 2021,https://www.youtube.com/watch?v=eG-57eMbFp0,Found
3331,NEW RELEASE-Taarak Mehta Ka Ooltah Chashmah- Will Popatlal Get Exposed? Ep 3331- Full EP-17 Dec 2021,https://www.youtube.com/watch?v=4svaE2yt5rc,Found
3332,NEW RELEASE-Taarak Mehta Ka Ooltah Chashmah - Popatlal Is Upset - Ep 3332 -Full Episode-18 Dec 2021,https://www.youtube.com/watch?v=acXRNiQ2Uk0,Found
3333,NEW RELEASE-Taarak Mehta Ka Ooltah Chashmah - Popatlal Gets Irritated -Ep 3333 -Full EP-20 Dec 2021,https://www.youtube.com/watch?v=Q_6BN5HNTAI,Found
3334,NEW RELEASE-Taarak Mehta Ka Ooltah Chashmah-Vastu Expert At Gokuldham-Ep 3334-Full EP-21 Dec 2021,https://www.youtube.com/watch?v=sKhSLDONbQw,Found
3335,NEW RELEASE | Problems In Popatlal’s Marriage | Taarak Mehta - Ep 3335 | Full Episode | 22 Dec 2021,https://www.youtube.com/watch?v=rXJnOP7Yzyw,Found
3336,NEW RELEASE | Bapuji Gets Angry - Taarak Mehta Ka Ooltah Chashmah - Ep 3336 - Full EP - 23 Dec 2021,https://www.youtube.com/watch?v=catIYtapCcU,Found
3337,NEW RELEASE | Popatlal Vs Sakharam -Taarak Mehta Ka Ooltah Chashmah - Ep 3337- Full EP - 24 Dec 2021,https://www.youtube.com/watch?v=5apeE_ZrC4M,Found
3338,NEW RELEASE | Will Taarak Succeed? -Taarak Mehta Ka Ooltah Chashmah- Ep 3338 - Full EP - 25 Dec 2021,https://www.youtube.com/watch?v=kG3b1gHfOI8,Found
3339,NEW RELEASE | Goli Helps Anjali - Taarak Mehta Ka Ooltah Chashmah - Ep 3339 - Full EP - 27 Dec 2021,https://www.youtube.com/watch?v=cUrHnJ2mMO4,Found
3340,NEW RELEASE |Taarak's Strict Diet Plan-Taarak Mehta Ka Ooltah Chashmah -Ep 3340 -Full EP-28 Dec 2021,https://www.youtube.com/watch?v=rR3kc42Mnms,Found
3341,NEW RELEASE | Surprise For Taarak -Taarak Mehta Ka Ooltah Chashmah - Ep 3341 - Full EP - 29 Dec 2021,https://www.youtube.com/watch?v=5fkw7s75Qu4,Found
3342,NEW RELEASE| Bitter Gourd As Surprise| Taarak Mehta Ka Ooltah Chashmah-Ep 3342 -Full EP -30 Dec 2021,https://www.youtube.com/watch?v=zUBmNrmX1hc,Found
3343,NEW RELEASE |Taarak Accuses His Peon -Taarak Mehta Ka Ooltah Chashmah -Ep 3343 -Full EP -31 Dec 2021,https://www.youtube.com/watch?v=s2Da42RLG2c,Found
3344,NEW RELEASE -Taarak Calls Sodhi For Help-Taarak Mehta Ka Ooltah Chashmah-Ep 3344- Full EP-1 Jan 2022,https://www.youtube.com/watch?v=_mBHc-PUpYg,Found
3345,NEW RELEASE - Taarak Is Missing! - Taarak Mehta Ka Ooltah Chashmah - Ep 3345 - Full EP - 3 Jan 2022,https://www.youtube.com/watch?v=Vsmrub2J-ys,Found
3346,NEW RELEASE |Taarak Narrates The Incident-Taarak Mehta Ka Ooltah Chashmah-Ep 3346-Full EP-4 Jan 2022,https://www.youtube.com/watch?v=SmM6eRaVLeo,Found
3347,NEW RELEASE | A Scary Story - Taarak Mehta Ka Ooltah Chashmah- Ep 3347- Full Episode- 5 Jan 2022,https://www.youtube.com/watch?v=jg0r3wleR-M,Found
3348,"NEW RELEASE | The Ghost Of ""Karela"" - Taarak Mehta Ka Ooltah Chashmah-Ep 3348-Full EP- 6 Jan 2022",https://www.youtube.com/watch?v=NgsnZ70c2X0,Found
3349,NEW RELEASE |Tapu Tries To Incite Taarak- Taarak Mehta Ka Ooltah Chashmah-Ep 3349-Full EP-7 Jan 2022,https://www.youtube.com/watch?v=scd5mvTEt6Y,Found
3350,'Karele Ka Bhoot' -Taarak Mehta Ka Ooltah Chashmah - Ep 3350- Full Episode - 8 Jan 2022,https://www.youtube.com/watch?v=10_O_q501NQ,Found
3351,NEW RELEASE| Taarak Gets Possessed -Taarak Mehta Ka Ooltah Chashmah-Ep 3351-Full Episode-10 Jan 2022,https://www.youtube.com/watch?v=UBDVdqYBaho,Found
3352,NEW RELEASE |Taarak Throws Bitter Gourds-Taarak Mehta Ka Ooltah Chashmah-Ep 3352-Full EP-11 Jan 2022,https://www.youtube.com/watch?v=5fTDWbBOyQk,Found
3353,NEW RELEASE |Madhavi Suggests A Plan-Taarak Mehta Ka Ooltah Chashmah-Ep 3353-Full EP-12 Jan 2022,https://www.youtube.com/watch?v=WjcM672Ldu4,Found
3354,NEW RELEASE|Bapuji Runs From Karela Ghost-Taarak Mehta Ka Ooltah Chashmah-Ep 3354-Full EP13 Jan 2022,https://www.youtube.com/watch?v=njWlAWpDmDY,Found
3355,NEW RELEASE | Anjali Brings Taarak - Taarak Mehta Ka Ooltah Chashmah - Ep 3355 - Full EP-14 Jan 2022,https://www.youtube.com/watch?v=k5nKJ5cjviI,Found
3356,NEW RELEASE | Baba Exorcises Taarak -Taarak Mehta Ka Ooltah Chashmah - Ep 3356-Full EP- 15 Jan 2022,https://www.youtube.com/watch?v=ODlzddka5Nw,Found
3357,NEW! Ep 3357 - Taarak Mehta Ka Ooltah Chashmah - Full Episode | तारक मेहता का उल्टा चश्मा,https://www.youtube.com/watch?v=w1g0I85-X4E,Found
3358,NEW RELEASE|Will Taarak Reveal The Truth?Taarak Mehta Ka Ooltah Chashmah-Ep 3358-Full EP-18 Jan 2022,https://www.youtube.com/watch?v=Jxk7NmvwixE,Found
3359,NEW RELEASE |The Exorcism Of Taarak-Taarak Mehta Ka Ooltah Chashmah- Ep 3359- Full EP- 19 Jan 2022,https://www.youtube.com/watch?v=_ZR806Wc44U,Found
3360,NEW RELEASE | Is Taarak Forgiven? -Taarak Mehta Ka Ooltah Chashmah-Ep 3360- Full EP- 20 Jan 2022,https://www.youtube.com/watch?v=isRJv5wrcow,Found
3361,NEW RELEASE| Order For Gada Electronics-Taarak Mehta Ka Ooltah Chashmah-Ep 3361-Full EP- 21 Jan 2022,https://www.youtube.com/watch?v=stJM8KvTBWM,Found
3362,NEW RELEASE |Big Day For Jethalal - Taarak Mehta Ka Ooltah Chashmah - Ep 3362 -Full EP - 22 Jan 2022,https://www.youtube.com/watch?v=OClGlMQoUcE,Found
3363,NEW RELEASE| Hassle For The Keys - Taarak Mehta Ka Ooltah Chashmah - Ep 3363 - Full EP - 24 Jan 2022,https://www.youtube.com/watch?v=ZNiwUOimC3Y,Found
3364,NEW Episode | Will Jetha Get The Keys On Time?-Taarak Mehta Ka Ooltah Chashmah- Ep 3364-Full Episode,https://www.youtube.com/watch?v=itsyy7mdqo0,Found
3365,NEW Episode | Will Bagha Get The Keys On Time?-Taarak Mehta Ka Ooltah Chashmah-Ep 3365- Full Episode,https://www.youtube.com/watch?v=kCg7MmoGotw,Found
3366,NEW Episode | Champaklal Is Missing-Taarak Mehta Ka Ooltah Chashmah-Ep 3366-Full Episode-27 Jan 2022,https://www.youtube.com/watch?v=HGl0KbuEPis,Found
3367,NEW Episode |Kahan Kho Gaye Bapuji?-Taarak Mehta Ka Ooltah Chashmah-Ep 3367-Full Episode-28 Jan 2022,https://www.youtube.com/watch?v=QFvhPztZ0C8,Found
3368,NEW Episode |Do Tapu & Sonu Make A Good Couple?-Taarak Mehta Ka Ooltah Chashmah-Ep 3368-Full Episode,https://www.youtube.com/watch?v=V2nXV_bkFcA,Found
3369,NEW Episode | A New Trouble For Jetha - Taarak Mehta Ka Ooltah Chashmah - Ep 3369 - Full Episode,https://www.youtube.com/watch?v=mfAJXU38cDQ,Found
3370,NEW Episode | Babita Visits Jetha's House - Taarak Mehta Ka Ooltah Chashmah - Ep 3370 - Full Episode,https://www.youtube.com/watch?v=BSD5BlyVm-I,Found
3371,NEW Episode| Why Did Bagha Lie To Jetha? - Taarak Mehta Ka Ooltah Chashmah - Ep 3371 - Full Episode,https://www.youtube.com/watch?v=IXBuOUbBziM,Found
3372,NEW Episode |Will Jetha Agree To The Condition?-Taarak Mehta Ka Ooltah Chashmah-Ep 3372-Full Episode,https://www.youtube.com/watch?v=7xpb21q53A0,Found
3373,NEW Episode | Jetha Gets The Deal-Taarak Mehta Ka Ooltah Chashmah-Ep 3373- Full Episode- 4 Feb 2022,https://www.youtube.com/watch?v=aXx_AhhNjGc,Found
3374,NEW Episode- Bhide Gets Jetha Flowers-Taarak Mehta Ka Ooltah Chashmah-Ep 3374-Full Episode-5 Feb2022,https://www.youtube.com/watch?v=ZYxQsX2t_a4,Found
3375,NEW Episode|Who Will Ask the Wives?-Taarak Mehta Ka Ooltah Chashmah-Ep 3375-Full EP-7Feb 2022,https://www.youtube.com/watch?v=UvIY9vqP2_E,Found
3376,"NEW Episode-Will The ""Party"" Plan Succeed?-Taarak Mehta Ka Ooltah Chashmah-Ep 3376-Full Ep-8 Feb2022",https://www.youtube.com/watch?v=ZiWO70D11oI,Found
3377,NEW Episode | Jetha's Successful Plan - Taarak Mehta Ka Ooltah Chashmah - Ep 3377 - Full Episode,https://www.youtube.com/watch?v=oYp1vB9xN9U,Found
3378,NEW Episode | Will The Plan Get Cancelled? -Taarak Mehta Ka Ooltah Chashmah - Ep 3378 - Full Episode,https://www.youtube.com/watch?v=NU0EHe-uEfI,Found
3379,NEW Episode| Everyone Is All Set For Party-Taarak Mehta Ka Ooltah Chashmah-Ep 3379-Full Episode,https://www.youtube.com/watch?v=wpK3sHpwCas,Found
3380,NEW Episode | Will Jetha's Lie Get Caught? -Taarak Mehta Ka Ooltah Chashmah - Ep 3380 - Full Episode,https://www.youtube.com/watch?v=vXKnXhHh9F4,Found
3381,NEW Episode | Announcement From Mahila Mandal-Taarak Mehta Ka Ooltah Chashmah-Ep 3381-Full Episode,https://www.youtube.com/watch?v=Myk7v1tVEV8,Found
3382,NEW Episode |Jetha Drops The Bottle-Taarak Mehta Ka Ooltah Chashmah-Ep 3382-Full Episode-15 Feb 2022,https://www.youtube.com/watch?v=j4zLskFeb7g,Found
3383,NEW Episode |Will The Men Be Able To Celebrate?-Taarak Mehta Ka Ooltah Chashmah-Ep 3383-Full Episode,https://www.youtube.com/watch?v=Wsn_EmauBR4,Found
3384,NEW Episode | The Police Spills The Liquor -Taarak Mehta Ka Ooltah Chashmah-Ep 3384-Full Episode,https://www.youtube.com/watch?v=d7tU8Q94dZA,Found
3385,NEW Episode | Bapuji Gets Scared  -Taarak Mehta Ka Ooltah Chashmah-Ep 3385-Full Episode-18 Feb 2022,https://www.youtube.com/watch?v=XUI6iKGsU3Y,Found
3386,NEW Episode | Popat Throws Water On Bhide  -Taarak Mehta Ka Ooltah Chashmah-Ep 3386-Full Episode,https://www.youtube.com/watch?v=YhD_PwpCXyI,Found
3387,NEW Episode | Bhide Comes To Help Popat -Taarak Mehta Ka Ooltah Chashmah-Ep 3387-Full Episode,https://www.youtube.com/watch?v=gaU3jOxz1Gs,Found
3388,NEW Epiosde | Goli Helps The Kitty-Taarak Mehta Ka Ooltah Chashmah- Ep 3388-Full Episode-22 Feb 2022,https://www.youtube.com/watch?v=ObqDZzz57Sc,Found
3389,NEW Episode | Tapu Denies Having A Cat -Taarak Mehta Ka Ooltah Chashmah - Ep 3389 -Full Episode,https://www.youtube.com/watch?v=xviP1dxOPsU,Found
3390,NEW Episode |Who Will Keep The Cat?-Taarak Mehta Ka Ooltah Chashmah-Ep 3390-Full Episode-24 Feb 2022,https://www.youtube.com/watch?v=SEbkmTMEjQ4,Found
3391,NEW Episode | The Cat Tears Sakharam's Seat -Taarak Mehta Ka Ooltah Chashmah - Ep 3391 -Full Episode,https://www.youtube.com/watch?v=g2zFplB-EpE,Found
3392,NEW Episode | Tapu's Plan - Taarak Mehta Ka Ooltah Chashmah - Ep 3392 - Full Episode - 26 Feb 2022,https://www.youtube.com/watch?v=NLVGZD4ys0w,Found
3393,NEW Episode | What’s In The Box? - Taarak Mehta Ka Ooltah Chashmah-Ep 3393-Full Episode -28 Feb 2022,https://www.youtube.com/watch?v=ltyPbHhrBm8,Found
3394,NEW RELEASE| Why Is Bhide Angry With Tapu?Taarak Mehta Ka Ooltah Chashmah-Ep 3394-Full Ep 1 Mar 2022,https://www.youtube.com/watch?v=GOvtbHNfbDs,Found
3395,NEW RELEASE| A Marriage Proposal -Taarak Mehta Ka Ooltah Chashmah-Ep 3395-Full Ep- 2 Mar 2022,https://www.youtube.com/watch?v=6UtZpCwuOic,Found
3396,NEW RELEASE | Popatlal Gets Furious- Taarak Mehta Ka Ooltah Chashmah- Ep 3396 -Full Ep- 3 Mar 2022,https://www.youtube.com/watch?v=JM732Ml0YCA,Found
3397,NEW RELEASE | Bhide's Resignation-Taarak Mehta Ka Ooltah Chashmah- Ep 3397-Full Ep- 4 Mar 2022,https://www.youtube.com/watch?v=lwaxtdaiYIw,Found
3398,NEW RELEASE| Champaklal Comes To Aid- Taarak Mehta Ka Ooltah Chashmah- Ep 3398 - FE- 5 March 2022,https://www.youtube.com/watch?v=u0BpzUvzkGY,Found
3399,NEW RELEASE | Goli Sees A Scary Dream- Taarak Mehta Ka Ooltah Chashmah-Ep 3399-Full EP-7 March 2022,https://www.youtube.com/watch?v=fnIBQPGcCNg,Found
3400,NEW RELEASE | Bhide Is In search Of PomPom- Taarak Mehta Ka Ooltah Chashmah- Ep 3400 -FE-8 Mar 2022,https://www.youtube.com/watch?v=p7ZXxthqvoA,Found
3401,NEW RELEASE | Will The Cat Be Caught? - Taarak Mehta Ka Ooltah Chashmah - Ep 3401 - FE - 9 Mar 2022,https://www.youtube.com/watch?v=1tY3hUN6sWs,Found
3402,NEW RELEASE |Jetha's Trust Issues-Taarak Mehta Ka Ooltah Chashmah-Ep 3402-Full Episode-10 March 2022,https://www.youtube.com/watch?v=81CKCvhWiGY,Found
3403,NEW Release | Taarak Is Shocked-Taarak Mehta Ka Ooltah Chashmah-Ep 3403- Full Episode- 11 March 2022,https://www.youtube.com/watch?v=AodRM7VTcY8,Found
3404,NEW RELEASE | Bhide's Reaction- Taarak Mehta Ka Ooltah Chashmah-Ep 3404- Full Episode- 12 March 2022,https://www.youtube.com/watch?v=o8OAeBkZ9EU,Found
3405,Pom Pom Is In Danger- Taarak Mehta Ka Ooltah Chashmah- Ep 3405 - Full Episode- 14 March 2022,https://www.youtube.com/watch?v=IVybfl2960M,Found
3406,NEW RELEASE | Popatlal Bought Flowers -Taarak Mehta Ka Ooltah Chashmah-Ep 3406-FE-15 Mar 2022,https://www.youtube.com/watch?v=JW0JkN4729I,Found
3407,NEW RELEASE | Bapuji Is Frightened Of Cat-Taarak Mehta Ka Ooltah Chashmah-Ep 3407-FE-16 March 2022,https://www.youtube.com/watch?v=7XCEugMFrLw,Found
3408,NEW RELEASE | Popatlal Takes An Oath -Taarak Mehta Ka Ooltah Chashmah-Ep 3408-FE -17 March 2022,https://www.youtube.com/watch?v=NkLROdLLsro,Found
3409,NEW RELEASE | Bapuji Is Frightened Of Cat-Taarak Mehta Ka Ooltah Chashmah-Ep 3409-FE-18 March 2022,https://www.youtube.com/watch?v=wzE8nz8jzuo,Found
3410,NEW RELEASE | Pom Pom Finds Her Home -Taarak Mehta Ka Ooltah Chashmah-Ep 3410-FE-19 March 2022,https://www.youtube.com/watch?v=bV29skr9ZjM,Found
3411,NEW RELEASE | Bhide's Response - Taarak Mehta Ka Ooltah Chashmah - Ep 3411 Full Episode -21 Mar 2022,https://www.youtube.com/watch?v=vT74Z-Zxzto,Found
3412,NEW RELEASE | Sodhi Is Afraid Of Roshan-Taarak Mehta Ka Ooltah Chashmah-Ep 3412-Full EP-22 Mar 2022,https://www.youtube.com/watch?v=I_nI4ISDY4I,Found
3413,NEW RELEASE | Will Bapuji Share His Secret? -Taarak Mehta Ka Ooltah Chashmah-Ep 3413- FE- 23 Mar2022,https://www.youtube.com/watch?v=Xol2RBI847s,Found
3414,NEW RELEASE | Jethalal Gets An Order -Taarak Mehta Ka Ooltah Chashmah-Ep 3414-FE-24 Mar 2022,https://www.youtube.com/watch?v=8iqJrFMRYgQ,Found
3415,NEW RELEASE |Jetha And Bapuji's Argument-Taarak Mehta Ka Ooltah Chashmah-Ep 3415-Full EP-25 Mar 2022,https://www.youtube.com/watch?v=DcVnkbq1sb0,Found
3416,NEW RELEASE | 'Kulfi' Party At Gokhuldham -Taarak Mehta Ka Ooltah Chashmah-Ep 3416-FE-26 Mar 2022,https://www.youtube.com/watch?v=pWRF845rklc,Found
3417,NEW RELEASE | Jethalal Questions Sodhi -Taarak Mehta Ka Ooltah Chashmah-Ep 3417-FE-28 Mar 2022,https://www.youtube.com/watch?v=vAfBukvO66Y,Found
3418,NEW RELEASE | Why Is Sodhi Asked To Apologize? -Taarak Mehta Ka Ooltah Chashmah-Ep3418-FE-29 Mar2022,https://www.youtube.com/watch?v=U9Iy-wcP4dA,Found
3419,NEW RELEASE | Bhide Cleans Sakharam -Taarak Mehta Ka Ooltah Chashmah-Ep 3419-FE-30 Mar 2022,https://www.youtube.com/watch?v=raa7OzHYniI,Found
3420,NEW RELEASE | The Obedient Sons Of Gokuldham-Taarak Mehta Ka Ooltah Chashmah-Ep 3420-FE-31 Mar 2022,https://www.youtube.com/watch?v=KT7493rlzaY,Found
3421,Popu And Sodhi Chase Bapuji-Taarak Mehta Ka Ooltah Chashmah-Ep 3421-Full Episode-1 April 2022,https://www.youtube.com/watch?v=IJDbsn5Kzms,Found
3422,Will Popu Know About Bapuji's Intent?-Taarak Mehta Ka Ooltah Chashmah-Ep 3422-Full EP-2 April 2022,https://www.youtube.com/watch?v=6-fdv7Uk2JU,Found
3423,Popatlal Reveals The Truth - Taarak Mehta Ka Ooltah Chashmah - Ep 3423 - Full Episode - 4 April 2022,https://www.youtube.com/watch?v=Tl4jmNCgCj8,Found
3424,Jethalal Is Back - Taarak Mehta Ka Ooltah Chashmah - Ep 3424 - Full EP - 5 April 2022,https://www.youtube.com/watch?v=e0ZG9GzwyKU,Found
3425,What Happened To Bapuji? - Taarak Mehta Ka Ooltah Chashmah - Ep 3425 - Full EP - 6 April 2022,https://www.youtube.com/watch?v=ci5P_nLCv6g,Found
3426,Jethalal's Shocking Reaction  - Taarak Mehta Ka Ooltah Chashmah - Ep 3426 - Full EP - 7 April 2022,https://www.youtube.com/watch?v=pWOsxNYbRes,Found
3427,Bapuji In Anger  - Taarak Mehta Ka Ooltah Chashmah - Ep 3427 - Full EP - 8 April 2022,https://www.youtube.com/watch?v=aI-Uh32a0Yw,Found
3428,Sodhi's Technique - Taarak Mehta Ka Ooltah Chashmah - Ep 3428  - Full Episode - 9 April 2022,https://www.youtube.com/watch?v=AfzOLPZlqf4,Found
3429,Champaklal's Contribution - Taarak Mehta Ka Ooltah Chashmah - Ep 3429 - Full Episode - 11 April 2022,https://www.youtube.com/watch?v=3o6PdiBCsds,Found
3430,Baapu Ji Gets The Liquor Bottle- Taarak Mehta Ka Ooltah Chashmah- Ep 3430 - Full EP - 12 April 2022,https://www.youtube.com/watch?v=vkQIoC9W5HY,Found
3431,Champaklal Gets Angry On Sodhi - Taarak Mehta Ka Ooltah Chashmah- Ep 3431 - Full EP - 13 April 2022,https://www.youtube.com/watch?v=xdquz9ZiXr4,Found
3432,Jethalal Feels Sorry - Taarak Mehta Ka Ooltah Chashmah- Ep 3432 - Full EP - 14 April 2022,https://www.youtube.com/watch?v=suYTywes6Fk,Found
3433,Jetha Narrates The Incident- Taarak Mehta Ka Ooltah Chashmah- Ep 3433 - Full EP - 15 April 2022,https://www.youtube.com/watch?v=91RtNfSDclc,Found
3434,Jethalal's Misconception - Taarak Mehta Ka Ooltah Chashmah- Ep 3434 - Full EP - 16 April 2022,https://www.youtube.com/watch?v=tay6MvjZEuU,Found
3435,Madhvi Is Confused - Taarak Mehta Ka Ooltah Chashmah- Ep 3435 - Full EP - 18 April 2022,https://www.youtube.com/watch?v=Msujdj6qT_8,Found
3436,Bhide's Sargam Orchestra  - Taarak Mehta Ka Ooltah Chashmah- Ep 3436 - Full EP - 19 April 2022,https://www.youtube.com/watch?v=NX0dPHSwVrM,Found
3437,Bhide's Tape Recorder Is Repaired- Taarak Mehta Ka Ooltah Chashmah- Ep 3437 - Full EP -20 April 2022,https://www.youtube.com/watch?v=pdOaNzuk6eE,Found
3438,Jethalal And Iyer's Argument- Taarak Mehta Ka Ooltah Chashmah- Ep 3438 - Full EP -21 April 2022,https://www.youtube.com/watch?v=RhcmzyuIniA,Found
3439,Popatlal Remembers Md.Rafi- Taarak Mehta Ka Ooltah Chashmah- Ep 3439 - Full EP -22 April 2022,https://www.youtube.com/watch?v=26tLkkXNWes,Found
3440,Remembering The Good Old Days- Taarak Mehta Ka Ooltah Chashmah- Ep 3440 - Full EP -23 April 2022,https://www.youtube.com/watch?v=joc1c_uugUc,Found
3441,Bhide's Connection With Sargam- Taarak Mehta Ka Ooltah Chashmah- Ep 3441 - Full EP -25 April 2022,https://www.youtube.com/watch?v=mJfMXTf5Mxs,Found
3442,Black Marketing Of Lemon- Taarak Mehta Ka Ooltah Chashmah- Ep 3442 - Full EP -26 April 2022,https://www.youtube.com/watch?v=6wMThDVTpQM,Found
3443,Is Gogi In Love?- Taarak Mehta Ka Ooltah Chashmah- Ep 3443 - Full EP -27 April 2022,https://www.youtube.com/watch?v=ytVzj54PVrg,Found
3444,Will Bhide Be Able To Fulfill The Order?Taarak Mehta Ka Ooltah Chashmah-Ep 3444Full EP-28 April 2022,https://www.youtube.com/watch?v=FcG_9mAoeDE,Found
3445,Bhide Gets A Solution- Taarak Mehta Ka Ooltah Chashmah-Ep 3445 Full EP-29 April 2022,https://www.youtube.com/watch?v=9hiBBvt1MiI,Found
3446,Will Jethalal Purchase Lemons?- Taarak Mehta Ka Ooltah Chashmah-Ep 3446 Full EP-30 April 2022,https://www.youtube.com/watch?v=5ZOn0s4U72Y,Found
3447,Jethalal's Reaction After Seeing The Lemons-Taarak Mehta Ka Ooltah Chashmah-Ep 3447 Full EP2May 2022,https://www.youtube.com/watch?v=FkSo2tTWGDU,Found
3448,Will Bhide Be Able To Get Rid Of Lemons?-Taarak Mehta Ka Ooltah Chashmah-Ep 3448 Full EP3May 2022,https://www.youtube.com/watch?v=9Tbsk5OdxpA,Found
3449,Bhide In Trouble-Taarak Mehta Ka Ooltah Chashmah-Ep 3449 Full EP- 4 May 2022,https://www.youtube.com/watch?v=syhetPqhb2g,Found
3450,How Will Bhide Save Himself?-Taarak Mehta Ka Ooltah Chashmah-Ep 3450 Full EP- 5 May 2022,https://www.youtube.com/watch?v=FEEZ-va5EGE,Found
3451,Jethalal Playing Dumb Charades-Taarak Mehta Ka Ooltah Chashmah-Ep 3451 Full EP- 6 May 2022,https://www.youtube.com/watch?v=srvwm86Fv48,Found
3452,Why Is Madhvi In Shock?-Taarak Mehta Ka Ooltah Chashmah-Ep 3452 Full EP- 7 May 2022,https://www.youtube.com/watch?v=KpH-mf3zAKw,Found
3453,Roshan Convinced To Sodhi -Taarak Mehta Ka Ooltah Chashmah-Ep 3453 Full EP- 9 May 2022,https://www.youtube.com/watch?v=f5jhaX0QlSM,Found
3454,Gokuldham Gets A Notice From BMC -Taarak Mehta Ka Ooltah Chashmah - Ep 3454 - Full EP - 10 May 2022,https://www.youtube.com/watch?v=dkzeDIULt0w,Found
3455,A Beautiful Morning For Jethalal -Taarak Mehta Ka Ooltah Chashmah - Ep 3455 - Full EP - 11 May 2022,https://www.youtube.com/watch?v=wZLtQ_o78Uk,Found
3456,Jethalal's Makeshift -Taarak Mehta Ka Ooltah Chashmah-Ep 3456- Full EP- 12 May 2022,https://www.youtube.com/watch?v=IYCsOHdzEU8,Found
3457,Will Popatlal Get Pratiksha's Number? -Taarak Mehta Ka Ooltah Chashmah-Ep 3457- Full EP- 13 May 2022,https://www.youtube.com/watch?v=dA4XvJZpWn8,Found
3458,Popat Asks Bapuji To Accompany Him -Taarak Mehta Ka Ooltah Chashmah-Ep 3458- Full EP- 14 May 2022,https://www.youtube.com/watch?v=oxyvfK7_Mf0,Found
3459,Popatlal Is Confused -Taarak Mehta Ka Ooltah Chashmah-Ep 3459- Full EP- 16 May 2022,https://www.youtube.com/watch?v=i7ORN-gZ1pA,Found
3460,Celebrations In Yellow Attire -Taarak Mehta Ka Ooltah Chashmah-Ep 3460- Full EP- 17 May 2022,https://www.youtube.com/watch?v=Cn24vw3ZmuM,Found
3461,Will Popatlal Get Married? -Taarak Mehta Ka Ooltah Chashmah - Ep 3461 - Full EP - 18 May 2022,https://www.youtube.com/watch?v=ulVQ81Yw6cA,Found
3462,Private Time For The Couple -Taarak Mehta Ka Ooltah Chashmah-Ep 3462- Full EP- 19 May 2022,https://www.youtube.com/watch?v=oF0SWxsQOmk,Found
3463,Speculation - Taarak Mehta Ka Ooltah Chashmah - Ep 3463 - Full EP - 20 May 2022,https://www.youtube.com/watch?v=zMGF2d426Yg,Found
3464,Waiting For An Answer - Taarak Mehta Ka Ooltah Chashmah - Ep 3464 - Full EP - 21 May 2022,https://www.youtube.com/watch?v=rVn_wPnr8Kk,Found
3465,Confused Jethalal - Taarak Mehta Ka Ooltah Chashmah - Ep 3465 - Full EP - 23 May 2022,https://www.youtube.com/watch?v=d7yk3pHL0-4,Found
3466,Extremely Hilarious- Taarak Mehta Ka Ooltah Chashmah - Ep 3466 - Full EP - 24 May 2022,https://www.youtube.com/watch?v=0oRl7SMf94A,Found
3467,Happiness- Taarak Mehta Ka Ooltah Chashmah - Ep 3467 - Full EP - 25 May 2022,https://www.youtube.com/watch?v=H5cwco21q08,Found
3468,Marriage Ritual Begins- Taarak Mehta Ka Ooltah Chashmah - Ep 3468 - Full EP - 26 May 2022,https://www.youtube.com/watch?v=pJ9BvPYN1HQ,Found
3469,The Shagun Ceremony - Taarak Mehta Ka Ooltah Chashmah - Ep 3469 - Full EP - 27 May 2022,https://www.youtube.com/watch?v=aH4TteyAfa0,Found
3470,Popatlal Invites Pratiksha's Lover-Taarak Mehta Ka Ooltah Chashmah - Ep 3470 - Full EP - 28 May 2022,https://www.youtube.com/watch?v=gOv5E8V6jPA,Found
3471,Pratiksha And Parekh's Marriage Flashback-Taarak Mehta Ka Ooltah Chashmah-Ep 3471-Full EP-30 May2022,https://www.youtube.com/watch?v=g0EYkb1Uunk,Found
3472,A Confusing Situation-Taarak Mehta Ka Ooltah Chashmah-Ep 3472-Full EP-31 May2022,https://www.youtube.com/watch?v=D59Biw3esok,Found
3473,A Snoring Sleep-Taarak Mehta Ka Ooltah Chashmah-Ep 3473- Full EP-  1 June 2022,https://www.youtube.com/watch?v=sRSqiYS8w44,Found
3474,Early Morning's Frustration-Taarak Mehta Ka Ooltah Chashmah-Ep 3474- Full EP-  2 June 2022,https://www.youtube.com/watch?v=PXLXDjPWoAc,Found
3475,Bhide Wants Jetha To Read His 'Suvichaar'-Taarak Mehta Ka Ooltah Chashmah-Ep3475- Full EP-3June2022,https://www.youtube.com/watch?v=i_oXH5IwtHk,Found
3476,Will Jetha's Shop Be Closed?'-Taarak Mehta Ka Ooltah Chashmah-Ep3476- Full EP-4June2022,https://www.youtube.com/watch?v=jHbMQA7Mi5g,Found
3477,Finalizing The Inaugration Date -Taarak Mehta Ka Ooltah Chashmah-Ep3477- Full EP-6 June2022,https://www.youtube.com/watch?v=MafjQ-7lP5c,Found
3478,A Gratitude -Taarak Mehta Ka Ooltah Chashmah - Ep 3478 - Full Episode - 6 June 2022,https://www.youtube.com/watch?v=7oqyvz96spA,Found
3479,Good News -Taarak Mehta Ka Ooltah Chashmah  - Ep3479 - Full Episode - 7 June 2022,https://www.youtube.com/watch?v=g1ZfpuNt5S4,Found
3480,Jetha Is Excited To Meet Daya -Taarak Mehta Ka Ooltah Chashmah - Ep 3480 - Full EP -9 June 2022,https://www.youtube.com/watch?v=etCN2EplYZo,Found
3481,Jetha Recalls Memories With Nattu Kaka-Taarak Mehta Ka Ooltah Chashmah-Ep 3481 -Full EP-10 June 2022,https://www.youtube.com/watch?v=qZTOmd9ZAOk,Found
3482,A Meeting To Decide The Gift - Taarak Mehta Ka Ooltah Chashmah - Ep 3482 -Full EP-11 June 2022,https://www.youtube.com/watch?v=s-q2TptZyPU,Found
3483,A Surprise For Bapuji - Taarak Mehta Ka Ooltah Chashmah - Ep 3483 - Full Episode -13 June 2022,https://www.youtube.com/watch?v=5FBQsUY7AQU,Found
3484,Will Jetha's Wait End Today? - Taarak Mehta Ka Ooltah Chashmah - Ep 3484 - Full EP - 14 June 2022,https://www.youtube.com/watch?v=5bihKrWQg6M,Found
3485,What Is Sundar Hiding From Jetha? - Taarak Mehta Ka Ooltah Chashmah -Ep 3485 - Full EP- 15 June 2022,https://www.youtube.com/watch?v=FZdTKUJz4co,Found
3486,Wives Should Get Sufficient Time - Taarak Mehta Ka Ooltah Chashmah - Ep 3486 - FE - 16 June 2022,https://www.youtube.com/watch?v=8oU3poPgZgA,Found
3487,Bapuji Is Missing - Taarak Mehta Ka Ooltah Chashmah - Ep 3487 - Full EP - 17 June 2022,https://www.youtube.com/watch?v=jWKa4aQ04oI,Found
3488,Bapuji Inaugurates The New Shop - Taarak Mehta Ka Ooltah Chashmah - Ep 3488 - Full EP - 18 June 2022,https://www.youtube.com/watch?v=KzNMWGnM1Gs,Found
3489,Will Jethalal Get Arrested? - Taarak Mehta Ka Ooltah Chashmah - Ep 3489 - Full EP - 19 June 2022,https://www.youtube.com/watch?v=LbjS5iDlmUc,Found
3490,Jetha Threatens To Go On Hunger Strike- Taarak Mehta Ka Ooltah Chashmah-Ep 3490-Full EP-21 June 2022,https://www.youtube.com/watch?v=f7o4_woYznE,Found
3491,Why Did Bapuji Panic? - Taarak Mehta Ka Ooltah Chashmah - Ep 3491 - Full EP - 22 June 2022,https://www.youtube.com/watch?v=zeJ8rgwdoaY,Found
3492,'One More Surprise' - Taarak Mehta Ka Ooltah Chashmah - Ep 3492 - Full EP - 23 June 2022,https://www.youtube.com/watch?v=tUbE3qLJtsg,Found
3493,How Will Jethalal Arrange The Money? - Taarak Mehta Ka Ooltah Chashmah - Ep 3493 - FE - 24 June 2022,https://www.youtube.com/watch?v=isfyidx8rfg,Found
3494,A Secret Conversation - Taarak Mehta Ka Ooltah Chashmah - Ep 3494 - FE - 25 June 2022,https://www.youtube.com/watch?v=KY2cTz4RxYQ,Found
3495,A New Problem For Jethalal - Taarak Mehta Ka Ooltah Chashmah - Ep 3495 - FE - 27 June 2022,https://www.youtube.com/watch?v=2ZYKHeChW-8,Found
3496,Robbery At Gada Electronics - Taarak Mehta Ka Ooltah Chashmah - Ep 3496 - FE - 28 June 2022,https://www.youtube.com/watch?v=TYxLB7E-sXI,Found
3497,Chaalu Pandey Comes To Jetha's Rescue- Taarak Mehta Ka Ooltah Chashmah - Ep 3497 - FE - 29 June 2022,https://www.youtube.com/watch?v=1K2Kvag7Au4,Found
3498,Nattu Kaka Is Back - Taarak Mehta Ka Ooltah Chashmah - Ep 3498 - FE - 30 June 2022,https://www.youtube.com/watch?v=QWAnNvu7Uck,Found
3499,Jethalal Is Impressed By Nattu Kaka - Taarak Mehta Ka Ooltah Chashmah - Ep 3499 - FE - 1 July  2022,https://www.youtube.com/watch?v=SGCLPoymsY8,Found
3500,Who Is The Teacher's Teacher?- Taarak Mehta Ka Ooltah Chashmah - Ep 3500 - FE - 2 July 2022,https://www.youtube.com/watch?v=GB6IREzRv5g,Found
3501,Enmity - Taarak Mehta Ka Ooltah Chashmah - Ep 3501 - Full Episode - 4 July 2022,https://www.youtube.com/watch?v=D2VSMTH7sIE,Found
3502,Sodhi Have Doubts On Bittu- Taarak Mehta Ka Ooltah Chashmah - Ep 3502 - FE - 5 July 2022,https://www.youtube.com/watch?v=i-uHWtMfcec,Found
3503,Why Is Sodhi Hesitating To Meet Bhide?- Taarak Mehta Ka Ooltah Chashmah - Ep 3503 - FE - 6 July 2022,https://www.youtube.com/watch?v=kiOaNrn-0PE,Found
3504,A Trick To Take A Discount- Taarak Mehta Ka Ooltah Chashmah - Ep 3504 - FE - 7 July 2022,https://www.youtube.com/watch?v=WeDPHlp2qEE,Found
3505,"""Masti Ki Paathshala"" - Taarak Mehta Ka Ooltah Chashmah - Ep 3505 - Full Episode - 8 July 2022",https://www.youtube.com/watch?v=_zqrNaR1fj4,Found
3506,A Big Trouble- Taarak Mehta Ka Ooltah Chashmah - Ep 3506 - FE - 9 July 2022,https://www.youtube.com/watch?v=MHHPrwH4KZw,Found
3507,Bittu Vs Studies- Taarak Mehta Ka Ooltah Chashmah - Ep 3507 - FE - 11 July 2022,https://www.youtube.com/watch?v=OAO9KZt_iVI,Found
3508,Realization- Taarak Mehta Ka Ooltah Chashmah - Ep 3508 - FE - 12 July 2022,https://www.youtube.com/watch?v=FX9wWbhV2QA,Found
3509,Popatlal's Locker Room- Taarak Mehta Ka Ooltah Chashmah - Ep 3509 - FE - 13 July 2022,https://www.youtube.com/watch?v=vhUPMrIqLrw,Found
3510,Why Is Bapuji Angry With Jethalal?- Taarak Mehta Ka Ooltah Chashmah - Ep 3510 - FE - 14 July 2022,https://www.youtube.com/watch?v=-FGy92m7uEw,Found
3511,Thief In Popu's House- Taarak Mehta Ka Ooltah Chashmah - Ep 3511 - FE - 15 July 2022,https://www.youtube.com/watch?v=j7qHoKnS-iw,Found
3512,Bhide Takes The Responsibility For Gold- Taarak Mehta Ka Ooltah Chashmah - Ep 3512 - FE-16 July 2022,https://www.youtube.com/watch?v=neub3BdKhy0,Found
3513,Is Jethalal Absent-Minded? - Taarak Mehta Ka Ooltah Chashmah - Ep 3513 - Full Episode - 18 July 2022,https://www.youtube.com/watch?v=7RE64wNWMw0,Found
3514,Jethalal's Special Treatment For Babita Ji -Taarak Mehta Ka Ooltah Chashmah -Ep 3514-FE-19 July 2022,https://www.youtube.com/watch?v=Xt1Z-D2yYMI,Found
3515,Babita Gave The Gold Box To Anjali -Taarak Mehta Ka Ooltah Chashmah - Ep 3515 - FE - 20 July 2022,https://www.youtube.com/watch?v=3_wxKtYlOCs,Found
3516,Sodhi's Amazing Idea -Taarak Mehta Ka Ooltah Chashmah -Ep 3516-FE-21 July 2022,https://www.youtube.com/watch?v=k0LOARKj4ms,Found
3517,Popatlal Is Back -Taarak Mehta Ka Ooltah Chashmah -Ep 3517-FE-22 July 2022,https://www.youtube.com/watch?v=RnPVEPh9qRs,Found
3518,Is The Gold Box Safe? -Taarak Mehta Ka Ooltah Chashmah - Ep 3518 - Full Episode - 23 July 2022,https://www.youtube.com/watch?v=0RgYIGz-Jgo,Found
3519,Anjali In Trouble -Taarak Mehta Ka Ooltah Chashmah -Ep 3519 -FE-25 July 2022,https://www.youtube.com/watch?v=hevsDdroOTQ,Found
3520,A Big Shock For Jethalal - Taarak Mehta Ka Ooltah Chashmah - Ep 3520 - FE - 26 July 2022,https://www.youtube.com/watch?v=u3H1jwmwbOo,Found
3521,Battle Of Bhide And Popatlal - Taarak Mehta Ka Ooltah Chashmah - Ep 3521 - FE - 27 July 2022,https://www.youtube.com/watch?v=2WqSyW29q8w,Found
3522,'Purush Mandali' At Popatlal's House- Taarak Mehta Ka Ooltah Chashmah - Ep 3522 - FE - 28 July 2022,https://www.youtube.com/watch?v=Kl77bm1nDPE,Found
3523,A New Twist- Taarak Mehta Ka Ooltah Chashmah - Ep 3523  - Full Episode - 29th July  2022,https://www.youtube.com/watch?v=NSkJjtQ5FNk,Found
3524,Bhide's Condition Worsened- Taarak Mehta Ka Ooltah Chashmah - Ep 3524  - FE - 30th July  2022,https://www.youtube.com/watch?v=_lmJ3mWyVbY,Found
3525,Is Popatlal Becoming A Fool?- Taarak Mehta Ka Ooltah Chashmah - Ep 3525  - FE - 1st Aug  2022,https://www.youtube.com/watch?v=oMa0WRsnK-w,Found
3526,The Thief Has Been Caught- Taarak Mehta Ka Ooltah Chashmah - Ep 3526  - FE - 2 Aug  2022,https://www.youtube.com/watch?v=ER52gUG1lsI,Found
3527,A Trauma- Taarak Mehta Ka Ooltah Chashmah - Ep 3527  - FE - 3 Aug  2022,https://www.youtube.com/watch?v=iNaB53HLDxg,Found
3528,Jethalal Got Handcuffed- Taarak Mehta Ka Ooltah Chashmah - Ep 3528  - FE - 4 Aug  2022,https://www.youtube.com/watch?v=l04BCYc5nUc,Found
3529,Bhide Planning For A Long Drive At Home- Taarak Mehta Ka Ooltah Chashmah - Ep 3529 -FE - 5 Aug  2022,https://www.youtube.com/watch?v=-R2pit6Z0S8,Found
3530,Bhide Plans To Buy A Car - Taarak Mehta Ka Ooltah Chashmah - Ep 3530 - FE - 6 Aug  2022,https://www.youtube.com/watch?v=kaBWFWwTpFk,Found
3531,Goli's Secret Mission - Taarak Mehta Ka Ooltah Chashmah - Ep 3531 - FE - 8 Aug  2022,https://www.youtube.com/watch?v=F40gsex6atM,Found
3532,Is Goli Caught? - Taarak Mehta Ka Ooltah Chashmah - Ep 3532 - FE - 9 Aug  2022,https://www.youtube.com/watch?v=OwlUpTNLPEs,Found
3533,Sonu Tying The Bridge Of Praise-Taarak Mehta Ka Ooltah Chashmah - Ep 3533  - FE - 10 Aug 2022,https://www.youtube.com/watch?v=_Wo9rZFTC4c,Found
3534,The Discussion Of The New Car -Taarak Mehta Ka Ooltah Chashmah - Ep 3534  - FE - 11 August  2022,https://www.youtube.com/watch?v=-pcvdIJXTjg,Found
3535,Bhide's Surprise For His Family-Taarak Mehta Ka Ooltah Chashmah - Ep 3535  - FE - 12 August  2022,https://www.youtube.com/watch?v=92nlwvZ6eyQ,Found
3536,Bhide's Surprise For His Family-Taarak Mehta Ka Ooltah Chashmah - Ep 3536  - FE - 13 August  2022,https://www.youtube.com/watch?v=BMcy9pyMdKE,Found
3537,Bhide's Surprise For Madhavi -Taarak Mehta Ka Ooltah Chashmah - Ep 3537 - FE - 15 August  2022,https://www.youtube.com/watch?v=hW7xnkc-n58,Found
3538,Quarrel Between Sodhi And Roshan -Taarak Mehta Ka Ooltah Chashmah - Ep 3538 - FE - 16 August  2022,https://www.youtube.com/watch?v=-p1gN08zANE,Found
3539,Navroz Special Surprise For Roshan -Taarak Mehta Ka Ooltah Chashmah - Ep 3539 - FE - 17 August  2022,https://www.youtube.com/watch?v=ga6S48wr1PA,Found
3540,Did Sodhi Get The Green Signal? -Taarak Mehta Ka Ooltah Chashmah - Ep 3540 - FE - 18 August  2022,https://www.youtube.com/watch?v=rYyt_nU0SwY,Found
3541,Navroz Special -Taarak Mehta Ka Ooltah Chashmah - Ep 3541 - Full Episode  - 19 August  2022,https://www.youtube.com/watch?v=Qy6BUX_GGiE,Found
3542,Krishna Janmostsav -Taarak Mehta Ka Ooltah Chashmah - Ep 3542 - FE - 20 August  2022,https://www.youtube.com/watch?v=9l0Yqf8LYQM,Found
3543,Will Popatlal Get Married Soon? -Taarak Mehta Ka Ooltah Chashmah - Ep 3543 - FE - 22 August  2022,https://www.youtube.com/watch?v=lnu-mR8wlUc,Found
3544,A Quest For The Gold Coin -Taarak Mehta Ka Ooltah Chashmah - Ep 3544 - FE - 23 August  2022,https://www.youtube.com/watch?v=WfWMfmvI5ow,Found
3545,The Empty Lunchbox -Taarak Mehta Ka Ooltah Chashmah - Ep 3545 - FE - 24 August  2022,https://www.youtube.com/watch?v=dvjWwB0oxng,Found
3546,A Good News -Taarak Mehta Ka Ooltah Chashmah - Ep 3546 - FE - 25 August 2022,https://www.youtube.com/watch?v=EK0wn7OVSR8,Found
3547,Khush Khabri For Jethalal -Taarak Mehta Ka Ooltah Chashmah - Ep 3547 - FE - 26 August 2022,https://www.youtube.com/watch?v=hjS6wAbDSrQ,Found
3548,America Jane Ki Khush Khabri -Taarak Mehta Ka Ooltah Chashmah - Ep 3548 - FE - 27 August 2022,https://www.youtube.com/watch?v=zVlVkyN0DxU,Found
3549,America Ki Taiyyari -Taarak Mehta Ka Ooltah Chashmah - Ep 3549 - FE - 29 August 2022,https://www.youtube.com/watch?v=keczCHP-cTY,Found
3550,A Parcel To America -Taarak Mehta Ka Ooltah Chashmah - Ep 3550 - FE - 30 August 2022,https://www.youtube.com/watch?v=GuBO10OD3g4,Found
3551,Happy Journey -Taarak Mehta Ka Ooltah Chashmah - Ep 3551 - Full Episode - 31 August 2022,https://www.youtube.com/watch?v=xfokOZ6q0Cs,Found
3552,Who Will Take Bapuji's Responsibility?Taarak Mehta Ka Ooltah Chashmah- Ep 3552 - FE - 1 Sep 2022,https://www.youtube.com/watch?v=k8SGr6C1o8w,Found
3553,Bapuji Trembles With Fear-Taarak Mehta Ka Ooltah Chashmah - Ep 3553 - FE - 2 Sep 2022,https://www.youtube.com/watch?v=M7-2qUqcdWA,Found
3554,Ghar Pe Akele Bapuji -Taarak Mehta Ka Ooltah Chashmah - Ep 3554 - FE - 3 Sep 2022,https://www.youtube.com/watch?v=0xUdnqH_LvQ,Found
3555,Bapuji Ka Plan Chowpat -Taarak Mehta Ka Ooltah Chashmah - Ep 3555 - Full Episode  - 5 Sep 2022,https://www.youtube.com/watch?v=Pms1igAv6Oo,Found
3556,Gokuldham's First Priority - Bapuji-Taarak Mehta Ka Ooltah Chashmah-Ep 3556-Full Episode -6 Sep 2022,https://www.youtube.com/watch?v=Qvgy-qvXMm8,Found
3557,Bapuji Kidhar Hai? Taarak Mehta Ka Ooltah Chashmah-Ep 3557-Full Episode -7 Sep 2022,https://www.youtube.com/watch?v=5UYIRzMnVQY,Found
3558,Bapuji Hue Gussa - Taarak Mehta Ka Ooltah Chashmah - Ep 3558 - Full Episode - 8 Sep 2022,https://www.youtube.com/watch?v=97dHD58PziU,Found
3559,Welcoming Bappa- Taarak Mehta Ka Ooltah Chashmah - Ep 3559 - Full Episode - 9 Sep 2022,https://www.youtube.com/watch?v=tcs3c1gpdcs,Found
3560,Gokuldham Mein Aaye Bappa - Taarak Mehta Ka Ooltah Chashmah - Ep 3560 - Full Episode - 10 Sep 2022,https://www.youtube.com/watch?v=qXMqW1nwURU,Found
3561,Bappa Ke Aane Ki Khushiyan - Taarak Mehta Ka Ooltah Chashmah - Ep 3561 - Full Episode - 12 Sep 2022,https://www.youtube.com/watch?v=T0CpZPOMAdM,Found
3562,Taarak's Gift - Taarak Mehta Ka Ooltah Chashmah - Ep 3562 - Full Episode - 13 Sep 2022,https://www.youtube.com/watch?v=subV_rK8tQg,Found
3563,Taarak Returns - Taarak Mehta Ka Ooltah Chashmah - Ep 3563 - Full Episode - 14 Sep 2022,https://www.youtube.com/watch?v=IvKI6sSpD-8,Found
3564,Pratiyogita Ka Excitement - Taarak Mehta Ka Ooltah Chashmah - Ep 3564 - Full Episode - 15 Sep 2022,https://www.youtube.com/watch?v=WNm1DzHK8v4,Found
3565,Karyakram Ke Special Guest - Taarak Mehta Ka Ooltah Chashmah - Ep 3565 - Full Episode - 16 Sep 2022,https://www.youtube.com/watch?v=21yqfN6_gSQ,Found
3566,Bharat Ke Prasiddh Mandir - Taarak Mehta Ka Ooltah Chashmah - Ep 3566 - Full Episode - 17 Sep 2022,https://www.youtube.com/watch?v=hxR3HrMRjPg,Found
3567,The Country Of Miracles - Taarak Mehta Ka Ooltah Chashmah - Ep 3567 - Full Episode - 19 Sep 2022,https://www.youtube.com/watch?v=JxULQu6ZbQk,Found
3568,Hindustan Ki Pehchaan - Taarak Mehta Ka Ooltah Chashmah - Ep 3568 - Full Episode - 20 Sep 2022,https://www.youtube.com/watch?v=GhT4ZRzk6jE,Found
3569,Bhartiya Sanskriti Ki Khaasiyat-Taarak Mehta Ka Ooltah Chashmah-Ep 3569 - Full Episode - 21 Sep 2022,https://www.youtube.com/watch?v=buG0vrRYr6I,Found
3570,Rangarang Karyakaram Ki Charam Seema-Taarak Mehta Ka Ooltah Chashmah-Ep3570-Full Episode-22 Sep 2022,https://www.youtube.com/watch?v=u8JHusfKVlU,Found
3571,'Shradh' Ki Zimmedaari -Taarak Mehta Ka Ooltah Chashmah - Ep3571 - Full Episode - 23 Sep 2022,https://www.youtube.com/watch?v=duTDp2P70A0,Found
3572,Shradh Ki Taiyaari -Taarak Mehta Ka Ooltah Chashmah - Ep3572 - Full Episode - 24 Sep 2022,https://www.youtube.com/watch?v=13x2i98QEXg,Found
3573,Kauwe Ki Khoj -Taarak Mehta Ka Ooltah Chashmah-Ep 3573 - Full Episode - 26 Sep 2022,https://www.youtube.com/watch?v=TEVyw1u5-d8,Found
3574,Shradh Specialist - Taarak Mehta Ka Ooltah Chashmah - Ep 3574 - Full Episode - 27 Sep 2022,https://www.youtube.com/watch?v=Z5SD4tmxiWU,Found
3575,Maha Daan - Taarak Mehta Ka Ooltah Chashmah - Ep 3575 - Full Episode - 28 Sep 2022,https://www.youtube.com/watch?v=MwbO195_k5M,Found
3576,Jethalal Kabh Aayega?- Taarak Mehta Ka Ooltah Chashmah - Ep 3576 - Full Episode - 29 Sep 2022,https://www.youtube.com/watch?v=zgDBnsCVDZg,Found
3577,Jethalal Returns - Taarak Mehta Ka Ooltah Chashmah - Ep 3577 - Full Episode - 30 Sep 2022,https://www.youtube.com/watch?v=mnG0OVkWw6Q,Found
3578,Jetha Ka Bura Naseeb - Taarak Mehta Ka Ooltah Chashmah - Ep 3578 - Full Episode - 1 Oct 2022,https://www.youtube.com/watch?v=O_rBA_Zot5E,Found
3579,Jethalal Behind Bars - Taarak Mehta Ka Ooltah Chashmah - Ep 3579 - Full Episode - 3 Oct 2022,https://www.youtube.com/watch?v=owXotXDoMSo,Found
3580,Jethalal Ki Ghar Wapsi - Taarak Mehta Ka Ooltah Chashmah - Ep 3580 - Full Episode - 4 Oct 2022,https://www.youtube.com/watch?v=Obozm8Pb9-0,Found
3581,Gifts From Jethalal - Taarak Mehta Ka Ooltah Chashmah - Ep 3581 - Full Episode - 5 Oct 2022,https://www.youtube.com/watch?v=v-QlPKu1umU,Found
3582,Dosti ki Bhasha - Taarak Mehta Ka Ooltah Chashmah - Ep 3582 - Full Episode - 6 Oct 2022,https://www.youtube.com/watch?v=iT0UHqenC3M,Found
3583,Excitement For Navratri - Taarak Mehta Ka Ooltah Chashmah - Ep 3583 - Full Episode - 7 Oct 2022,https://www.youtube.com/watch?v=TjwvBa8nTvk,Found
3584,Society Ki Permission - Taarak Mehta Ka Ooltah Chashmah - Ep 3584 - Full Episode - 8 Oct 2022,https://www.youtube.com/watch?v=_xrcOIOXzy4,Found
3585,Jethalal's Meeting - Taarak Mehta Ka Ooltah Chashmah - Ep 3585 - Full Episode - 10 Oct 2022,https://www.youtube.com/watch?v=DrMsfl_VPJY,Found
3586,Jethalal Matlab Musibat - Taarak Mehta Ka Ooltah Chashmah - Ep 3586 - Full Episode - 11 Oct 2022,https://www.youtube.com/watch?v=5XV1e2Jusrw,Found
3587,Nav Durga Ke Darshan- Taarak Mehta Ka Ooltah Chashmah - Ep 3587 - Full Episode - 12 Oct 2022,https://www.youtube.com/watch?v=c8H6GtkM9P8,Found
3588,Bachat Mantra - Taarak Mehta Ka Ooltah Chashmah - Ep 3589 - Full Episode - 14 Oct 2022,https://www.youtube.com/watch?v=oRgm_Fahb5M,Found
3589,Bachat Mantra - Taarak Mehta Ka Ooltah Chashmah - Ep 3589 - Full Episode - 14 Oct 2022,https://www.youtube.com/watch?v=oRgm_Fahb5M,Found
3590,Maintenance Ka Cheque - Taarak Mehta Ka Ooltah Chashmah - Ep 3590 - Full Episode - 15 Oct 2022,https://www.youtube.com/watch?v=LkgS4nXwCoc,Found
3591,Gokuldham Ki Shaan - Taarak Mehta Ka Ooltah Chashmah - Ep 3591 - Full Episode - 17 Oct 2022,https://www.youtube.com/watch?v=cI8pca5WMlM,Found
3592,Doctor Hathi Ki Dawa - Taarak Mehta Ka Ooltah Chashmah - Ep 3592 - Full Episode - 18 Oct 2022,https://www.youtube.com/watch?v=oHH88BUGRB0,Found
3593,Gokuldham Mein Bhookamp - Taarak Mehta Ka Ooltah Chashmah - Ep 3593 - Full Episode - 19 Oct 2022,https://www.youtube.com/watch?v=tYxnsHzilfQ,Found
3594,Sodhi Ka Idea - Taarak Mehta Ka Ooltah Chashmah - Ep 3594 - Full Episode - 20 Oct 2022,https://www.youtube.com/watch?v=6iPKsGKj7Bc,Found
3595,Contractor Kaha Milega? - Taarak Mehta Ka Ooltah Chashmah - Ep 3595 - Full Episode - 21 Oct 2022,https://www.youtube.com/watch?v=4pIb-LQo3Ic,Found
3596,Contractor Ki Khoj? - Taarak Mehta Ka Ooltah Chashmah - Ep 3596 - Full Episode - 22 Oct 2022,https://www.youtube.com/watch?v=hQ772rNCX1E,Found
3597,Patakho Ki Testing - Taarak Mehta Ka Ooltah Chashmah - Ep 3597 - Full Episode - 24 Oct 2022,https://www.youtube.com/watch?v=fbbgDpACFAc,Found
3598,Contractors Ki Meeting - Taarak Mehta Ka Ooltah Chashmah - Ep 3598 - Full Episode - 25 Oct 2022,https://www.youtube.com/watch?v=a-GqvrNS5b8,Found
3599,Contractors Ki Ladaai - Taarak Mehta Ka Ooltah Chashmah - Ep 3599 - Full Episode - 26 Oct 2022,https://www.youtube.com/watch?v=HIQ-cUZTtVY,Found
3600,Painting Ka Kaam Shuru - Taarak Mehta Ka Ooltah Chashmah - Ep 3600 - Full Episode - 27 Oct 2022,https://www.youtube.com/watch?v=13HrV-vlYVs,Found
3601,Bhide Ka Sabse Bada Darr - Taarak Mehta Ka Ooltah Chashmah - Ep 3601 - Full Episode - 28 Oct 2022,https://www.youtube.com/watch?v=vWe-dug5EzI,Found
3602,Diwali Ki Excitement - Taarak Mehta Ka Ooltah Chashmah - Ep 3602 - Full Episode - 29 Oct 2022,https://www.youtube.com/watch?v=lI8JdGwppJc,Found
3603,Bad News For Bhide - Taarak Mehta Ka Ooltah Chashmah - Ep 3603 - Full Episode - 31 Oct 2022,https://www.youtube.com/watch?v=T3DsNG2priA,Found
3604,Saving Diwali - Taarak Mehta Ka Ooltah Chashmah - Ep 3604 - Full Episode - 1 Nov 2022,https://www.youtube.com/watch?v=oK331RRfQac,Found
3605,Gokhuldham Ki Diwali- Taarak Mehta Ka Ooltah Chashmah - Ep 3605 - Full Episode - 2 Nov 2022,https://www.youtube.com/watch?v=dqgBNZsxmvQ,Found
3606,Bapuji Ki Treat - Taarak Mehta Ka Ooltah Chashmah - Ep 3606 - Full Episode - 3 Nov 2022,https://www.youtube.com/watch?v=5WrhUv6m-x4,Found
3607,Jethalal Ki Penalty - Taarak Mehta Ka Ooltah Chashmah - Ep 3607 - Full Episode - 4 Nov 2022,https://www.youtube.com/watch?v=iE71WLbr724,Found
3608,Jethalal Ke Cheques - Taarak Mehta Ka Ooltah Chashmah - Ep 3608 - Full Episode - 5 Nov 2022,https://www.youtube.com/watch?v=FaWT9JgdbeQ,Found
3609,Jethalal Ka Sabak - Taarak Mehta Ka Ooltah Chashmah - Ep 3609 - Full Episode - 7 Nov 2022,https://www.youtube.com/watch?v=Ef48fhvJyoc,Found
3610,Jethalal Ki Tarkeeb - Taarak Mehta Ka Ooltah Chashmah - Ep 3610 - Full Episode - 8 Nov 2022,https://www.youtube.com/watch?v=f4_6m7iwjSg,Found
3611,Cheque Ka Hungama - Taarak Mehta Ka Ooltah Chashmah - Ep 3611 - Full Episode - 9 Nov 2022,https://www.youtube.com/watch?v=0COok7FwvNo,Found
3612,Guru Nanak Jayanti Ki Badhaiya - Taarak Mehta Ka Ooltah Chashmah -Ep 3612- Full Episode -10 Nov 2022,https://www.youtube.com/watch?v=ajKE1mmVqoA,Found
3613,Guru Nanak Ji Ki Anmol Seekh - Taarak Mehta Ka Ooltah Chashmah -Ep 3613- Full Episode -11 Nov 2022,https://www.youtube.com/watch?v=3cokrz109dc,Found
3614,'Bhajia' Party At Bhide's House- Taarak Mehta Ka Ooltah Chashmah -Ep 3614- Full Episode -12 Nov 2022,https://www.youtube.com/watch?v=iBXaCoQIAuQ,Found
3615,Dinner With Bapuji - Taarak Mehta Ka Ooltah Chashmah - Ep 3615 - Full Episode - 14 Nov 2022,https://www.youtube.com/watch?v=4PHnmN-V_8o,Found
3616,Restaurant Pauchne Mein Deri- Taarak Mehta Ka Ooltah Chashmah - Ep 3616 - Full Episode - 15 Nov 2022,https://www.youtube.com/watch?v=PDXSnjOT4es,Found
3617,International Client - Taarak Mehta Ka Ooltah Chashmah - Ep 3617 - Full Episode - 16 Nov 2022,https://www.youtube.com/watch?v=nlJnKn7jR1U,Found
3618,Taarak's Important Task- Taarak Mehta Ka Ooltah Chashmah - Ep 3618 - Full Episode - 17 Nov 2022,https://www.youtube.com/watch?v=-Bg5CbldcVI,Found
3619,Jethalal Thanks Taarak - Taarak Mehta Ka Ooltah Chashmah - Ep 3619 - Full Episode - 18 Nov 2022,https://www.youtube.com/watch?v=QY9xu_JHQQ4,Found
3620,Taarak Rushes To Jetha's Shop-Taarak Mehta Ka Ooltah Chashmah - Ep 3620 - Full Episode - 19 Nov 2022,https://www.youtube.com/watch?v=4m1MW5FggX0,Found
3621,Jethalal Welcomes His Clients - Taarak Mehta Ka Ooltah Chashmah - Ep 3621-Full Episode - 21 Nov 2022,https://www.youtube.com/watch?v=iu7rCc-WzgU,Found
3622,Taarak's Boss Is In Jetha's Shop- Taarak Mehta Ka Ooltah Chashmah - Ep 3622-Full Episode-22 Nov 2022,https://www.youtube.com/watch?v=-FsKc6bmEXE,Found
3623,Taarak's Boss Reaches The Society-Taarak Mehta Ka Ooltah Chashmah - Ep 3623 - FE - 23 Nov 2022,https://www.youtube.com/watch?v=ZvERHhqdOnQ,Found
3624,Taarak's Boss Waits At Abdul's Shop - Taarak Mehta Ka Ooltah Chashmah - Ep 3624 - FE - 24 Nov 2022,https://www.youtube.com/watch?v=Cwsr-i9vanI,Found
3625,Will Jetha And Taraak Get An Auto?-Taarak Mehta Ka Ooltah Chashmah - Ep 3625 - FE - 25 Nov 2022,https://www.youtube.com/watch?v=4orX5i6AkK8,Found
3626,Taarak Mehta Ka Ooltah Chashmah - Ep 3626 - Full Episode - 26 Nov 2022,https://www.youtube.com/watch?v=qbpK1gfTTtQ,Found
3627,Taarak's Alibi - Taarak Mehta Ka Ooltah Chashmah - Ep 3627 - Full Episode - 28 Nov 2022,https://www.youtube.com/watch?v=DXVvc3AIjWM,Found
3628,Taarak Narrates His Alibi Story-Taarak Mehta Ka Ooltah Chashmah-Ep 3628 - Full Episode - 29 Nov 2022,https://www.youtube.com/watch?v=DfISFTF4QIM,Found
3629,Sakharam Is Missing-Taarak Mehta Ka Ooltah Chashmah - Ep 3629 - Full Episode - 30 Nov 2022,https://www.youtube.com/watch?v=z40bHCJTXts,Found
3630,Bagha &Nattu Kaka's Fight -Taarak Mehta Ka Ooltah Chashmah - Ep 3630 - Full Episode - 1 Dec 2022,https://www.youtube.com/watch?v=THX0wNNcoT8,Found
3631,Bhide Ko Mili Responsibility -Taarak Mehta Ka Ooltah Chashmah - Ep 3631 - Full Episode - 2 Dec 2022,https://www.youtube.com/watch?v=u2X6JqsdNLQ,Found
3632,Will Bhide Help Popatlal? - Taarak Mehta Ka Ooltah Chashmah - Ep 3632 - Full Episode - 3 Dec 2022,https://www.youtube.com/watch?v=DwZmAvUoUCA,Found
3633,Will Bhide Accept Popat's Proposal?- Taarak Mehta Ka Ooltah Chashmah - Ep 3633 - FE - 5 Dec 2022,https://www.youtube.com/watch?v=eUPMy67d_Uw,Found
3634,Popat Gets Vidya's Info - Taarak Mehta Ka Ooltah Chashmah - Ep 3634 - Full Episode - 6 Dec 2022,https://www.youtube.com/watch?v=3ytmA-VQ1RA,Found
3635,Popat Reaches Shiv Ganga - Taarak Mehta Ka Ooltah Chashmah - Ep 3635 - Full Episode - 7 Dec 2022,https://www.youtube.com/watch?v=4Mz61OVuCCY,Found
3636,Popat Meets Vidya Ji - Taarak Mehta Ka Ooltah Chashmah - Ep 3636 - Full Episode - 8 Dec 2022,https://www.youtube.com/watch?v=qtH6cxaTNQw,Found
3637,How Will Popat Face Bhide's Rage? - Taarak Mehta Ka Ooltah Chashmah - Ep 3637 - FE - 9 Dec 2022,https://www.youtube.com/watch?v=hcd7xij7FPY,Found
3638,Bhide Ka Gussa - Taarak Mehta Ka Ooltah Chashmah - Ep 3638 - FE - 10 Dec 2022,https://www.youtube.com/watch?v=cjUUVD9KxI8,Found
3639,Gogi And Goli Feel Guilty - Taarak Mehta Ka Ooltah Chashmah - Ep 3639 - FE - 12 Dec 2022,https://www.youtube.com/watch?v=o6GZrAFgh9Q,Found
3640,Bhide Comes To Taarak's House - Taarak Mehta Ka Ooltah Chashmah - Ep 3640 - FE - 13 Dec 2022,https://www.youtube.com/watch?v=P77M1Zsv6Bg,Found
3641,Search For Popat Continues - Taarak Mehta Ka Ooltah Chashmah - Ep 3641 - FE - 14 Dec 2022,https://www.youtube.com/watch?v=vjWyfe4tPF0,Found
3642,Bhide Gives A Task To The Members - Taarak Mehta Ka Ooltah Chashmah - Ep 3642 - FE - 15 Dec 2022,https://www.youtube.com/watch?v=O7XhlNesAfE,Found
3643,Goons At Gokuldham - Taarak Mehta Ka Ooltah Chashmah - Ep 3643 - FE - 16 Dec 2022,https://www.youtube.com/watch?v=eHY9DZq8yNg,Found
3644,Bhide Ka Sapna - Taarak Mehta Ka Ooltah Chashmah - Ep 3644 - FE - 17 Dec 2022,https://www.youtube.com/watch?v=VOsZAzJVeXw,Found
3645,Bhide's Mama Arrives At Gokuldham - Taarak Mehta Ka Ooltah Chashmah - Ep 3645 - FE - 19 Dec 2022,https://www.youtube.com/watch?v=vGNvn9nClhE,Found
3646,Chaalu Pandey Reaches Gokuldham Society-Taarak Mehta Ka Ooltah Chashmah - Ep 3646 - FE - 20 Dec 2022,https://www.youtube.com/watch?v=x5b5LhPqilA,Found
3647,Not Not 9 Assists Chaalu Ji - Taarak Mehta Ka Ooltah Chashmah - Ep 3647 - FE - 21 Dec 2022,https://www.youtube.com/watch?v=1ziQaWV1PU8,Found
3648,The Truth Comes Out - Taarak Mehta Ka Ooltah Chashmah - Ep 3648 - FE - 22 Dec 2022,https://www.youtube.com/watch?v=hVWoeRSHvG4,Found
3649,Police Finds Popu At Bhide's House - Taarak Mehta Ka Ooltah Chashmah - Ep 3649 - FE - 23 Dec 2022,https://www.youtube.com/watch?v=aayM-alam9c,Found
3650,Popatlal Is Dragged To The Police Station - Taarak Mehta Ka Ooltah Chashmah-Ep 3650 -FE -24 Dec 2022,https://www.youtube.com/watch?v=5rkCaTZRkg0,Found
3651,Popatlal's Twist In The Fate - Taarak Mehta Ka Ooltah Chashmah - Ep 3651 - FE - 26 Dec 2022,https://www.youtube.com/watch?v=DRqJ6kyx0xM,Found
3652,Good News For Popatlal - Taarak Mehta Ka Ooltah Chashmah - Ep 3652 - FE - 27 Dec 2022,https://www.youtube.com/watch?v=5uMGwX_aQQI,Found
3653,Will Bhide Get Arrested? - Taarak Mehta Ka Ooltah Chashmah - Ep 3653 - FE - 28 Dec 2022,https://www.youtube.com/watch?v=obnpzGLXwTg,Found
3654,Sonu Ke Special Guests - Taarak Mehta Ka Ooltah Chashmah - Ep 3654 - FE - 29 Dec 2022,https://www.youtube.com/watch?v=Dxg0NVe1TTs,Found
3655,Gada Electronic's New Scheme - Taarak Mehta Ka Ooltah Chashmah - Ep 3655 - FE - 30 Dec 2022,https://www.youtube.com/watch?v=_bvFdSa8AAQ,Found
3656,New Year Ki Party Ka Rang-Taarak Mehta Ka Ooltah Chashmah -Ep 3656-Full Episode-31 December 2022,https://www.youtube.com/watch?v=XUFN1PC780g,Found
3657,New Year In Gokuldham - Taarak Mehta Ka Ooltah Chashmah - Ep 3657 - Full Episode - 2 Jan 2023,https://www.youtube.com/watch?v=9z5bhm1__gk,Found
3658,Naye Saal Ka Naya Suvichaar - Taarak Mehta Ka Ooltah Chashmah - Ep 3658 - Full Episode - 3 Jan 2023,https://www.youtube.com/watch?v=UK9IPeOeOpU,Found
3659,Bagha Has Good News For Jetha - Taarak Mehta Ka Ooltah Chashmah -Ep 3659 - Full Episode - 4 Jan 2023,https://www.youtube.com/watch?v=bFLcvfx_FJY,Found
3660,Bagha's Date - Taarak Mehta Ka Ooltah Chashmah - Ep 3660 - Full Episode - 5 Jan 2023,https://www.youtube.com/watch?v=OC0B_eoBKqc,Found
3661,A Heart-Broken Bagha! - Taarak Mehta Ka Ooltah Chashmah -Ep 3661 - Full Episode - 6 Jan 2023,https://www.youtube.com/watch?v=43AAiwa8FYg,Found
3662,Jetha: The Kind One - Taarak Mehta Ka Ooltah Chashmah -Ep 3662 - Full Episode - 7 Jan 2023,https://www.youtube.com/watch?v=ll7l6FYjCKI,Found
3663,Badey Order Ki Tension - Taarak Mehta Ka Ooltah Chashmah -Ep 3663 - Full Episode - 9 Jan 2023,https://www.youtube.com/watch?v=CIzHaUCb8CU,Found
3664,Bagha Bhaag Gaya - Taarak Mehta Ka Ooltah Chashmah - Ep 3664 - Full Episode - 10 Jan 2023,https://www.youtube.com/watch?v=RjR87tR1F60,Found
3665,Bagha Ho Gaya Seedha - Taarak Mehta Ka Ooltah Chashmah - Ep 3665 - Full Episode - 11 Jan 2023,https://www.youtube.com/watch?v=wLF1lpLI49c,Found
3666,Party Sharty Ka Nateeja - Taarak Mehta Ka Ooltah Chashmah - Ep 3666 - Full Episode - 12 Jan 2023,https://www.youtube.com/watch?v=GE7czPWeS8k,Found
3667,Bagha Ki Zidd - Taarak Mehta Ka Ooltah Chashmah - Ep 3667 - Full Episode - 13 Jan 2023,https://www.youtube.com/watch?v=v7DuNQxj2W0,Found
3668,Nashe Mein Bagha - Taarak Mehta Ka Ooltah Chashmah - Ep 3668 - Full Episode - 14 Jan 2023,https://www.youtube.com/watch?v=CDCy5TL4AF8,Found
3669,Bawri Vapas Aagayi - Taarak Mehta Ka Ooltah Chashmah - Ep 3669 - Full Episode - 16 Jan 2023,https://www.youtube.com/watch?v=KqDWz10dGlo,Found
3670,50 TV Ki Delivery - Taarak Mehta Ka Ooltah Chashmah - Ep 3670 - Full Episode - 17 Jan 2023,https://www.youtube.com/watch?v=rOch1jEcik8,Found
3671,Jetha Ki Anghooti - Taarak Mehta Ka Ooltah Chashmah - Ep 3671 - Full Episode - 18 Jan 2023,https://www.youtube.com/watch?v=YLZL3gqicfE,Found
3672,Bawri's Surprise - Taarak Mehta Ka Ooltah Chashmah - Ep 3672 - Full Episode - 19 Jan 2023,https://www.youtube.com/watch?v=j6T1M4c8Ehc,Found
3673,Employee Aur Boss Ka Rishta - Taarak Mehta Ka Ooltah Chashmah - Ep 3673 - Full Episode - 20 Jan 2023,https://www.youtube.com/watch?v=yevfUPdflTc,Found
3674,Taarak's Boss Gives A Surprise - Taarak Mehta Ka Ooltah Chashmah- Ep 3674- Full Episode -21 Jan 2023,https://www.youtube.com/watch?v=QOCrmdTGPEA,Found
3675,Taarak Ki Good News - Taarak Mehta Ka Ooltah Chashmah- Ep 3675 - Full Episode - 23 Jan 2023,https://www.youtube.com/watch?v=kITNDzM5XTw,Found
3676,Yellow Shirt Ki Problem - Taarak Mehta Ka Ooltah Chashmah- Ep 3676 - Full Episode - 24 Jan 2023,https://www.youtube.com/watch?v=euD6bnhxceQ,Found
3677,Taarak Ki Akhri Ummeed - Taarak Mehta Ka Ooltah Chashmah - Ep 3677 - Full Episode - 25 Jan 2023,https://www.youtube.com/watch?v=eQf9-JId7i0,Found
3678,Taarak Ka Luck - Taarak Mehta Ka Ooltah Chashmah- Ep 3678 - Full Episode - 26 Jan 2023,https://www.youtube.com/watch?v=5-KyGQWhW78,Found
3679,Taarak Phas Gaya - Taarak Mehta Ka Ooltah Chashmah- Ep 3679 - Full Episode - 27 Jan 2023,https://www.youtube.com/watch?v=OGh_usU3jPQ,Found
3680,Taarak's Green Shirt - Taarak Mehta Ka Ooltah Chashmah- Ep 3680 - Full Episode - 28 Jan 2023,https://www.youtube.com/watch?v=aeKfgLYo4FM,Found
3681,Badey Guru Ji Ke Darshan - Taarak Mehta Ka Ooltah Chashmah- Ep 3681- Full Episode - 30 Jan 2023,https://www.youtube.com/watch?v=2_9LDKRv22Q,Found
3682,Badey Guru Ji Ki Advice - Taarak Mehta Ka Ooltah Chashmah- Ep 3682 - Full Episode - 31 Jan 2023,https://www.youtube.com/watch?v=GFdU7P6pq2I,Found
3683,Bapuji Ki Jaadui Chhadi - Taarak Mehta Ka Ooltah Chashmah - Ep 3683 - Full Episode - 1 Feb 2023,https://www.youtube.com/watch?v=JQ0_c0ZzGdM,Found
3684,Boss Ka Surprise - Taarak Mehta Ka Ooltah Chashmah- Ep 3684 - Full Episode - 2 Feb 2023,https://www.youtube.com/watch?v=59Fg8XS3q3I,Found
3685,Surprise Gift For Taarak - Taarak Mehta Ka Ooltah Chashmah - Ep 3685 - Full Episode - 3 Feb 2023,https://www.youtube.com/watch?v=XTBgJZQeAbE,Found
3686,Bade Guruji - Taarak Mehta Ka Ooltah Chashmah - Ep 3686 - Full Episode - 4 Feb 2023,https://www.youtube.com/watch?v=7q6C-uscOQk,Found
3687,Jhoot Ka Jaal - Taarak Mehta Ka Ooltah Chashmah - Ep 3687 - Full Episode - 6 Feb 2023,https://www.youtube.com/watch?v=LVkr-SEp7hk,Found
3688,Tapu Sena's Request - Taarak Mehta Ka Ooltah Chashmah - Ep 3688 - Full Episode - 7 Feb 2023,https://www.youtube.com/watch?v=QaSx0ZMuvUY,Found
3689,Bagha Ki Laparvahi - Taarak Mehta Ka Ooltah Chashmah - Ep 3689 - Full Episode - 8 Feb 2023,https://www.youtube.com/watch?v=kFBwR2Hb1yY,Found
3690,Bagha's Ghost Story - Taarak Mehta Ka Ooltah Chashmah - Ep 3690 - Full Episode - 9 Feb 2023,https://www.youtube.com/watch?v=XJJTp1TrgQI,Found
3691,Mystery Box In Gokuldham - Taarak Mehta Ka Ooltah Chashmah - Ep 3691 - Full Episode - 10 Feb 2023,https://www.youtube.com/watch?v=cpYUbuxNFIA,Found
3692,Prankster Of Gokuldham - Taarak Mehta Ka Ooltah Chashmah - Ep 3692 - Full Episode - 11 Feb 2023,https://www.youtube.com/watch?v=LN4JhFQJgT8,Found
3693,तूफ़ान आ गया है - Taarak Mehta Ka Ooltah Chashmah - Ep 3693 - Full Episode - Tapu Returns,https://www.youtube.com/watch?v=bB21PsG3P00,Found
3694,Toofan Aa Gaya Hai - Taarak Mehta Ka Ooltah Chashmah - Ep 3694 - Full Episode - 14 Feb 2023,https://www.youtube.com/watch?v=2OJVt9axZLw,Found
3695,Bhoot Ka Hungama - Taarak Mehta Ka Ooltah Chashmah - Ep 3695 - Full Episode - 15 Feb 2023,https://www.youtube.com/watch?v=Saie923tVys,Found
3696,Prankster Ki Shart - Taarak Mehta Ka Ooltah Chashmah - Ep 3696 - Full Episode - 16 Feb 2023,https://www.youtube.com/watch?v=DzvbajH2pT4,Found
3697,The Prankster Returns - Taarak Mehta Ka Ooltah Chashmah - Ep 3697 - Full Episode - 17 Feb 2023,https://www.youtube.com/watch?v=H5xa9sKJKJU,Found
3698,Tapu Ka Dhamakedaar Surprise- Taarak Mehta Ka Ooltah Chashmah - Ep 3698 - Full Episode - 18 Feb 2023,https://www.youtube.com/watch?v=mKnxbzkbGHY,Found
3699,Tapu Brings Gifts - Taarak Mehta Ka Ooltah Chashmah - Ep 3699 - Full Episode - 20 Feb 2023,https://www.youtube.com/watch?v=Z6LyjfdpJKI,Found
3700,Tapu Ka Style - Taarak Mehta Ka Ooltah Chashmah - Ep 3700 - Full Episode - 21 Feb 2023,https://www.youtube.com/watch?v=53LUAO5GKIs,Found
3701,Tapu Ka Result - Taarak Mehta Ka Ooltah Chashmah - Ep 3701 - Full Episode - 22 Feb 2023,https://www.youtube.com/watch?v=e_LtvPVqr8o,Found
3702,Gada Pariwaar Ki Nayi Bahu - Taarak Mehta Ka Ooltah Chashmah - Ep 3702 - Full Episode - 23 Feb 2023,https://www.youtube.com/watch?v=dpJH1ll0Vt0,Found
3703,Bhide Ka Sar Dard - Taarak Mehta Ka Ooltah Chashmah - Ep 3703 - Full Episode - 24 Feb 2023,https://www.youtube.com/watch?v=x93vbSm1mLc,Found
3704,Tapu Aur Champaklal Ka Dance- Taarak Mehta Ka Ooltah Chashmah - Ep 3704 - Full Episode - 25 Feb 2023,https://www.youtube.com/watch?v=CJxHArFRJ1Y,Found
3705,Babita Needs Help - Taarak Mehta Ka Ooltah Chashmah - Ep 3705 - Full Episode - 27 Feb 2023,https://www.youtube.com/watch?v=925kEDVggog,Found
3706,Jethalal Ki Pratigya - Taarak Mehta Ka Ooltah Chashmah - Ep 3706 - Full Episode - 28 Feb 2023,https://www.youtube.com/watch?v=6cTMKJFpWlQ,Found
3707,Profit Ka Dukh - Taarak Mehta Ka Ooltah Chashmah - Ep 3707 - Full Episode - 1 Mar 2023,https://www.youtube.com/watch?v=s4rz-1-uf9s,Found
3708,Search For The TV - Taarak Mehta Ka Ooltah Chashmah - Ep 3708 - Full Episode - 2 Mar 2023,https://www.youtube.com/watch?v=53bfclcQhok,Found
3709,Jethalal Ke Baal Khatre Mein Hai - Taarak Mehta Ka Ooltah Chashmah -Ep 3709-Full Episode -3 Mar 2023,https://www.youtube.com/watch?v=YeIalG1Ecm4,Found
3710,Jethalal Ka Promise - Taarak Mehta Ka Ooltah Chashmah - Ep 3710 - Full Episode - 4 Mar 2023,https://www.youtube.com/watch?v=A93c-D5Z0AY,Found
3711,Holi Ki Taiyyari - Taarak Mehta Ka Ooltah Chashmah - Ep 3711 - Full Episode - 6 Mar 2023,https://www.youtube.com/watch?v=dOCFunpOwwE,Found
3712,Holika Dahan In Gokuldham - Taarak Mehta Ka Ooltah Chashmah - Ep 3712 - Full Episode - 7 Mar 2023,https://www.youtube.com/watch?v=3MBbzhFPqVs,Found
3713,Tapu Sena Ke Holi Plans - Taarak Mehta Ka Ooltah Chashmah - Ep 3713 - Full Episode - 8 Mar 2023,https://www.youtube.com/watch?v=NwZ76QP7eSg,Found
3714,Hungame Vaali Holi - Taarak Mehta Ka Ooltah Chashmah - Ep 3714 - Full Episode - 9 Mar 2023,https://www.youtube.com/watch?v=sybSi4iOhGA,Found
3715,Tension Ke Rang - Taarak Mehta Ka Ooltah Chashmah - Ep 3715 - Full Episode - 10 Mar 2023,https://www.youtube.com/watch?v=ZrO6SPxZkPo,Found
3716,Khujli Powder Ka Sach - Taarak Mehta Ka Ooltah Chashmah - Ep 3716 - Full Episode - 11 Mar 2023,https://www.youtube.com/watch?v=e7JArmCeO7U,Found
3717,Aage Ki Soch - Taarak Mehta Ka Ooltah Chashmah - Ep 3717 - Full Episode - 13 Mar 2023,https://www.youtube.com/watch?v=Cxeey6iEycA,Found
3718,Baccho Ka Bhavishya - Taarak Mehta Ka Ooltah Chashmah - Ep 3718 - Full Episode - 14 Mar 2023,https://www.youtube.com/watch?v=t36Gl4BNeOc,Found
3719,NEW! Ep 3719 - Taarak Gives Advise To Tapu Sena?! | Taarak Mehta Ka Ooltah Chashmah | तारक मेहता,https://www.youtube.com/watch?v=uH_vwDtli5g,Found
3720,Baccho Ka Secret Project - Taarak Mehta Ka Ooltah Chashmah - Ep 3720 - Full Episode - 16 Mar 2023,https://www.youtube.com/watch?v=iyMthbQBg_c,Found
3721,Tapu Sena Ka Nimantran - Taarak Mehta Ka Ooltah Chashmah - Ep 3721 - Full Episode - 17 Mar 2023,https://www.youtube.com/watch?v=tbxo6tWBT5M,Found
3722,Bhide Hai Pareshaan - Taarak Mehta Ka Ooltah Chashmah - Ep 3722 - Full Episode - 18 Mar 2023,https://www.youtube.com/watch?v=t991COHzqAg,Found
3723,Program Ka Chief Guest - Taarak Mehta Ka Ooltah Chashmah - Ep 3723 - Full Episode - 20 Mar 2023,https://www.youtube.com/watch?v=x0eWrMTXX_M,Found
3724,Suspense Khatam Hua - Taarak Mehta Ka Ooltah Chashmah - Ep 3724 - Full Episode - 21 Mar 2023,https://www.youtube.com/watch?v=umSX7PBOT_Q,Found
3725,Manoranjan Ka Khazana - Taarak Mehta Ka Ooltah Chashmah - Ep 3725 - Full Episode - 22 Mar 2023,https://www.youtube.com/watch?v=V7Aq0Nb0hbs,Found
3726,Tapu Sena Ki Safalta - Taarak Mehta Ka Ooltah Chashmah - Ep 3726 - Full Episode - 23 Mar 2023,https://www.youtube.com/watch?v=1K7sl6etjgg,Found
3727,Rickshaw Kahan Hain? - Taarak Mehta Ka Ooltah Chashmah - Ep 3727 - Full Episode - 24 Mar 2023,https://www.youtube.com/watch?v=OPimISULOfU,Found
3728,Nayi Scheme - Taarak Mehta Ka Ooltah Chashmah - Ep 3728 - Full Episode - 25 Mar 2023,https://www.youtube.com/watch?v=jGU_-LzgOws,Found
3729,Gada Electronics Ki Scheme - Taarak Mehta Ka Ooltah Chashmah - Ep 3729 - Full Episode - 27 Mar 2023,https://www.youtube.com/watch?v=1yAKoct-YeE,Found
3730,Popatlal Calls Out On The Scheme- Taarak Mehta Ka Ooltah Chashmah - Ep 3730 - FE - 28 Mar 2023,https://www.youtube.com/watch?v=olk_H5IlxdY,Found
3731,Scheme Ke Liye Excitement - Taarak Mehta Ka Ooltah Chashmah - Ep 3731 - Full Episode - 29 Mar 2023,https://www.youtube.com/watch?v=3_ZlexXDMtw,Found
3732,Tapu Sena Ka Marketing Plan - Taarak Mehta Ka Ooltah Chashmah - Ep 3732 - Full Episode - 30 Mar 2023,https://www.youtube.com/watch?v=5N60cE0qfrc,Found
3733,Jethalal Gets Concerned - Taarak Mehta Ka Ooltah Chashmah - Ep 3733 - FE - 31 Mar 2023,https://www.youtube.com/watch?v=kms9GcVYCVU,Found
3734,Sale At Gada Electronics - Taarak Mehta Ka Ooltah Chashmah - Ep 3734 - FE - 1 Apr 2023,https://www.youtube.com/watch?v=YWneu_3EOGw,Found
3735,The Day Of The Scheme - Taarak Mehta Ka Ooltah Chashmah - Ep 3735 - FE - 3 Apr 2023,https://www.youtube.com/watch?v=7-tZ6-MSUy0,Found
3736,The Society Members Reach The Shop - Taarak Mehta Ka Ooltah Chashmah - Ep 3736 - FE - 4 Apr 2023,https://www.youtube.com/watch?v=Wy7wPR4A_ro,Found
3737,Chaalu Pandey Arrives At Gada Electronics - Taarak Mehta Ka Ooltah Chashmah -Ep 3737-FE - 5 Apr 2023,https://www.youtube.com/watch?v=HYtN7A9HVHU,Found
3738,NEW! Ep 3738 - Taarak Mehta Ka Ooltah Chashmah - Full Episode | तारक मेहता का उल्टा चश्मा,https://www.youtube.com/watch?v=LMAtP82ES4w,Found
3739,Kaash Mujhe Car Mil Jae - Taarak Mehta Ka Ooltah Chashmah - Ep 3739 - Full Episode - 7 Apr 2023,https://www.youtube.com/watch?v=8jOnwpydzmc,Found
3740,Lucky Draw Ka Din - Taarak Mehta Ka Ooltah Chashmah - Ep 3740 - Full Episode - 8 Apr 2023,https://www.youtube.com/watch?v=bso8RoJ_czE,Found
3741,Popatlal Wins The Honeymoon Coupon - Taarak Mehta Ka Ooltah Chashmah - Ep 3741 - FE - 10 Apr 2023,https://www.youtube.com/watch?v=uczRw57xbSM,Found
3742,Khushi Bhet - Taarak Mehta Ka Ooltah Chashmah - Ep 3742 - Full Episode - 11 Apr 2023,https://www.youtube.com/watch?v=d1bm1R3nvL4,Found
3743,Coupon Kahan Gaya? - Taarak Mehta Ka Ooltah Chashmah - Ep 3743 - Full Episode - 12 Apr 2023,https://www.youtube.com/watch?v=W6PxNE-UyE8,Found
3744,Taarak Warns Jethalal - Taarak Mehta Ka Ooltah Chashmah - Ep 3744 - Full Episode - 13 Apr 2023,https://www.youtube.com/watch?v=QVLfz5dN_ig,Found
3745,Is The Coupon At Risk? - Taarak Mehta Ka Ooltah Chashmah - Ep 3745 - Full Episode - 14 Apr 2023,https://www.youtube.com/watch?v=oyaqoCYEwQc,Found
3746,Car Coupon - Taarak Mehta Ka Ooltah Chashmah - Ep 3746 - Full Episode - 15 Apr 2023,https://www.youtube.com/watch?v=2LpkbPnKcbo,Found
3747,Babita Ka License - Taarak Mehta Ka Ooltah Chashmah - Ep 3747 - Full Episode - 17 Apr 2023,https://www.youtube.com/watch?v=jbBtC1jKJpQ,Found
3748,Sihayi Hatane Ka Idea - Taarak Mehta Ka Ooltah Chashmah - Ep 3748 - Full Episode - 18 Apr 2023,https://www.youtube.com/watch?v=mF7QpzmMx1Q,Found
3749,Taarak Ka Tedha Idea - Taarak Mehta Ka Ooltah Chashmah - Ep 3749 - Full Episode - 19 Apr 2023,https://www.youtube.com/watch?v=m8mNxKCUN98,Found
3750,Car Coupon Ka Sach - Taarak Mehta Ka Ooltah Chashmah - Ep 3750 - Full Episode - 20 Apr 2023,https://www.youtube.com/watch?v=6e-ec-Lust8,Found
3751,Sachai Ki Raah - Taarak Mehta Ka Ooltah Chashmah - Ep 3751 - Full Episode - 21 Apr 2023,https://www.youtube.com/watch?v=KzKWzf1RBW4,Found
3752,Babita Ki Narazgi - Taarak Mehta Ka Ooltah Chashmah - Ep 3752 - Full Episode - 22 Apr 2023,https://www.youtube.com/watch?v=SLrWknaur74,Found
3753,Taarak And Jethalal Are Stressed - Taarak Mehta Ka Ooltah Chashmah - Ep 3753 - FE - 24 Apr 2023,https://www.youtube.com/watch?v=oHIypjNjcZg,Found
3754,Jethalal Is Restless - Taarak Mehta Ka Ooltah Chashmah - Ep 3754 - FE - 25 Apr 2023,https://www.youtube.com/watch?v=W9HW9MGTKgw,Found
3755,Dukh Dayak Samachar - Taarak Mehta Ka Ooltah Chashmah - Ep 3755 - FE - 26 Apr 2023,https://www.youtube.com/watch?v=UmhUCvGrjj4,Found
3756,Jethalal Ka Khat - Taarak Mehta Ka Ooltah Chashmah - Ep 3756 - FE - 27 Apr 2023,https://www.youtube.com/watch?v=xKDWCWDiUT4,Found
3757,Iyer Ke Liye Surprise - Taarak Mehta Ka Ooltah Chashmah - Ep 3757 - FE - 28 Apr 2023,https://www.youtube.com/watch?v=ki8rAKHlN7Q,Found
3758,Car Ka Golmol - Taarak Mehta Ka Ooltah Chashmah - Ep 3758 - FE - 29 Apr 2023,https://www.youtube.com/watch?v=7tPaix32Whw,Found
3759,Jethalal's Letter - Taarak Mehta Ka Ooltah Chashmah - Ep 3759 - FE - 01 May 2023,https://www.youtube.com/watch?v=vaqeDvzV-0A,Found
3760,Chamatkari Baba - Taarak Mehta Ka Ooltah Chashmah - Ep 3760 - FE - 02 May 2023,https://www.youtube.com/watch?v=Nvqk_Kkvrp8,Found
3761,Babita Ke Car Ka Sapna Hua Poora - Taarak Mehta Ka Ooltah Chashmah - Ep 3761 - FE - 3 May 2023,https://www.youtube.com/watch?v=Cbe2S-XwURM,Found
3762,Surprise Gift - Taarak Mehta Ka Ooltah Chashmah - Ep 3762 - FE - 4 May 2023,https://www.youtube.com/watch?v=5h_W1Nsq77I,Found
3763,Bhide Gets Protective - Taarak Mehta Ka Ooltah Chashmah - Ep 3763 - FE - 5 May 2023,https://www.youtube.com/watch?v=Folu7ebfhg4,Found
3764,Jasoos Bhide - Taarak Mehta Ka Ooltah Chashmah - Ep 3764 - Full Episode - 6 May 2023,https://www.youtube.com/watch?v=Es6gpzXlT9E,Found
3765,Tapu Ka Proposal - Taarak Mehta Ka Ooltah Chashmah - Ep 3765 - FE - 8 May 2023,https://www.youtube.com/watch?v=ODwG3P29f7s,Found
3766,NEW! Ep 3766 - Taarak Mehta Ka Ooltah Chashmah - Full Episode | तारक मेहता का उल्टा चश्मा,https://www.youtube.com/watch?v=UH0uLzPpinI,Found
3767,Problem Kya Hai? | Taarak Mehta Ka Ooltah Chashmah | Ep 3767 | FE | 10 May 2023,https://www.youtube.com/watch?v=7sv_rc5WR7A,Found
3768,NEW! Ep 3768 - Taarak Mehta Ka Ooltah Chashmah - Full Episode | तारक मेहता का उल्टा चश्मा,https://www.youtube.com/watch?v=ReEpgrZOCIo,Found
3769,Bhide Ki Asli Baat | Taarak Mehta Ka Ooltah Chashmah | Ep 3769 | Full Episode | 12 May 2023,https://www.youtube.com/watch?v=m37ZyJIS_p8,Found
3770,Popatlal Ki Shaadi Ki Charcha | Taarak Mehta Ka Ooltah Chashmah |Ep 3770 | Full Episode| 13 May 2023,https://www.youtube.com/watch?v=bKP0_z20_Z4,Found
3771,Hasi Khushi Se Raho | Taarak Mehta Ka Ooltah Chashmah | Ep 3771 | Full Episode | 15 May 2023,https://www.youtube.com/watch?v=Rf_RxZEbYjc,Found
3772,Popatlal Is Hurt | Taarak Mehta Ka Ooltah Chashmah | Ep 3772 | Full Episode | 16 May 2023,https://www.youtube.com/watch?v=xi_0DemEfFE,Found
3773,Matchmaker Vinu Kaka | Taarak Mehta Ka Ooltah Chashmah | Ep 3773 | Full Episode | 17 May 2023,https://www.youtube.com/watch?v=1HnIISIWvrE,Found
3774,Kuch Pao Aur Kuch Kho | Taarak Mehta Ka Ooltah Chashmah | Ep 3774 | Full Episode | 18 May 2023,https://www.youtube.com/watch?v=gD2zLD3yik4,Found
3775,Beheno Ka Decision | Taarak Mehta Ka Ooltah Chashmah | Ep 3775 | Full Episode | 19 May 2023,https://www.youtube.com/watch?v=qn9NcBNkFeo,Found
3776,P Se Naam | Taarak Mehta Ka Ooltah Chashmah | Ep 3776 | Full Episode | 20 May 2023,https://www.youtube.com/watch?v=d66Mv6afMqY,Found
3777,Name Voting | Taarak Mehta Ka Ooltah Chashmah | Ep 3777 | Full Episode | 22 May 2023,https://www.youtube.com/watch?v=lVmXIlN2PK4,Found
3778,NEW! Ep 3778 - Taarak Mehta Ka Ooltah Chashmah - Full Episode | तारक मेहता का उल्टा चश्मा,https://www.youtube.com/watch?v=98A332VmnnU,Found
3779,Unlucky Name | Taarak Mehta Ka Ooltah Chashmah | Ep 3779 | Full Episode | 24 May 2023,https://www.youtube.com/watch?v=rVmEa_Rdczo,Found
3780,Alvida Popatlal | Taarak Mehta Ka Ooltah Chashmah | Ep 3780 | Full Episode | 25 May 2023,https://www.youtube.com/watch?v=kn2rxMd5NMI,Found
3781,Pyaarelal Ka Purse | Taarak Mehta Ka Ooltah Chashmah | Ep 3781 | Full Episode | 26 May 2023,https://www.youtube.com/watch?v=elbmkjOi4vA,Found
3782,Rishta Aa Gaya | Taarak Mehta Ka Ooltah Chashmah | Ep 3782 | Full Episode | 27 May 2023,https://www.youtube.com/watch?v=vtnjoBpwmb0,Found
3783,Do Do Rishte - Taarak Mehta Ka Ooltah Chashmah - Ep 3783 - Full Episode - 29 May 2023,https://www.youtube.com/watch?v=W7H134Js_yg,Found
3784,Ek Ghante Ki Meeting | Taarak Mehta Ka Ooltah Chashmah | Ep 3784 | Full Episode | 30 May 2023,https://www.youtube.com/watch?v=aAOGE_qWdh8,Found
3785,Sapna Ka Jawab | Taarak Mehta Ka Ooltah Chashmah | Ep 3785 | Full Episode | 31 May 2023,https://www.youtube.com/watch?v=67_Xg32QqQg,Found
3786,Sapna Ya Kalpana? | Taarak Mehta Ka Ooltah Chashmah | Ep 3786 | Full Episode | 1 June 2023,https://www.youtube.com/watch?v=cSbKQMbVGN0,Found
3787,Hum Dono Ki Haan Hai | Taarak Mehta Ka Ooltah Chashmah | Ep 3787 | Full Episode | 2 June 2023,https://www.youtube.com/watch?v=6_DO2yVQxc8,Found
3788,1 Popatlal -2 Shaadi Ke Rishte | Taarak Mehta Ka Ooltah Chashmah |Ep 3788 |Full Episode |3 June 2023,https://www.youtube.com/watch?v=GCIRlvfPexw,Found
3789,Tapu Sena Ka Idea | Taarak Mehta Ka Ooltah Chashmah | Ep 3789 | Full Episode | 5 June 2023,https://www.youtube.com/watch?v=nRBOq_BgtIw,Found
3790,Pyaarelal Under Pressure | Taarak Mehta Ka Ooltah Chashmah | Ep 3790 | Full Episode | 6 June 2023,https://www.youtube.com/watch?v=lK2FkbrGbhw,Found
3791,Pyaarelal Ke Bahane | Taarak Mehta Ka Ooltah Chashmah | Ep 3791 | Full Episode | 7 June 2023,https://www.youtube.com/watch?v=SApvk89gEso,Found
3792,Bohot Sara Khaana | Taarak Mehta Ka Ooltah Chashmah | Ep 3792 | Full Episode | 8 June 2023,https://www.youtube.com/watch?v=iXWESU9iW7o,Found
3793,6 Baje Wali Samasya | Taarak Mehta Ka Ooltah Chashmah | Ep 3793 | Full Episode | 9 June 2023,https://www.youtube.com/watch?v=M4s0uG6hvT0,Found
3794,Yellow Or Blue? | Taarak Mehta Ka Ooltah Chashmah | Ep 3794 | Full Episode | 10 June 2023,https://www.youtube.com/watch?v=KgSsKflAyzI,Found
3795,Pyaarelal Ka Shagun | Taarak Mehta Ka Ooltah Chashmah | Ep 3795 | Full Episode | 12 June 2023,https://www.youtube.com/watch?v=IldfQ7fRtPQ,Found
3796,Pyaarelal Ke Khushi Ka Din | Taarak Mehta Ka Ooltah Chashmah | Ep 3796 | Full Episode | 13 June 2023,https://www.youtube.com/watch?v=x7lu9xTeHuk,Found
3797,Kalpana Ka Final Decision | Taarak Mehta Ka Ooltah Chashmah | Ep 3797 | Full Episode | 14 June 2023,https://www.youtube.com/watch?v=jGmbR9YRF_A,Found
3798,Yellow Shagun Ceremony | Taarak Mehta Ka Ooltah Chashmah | Ep 3798 | Full Episode | 15 June 2023,https://www.youtube.com/watch?v=Vos2E9j4cjk,Found
3799,Sapna Ki Love Story | Taarak Mehta Ka Ooltah Chashmah | Ep 3799 | Full Episode | 16 June 2023,https://www.youtube.com/watch?v=yEhXf8Q_2P4,Found
3800,Tapu Sena Ki Outstation Trip | Taarak Mehta Ka Ooltah Chashmah |Ep 3800 |Full Episode | 17 June 2023,https://www.youtube.com/watch?v=zPE8lR6gOpo,Found
3801,Leave Ki Permission | Taarak Mehta Ka Ooltah Chashmah | Ep 3801 | Full Episode | 19 June 2023,https://www.youtube.com/watch?v=CWOawkBVa8g,Found
3802,Bagha Ka Idea | Taarak Mehta Ka Ooltah Chashmah | Ep 3802 | Full Episode | 20 June 2023,https://www.youtube.com/watch?v=NnFmpB1q9l4,Found
3803,Boss Ki Permission | Taarak Mehta Ka Ooltah Chashmah | Ep 3803 | Full Episode | 21 June 2023,https://www.youtube.com/watch?v=YEDFBhaDT6c,Found
3804,Taarak Ka Special Day | Taarak Mehta Ka Ooltah Chashmah | Ep 3804 | Full Episode | 22 June 2023,https://www.youtube.com/watch?v=F32A2yEjdis,Found
3805,Important Meeting Ki Tyaari | Taarak Mehta Ka Ooltah Chashmah | Ep 3805 | Full Episode| 23 June 2023,https://www.youtube.com/watch?v=XlVrnlyqmgw,Found
3806,Bagha Is Well Prepared | Taarak Mehta Ka Ooltah Chashmah | Ep 3806 | Full Episode| 24 June 2023,https://www.youtube.com/watch?v=6aJArQQwy7E,Found
3807,Meeting Ke Liye Taiyyar Hain| Taarak Mehta Ka Ooltah Chashmah | Ep 3807 | Full Episode| 26 June 2023,https://www.youtube.com/watch?v=HHQ7l3AuoiY,Found
3808,Jethalal Ke Priya Mitra | Taarak Mehta Ka Ooltah Chashmah | Ep 3808 | Full Episode | 27 June 2023,https://www.youtube.com/watch?v=l9U6J_Xzq4k,Found
3809,FULL EPISODE! 3809 - Taarak Mehta Ka Ooltah Chashmah - Full Episode | तारक मेहता का उल्टा चश्मा,https://www.youtube.com/watch?v=mqO0mLZ8jFA,Found
3810,Wakeel Ka Number | Taarak Mehta Ka Ooltah Chashmah | Ep 3810 | Full Episode | 29 June 2023,https://www.youtube.com/watch?v=Ie5c9F6p6bM,Found
3811,Bagha Bana Vakeel | Taarak Mehta Ka Ooltah Chashmah | Ep 3811 | Full Episode | 30 June 2023,https://www.youtube.com/watch?v=noYXyRp1FpY,Found
3812,Mall Ke Daam | Taarak Mehta Ka Ooltah Chashmah | Ep 3812 | Full Episode | 1 July 2023,https://www.youtube.com/watch?v=YDhq-bHzmZI,Found
3813,Daya Ki Yaad | Taarak Mehta Ka Ooltah Chashmah | Ep 3813 | Full Episode | 3 July 2023,https://www.youtube.com/watch?v=QzrQzUGJyPY,Found
3814,Sundar In Trouble | Taarak Mehta Ka Ooltah Chashmah | Ep 3814 | Full Episode | 4 July 2023,https://www.youtube.com/watch?v=AoNoU8UQj3A,Found
3815,Jethalal Ko Mila Bhoot | Taarak Mehta Ka Ooltah Chashmah | Ep 3815 | Full Episode | 5 July 2023,https://www.youtube.com/watch?v=wcOEuzZ3-o4,Found
3816,Bin Bulaye Mehman | Taarak Mehta Ka Ooltah Chashmah | Ep 3816 | Full Episode | 6 July 2023,https://www.youtube.com/watch?v=tDnkta9yw2Y,Found
3817,Ghost Show | Taarak Mehta Ka Ooltah Chashmah | Ep 3817 | Full Episode | 7 July 2023,https://www.youtube.com/watch?v=-bFCsGaWPPk,Found
3818,Sundar's Friend's Loan | Taarak Mehta Ka Ooltah Chashmah | Ep 3818 | Full Episode | 8 July 2023,https://www.youtube.com/watch?v=STADifwluxg,Found
3819,Ek Bhayanak Sapna | Taarak Mehta Ka Ooltah Chashmah | Ep 3819 | Full Episode | 10 July 2023,https://www.youtube.com/watch?v=TFfMKt9Ud5g,Found
3820,Surprise Ka Secret | Taarak Mehta Ka Ooltah Chashmah | Ep 3820 | Full Episode | 11 July 2023,https://www.youtube.com/watch?v=1ImADAm6Sgo,Found
3821,Sundar Ka Start-Up | Taarak Mehta Ka Ooltah Chashmah | Ep 3821 | Full Episode | 12 July 2023,https://www.youtube.com/watch?v=IvC1vTii4zU,Found
3822,Jethalal Tries To Run | Taarak Mehta Ka Ooltah Chashmah | Ep 3822 | Full Episode | 13 July 2023,https://www.youtube.com/watch?v=mFyZ3DauFLY,Found
3823,Jethalal Ki Doosri Shaadi | Taarak Mehta Ka Ooltah Chashmah | Ep 3823 | Full Episode | 14 July 2023,https://www.youtube.com/watch?v=PsJoPFSD2Ig,Found
3824,Doosri Shaadi Ke Sapne | Taarak Mehta Ka Ooltah Chashmah | Ep 3824 | Full Episode | 15 July 2023,https://www.youtube.com/watch?v=rDt_WB6yA-4,Found
3825,Daya Ke Wapas Aane Ki News | Taarak Mehta Ka Ooltah Chashmah | Ep 3825 | Full Episode | 17 July 2023,https://www.youtube.com/watch?v=PDhkhQfe2ys,Found
3826,Iyer Ki Good News | Taarak Mehta Ka Ooltah Chashmah | Ep 3826 | Full Episode | 18 July 2023,https://www.youtube.com/watch?v=VE0j61NXHxk,Found
3827,Jethalal Ka Wrong Guess | Taarak Mehta Ka Ooltah Chashmah | Ep 3827 | Full Episode | 19 July 2023,https://www.youtube.com/watch?v=U2M11X7VYI8,Found
3828,Jethalal Bribes Goli | Taarak Mehta Ka Ooltah Chashmah | Ep 3828 | Full Episode | 20 July 2023,https://www.youtube.com/watch?v=dFl6LZZpqfE,Found
3829,Bazigar Iyer | Taarak Mehta Ka Ooltah Chashmah | Ep 3829 | Full Episode | 21 July 2023,https://www.youtube.com/watch?v=_icYFes-yY0,Found
3830,Car Ki Tamanna | Taarak Mehta Ka Ooltah Chashmah | Ep 3830 | Full Episode | 22 July 2023,https://www.youtube.com/watch?v=L7pi4Z00v-U,Found
3831,Toofani Din | Taarak Mehta Ka Ooltah Chashmah | Ep 3831 | Full Episode | 24 July 2023,https://www.youtube.com/watch?v=Yl4anIvkckg,Found
3832,Barsat Mein Pareshani | Taarak Mehta Ka Ooltah Chashmah | Ep 3832 | Full Episode | 25 July 2023,https://www.youtube.com/watch?v=5EV-pb53cmc,Found
3833,Haso Hasao Divas | Taarak Mehta Ka Ooltah Chashmah | Ep 3833 | Full Episode | 26 July 2023,https://www.youtube.com/watch?v=pvnTAHatDSM,Found
3834,Bade Bhi Bane Bacche | Taarak Mehta Ka Ooltah Chashmah | Ep 3834 | Full Episode | 27 July 2023,https://www.youtube.com/watch?v=_3OlUXXhqi4,Found
3835,Bhagwan Krishna Ki Gokul Nagri | Taarak Mehta Ka Ooltah Chashmah | Ep 3835 | FE | 28 July 2023,https://www.youtube.com/watch?v=W38oIKExeoU,Found
3836,Khushiyon Ke 15 Saal | Taarak Mehta Ka Ooltah Chashmah | Ep 3836 | Full Episode | 29 July 2023,https://www.youtube.com/watch?v=yQFAV1X2GiY,Found
3837,Champaklal Plays Pool | Taarak Mehta Ka Ooltah Chashmah | Ep 3837 | Full Episode | 31 July 2023,https://www.youtube.com/watch?v=wFDiiWFVqCY,Found
3838,Mehenge Tamatar | Taarak Mehta Ka Ooltah Chashmah | Ep 3838 | Full Episode | 1 Aug 2023,https://www.youtube.com/watch?v=zc-s2trbuB0,Found
3839,Tamatar Ka Achaar | Taarak Mehta Ka Ooltah Chashmah | Ep 3839 | Full Episode | 2 Aug 2023,https://www.youtube.com/watch?v=GFiGYonZSVY,Found
3840,Tamatar Milna Hua Mushkil | Taarak Mehta Ka Ooltah Chashmah | Ep 3840 | Full Episode | 3 Aug 2023,https://www.youtube.com/watch?v=rZzSzvQGx3E,Found
3841,Tempo Mein Tamatar | Taarak Mehta Ka Ooltah Chashmah | Ep 3841 | Full Episode | 4 Aug 2023,https://www.youtube.com/watch?v=09L9sendUPM,Found
3842,Tamatar Ne Badhai Tension | Taarak Mehta Ka Ooltah Chashmah | Ep 3842 | Full Episode | 5 Aug 2023,https://www.youtube.com/watch?v=33ADQzB73Y8,Found
3843,Tamatar Ki Chori | Taarak Mehta Ka Ooltah Chashmah | Ep 3843 | Full Episode | 7 Aug 2023,https://www.youtube.com/watch?v=3Av0pt3hvYE,Found
3844,Kon Hai Tamatar Chor? | Taarak Mehta Ka Ooltah Chashmah | Ep 3844 | Full Episode | 8 Aug 2023,https://www.youtube.com/watch?v=kQypTtslGxQ,Found
3845,Nau Do Gyaara | Taarak Mehta Ka Ooltah Chashmah | Ep 3845 | Full Episode | 9 Aug 2023,https://www.youtube.com/watch?v=unyXAzwzdww,Found
3846,Padosi Ne Ki Padosi Ki Madad |Taarak Mehta Ka Ooltah Chashmah | Ep 3846 | Full Episode | 10 Aug 2023,https://www.youtube.com/watch?v=Ou1c8s6O6R4,Found
3847,FULL EPISODE! 3847 - Taarak Mehta Ka Ooltah Chashmah - NEW Episodes | तारक मेहता का उल्टा चश्मा,https://www.youtube.com/watch?v=1XlXVmH5eK4,Found
3848,Time Par Order Ready | Taarak Mehta Ka Ooltah Chashmah | Ep 3848 | Full Episode | 12 Aug 2023,https://www.youtube.com/watch?v=rQouRKxpu64,Found
3849,FULL EPISODE! 3849 - Taarak Mehta Ka Ooltah Chashmah - NEW Episodes | तारक मेहता का उल्टा चश्मा,https://www.youtube.com/watch?v=8zQL9QAgkic,Found
3850,Bhide VS Tapu Sena | Taarak Mehta Ka Ooltah Chashmah | Ep 3850 | Full Episode | 15 Aug 2023,https://www.youtube.com/watch?v=lY_UwE8cGxQ,Found
3851,Saare Bhartiya Bhai Bhai | Taarak Mehta Ka Ooltah Chashmah | Ep 3851 | Full Episode | 16 Aug 2023,https://www.youtube.com/watch?v=7kzvjsg5Dgs,Found
3852,Long Drive Ke Sapne | Taarak Mehta Ka Ooltah Chashmah | Ep 3852 | Full Episode | 17 Aug 2023,https://www.youtube.com/watch?v=Fv-8yjt1E8Q,Found
3853,Chintamani | Taarak Mehta Ka Ooltah Chashmah | Ep 3853 | Full Episode | 18 Aug 2023,https://www.youtube.com/watch?v=wi4qzUj5DtE,Found
3854,FULL EPISODE! 3854 - Taarak Mehta Ka Ooltah Chashmah - NEW Episodes | तारक मेहता का उल्टा चश्मा,https://www.youtube.com/watch?v=5OMG-YoEUBY,Found
3855,Champaklal Is Sick | Taarak Mehta Ka Ooltah Chashmah | Ep 3855 | Full Episode | 21 Aug 2023,https://www.youtube.com/watch?v=6F9VRN-RCu4,Found
3856,FULL EPISODE! 3856 - Taarak Mehta Ka Ooltah Chashmah - NEW Episodes | तारक मेहता का उल्टा चश्मा,https://www.youtube.com/watch?v=kSDdjvr1UZI,Found
3857,Chintamani Piche Padh Gaya | Taarak Mehta Ka Ooltah Chashmah | Ep 3857 | Full Episode | 23 Aug 2023,https://www.youtube.com/watch?v=VRswv6E4DKc,Found
3858,Danger Bhai | Taarak Mehta Ka Ooltah Chashmah | Ep 3858 | Full Episode | 24 Aug 2023,https://www.youtube.com/watch?v=_EaSRt2bm74,Found
3859,Danger Bhai से लड़ने के लिए Bapuji और Bhide लाए घर से बर्तन | Taarak Mehta Ka Ooltah Chashmah,https://www.youtube.com/watch?v=ozBvPzCYESM,Found
3860,Danger Bhai से लड़ने के लिए Bapuji और Bhide लाए घर से बर्तन | Taarak Mehta Ka Ooltah Chashmah,https://www.youtube.com/watch?v=ozBvPzCYESM,Found
3861,Taarak Mehta Ka Ooltah Chashmah Episode 3861/तारक मेहता का उलता चश्मा 😀😀,https://www.youtube.com/watch?v=-DtL1GjuXaQ,Found
3862,Danger Bhai से लड़ने के लिए Bapuji और Bhide लाए घर से बर्तन | Taarak Mehta Ka Ooltah Chashmah,https://www.youtube.com/watch?v=ozBvPzCYESM,Found
3863,FULL EPISODE! 3863 - Taarak Mehta Ka Ooltah Chashmah - NEW Episodes | तारक मेहता का उल्टा चश्मा,https://www.youtube.com/watch?v=H_8-DjiZe8w,Found
3864,Galat Dawai Ki Kahani | Taarak Mehta Ka Ooltah Chashmah | Ep 3864 | Full Episode | 31 Aug 2023,https://www.youtube.com/watch?v=2HpZHAhkGAI,Found
3865,FULL EPISODE! 3865 - Taarak Mehta Ka Ooltah Chashmah - NEW Episodes | तारक मेहता का उल्टा चश्मा,https://www.youtube.com/watch?v=EDon8yhKvVI,Found
3866,Jetha Ke Peeth Piche Hua Drama| Taarak Mehta Ka Ooltah Chashmah | Ep 3866| Full Episode | 2 Sep 2023,https://www.youtube.com/watch?v=LRCLV3HqlLU,Found
3867,Bhagwat Geeta Ka Shlok | Taarak Mehta Ka Ooltah Chashmah | Ep 3867 | Full Episode | 4 Sep 2023,https://www.youtube.com/watch?v=YjcYKiZmapk,Found
3868,Tapu Ki Maafi | Taarak Mehta Ka Ooltah Chashmah | Ep 3868 | Full Episode | 5 Sep 2023,https://www.youtube.com/watch?v=vhyoqp24-rM,Found
3869,Iccha Purti Matki | Taarak Mehta Ka Ooltah Chashmah | Ep 3869 | Full Episode | 6 Sep 2023,https://www.youtube.com/watch?v=zvnjt-vhlUE,Found
3870,Emergency Society Meeting | Taarak Mehta Ka Ooltah Chashmah | Ep 3870 | Full Episode | 7 Sep 2023,https://www.youtube.com/watch?v=05DNttPMAqA,Found
3871,Matki Phodne Ka Decision | Taarak Mehta Ka Ooltah Chashmah | Ep 3871 | Full Episode | 8 Sep 2023,https://www.youtube.com/watch?v=0pGGYiz0UqE,Found
3872,Gokuldham Janmashtami Mahotsav |Taarak Mehta Ka Ooltah Chashmah | Ep 3872| Full Episode | 9 Sep 2023,https://www.youtube.com/watch?v=pPAvS-DwX90,Found
3873,Iccha Purti Matki Ke Rules | Taarak Mehta Ka Ooltah Chashmah | Ep 3873 | Full Episode | 11 Sep 2023,https://www.youtube.com/watch?v=xKGL2Ft-xLQ,Found
3874,Ek Pareshaan Parivar | Taarak Mehta Ka Ooltah Chashmah | Ep 3874 | Full Episode | 12 Sep 2023,https://www.youtube.com/watch?v=oPrEmffOEf4,Found
3875,कौन फोड़ेगा Iccha Purti मटकी? | Taarak Mehta Ka Ooltah Chashmah |Ep 3875 | Full Episode |13 Sep 2023,https://www.youtube.com/watch?v=VstiXR0A41I,Found
3876,FULL EPISODE! 3876 - Taarak Mehta Ka Ooltah Chashmah - NEW Episodes | तारक मेहता का उल्टा चश्मा,https://www.youtube.com/watch?v=g9mkAQ1cJtw,Found
3877,B.K. Su | Taarak Mehta Ka Ooltah Chashmah | Ep 3877 | Full Episode | 15 Sep 2023,https://www.youtube.com/watch?v=QMMIBJ7EJ9c,Found
3878,Paryushan Ki Shuruaat | Taarak Mehta Ka Ooltah Chashmah | Ep 3878 | Full Episode | 16 Sep 2023,https://www.youtube.com/watch?v=TXVlnq068Yg,Found
3879,Imaandari | Taarak Mehta Ka Ooltah Chashmah | Ep 3879 | Full Episode | 18 Sep 2023,https://www.youtube.com/watch?v=t7XsLat47kw,Found
3880,Workload Se Pareshaan | Taarak Mehta Ka Ooltah Chashmah | Ep 3880 | Full Episode | 19 Sep 2023,https://www.youtube.com/watch?v=rkCLKDEx4Hs,Found
3881,Manager Naam Ki Tension | Taarak Mehta Ka Ooltah Chashmah | Ep 3881 | Full Episode | 20 Sep 2023,https://www.youtube.com/watch?v=3Iz9DShLytE,Found
3882,Badla Bartav | Taarak Mehta Ka Ooltah Chashmah | Ep 3882 | Full Episode | 21 Sep 2023,https://www.youtube.com/watch?v=vT4dyu-Z1cw,Found
3883,Bawri Ki Pariksha | Taarak Mehta Ka Ooltah Chashmah | Ep 3883 | Full Episode | 22 Sep 2023,https://www.youtube.com/watch?v=OXDtx-C4iSY,Found
3884,Payment Mila Ya Nahi? | Taarak Mehta Ka Ooltah Chashmah | Ep 3884 | Full Episode | 23 Sep 2023,https://www.youtube.com/watch?v=aC-WDxpw1B0,Found
3885,Freelancer Bawri | Taarak Mehta Ka Ooltah Chashmah | Ep 3885 | Full Episode | 25 Sep 2023,https://www.youtube.com/watch?v=wO6Vu8AZTD0,Found
3886,Kharab Speaker | Taarak Mehta Ka Ooltah Chashmah | Ep 3886 | Full Episode | 26 Sep 2023,https://www.youtube.com/watch?v=VMfUuv3Tlwc,Found
3887,Secret Decoration | Taarak Mehta Ka Ooltah Chashmah | Ep 3887 | Full Episode | 27 Sep 2023,https://www.youtube.com/watch?v=A8gGwAB6Qt4,Found
3888,FULL EPISODE! 3888 - Taarak Mehta Ka Ooltah Chashmah - NEW Episodes | तारक मेहता का उल्टा चश्मा,https://www.youtube.com/watch?v=SX7LMCrhF9c,Found
3889,Sonu Ki Surprise Performance | Taarak Mehta Ka Ooltah Chashmah | Ep 3889 |Full Episode | 29 Sep 2023,https://www.youtube.com/watch?v=VYSD-J_9Ros,Found
3890,FULL EPISODE! 3890 - Taarak Mehta Ka Ooltah Chashmah - NEW Episodes | तारक मेहता का उल्टा चश्मा,https://www.youtube.com/watch?v=sLDy_-dNeUs,Found
3891,Bhagwan Ke Abhushan Ki Raksha | Taarak Mehta Ka Ooltah Chashmah | Ep 3891 |Full Episode | 2 Oct 2023,https://www.youtube.com/watch?v=5tXJpb2fhes,Found
3892,FULL EPISODE! 3892 - Taarak Mehta Ka Ooltah Chashmah - NEW Episodes | तारक मेहता का उल्टा चश्मा,https://www.youtube.com/watch?v=aOlI8w0k9vU,Found
3893,Anghoti Mil Gayi | Taarak Mehta Ka Ooltah Chashmah | Ep 3893 | Full Episode | 4 Oct 2023,https://www.youtube.com/watch?v=U2ng3Y03IqU,Found
3894,Anjali And Babita's Dance | Taarak Mehta Ka Ooltah Chashmah | Ep 3894 | Full Episode | 5 Oct 2023,https://www.youtube.com/watch?v=J7KrduHZ4GE,Found
3895,Ganpati Ki Param Bhakt | Taarak Mehta Ka Ooltah Chashmah | Ep 3895 | Full Episode | 6 Oct 2023,https://www.youtube.com/watch?v=TzBUEAPwkjY,Found
3896,Bhakti Ka Vachan | Taarak Mehta Ka Ooltah Chashmah | Ep 3896 | Full Episode | 7 Oct 2023,https://www.youtube.com/watch?v=yKKj7SPJZYI,Found
3897,Zidd Ya Bhakti? | Taarak Mehta Ka Ooltah Chashmah | Ep 3897 | Full Episode | 9 Oct 2023,https://www.youtube.com/watch?v=XKsFTuOR9Ek,Found
3898,FULL EPISODE! 3898 - Taarak Mehta Ka Ooltah Chashmah - NEW Episodes | तारक मेहता का उल्टा चश्मा,https://www.youtube.com/watch?v=UA-WAylq8M8,Found
3899,Goli Ka Naya Roop | Taarak Mehta Ka Ooltah Chashmah | Ep 3899 | Full Episode | 11 Oct 2023,https://www.youtube.com/watch?v=zvhonu5M1kQ,Found
3900,Bhakti Ka Sapna Hua Poora | Taarak Mehta Ka Ooltah Chashmah | Ep 3900 | Full Episode | 12 Oct 2023,https://www.youtube.com/watch?v=uKMeTUDh1Mw,Found
3901,FULL EPISODE! 3901 - Taarak Mehta Ka Ooltah Chashmah - NEW Episodes | तारक मेहता का उल्टा चश्मा,https://www.youtube.com/watch?v=HZAI_GnGKgM,Found
3902,Gokuldham Is Blessed | Taarak Mehta Ka Ooltah Chashmah | Ep 3902 | Full Episode | 14 Oct 2023,https://www.youtube.com/watch?v=y-1mxyPuFjU,Found
3903,Gir Pade Bapuji | Taarak Mehta Ka Ooltah Chashmah | Ep 3903 | Full Episode | 16 Oct 2023,https://www.youtube.com/watch?v=ot_IqiRi0Xo,Found
3904,FULL EPISODE! 3904 - Taarak Mehta Ka Ooltah Chashmah - NEW Episodes | तारक मेहता का उल्टा चश्मा,https://www.youtube.com/watch?v=VGEgrOWYFvo,Found
3905,Babita Bani Mediator | Taarak Mehta Ka Ooltah Chashmah | Ep 3905 | Full Episode | 18 Oct 2023,https://www.youtube.com/watch?v=3uJCaKcxADA,Found
3906,Vicky Ka Cheque | Taarak Mehta Ka Ooltah Chashmah | Ep 3906 | Full Episode | 19 Oct 2023,https://www.youtube.com/watch?v=_ZWQqDx2JDA,Found
3907,Shiny Dandiya Sticks | Taarak Mehta Ka Ooltah Chashmah | Ep 3907 | Full Episode | 20 Oct 2023,https://www.youtube.com/watch?v=q4Ixa-TV6MM,Found
3908,Ziddi Box | Taarak Mehta Ka Ooltah Chashmah | Ep 3908 | Full Episode | 21 Oct 2023,https://www.youtube.com/watch?v=3_LeCYnWciA,Found
3909,Navratri Ke Liya Budget Nahi Hai | Taarak Mehta Ka Ooltah Chashmah | Full Episode 3909 | 23 Oct 2023,https://www.youtube.com/watch?v=W3iH9gsSlMU,Found
3910,Sabse Pehele Aya Jethalal | Taarak Mehta Ka Ooltah Chashmah | Ep 3910 | Full Episode | 24 Oct 2023,https://www.youtube.com/watch?v=QUHjsreG9q0,Found
3911,Bina Budget Ki Navratri | Taarak Mehta Ka Ooltah Chashmah | Ep 3911 | Full Episode | 25 Oct 2023,https://www.youtube.com/watch?v=J7G6PISLZig,Found
3912,Artists Kaha Hai? | Taarak Mehta Ka Ooltah Chashmah | Ep 3912 | Full Episode | 26 Oct 2023,https://www.youtube.com/watch?v=TDCheCB6fi4,Found
3913,Cheque Pass Hoga Ya Nahi? | Taarak Mehta Ka Ooltah Chashmah | Ep 3913 | Full Episode | 27 Oct 2023,https://www.youtube.com/watch?v=e4Z4StZ1tC8,Found
3914,FULL EPISODE! 3914 - Taarak Mehta Ka Ooltah Chashmah - NEW Episodes | तारक मेहता का उल्टा चश्मा,https://www.youtube.com/watch?v=7-q3eRM8uTo,Found
3915,Gift Ki Khoj | Taarak Mehta Ka Ooltah Chashmah | Ep 3915 | Full Episode | 30 Oct 2023,https://www.youtube.com/watch?v=J-KrIWPUT1s,Found
3916,The Perfect Gift | Taarak Mehta Ka Ooltah Chashmah | Ep 3916 | Full Episode | 31 Oct 2023,https://www.youtube.com/watch?v=5mOvbUZgazo,Found
3917,Babita Ka Mushkil Gift | Taarak Mehta Ka Ooltah Chashmah | Ep 3917 | Full Episode | 1 Nov 2023,https://www.youtube.com/watch?v=z88vAzXZZ5U,Found
3918,Chand Par Zameen | Taarak Mehta Ka Ooltah Chashmah | Ep 3918 | Full Episode | 2 Nov 2023,https://www.youtube.com/watch?v=QcctpGGwrs4,Found
3919,NASA Se Call | Taarak Mehta Ka Ooltah Chashmah | Ep 3919 | Full Episode | 3 Nov 2023,https://www.youtube.com/watch?v=1yDH6Oy1_o8,Found
3920,Moon Residential Program | Taarak Mehta Ka Ooltah Chashmah | Ep 3920 | Full Episode | 4 Nov 2023,https://www.youtube.com/watch?v=7TGski6TB_E,Found
3921,Chand Par Padosi | Taarak Mehta Ka Ooltah Chashmah | Ep 3921 | Full Episode | 6 Nov 2023,https://www.youtube.com/watch?v=g9BV3B5wTHM,Found
3922,Jetha Ka Zabardast Surprise | Taarak Mehta Ka Ooltah Chashmah | Ep 3922 | Full Episode | 7 Nov 2023,https://www.youtube.com/watch?v=9uYbfj9uXTo,Found
3923,Babita Ke Liye Best Gift | Taarak Mehta Ka Ooltah Chashmah | Ep 3923 | Full Episode | 8 Nov 2023,https://www.youtube.com/watch?v=KycDoad0xUE,Found
3924,Sapna Reh Gaya Sapna | Taarak Mehta Ka Ooltah Chashmah | Ep 3924 | Full Episode | 9 Nov 2023,https://www.youtube.com/watch?v=M01jLQzv5oA,Found
3925,Jethalal Ka Sapna Toota | Taarak Mehta Ka Ooltah Chashmah | Ep 3925 | Full Episode | 10 Nov 2023,https://www.youtube.com/watch?v=tLsZTXB0A-s,Found
3926,Jethalal's Surprise Gift | Taarak Mehta Ka Ooltah Chashmah | Ep 3926 | Full Episode | 11 Nov 2023,https://www.youtube.com/watch?v=Rp4q3RGNj38,Found
3927,Diwali Ki Tayariyan | Taarak Mehta Ka Ooltah Chashmah | Ep 3927 | Full Episode | 13 Nov 2023,https://www.youtube.com/watch?v=kQ767TCwVgo,Found
3928,Diwali Ka Maahol | Taarak Mehta Ka Ooltah Chashmah | Ep 3928 | Full Episode | 14 Nov 2023,https://www.youtube.com/watch?v=3Iik0TOfzZM,Found
3929,Surprise Dham | Taarak Mehta Ka Ooltah Chashmah | Ep 3929 | Full Episode | 15 Nov 2023,https://www.youtube.com/watch?v=b5AqHSdTkwk,Found
3930,Sundar Ko Phone Lagao | Taarak Mehta Ka Ooltah Chashmah | Ep 3930 | Full Episode | 16 Nov 2023,https://www.youtube.com/watch?v=vTPAXT7Dpz4,Found
3931,Jethalal Gets Impatient | Taarak Mehta Ka Ooltah Chashmah | Ep 3931 | Full Episode | 17 Nov 2023,https://www.youtube.com/watch?v=o2PtX3BkJbw,Found
3932,Sundar Ka Waada | Taarak Mehta Ka Ooltah Chashmah | Ep 3932 | Full Episode | 18 Nov 2023,https://www.youtube.com/watch?v=AT1HC5C1oPc,Found
3933,Apradhi Jethalal | Taarak Mehta Ka Ooltah Chashmah | Ep 3933 | Full Episode | 20 Nov 2023,https://www.youtube.com/watch?v=ySZTIaEUosw,Found
3934,Jethalal Ne Kara Kya Hai? | Taarak Mehta Ka Ooltah Chashmah | Ep 3934 | Full Episode | 21 Nov 2023,https://www.youtube.com/watch?v=vl3b1MsU7Es,Found
3935,Reason Kya Hai? | Taarak Mehta Ka Ooltah Chashmah | Ep 3935 | Full Episode | 22 Nov 2023,https://www.youtube.com/watch?v=gbpbrFHXWxk,Found
3936,FULL EPISODE! 3936 - Taarak Mehta Ka Ooltah Chashmah - NEW Episodes | तारक मेहता का उल्टा चश्मा,https://www.youtube.com/watch?v=TJA2WcsjOq8,Found
3937,ACP Ki Biwi Ko Di Dhamki | Taarak Mehta Ka Ooltah Chashmah | Ep 3937 | Full Episode | 24 Nov 2023,https://www.youtube.com/watch?v=97QAyDhrs14,Found
3938,Jethalal Ke Khilaaf Complaint| Taarak Mehta Ka Ooltah Chashmah| Ep 3938 | Full Episode | 25 Nov 2023,https://www.youtube.com/watch?v=T6K1jDiJAuA,Found
3939,Misunderstanding Clear Karo | Taarak Mehta Ka Ooltah Chashmah | Ep 3939 | Full Episode | 27 Nov 2023,https://www.youtube.com/watch?v=nQdT2GqI768,Found
3940,Kiski Galti Hai? | Taarak Mehta Ka Ooltah Chashmah | Ep 3940 | Full Episode | 28 Nov 2023,https://www.youtube.com/watch?v=ZMa0zBkzqCs,Found
3941,Daya Ke Aane Ki Khushi | Taarak Mehta Ka Ooltah Chashmah | Ep 3941 | Full Episode | 29 Nov 2023,https://www.youtube.com/watch?v=q4NR32sbtqE,Found
3942,Sundar Ka Vaada | Taarak Mehta Ka Ooltah Chashmah | Ep 3942 | Full Episode | 30 Nov 2023,https://www.youtube.com/watch?v=nEMJT2lxwLU,Found
3943,Sundar Ka Intezaar | Taarak Mehta Ka Ooltah Chashmah | Ep 3943 | Full Episode | 1 Dec 2023,https://www.youtube.com/watch?v=urclNoHNHA8,Found
3944,FULL EPISODE! 3944 - Taarak Mehta Ka Ooltah Chashmah - NEW Episodes | तारक मेहता का उल्टा चश्मा,https://www.youtube.com/watch?v=3t3lCfrKBvA,Found
3945,Daya Bhabhi Kaha Hai? | Taarak Mehta Ka Ooltah Chashmah | Ep 3945 | Full Episode | 4 Dec 2023,https://www.youtube.com/watch?v=hcS7_xVLNz4,Found
3946,Daya Ka Intezaar | Taarak Mehta Ka Ooltah Chashmah | Ep 3946 | Full Episode | 5 Dec 2023,https://www.youtube.com/watch?v=DbcWAkVxiso,Found
3947,Khush Rehne Ka Secret | Taarak Mehta Ka Ooltah Chashmah | Ep 3947 | Full Episode | 6 Dec 2023,https://www.youtube.com/watch?v=0OZCgTHcz7k,Found
3948,Sakharam Ko Lagi Chot | Taarak Mehta Ka Ooltah Chashmah | Ep 3948 | Full Episode | 7 Dec 2023,https://www.youtube.com/watch?v=sWc2PS6Gu-M,Found
3949,Sodhi's Anniversary | Taarak Mehta Ka Ooltah Chashmah | Ep 3949 | Full Episode | 8 Dec 2023,https://www.youtube.com/watch?v=ULbNPDZhKEs,Found
3950,Anniversary Ki Taiyyari | Taarak Mehta Ka Ooltah Chashmah | Ep 3950 | Full Episode | 9 Dec 2023,https://www.youtube.com/watch?v=C63Pqkw4b0I,Found
3951,Sodhi Parties With His Friends |Taarak Mehta Ka Ooltah Chashmah |Ep 3951 |Full Episode | 11 Dec 2023,https://www.youtube.com/watch?v=5eZJMB2Hsvk,Found
3952,Museebat Mein Yaad Kiya Hai | Taarak Mehta Ka Ooltah Chashmah | Ep 3952 | Full Episode | 12 Dec 2023,https://www.youtube.com/watch?v=2gr03DWc-T8,Found
3953,Roshan Returns To Gokuldham | Taarak Mehta Ka Ooltah Chashmah | Ep 3953 | Full Episode | 13 Dec 2023,https://www.youtube.com/watch?v=Zs9myrrkgHw,Found
3954,Planning Sodhi's Escape | Taarak Mehta Ka Ooltah Chashmah | Ep 3954 | Full Episode | 14 Dec 2023,https://www.youtube.com/watch?v=Wn7E_Tt-0D4,Found
3955,Kya Sodhi Ka Jooth Pakda Jayega?| Taarak Mehta Ka Ooltah Chashmah | Full Episode 3955 | 15 Dec 2023,https://www.youtube.com/watch?v=46P5siKtTWY,Found
3956,Bhide Ki Chinta | Taarak Mehta Ka Ooltah Chashmah | Full Episode 3956 | 16 Dec 2023,https://www.youtube.com/watch?v=lBAAMayzuJg,Found
3957,Sodhi Ka Jhooth Pakda Gaya | Taarak Mehta Ka Ooltah Chashmah | Full Episode 3957 | 18 Dec 2023,https://www.youtube.com/watch?v=mvYv7laBgZk,Found
3958,Sodhi Kaha Hai | Taarak Mehta Ka Ooltah Chashmah | Full Episode 3958 | 19 Dec 2023,https://www.youtube.com/watch?v=dbMIAm0GV3I,Found
3959,Jethalal Bhi Hai Gayab | Taarak Mehta Ka Ooltah Chashmah | Full Episode 3959 | 20 Dec 2023,https://www.youtube.com/watch?v=v1-pUi4O-Is,Found
3960,Roshan Ghar Chor Kar Mat Jao | Taarak Mehta Ka Ooltah Chashmah | Full Episode 3960 | 21 Dec 2023,https://www.youtube.com/watch?v=iwLDH9xqkhQ,Found
3961,Sodhi Aur Roshan Ki Sulha | Taarak Mehta Ka Ooltah Chashmah | Full Episode 3961 | 22 Dec 2023,https://www.youtube.com/watch?v=4JpybbiIRH4,Found
3962,Anniversary Ki Mithaas | Taarak Mehta Ka Ooltah Chashmah | Full Episode 3962 | 23 Dec 2023,https://www.youtube.com/watch?v=0JPFNotUGH8,Found
3963,Sodhi Aur Roshan Ki Party | Taarak Mehta Ka Ooltah Chashmah | Full Episode 3963 | 25 Dec 2023,https://www.youtube.com/watch?v=8lE29fSWTXY,Found
3964,Tapu Sena Ka Idea | Taarak Mehta Ka Ooltah Chashmah | Full Episode 3964 | 26 Dec 2023,https://www.youtube.com/watch?v=5BshmEsGvUk,Found
3965,Meeting Ka Reason | Taarak Mehta Ka Ooltah Chashmah | Full Episode 3965 | 27 Dec 2023,https://www.youtube.com/watch?v=rtKM_e1oKds,Found
3966,Fine Dena Hoga | Taarak Mehta Ka Ooltah Chashmah | Full Episode 3966 | 28 Dec 2023,https://www.youtube.com/watch?v=aIARabEr8ac,Found
3967,Chit Uthao | Taarak Mehta Ka Ooltah Chashmah | Full Episode 3967 | 29 Dec 2023,https://www.youtube.com/watch?v=EgL1rcVgCw8,Found
3968,FULL EPISODE! 3968 - Taarak Mehta Ka Ooltah Chashmah - NEW Episodes | तारक मेहता का उल्टा चश्मा,https://www.youtube.com/watch?v=-juKSd4lIn8,Found
3969,FULL EPISODE! 3969 - Taarak Mehta Ka Ooltah Chashmah - NEW Episodes | तारक मेहता का उल्टा चश्मा,https://www.youtube.com/watch?v=b1Mn_um_nPM,Found
3970,Gift Uthao | Taarak Mehta Ka Ooltah Chashmah | Full Episode 3970 | 2 Jan 2024,https://www.youtube.com/watch?v=lCs0AAhKLZ4,Found
3971,Acche Aur Bure Gifts | Taarak Mehta Ka Ooltah Chashmah | Full Episode 3971 | 3 Jan 2024,https://www.youtube.com/watch?v=BIpqKlftxiU,Found
3972,Kisne Diya Gift? | Taarak Mehta Ka Ooltah Chashmah | Full Episode 3972 | 4 Jan 2024,https://www.youtube.com/watch?v=7LJiMDswA7g,Found
3973,Pichle Saal Ke Events | Taarak Mehta Ka Ooltah Chashmah | Full Episode 3973 | 5 Jan 2024,https://www.youtube.com/watch?v=woLsEdnIX-k,Found
3974,Naye Saal Ka Josh | Taarak Mehta Ka Ooltah Chashmah | Full Episode 3974 | 6 Jan 2024,https://www.youtube.com/watch?v=y4Qe0xDyf5I,Found
3975,Jagah Kam Aur Saman Zyada | Taarak Mehta Ka Ooltah Chashmah | Full Episode 3975 | 8 Jan 2024,https://www.youtube.com/watch?v=pE49Bh8iBrQ,Found
3976,Purana Saman Pheko | Taarak Mehta Ka Ooltah Chashmah | Full Episode 3976 | 9 Jan 2024,https://www.youtube.com/watch?v=IoOTlrhPJ1U,Found
3977,Purana Saman Pheko | Taarak Mehta Ka Ooltah Chashmah | Full Episode 3977 | 10 Jan 2024,https://www.youtube.com/watch?v=ZiytMxuLXEs,Found
3978,Goli's Wise Advice | Taarak Mehta Ka Ooltah Chashmah | Full Episode 3978 | 11 Jan 2024,https://www.youtube.com/watch?v=ezJxgA_LFBs,Found
3979,Popatlal Maan Gaya | Taarak Mehta Ka Ooltah Chashmah | Full Episode 3979 | 12 Jan 2024,https://www.youtube.com/watch?v=ojJvb68NIFo,Found
3980,Bhide Ki Anmol Yaadein | Taarak Mehta Ka Ooltah Chashmah | Full Episode 3980 | 13 Jan 2024,https://www.youtube.com/watch?v=3vfbTAbrdtw,Found
3981,Bhide Gets His Things Back | Taarak Mehta Ka Ooltah Chashmah | Full Episode 3981 | 15 Jan 2024,https://www.youtube.com/watch?v=OVLU8ZUEKfM,Found
3982,Sodhi Ki Gadi Ruk Gayi | Taarak Mehta Ka Ooltah Chashmah | Full Episode 3982 | 16 Jan 2024,https://www.youtube.com/watch?v=oD_5eHCUXQY,Found
3983,Sher Kharab Ho Gaya | Taarak Mehta Ka Ooltah Chashmah | Full Episode 3983 | 17 Jan 2024,https://www.youtube.com/watch?v=1hvmtD5qH7s,Found
3984,Sher Ko Kara Repair | Taarak Mehta Ka Ooltah Chashmah | Full Episode 3984 | 18 Jan 2024,https://www.youtube.com/watch?v=58pKrBndt54,Found
3985,Tapu Sena Helps Popatlal | Taarak Mehta Ka Ooltah Chashmah | Full Episode 3985 | 19 Jan 2024,https://www.youtube.com/watch?v=afzS7X3I9P8,Found
3986,Popatlal Ki Date | Taarak Mehta Ka Ooltah Chashmah | Full Episode 3986 | 20 Jan 2024,https://www.youtube.com/watch?v=x-K7PMQN2Ao,Found
3987,Jethalal Has Jalebi And Fafda | Taarak Mehta Ka Ooltah Chashmah | Full Episode 3987 | 22 Jan 2024,https://www.youtube.com/watch?v=Touhl7wTWR0,Found
3988,FULL EPISODE! 3988 - Taarak Mehta Ka Ooltah Chashmah - NEW Episodes | तारक मेहता का उल्टा चश्मा,https://www.youtube.com/watch?v=Ui6fw4DW2Tk,Found
3989,Gaddi Band Ho Gayi | Taarak Mehta Ka Ooltah Chashmah | Full Episode 3989 | 24 Jan 2024,https://www.youtube.com/watch?v=fWvchec5QJM,Found
3990,Gaddi Kaha Hai? | Taarak Mehta Ka Ooltah Chashmah | Full Episode 3990 | 25 Jan 2024,https://www.youtube.com/watch?v=7NZLuanxae8,Found
3991,FULL EPISODE! 3991 - Taarak Mehta Ka Ooltah Chashmah - NEW Episodes | तारक मेहता का उल्टा चश्मा,https://www.youtube.com/watch?v=6dUTYr0OgtY,Found
3992,Sher Ki Missing Complaint | Taarak Mehta Ka Ooltah Chashmah | Full Episode 3992 | 27 Jan 2024,https://www.youtube.com/watch?v=DfhgqwkMI9M,Found
3993,Inspector Pandey Looks For Sodhi's Car|Taarak Mehta Ka Ooltah Chashmah|Full Episode 3993|29 Jan 2024,https://www.youtube.com/watch?v=T4abqkFoFRo,Found
3994,Inspector Pandey Is Angry | Taarak Mehta Ka Ooltah Chashmah | Full Episode 3994 | 30 Jan 2024,https://www.youtube.com/watch?v=6Wu4wGGnjrY,Found
3995,FULL EPISODE! 3995 - Taarak Mehta Ka Ooltah Chashmah - NEW Episodes | तारक मेहता का उल्टा चश्मा,https://www.youtube.com/watch?v=1uLg97II1tY,Found
3996,Sodhi's New Car | Taarak Mehta Ka Ooltah Chashmah | Full Episode 3996 | 1 Feb 2024,https://www.youtube.com/watch?v=xHO2CjxXWRg,Found
3997,Sodhi Ke Naye Number | Taarak Mehta Ka Ooltah Chashmah | Full Episode 3997 | 2 Feb 2024,https://www.youtube.com/watch?v=5zsbtRhrHIo,Found
3998,Permanent Number Ka Celebration | Taarak Mehta Ka Ooltah Chashmah | Full Episode 3998 | 3 Feb 2024,https://www.youtube.com/watch?v=q9XrzU0VPWw,Found
3999,Sodhi Ki Nayi Gaadi | Taarak Mehta Ka Ooltah Chashmah | Full Episode 3999 | 5 Feb 2024,https://www.youtube.com/watch?v=15iPYRUp7iE,Found
4000,4000 Episodes Ki Khushi | Taarak Mehta Ka Ooltah Chashmah | Full Episode 4000 | 6 Feb 2024,https://www.youtube.com/watch?v=4EaZbZ-nsok,Found
4001,4000 Episodes Ki Journey | Taarak Mehta Ka Ooltah Chashmah | Full Episode 4001 | 7 Feb 2024,https://www.youtube.com/watch?v=oyJymhE4gEQ,Found
4002,Bhide Ke Liye Surprise | Taarak Mehta Ka Ooltah Chashmah | Full Episode 4002 | 8 Feb 2024,https://www.youtube.com/watch?v=Yavwzarz_bA,Found
4003,Online Scams Se Bacho | Taarak Mehta Ka Ooltah Chashmah | Full Episode 4003 | 9 Feb 2024,https://www.youtube.com/watch?v=FebwoENdsH0,Found
4004,Madhavi's Surprise | Taarak Mehta Ka Ooltah Chashmah | Full Episode 4004 | 10 Feb 2024,https://www.youtube.com/watch?v=_76U04Vwh3I,Found
4005,Madhavi Ko Scam Karne Ki Koshish | Taarak Mehta Ka Ooltah Chashmah | Full Episode 4005 | 12 Feb 2024,https://www.youtube.com/watch?v=SZt6QtR793s,Found
4006,Madhavi Ka Parcel | Taarak Mehta Ka Ooltah Chashmah | Full Episode 4006 | 13 Feb 2024,https://www.youtube.com/watch?v=efCeHzJIix8,Found
4007,Cyber Crime Unit Helps Madhavi | Taarak Mehta Ka Ooltah Chashmah | Full Episode 4007 | 14 Feb 2024,https://www.youtube.com/watch?v=j4isjF-9eTw,Found
4008,Madhavi Lies To Bhide | Taarak Mehta Ka Ooltah Chashmah | Full Episode 4008 | 15 Feb 2024,https://www.youtube.com/watch?v=tMCbeV-TbMw,Found
4009,Fake Chain For Bhide | Taarak Mehta Ka Ooltah Chashmah | Full Episode 4009 | 16 Feb 2024,https://www.youtube.com/watch?v=l5neF8TbPhw,Found
4010,Search For The Scammer | Taarak Mehta Ka Ooltah Chashmah | Full Episode 4010 | 17 Feb 2024,https://www.youtube.com/watch?v=EIPR_Iq_mfg,Found
4011,Scammer Ko Pakadna Hoga | Taarak Mehta Ka Ooltah Chashmah | Full Episode 4011 | 19 Feb 2024,https://www.youtube.com/watch?v=_bhOfu7cXZM,Found
4012,FULL EPISODE! 4012 - Taarak Mehta Ka Ooltah Chashmah - NEW Episodes | तारक मेहता का उल्टा चश्मा,https://www.youtube.com/watch?v=UfJ2-QCNpGw,Found
4013,Mahila Mandal Ko Chain Dekhni Hai| Taarak Mehta Ka Ooltah Chashmah | Full Episode 4013 | 21 Feb 2024,https://www.youtube.com/watch?v=cJE5UH0gQc8,Found
4014,FULL EPISODE! 4014 - Jethalal Ko Ho Raha Hai Late?! | Taarak Mehta Ka Ooltah Chashmah - NEW Episodes,https://www.youtube.com/watch?v=AOu46bDyUV8,Found
4015,Jethalal And Iyer Banne Police | Taarak Mehta Ka Ooltah Chashmah | Full Episode 4015 | 23 Feb 2024,https://www.youtube.com/watch?v=kNLDTvnDMtQ,Found
4016,Nakli Police Ka Mission | Taarak Mehta Ka Ooltah Chashmah | Full Episode 4016 | 24 Feb 2024,https://www.youtube.com/watch?v=1OVk32wV7WQ,Found
4017,Tattoo Wala Clue | Taarak Mehta Ka Ooltah Chashmah | Full Episode 4017 | 26 Feb 2024,https://www.youtube.com/watch?v=tcx-AxZM7E4,Found
4018,Tattoo Artist Ki Help Chahiye Hai | Taarak Mehta Ka Ooltah Chashmah |Full Episode 4018 | 27 Feb 2024,https://www.youtube.com/watch?v=lwNQscXmfTY,Found
4019,Scammer Ko Diya Lalach | Taarak Mehta Ka Ooltah Chashmah | Full Episode 4019 | 28 Feb 2024,https://www.youtube.com/watch?v=5pRmuaMMQrc,Found
4020,Scammer Pakda Gaya | Taarak Mehta Ka Ooltah Chashmah | Full Episode 4020 | 29 Feb 2024,https://www.youtube.com/watch?v=gGlKvfBvgNk,Found
4021,Jethalal And Iyer In Danger | Taarak Mehta Ka Ooltah Chashmah | Full Episode 4021 | 1 Mar 2024,https://www.youtube.com/watch?v=2kYXHnf2GZc,Found
4022,Popatlal Ka Janam Din | Taarak Mehta Ka Ooltah Chashmah | Full Episode 4022 | 2 Mar 2024,https://www.youtube.com/watch?v=a81knIshREU,Found
4023,Popatlal Akela Rahega | Taarak Mehta Ka Ooltah Chashmah | Full Episode 4023 | 4 Mar 2024,https://www.youtube.com/watch?v=oCTW1t54c6g,Found
4024,Akele Mein Birthday | Taarak Mehta Ka Ooltah Chashmah | Full Episode 4024 | 5 Mar 2024,https://www.youtube.com/watch?v=2pgpkVPtDp0,Found
4025,FULL EPISODE! 4025 - Jethalal Ne Kyu Mangi Mafi?! | Taarak Mehta Ka Ooltah Chashmah,https://www.youtube.com/watch?v=HAJPRw6k3X4,Found
4026,Important Sting Operation | Taarak Mehta Ka Ooltah Chashmah | Full Episode 4026 | 7 Mar 2024,https://www.youtube.com/watch?v=ZhkuM7LYF2Q,Found
4027,Popatlal Ne Bhes Badla | Taarak Mehta Ka Ooltah Chashmah | Full Episode 4027 | 8 Mar 2024,https://www.youtube.com/watch?v=PxwcBbjp04M,Found
4028,Surprise Party For Popatlal | Taarak Mehta Ka Ooltah Chashmah | Full Episode 4028 | 9 Mar 2024,https://www.youtube.com/watch?v=V7Zsxhc4F-g,Found
4029,Popatlal Bachayega Paise | Taarak Mehta Ka Ooltah Chashmah | Full Episode 4029 | 11 Mar 2024,https://www.youtube.com/watch?v=UlUQjloQ0SA,Found
4030,Asli Ya Nakli Delivery Boy | Taarak Mehta Ka Ooltah Chashmah | Full Episode 4030 | 12 Mar 2024,https://www.youtube.com/watch?v=bEK_qoO7siY,Found
4031,Kiska Parcel Hai? | Taarak Mehta Ka Ooltah Chashmah | Full Episode 4031 | 13 Mar 2024,https://www.youtube.com/watch?v=rU_AqMa3tPU,Found
4032,OTP Chahiye Hai | Taarak Mehta Ka Ooltah Chashmah | Full Episode 4032 | 14 Mar 2024,https://www.youtube.com/watch?v=Pmmb35JTSsc,Found
4033,Commissioner Se Panga | Taarak Mehta Ka Ooltah Chashmah | Full Episode 4033 | 15 Mar 2024,https://www.youtube.com/watch?v=DCwFetbP14U,Found
4034,Adhunik Duniya Ke Nuksaan | Taarak Mehta Ka Ooltah Chashmah | Full Episode 4034 | 16 Mar 2024,https://www.youtube.com/watch?v=Qk9j49MBAC8,Found
4035,Taarak Ka Half-Day | Taarak Mehta Ka Ooltah Chashmah | Full Episode 4035 | 18 Mar 2024,https://www.youtube.com/watch?v=6oW_grwjR50,Found
4036,Holi Par Bach Kar Raho | Taarak Mehta Ka Ooltah Chashmah | Full Episode 4036 | 19 Mar 2024,https://www.youtube.com/watch?v=EfnQbZyyfkM,Found
4037,Tapu Sena Ne Sikhaya Sabak | Taarak Mehta Ka Ooltah Chashmah | Full Episode 4037 | 20 Mar 2024,https://www.youtube.com/watch?v=c4YAywZ2Ve8,Found
4038,Holi Celebration Ki Shuruat | Taarak Mehta Ka Ooltah Chashmah | Full Episode 4038 | 21 Mar 2024,https://www.youtube.com/watch?v=aUHq2IkDVZI,Found
4039,Gokuldham Wasiyo Ki Kavita | Taarak Mehta Ka Ooltah Chashmah | Full Episode 4039 | 22 Mar 2024,https://www.youtube.com/watch?v=KcH6KZ9OYfA,Found
4040,Trouble At Holi Celebration | Taarak Mehta Ka Ooltah Chashmah | Full Episode 4040 | 23 Mar 2024,https://www.youtube.com/watch?v=yXNaF7asTXU,Found
4041,Sonu In Danger | Taarak Mehta Ka Ooltah Chashmah | Full Episode 4041 | 25 Mar 2024,https://www.youtube.com/watch?v=N0NYdYVjXns,Found
4042,Bawri Ke Parents Aa Gaye | Taarak Mehta Ka Ooltah Chashmah | Full Episode 4042 | 26 Mar 2024,https://www.youtube.com/watch?v=LWaHDgml7Bk,Found
4043,FULL EPISODE! 4043 - April Fool Ki Shuruwat ?! | Taarak Mehta Ka Ooltah Chashmah,https://www.youtube.com/watch?v=C6a2FbO1MU4,Found
4044,April Fool Ki Planning | Taarak Mehta Ka Ooltah Chashmah | Full Episode 4044 | 28 Mar 2024,https://www.youtube.com/watch?v=wmx3gxYdB8U,Found
4045,Sabke Alag Bahane | Taarak Mehta Ka Ooltah Chashmah | Full Episode 4045 | 29 Mar 2024,https://www.youtube.com/watch?v=qaoQ6-d0iGY,Found
4046,Clubhouse Mein Party Sharty | Taarak Mehta Ka Ooltah Chashmah | Full Episode 4046 | 30 Mar 2024,https://www.youtube.com/watch?v=cA6xhee1Qms,Found
4047,Popatlal Ne Kari Complain | Taarak Mehta Ka Ooltah Chashmah | Full Episode 4047 | 1 April 2024,https://www.youtube.com/watch?v=o1IZ0VmrcYw,Found
4048,Champaklal Is Back | Taarak Mehta Ka Ooltah Chashmah | Full Episode 4048 | 2 April 2024,https://www.youtube.com/watch?v=ZLlc16Yov_o,Found
4049,Sharbat Ya Sharab? | Taarak Mehta Ka Ooltah Chashmah | Full Episode 4049 | 3 April 2024,https://www.youtube.com/watch?v=80p61AExCQw,Found
4050,Prank Ulta Padh Gaya | Taarak Mehta Ka Ooltah Chashmah | Full Episode 4050 | 4 April 2024,https://www.youtube.com/watch?v=b5YC9Elmcgw,Found
4051,Bapuji Hue AC Se Uncomfortable | Taarak Mehta Ka Ooltah Chashmah | Full Episode 4051 | 5 April 2024,https://www.youtube.com/watch?v=_8InseIiCrI,Found
4052,Electrician Jethalal | Taarak Mehta Ka Ooltah Chashmah | Full Episode 4052 | 6 April 2024,https://www.youtube.com/watch?v=RVuHi06OrSk,Found
4053,Jethalal Calls Bagha For Help | Taarak Mehta Ka Ooltah Chashmah | Full Episode 4053 | 8 April 2024,https://www.youtube.com/watch?v=stnH8UY5mjI,Found
4054,Naya AC Lelo | Taarak Mehta Ka Ooltah Chashmah | Full Episode 4054 | 9 April 2024,https://www.youtube.com/watch?v=BMe44o5-hug,Found
4055,Iyer Ka Mazak | Taarak Mehta Ka Ooltah Chashmah | Full Episode 4055 | 10 April 2024,https://www.youtube.com/watch?v=fjs-Zcvgo9k,Found
4056,Tapu Prepares Breakfast | Taarak Mehta Ka Ooltah Chashmah | Full Episode 4056 | 11 April 2024,https://www.youtube.com/watch?v=z01k7l9HR-g,Found
4057,Jethalal Ki Important Meeting | Taarak Mehta Ka Ooltah Chashmah | Full Episode 4057 | 12 April 2024,https://www.youtube.com/watch?v=K5waNCr_FDg,Found
4058,Bawri's Apology | Taarak Mehta Ka Ooltah Chashmah | Full Episode 4058 | 13 April 2024,https://www.youtube.com/watch?v=pA21TVuhhcc,Found
4059,Bawri Ki Entry Hui Band | Taarak Mehta Ka Ooltah Chashmah | Full Episode 4059 | 15 April 2024,https://www.youtube.com/watch?v=Xv37uTv-l5U,Found
4060,Bawri In Gada Electronics | Taarak Mehta Ka Ooltah Chashmah | Full Episode 4060 | 16 April 2024,https://www.youtube.com/watch?v=I6kfNyxfp0M,Found
4061,Warehouse Mein Kon Hai? | Taarak Mehta Ka Ooltah Chashmah | Full Episode 4061 | 17 April 2024,https://www.youtube.com/watch?v=mVnxw8BmoS0,Found
4062,Gokuldham Mein Hai Pooja | Taarak Mehta Ka Ooltah Chashmah | Full Episode 4062 | 18 April 2024,https://www.youtube.com/watch?v=pJPSKJu5QsQ,Found
4063,Bawri In Disguise | Taarak Mehta Ka Ooltah Chashmah | Full Episode 4063 | 19 April 2024,https://www.youtube.com/watch?v=Wu0n8X4GTp4,Found
4064,The Plan To Catch Bawri | Taarak Mehta Ka Ooltah Chashmah | Full Episode 4064 | 20 April 2024,https://www.youtube.com/watch?v=nDFb0nMm5Eo,Found
4065,Bawri's New Attempt | Taarak Mehta Ka Ooltah Chashmah | Full Episode 4065 | 22 April 2024,https://www.youtube.com/watch?v=JNeOPpgVhME,Found
4066,Jethalal Gets Arrested | Taarak Mehta Ka Ooltah Chashmah | Full Episode 4066 | 23 April 2024,https://www.youtube.com/watch?v=wtk_wHBoLg0,Found
4067,Permission Mil Gayi | Taarak Mehta Ka Ooltah Chashmah | Full Episode 4067 | 24 April 2024,https://www.youtube.com/watch?v=Ad0Ojd4nxME,Found
4068,Husbands Ke Sath Shopping | Taarak Mehta Ka Ooltah Chashmah | Full Episode 4068 | 25 April 2024,https://www.youtube.com/watch?v=fp-fw57yp5U,Found
4069,Taarak Ko Chhutti Nahi Mil Rahi | Taarak Mehta Ka Ooltah Chashmah |Full Episode 4069 | 26 April 2024,https://www.youtube.com/watch?v=XKwUslgdCkE,Found
4070,Taarak's Shopping Trip | Taarak Mehta Ka Ooltah Chashmah | Full Episode 4070 | 27 April 2024,https://www.youtube.com/watch?v=vAAHurLu_Qk,Found
4071,Taarak's Boss In The Mall | Taarak Mehta Ka Ooltah Chashmah | Full Episode 4071 | 29 April 2024,https://www.youtube.com/watch?v=Qj_Xyhy5q9Y,Found
4072,Taarak Mall Mein Hai Ya Nahi? | Taarak Mehta Ka Ooltah Chashmah | Full Episode 4072 | 30 April 2024,https://www.youtube.com/watch?v=3r5Zy-Jdu-A,Found
4073,Taarak Ki Sundar Kavita | Taarak Mehta Ka Ooltah Chashmah | Full Episode 4073 | 1 May 2024,https://www.youtube.com/watch?v=IblfOIv3Qvw,Found
4074,Jethalal's Political Stance | Taarak Mehta Ka Ooltah Chashmah | Full Episode 4074 | 2 May 2024,https://www.youtube.com/watch?v=hHM6rPpFZEA,Found
4075,Konsa Neta Better Hai? | Taarak Mehta Ka Ooltah Chashmah | Full Episode 4075 | 3 May 2024,https://www.youtube.com/watch?v=N-P-dlpdpdA,Found
4076,Chunaav Ka Mahol | Taarak Mehta Ka Ooltah Chashmah | Full Episode 4076 | 4 May 2024,https://www.youtube.com/watch?v=r9SeGlnz3hc,Found
4077,FULL EPISODE! 4077 - Kisne Pheka Bhide Ke Upar Pani! | Taarak Mehta Ka Ooltah Chashmah,https://www.youtube.com/watch?v=eYYvqsUj5mU,Found
4078,Summer Solutions | Taarak Mehta Ka Ooltah Chashmah | Full Episode 4078 | 7 May 2024,https://www.youtube.com/watch?v=QpiuYQ9TrV4,Found
4079,Zaruratmand Ki Madad | Taarak Mehta Ka Ooltah Chashmah | Full Episode 4079 | 8 May 2024,https://www.youtube.com/watch?v=r75PjRvgezo,Found
4080,Free Mein Buttermilk | Taarak Mehta Ka Ooltah Chashmah | Full Episode 4080 | 9 May 2024,https://www.youtube.com/watch?v=qc696XFSzbw,Found
4081,Bhide Is Worried For Tapu Sena | Taarak Mehta Ka Ooltah Chashmah | Full Episode 4081 | 10 May 2024,https://www.youtube.com/watch?v=FDCI0Hj8gMw,Found
4082,FULL EPISODE! 4082 - Tapu Sena Ka Stall! | Taarak Mehta Ka Ooltah Chashmah,https://www.youtube.com/watch?v=mEaP50sQQbk,Found
4083,Purush Mandli Ko Karni Hai Madad | Taarak Mehta Ka Ooltah Chashmah | Full Episode 4083 | 13 May 2024,https://www.youtube.com/watch?v=mA7OLaLn3us,Found
4084,Bina Mewa Kare Sabki Seva | Taarak Mehta Ka Ooltah Chashmah | Full Episode 4084 | 14 May 2024,https://www.youtube.com/watch?v=xZzWSwaelRc,Found
4085,Kurmura Kumar Ka Banner | Taarak Mehta Ka Ooltah Chashmah | Full Episode 4085 | 15 May 2024,https://www.youtube.com/watch?v=TKyq75aOo5I,Found
4086,Banner Ki Tension | Taarak Mehta Ka Ooltah Chashmah | Full Episode 4086 | 16 May 2024,https://www.youtube.com/watch?v=Zunc2PLpPc4,Found
4087,Kurmura Kumar Ki Pyaar Wali Dhamki | Taarak Mehta Ka Ooltah Chashmah | Full Episode 4087 |17 May2024,https://www.youtube.com/watch?v=Ss6Ko7wEydI,Found
4088,Chana Kumar's Suggestion | Taarak Mehta Ka Ooltah Chashmah | Full Episode 4088 | 18 May 2024,https://www.youtube.com/watch?v=KDFzwudAKQI,Found
4089,Lemonade Vs Buttermilk | Taarak Mehta Ka Ooltah Chashmah | Full Episode 4089 | 20 May 2024,https://www.youtube.com/watch?v=oPissZlv4bE,Found
4090,FULL EPISODE! 4090 - Jethalal Ka Nimbu Pani Stall! | Taarak Mehta Ka Ooltah Chashmah,https://www.youtube.com/watch?v=BbGKxMDFFiA,Found
4091,Gokuldham Ho Gaya Hai Divide | Taarak Mehta Ka Ooltah Chashmah | Full Episode 4091 | 22 May 2024,https://www.youtube.com/watch?v=IVTjzoZf_BA,Found
4092,Dono Parties Mein Hua Jhagda | Taarak Mehta Ka Ooltah Chashmah | Full Episode 4092 | 23 May 2024,https://www.youtube.com/watch?v=TNoh0VM1rHY,Found
4093,FULL EPISODE! 4093 - Jethalal Hua Arrest! | Taarak Mehta Ka Ooltah Chashmah | तारक मेहता,https://www.youtube.com/watch?v=wftXXgT_c08,Found
4094,Chana Kumar Ke Supporters | Taarak Mehta Ka Ooltah Chashmah | Full Episode 4094 | 25 May 2024,https://www.youtube.com/watch?v=yDBpW8k-VwE,Found
4095,Problems Se Kaise Bache? | Taarak Mehta Ka Ooltah Chashmah | Full Episode 4095 | 27 May 2024,https://www.youtube.com/watch?v=9Twe_MYIea0,Found
4096,Mission Paar Paar | Taarak Mehta Ka Ooltah Chashmah | Full Episode 4096 | 28 May 2024,https://www.youtube.com/watch?v=J0Np-rlNyvE,Found
4097,Gokuldham Vasiyon Ka Plan | Taarak Mehta Ka Ooltah Chashmah | Full Episode 4097 | 29 May 2024,https://www.youtube.com/watch?v=ykBIu9guPgY,Found
4098,Kumura Aur Chana Fass Gaye | Taarak Mehta Ka Ooltah Chashmah | Full Episode 4098 | 30 May 2024,https://www.youtube.com/watch?v=VwfGGiSoS1Y,Found
4099,Jethalal Scolds Abdul | Taarak Mehta Ka Ooltah Chashmah | Full Episode 4099 | 31 May 2024,https://www.youtube.com/watch?v=Nlpre54SSLo,Found
4100,Abdul Ki Duty | Taarak Mehta Ka Ooltah Chashmah | Full Episode 4100 | 1 June 2024,https://www.youtube.com/watch?v=yItlNYAgTT4,Found
4101,Cake Gir Gaya | Taarak Mehta Ka Ooltah Chashmah | Full Episode 4101 | 3 June 2024,https://www.youtube.com/watch?v=auSapA-9pjs,Found
4102,Abdul Ki Value Nahi Hai? | Taarak Mehta Ka Ooltah Chashmah | Full Episode 4102 | 4 June 2024,https://www.youtube.com/watch?v=kXyahWAZ7z4,Found
4103,Abdul's Birthday | Taarak Mehta Ka Ooltah Chashmah | Full Episode 4103 | 5 June 2024,https://www.youtube.com/watch?v=y5IoUhf1lZ8,Found
4104,The Forgotten Birthday | Taarak Mehta Ka Ooltah Chashmah | Full Episode 4104 | 6 June 2024,https://www.youtube.com/watch?v=XwpiEyCJV0s,Found
4105,FULL EPISODE! 4105 - Gokuldhamvasiyo Ne Diya Abdul Ko Surprise! | Taarak Mehta Ka Ooltah Chashmah,https://www.youtube.com/watch?v=GoV1tr3wjEk,Found
4106,Bawri's Phone Call | Taarak Mehta Ka Ooltah Chashmah | Full Episode 4106 | 8 June 2024,https://www.youtube.com/watch?v=Nkvw0UTHwig,Found
4107,Bagha Needs A Holiday | Taarak Mehta Ka Ooltah Chashmah | Full Episode 4107 | 10 June 2024,https://www.youtube.com/watch?v=pq7DfXnmL7A,Found
4108,Jetha's 18 Lakh Rupees Are Stuck | Taarak Mehta Ka Ooltah Chashmah |Full Episode 4108 | 11 June 2024,https://www.youtube.com/watch?v=cuzPHYKediQ,Found
4109,Jetha Ko Aaya Daruwala Ka Call | Taarak Mehta Ka Ooltah Chashmah | Full Episode 4109 | 12 June 2024,https://www.youtube.com/watch?v=wJ_23xnArZw,Found
4110,Jethalal Feels Anxious | Taarak Mehta Ka Ooltah Chashmah | Full Episode 4110 | 13 June 2024,https://www.youtube.com/watch?v=5YbBkMEHOKE,Found
4111,Bawri Misplaces Jetha’s Cheque | Taarak Mehta Ka Ooltah Chashmah | Full Episode 4111 | 14 June 2024,https://www.youtube.com/watch?v=BQG387iZgIg,Found
4112,FULL EPISODE! 4112 - Kya Milega Cheque Ka Bag! | Taarak Mehta Ka Ooltah Chashmah | तारक मेहता,https://www.youtube.com/watch?v=Vnhq0BEuSS4,Found
4113,Installments Pe Phone | Taarak Mehta Ka Ooltah Chashmah | Full Episode 4113 | 17 June 2024,https://www.youtube.com/watch?v=dkvGI1qU4uo,Found
4114,FULL EPISODE! 4114 - Tapu Sena Ko Mila Invitation! | Taarak Mehta Ka Ooltah Chashmah | तारक मेहता,https://www.youtube.com/watch?v=V8EGmZLTyNM,Found
4115,Tapu Sena Leaves For Pune | Taarak Mehta Ka Ooltah Chashmah | Full Episode 4115 | 19 June 2024,https://www.youtube.com/watch?v=IqflI4R6HIk,Found
4116,Sakharam Ki Chori | Taarak Mehta Ka Ooltah Chashmah | Full Episode 4116 | 20 June 2024,https://www.youtube.com/watch?v=lenHjhN-P3I,Found
4117,Pareshaan Popatlal | Taarak Mehta Ka Ooltah Chashmah | Full Episode 4117 | 21 June 2024,https://www.youtube.com/watch?v=GF6Vr_T9cC4,Found
4118,Champaklal Ko Pakda Police Ne | Taarak Mehta Ka Ooltah Chashmah | Full Episode 4118 | 22 June 2024,https://www.youtube.com/watch?v=54UAWjyaI6E,Found
4119,Popatlal Kaha Hai? | Taarak Mehta Ka Ooltah Chashmah | Full Episode 4119 | 24 June 2024,https://www.youtube.com/watch?v=wtMgY61Vw3o,Found
4120,On Popatlal's Trail | Taarak Mehta Ka Ooltah Chashmah | Full Episode 4120 | 25 June 2024,https://www.youtube.com/watch?v=iion0SeiBFc,Found
4121,Musibat Ki Jad - Popatlal | Taarak Mehta Ka Ooltah Chashmah | Full Episode 4121 | 26 June 2024,https://www.youtube.com/watch?v=UbzC_HBpIWA,Found
4122,Tension Mein Popatlal | Taarak Mehta Ka Ooltah Chashmah | Full Episode 4122 | 27 June 2024,https://www.youtube.com/watch?v=y9xOrm-PLCI,Found
4123,Ek Aur Rishta For Popatlal | Taarak Mehta Ka Ooltah Chashmah | Full Episode 4123 | 28 June 2024,https://www.youtube.com/watch?v=g8TV7eJto7M,Found
4124,Popatlal Ki Kundli | Taarak Mehta Ka Ooltah Chashmah | Full Episode 4124 | 29 June 2024,https://www.youtube.com/watch?v=w5jmhwYYhPs,Found
4125,Big Day For Popatlal | Taarak Mehta Ka Ooltah Chashmah | Full Episode 4125 | 1 July 2024,https://www.youtube.com/watch?v=isiBNzp4bAk,Found
4126,Popatlal Ki Kismat | Taarak Mehta Ka Ooltah Chashmah | Full Episode 4126 | 2 July 2024,https://www.youtube.com/watch?v=BVSD4wkazMc,Found
4127,Ladki Ka Decision | Taarak Mehta Ka Ooltah Chashmah | Full Episode 4127 | 3 July 2024,https://www.youtube.com/watch?v=pTWvkjqpims,Found
4128,Last Chance For Popatlal | Taarak Mehta Ka Ooltah Chashmah | Full Episode 4128 | 4 July 2024,https://www.youtube.com/watch?v=pQIPKr079YU,Found
4129,Popatlal Goes On A Date | Taarak Mehta Ka Ooltah Chashmah | Full Episode 4129 | 5 July 2024,https://www.youtube.com/watch?v=TfSnb0JQ-fY,Found
4130,Popatlal Ko Kaise Sambhale? | Taarak Mehta Ka Ooltah Chashmah | Full Episode 4130 | 6 July 2024,https://www.youtube.com/watch?v=7aYigg2Kp-8,Found
4131,Popatlal Ki Sagaai | Taarak Mehta Ka Ooltah Chashmah | Full Episode 4131 | 8 July 2024,https://www.youtube.com/watch?v=bz3fDhMxltQ,Found
4132,Engagement Ki Taiyyari | Taarak Mehta Ka Ooltah Chashmah | Full Episode 4132 | 9 July 2024,https://www.youtube.com/watch?v=Vb3K65na1kM,Found
4133,Popatlal Gets Anxious | Taarak Mehta Ka Ooltah Chashmah | Full Episode 4133 | 10 July 2024,https://www.youtube.com/watch?v=p39DJ2nWJeA,Found
4134,Popatlal's Engagement Day | Taarak Mehta Ka Ooltah Chashmah | Full Episode 4134 | 11 July 2024,https://www.youtube.com/watch?v=4dMI46nx5x8,Found
4135,Kya Hua Popatlal Ke Engagement Me?| Taarak Mehta Ka Ooltah Chashmah| Full Episode 4135 |12 July 2024,https://www.youtube.com/watch?v=egRq6Y27MyY,Found
4136,Popatlal Gayab Hain | Taarak Mehta Ka Ooltah Chashmah | Full Episode 4136 |13 July 2024,https://www.youtube.com/watch?v=dNKt6iVNh2g,Found
4137,Popatlal Ki Sagaai Tooti | Taarak Mehta Ka Ooltah Chashmah | Full Episode 4137 | 15 July 2024,https://www.youtube.com/watch?v=RhWxNZCuMaY,Found
4138,Celebrating Tapu Sena | Taarak Mehta Ka Ooltah Chashmah | Full Episode 4138 | 16 July 2024,https://www.youtube.com/watch?v=41RD3nF2lsM,Found
4139,FULL EPISODE! 4139 -  Mahila Mandal Ki Kitty Party!| Taarak Mehta Ka Ooltah Chashmah,https://www.youtube.com/watch?v=rxhbCOq-wC8,Found
4140,FULL EPISODE! 4140 - Mahila Mandal Ka New Hair Cut!| Taarak Mehta Ka Ooltah Chashmah | तारक मेहता,https://www.youtube.com/watch?v=SImnP047N8E,Found
4141,Surprise For Bhide | Taarak Mehta Ka Ooltah Chashmah| Full Episode 4141 | 19 July 2024,https://www.youtube.com/watch?v=tWoVWLY_ACA,Found
4142,Jethalal Ka Meetha Sapna | Taarak Mehta Ka Ooltah Chashmah | Full Episode 4142 | 20 July 2024,https://www.youtube.com/watch?v=uFKZBqKB7IY,Found
4143,Breakfast For Gokuldham | Taarak Mehta Ka Ooltah Chashmah| Full Episode 4143 | 22 July 2024,https://www.youtube.com/watch?v=lZTs66k-g9Q,Found
4144,Banarasi Breakfast | Taarak Mehta Ka Ooltah Chashmah | Full Episode 4144 | 23 July 2024,https://www.youtube.com/watch?v=h3wnff-zHrs,Found
4145,Bhide Looks For Popatlal | Taarak Mehta Ka Ooltah Chashmah| Full Episode 4145 | 24 July 2024,https://www.youtube.com/watch?v=GlYdlFqf2VE,Found
4146,Goli Kaha Hai? | Taarak Mehta Ka Ooltah Chashmah | Full Episode 4146 | 25 July 2024,https://www.youtube.com/watch?v=6NhNgnzw6ZQ,Found
4147,Goli And Sakharam Return | Taarak Mehta Ka Ooltah Chashmah| Full Episode 4147 | 26 July 2024,https://www.youtube.com/watch?v=G_GWzkNCOVk,Found
4148,A Successful Breakfast | Taarak Mehta Ka Ooltah Chashmah | Full Episode 4148 | 27 July 2024,https://www.youtube.com/watch?v=T09b-y68cK0,Found
4149,Celebrating Sweet 16 Years | Taarak Mehta Ka Ooltah Chashmah| Full Episode 4149 | 29 July 2024,https://www.youtube.com/watch?v=1-CgcN8gph0,Found
4150,Bhide Ne Rakhi Shart | Taarak Mehta Ka Ooltah Chashmah| Full Episode 4150 | 30 July 2024,https://www.youtube.com/watch?v=xY13HtkRBk8,Found
4151,Penalty Shoot Out | Taarak Mehta Ka Ooltah Chashmah| Full Episode 4151 | 31 July 2024,https://www.youtube.com/watch?v=xFuzt8vdj18,Found
4152,Roshan Ki Maangein | Taarak Mehta Ka Ooltah Chashmah | Full Episode 4152 | 1 Aug 2024,https://www.youtube.com/watch?v=ANT_HNmTBtc,Found
4153,Jethalal's Business Trip | Taarak Mehta Ka Ooltah Chashmah | Full Episode 4153 | 2 Aug 2024,https://www.youtube.com/watch?v=EENc5fZn72Q,Found
4154,Early Morning Flight | Taarak Mehta Ka Ooltah Chashmah | Full Episode 4154 | 3 Aug 2024,https://www.youtube.com/watch?v=YSCYt0CbAq8,Found
4155,Jethalal Needs A Ride | Taarak Mehta Ka Ooltah Chashmah | Full Episode 4155 | 5 Aug 2024,https://www.youtube.com/watch?v=-VTB7BKnUl8,Found
4156,Jethalal Misses His Flight | Taarak Mehta Ka Ooltah Chashmah | Full Episode 4156 | 6 Aug 2024,https://www.youtube.com/watch?v=SJg8RmrJIYY,Found
4157,FULL EPISODE! 4157 -Jethalal Ka Hua Popat!| Taarak Mehta Ka Ooltah Chashmah | तारक मेहता,https://www.youtube.com/watch?v=JMaY60JxoFE,Found
4158,Finding A Dinner Spot | Taarak Mehta Ka Ooltah Chashmah | Full Episode 4158 | 8 Aug 2024,https://www.youtube.com/watch?v=jwzA0XPAlII,Found
4159,Jal Hi Jeevan Hai | Taarak Mehta Ka Ooltah Chashmah | Full Episode 4159 | 9 Aug 2024,https://www.youtube.com/watch?v=0N-KQVzwv0Y,Found
4160,Ziddi Nalka | Taarak Mehta Ka Ooltah Chashmah | Full Episode 4160 | 10 Aug 2024,https://www.youtube.com/watch?v=YdbDROIDSw4,Found
4161,Tala Nahi Todne Denge | Taarak Mehta Ka Ooltah Chashmah | Full Episode 4161 | 12 Aug 2024,https://www.youtube.com/watch?v=do5rABZfCEI,Found
4162,Chaabi Kaha Hai? | Taarak Mehta Ka Ooltah Chashmah | Full Episode 4162 | 13 Aug 2024,https://www.youtube.com/watch?v=83b3yfvYG_U,Found
4163,Chaabi Wale Ko Bulao | Taarak Mehta Ka Ooltah Chashmah | Full Episode 4163 | 14 Aug 2024,https://www.youtube.com/watch?v=l7pJKBmiEBk,Found
4164,Bholaram's Anniversary | Taarak Mehta Ka Ooltah Chashmah | Full Episode 4164 | 15 Aug 2024,https://www.youtube.com/watch?v=juV-rYBx2ls,Found
4165,Ravivaar Ka Plan | Taarak Mehta Ka Ooltah Chashmah | Full Episode 4165 | 16 Aug 2024,https://www.youtube.com/watch?v=WkGT4oBjugs,Found
4166,Abdul Kaha Hain? | Taarak Mehta Ka Ooltah Chashmah | Full Episode 4166 | 17 Aug 2024,https://www.youtube.com/watch?v=fNJCTHYP5Do,Found
4167,Paani Khatam | Taarak Mehta Ka Ooltah Chashmah | Full Episode 4167 | 19 Aug 2024,https://www.youtube.com/watch?v=maPubReDe_8,Found
4168,The Search Of Abdul | Taarak Mehta Ka Ooltah Chashmah | Full Episode 4168 | 20 Aug 2024,https://www.youtube.com/watch?v=tMIute4JKbg,Found
4169,Abdul Ki Udhaari | Taarak Mehta Ka Ooltah Chashmah | Full Episode 4169 | 21 Aug 2024,https://www.youtube.com/watch?v=CS5qiZ_w2VA,Found
4170,Abdul Ki Waapsi | Taarak Mehta Ka Ooltah Chashmah | Full Episode 4170 | 22 Aug 2024,https://www.youtube.com/watch?v=PnxswnGlgvE,Found
4171,Abdul Ki Majboori | Taarak Mehta Ka Ooltah Chashmah | Full Episode 4171 | 23 Aug 2024,https://www.youtube.com/watch?v=BNUwyHJ4_70,Found
4172,FULL EPISODE! 4172 -Soda Shop me Kyu Chupi Purush Mandli! | Taarak Mehta Ka Ooltah Chashmah,https://www.youtube.com/watch?v=Y2GPghhhtqY,Found
4173,Abdul Ke Dukaan Pe Sale | Taarak Mehta Ka Ooltah Chashmah | Full Episode 4173 | 26 Aug 2024,https://www.youtube.com/watch?v=VzJ5juvk17c,Found
4174,Nattu Kaka's Urgency | Taarak Mehta Ka Ooltah Chashmah | Full Episode 4174 | 27 Aug 2024,https://www.youtube.com/watch?v=0AEeVKx4aOw,Found
4175,Tapu Sena Investigates | Taarak Mehta Ka Ooltah Chashmah | Full Episode 4175 | 28 Aug 2024,https://www.youtube.com/watch?v=ZrDbfKfmUCM,Found
4176,Spying On Abdul | Taarak Mehta Ka Ooltah Chashmah | Full Episode 4176 | 29 Aug 2024,https://www.youtube.com/watch?v=geaOOwrovX4,Found
4177,Abdul Ki Dukaan | Taarak Mehta Ka Ooltah Chashmah | Full Episode 4177 | 30 Aug 2024,https://www.youtube.com/watch?v=LuuPt03pDYs,Found
4178,FULL EPISODE! 4178 -Soda Shop Kharidne ko Tayar Hua Jethalal! | Taarak Mehta Ka Ooltah Chashmah,https://www.youtube.com/watch?v=9Ue0Mg22EjQ,Found
4179,FULL EPISODE! 4179 -Kya Tapu Sena Tod Payegi Handi! | Taarak Mehta Ka Ooltah Chashmah,https://www.youtube.com/watch?v=20fT-5Tl-9s,Found
4180,All Eyes On The Matki | Taarak Mehta Ka Ooltah Chashmah | Full Episode 4180 | 3 Sep 2024,https://www.youtube.com/watch?v=dC8HrbMpBo4,Found
4181,Tapu Sena Find A Loophole | Taarak Mehta Ka Ooltah Chashmah | Full Episode 4181 | 4 Sep 2024,https://www.youtube.com/watch?v=eRAZddDwL7M,Found
4182,FULL EPISODE! 4182 -Tapu Sena Ka hua Apman! | Taarak Mehta Ka Ooltah Chashmah,https://www.youtube.com/watch?v=JZ9W0Ot5PTs,Found
4183,FULL EPISODE! 4183 -Bal Gopal Gokuldham Group! | Taarak Mehta Ka Ooltah Chashmah,https://www.youtube.com/watch?v=T-BfXutzPKA,Found
4184,Abdul Ki Kahaani | Taarak Mehta Ka Ooltah Chashmah | Full Episode 4184 | 7 Sep 2024,https://www.youtube.com/watch?v=9C5LX0JsjCQ,Found
4185,Too Many Customers | Taarak Mehta Ka Ooltah Chashmah | Full Episode 4185 | 9 Sep 2024,https://www.youtube.com/watch?v=Gg8k_w4K2Ys,Found
4186,Ganpati Decorations | Taarak Mehta Ka Ooltah Chashmah | Full Episode 4186 | 10 Sep 2024,https://www.youtube.com/watch?v=UPNDczEn8k4,Found
4187,Mahila Mandal's Planning | Taarak Mehta Ka Ooltah Chashmah | Full Episode 4187 | 11 Sep 2024,https://www.youtube.com/watch?v=Qq7CuHQ4k5A,Found
4188,Decoration Ka Theme Kya Hai? | Taarak Mehta Ka Ooltah Chashmah | Full Episode 4188 | 12 Sep 2024,https://www.youtube.com/watch?v=9X6CXHqpyhg,Found
4189,Decoration Ka Suspense | Taarak Mehta Ka Ooltah Chashmah | Full Episode 4189 | 13 Sep 2024,https://www.youtube.com/watch?v=oLRoXZpmmsM,Found
4190,FULL EPISODE! 4190 -Gokuldham me Aaye Mehman! | Taarak Mehta Ka Ooltah Chashmah | तारक मेहता,https://www.youtube.com/watch?v=7QIgWdHILAQ,Found
4191,Bappa Ke Darshan | Taarak Mehta Ka Ooltah Chashmah | Full Episode 4191 | 16 Sep 2024,https://www.youtube.com/watch?v=9Qo7fA1tzTk,Found
4192,Devotion Towards Bappa | Taarak Mehta Ka Ooltah Chashmah | Full Episode 4192 | 17 Sep 2024,https://www.youtube.com/watch?v=qSr-GE1cuuc,Found
4193,21 Lakh Ka Cheque | Taarak Mehta Ka Ooltah Chashmah | Full Episode 4193 | 18 Sep 2024,https://www.youtube.com/watch?v=iN3syIpEEyg,Found
4194,Cheque Ka Kya Karein? | Taarak Mehta Ka Ooltah Chashmah | Full Episode 4194 | 19 Sep 2024,https://www.youtube.com/watch?v=LSwDRZWtGQU,Found
4195,Bank Manager Se Mulaqat | Taarak Mehta Ka Ooltah Chashmah | Full Episode 4195 | 20 Sep 2024,https://www.youtube.com/watch?v=8RrEbUmncf0,Found
4196,Ganpati Celebrations Ka Cheque | Taarak Mehta Ka Ooltah Chashmah | Full Episode 4196 | 21 Sep 2024,https://www.youtube.com/watch?v=ipBAYzfSPyA,Found
4197,Zaroorat Mand Bacche | Taarak Mehta Ka Ooltah Chashmah | Full Episode 4197 | 23 Sep 2024,https://www.youtube.com/watch?v=GwdOYEvhNxI,Found
4198,Young Minds Unite | Taarak Mehta Ka Ooltah Chashmah | Full Episode 4198 | 24 Sep 2024,https://www.youtube.com/watch?v=54c9hZI5-is,Found
4199,Vicky Ki Saajish | Taarak Mehta Ka Ooltah Chashmah | Full Episode 4199 | 25 Sep 2024,https://www.youtube.com/watch?v=fZDZJ8p9XRM,Found
4200,A Big Shock For Gokuldham | Taarak Mehta Ka Ooltah Chashmah | Full Episode 4200 | 26 Sep 2024,https://www.youtube.com/watch?v=2UX_K8WFRRA,Found
4201,Vicky Ki Marzi | Taarak Mehta Ka Ooltah Chashmah | Full Episode 4201 | 27 Sep 2024,https://www.youtube.com/watch?v=FuiUGUnb1J0,Found
4202,FULL EPISODE! 4202 -Gokuldhamvasiyo ko Sata Raha hai Dar!| Taarak Mehta Ka Ooltah Chashmah,https://www.youtube.com/watch?v=5E88HMwyZaU,Found
4203,FULL EPISODE! 4203 -Bhide ko Aaya Bura Sapna!| Taarak Mehta Ka Ooltah Chashmah | तारक मेहता,https://www.youtube.com/watch?v=GzBLItruOmg,Found
4204,Paiso Ka Bandobast | Taarak Mehta Ka Ooltah Chashmah | Full Episode 4204 | 1 Oct 2024,https://www.youtube.com/watch?v=ZeyZ7A34HRY,Found
4205,Mahalaya Amavasya | Taarak Mehta Ka Ooltah Chashmah | Full Episode 4205 | 2 Oct 2024,https://www.youtube.com/watch?v=_lFotJ2Lrnw,Found
4206,Discount Dilemma | Taarak Mehta Ka Ooltah Chashmah | Full Episode 4206 | 3 Oct 2024,https://www.youtube.com/watch?v=m0M7RBMXzf8,Found
4207,Gada Electronics Ki Nayi Scheme | Taarak Mehta Ka Ooltah Chashmah | Full Episode 4207 | 4 Oct 2024,https://www.youtube.com/watch?v=CUC30GNkCn4,Found
4208,FULL EPISODE! 4208 -Jethalal ko Laga Shock!| Taarak Mehta Ka Ooltah Chashmah,https://www.youtube.com/watch?v=I4LnffpzLKs,Found
4209,FULL EPISODE! 4209 - Akhir Kya Hai Tapu Ka Surprise! | Taarak Mehta Ka Ooltah Chashmah,https://www.youtube.com/watch?v=1YkNgW2Xz6M,Found
4210,Bhide Falls Sick | Taarak Mehta Ka Ooltah Chashmah | Full Episode 4210 | 8 Oct 2024,https://www.youtube.com/watch?v=_YDnoHBO8Wk,Found
4211,Navratri Decorations | Taarak Mehta Ka Ooltah Chashmah | Full Episode 4211 | 9 Oct 2024,https://www.youtube.com/watch?v=U1iYZi6lYH8,Found
4212,Confronting Danav | Taarak Mehta Ka Ooltah Chashmah | Full Episode 4212 | 10 Oct 2024,https://www.youtube.com/watch?v=JWayEAq21Ew,Found
4213,An Urgent Meeting | Taarak Mehta Ka Ooltah Chashmah | Full Episode 4213 | 11 Oct 2024,https://www.youtube.com/watch?v=DnmcpzKhvO4,Found
4214,Dushman Ka Dushman Dost Hota Hain| Taarak Mehta Ka Ooltah Chashmah | Full Episode 4214 | 12 Oct 2024,https://www.youtube.com/watch?v=gq4pZ855BQA,Found
4215,Danav Ki Complaint | Taarak Mehta Ka Ooltah Chashmah | Full Episode 4215 | 14 Oct 2024,https://www.youtube.com/watch?v=I6g0NKYHsgs,Found
4216,Danav Ki Dhamki | Taarak Mehta Ka Ooltah Chashmah | Full Episode 4216 | 15 Oct 2024,https://www.youtube.com/watch?v=m-E4EL5lqys,Found
4217,Danav's Revenge | Taarak Mehta Ka Ooltah Chashmah | Full Episode 4217 | 16 Oct 2024,https://www.youtube.com/watch?v=6xVH7tRPdo4,Found
4218,Saving Danav's Life | Taarak Mehta Ka Ooltah Chashmah | Full Episode 4218 | 17 Oct 2024,https://www.youtube.com/watch?v=d2U26PY73Zs,Found
4219,FULL EPISODE! 4219 - Danav Dahan in Gokuldham! | Taarak Mehta Ka Ooltah Chashmah | तारक मेहता,https://www.youtube.com/watch?v=g2ik1HkaAMU,Found
4220,FULL EPISODE! 4220 - Taarak ka Lonavala Trip! | Taarak Mehta Ka Ooltah Chashmah | तारक मेहता,https://www.youtube.com/watch?v=GycaRV8yTq0,Found
4221,Taarak's Day Off | Taarak Mehta Ka Ooltah Chashmah | Full Episode 4221 | 21 Oct 2024,https://www.youtube.com/watch?v=u35xMAPPpWc,Found
4222,Boss Se Chutkara | Taarak Mehta Ka Ooltah Chashmah | Full Episode 4222 | 22 Oct 2024,https://www.youtube.com/watch?v=vqxRQs1lPu0,Found
4223,Taarak Ko Ho Rahi Tension | Taarak Mehta Ka Ooltah Chashmah | Full Episode 4223 | 23 Oct 2024,https://www.youtube.com/watch?v=KmIu2P9uu64,Found
4224,Bade Guruji Se Mulaqat | Taarak Mehta Ka Ooltah Chashmah | Full Episode 4224 | 24 Oct 2024,https://www.youtube.com/watch?v=YyPqP1FSuV0,Found
4225,Bapuji Ko Kaise Manaye? | Taarak Mehta Ka Ooltah Chashmah | Full Episode 4225 | 25 Oct 2024,https://www.youtube.com/watch?v=XFbXV0407H0,Found
4226,Taarak Ki Chinta | Taarak Mehta Ka Ooltah Chashmah | Full Episode 4226 | 26 Oct 2024,https://www.youtube.com/watch?v=2DApVbfrorc,Found
4227,Bade Guruji Ke Saath Mulaqat | Taarak Mehta Ka Ooltah Chashmah | Full Episode 4227 | 28 Oct 2024,https://www.youtube.com/watch?v=8_BdBCI-XfU,Found
4228,Guruji's Double Trouble | Taarak Mehta Ka Ooltah Chashmah | Full Episode 4228 | 29 Oct 2024,https://www.youtube.com/watch?v=t3o1Gc-jCEw,Found
4229,Boss Aur Guruji Ki Meeting | Taarak Mehta Ka Ooltah Chashmah | Full Episode 4229 | 30 Oct 2024,https://www.youtube.com/watch?v=aS53Ch5VKo0,Found
4230,Bade Guruji Ka Parda Faash | Taarak Mehta Ka Ooltah Chashmah | Full Episode 4230 | 31 Oct 2024,https://www.youtube.com/watch?v=w9L0zGAIPB8,Found
4231,Diwali Ki Taiyyari | Taarak Mehta Ka Ooltah Chashmah | Full Episode 4231 | 1 Nov 2024,https://www.youtube.com/watch?v=2FuThuwrqeg,Found
4232,Sarees For Mahila Mandal | Taarak Mehta Ka Ooltah Chashmah | Full Episode 4232 | 2 Nov 2024,https://www.youtube.com/watch?v=gAIijUf6Jrk,Found
4233,Free Patakhe | Taarak Mehta Ka Ooltah Chashmah | Full Episode 4233 | 4 Nov 2024,https://www.youtube.com/watch?v=sx0nIkDtU_k,Found
4234,Allrounder Patakha | Taarak Mehta Ka Ooltah Chashmah | Full Episode 4234 | 5 Nov 2024,https://www.youtube.com/watch?v=Oe_WM23BQSo,Found
4235,Patakha Panic | Taarak Mehta Ka Ooltah Chashmah | Full Episode 4235 | 6 Nov 2024,https://www.youtube.com/watch?v=2OTfzRihRl8,Found
4236,Allrounder Patakha's Final Test | Taarak Mehta Ka Ooltah Chashmah | Full Episode 4236 | 7 Nov 2024,https://www.youtube.com/watch?v=XXck3muzIfg,Found
4237,FULL EPISODE! 4237 - New Technology In Gokuldham Society! | Taarak Mehta Ka Ooltah Chashmah,https://www.youtube.com/watch?v=GILBAQCCOuo,Found
4238,Jethalal Ki Exercise | Taarak Mehta Ka Ooltah Chashmah | Full Episode 4238 | 9 Nov 2024,https://www.youtube.com/watch?v=zmyFjbT8stw,Found
4239,Surprise Trip | Taarak Mehta Ka Ooltah Chashmah | Full Episode 4239 | 11 Nov 2024,https://www.youtube.com/watch?v=mtJHA4BFeW8,Found
4240,Old Is Gold | Taarak Mehta Ka Ooltah Chashmah | Full Episode 4240 | 12 Nov 2024,https://www.youtube.com/watch?v=ywdg3IHYhnU,Found
4241,Fun At The Old Age Home | Taarak Mehta Ka Ooltah Chashmah | Full Episode 4241 | 13 Nov 2024,https://www.youtube.com/watch?v=DIc0OSMRWIo,Found
4242,Dairy Strike | Taarak Mehta Ka Ooltah Chashmah | Full Episode 4242 | 14 Nov 2024,https://www.youtube.com/watch?v=-GDU0zMcIlo,Found
4243,Morning Chai | Taarak Mehta Ka Ooltah Chashmah | Full Episode 4243 | 15 Nov 2024,https://www.youtube.com/watch?v=8bweabTwFoU,Found
4244,Bhide's Fridge Repair | Taarak Mehta Ka Ooltah Chashmah | Full Episode 4244 | 16 Nov 2024,https://www.youtube.com/watch?v=TVRgV7O_bR8,Found
4245,Fridge Ka Sauda | Taarak Mehta Ka Ooltah Chashmah | Full Episode 4245 | 18 Nov 2024,https://www.youtube.com/watch?v=nNsHBqk4FXc,Found
4246,Jethalal Ke Liye Sunahara Mauka | Taarak Mehta Ka Ooltah Chashmah | Full Episode 4246 | 19 Nov 2024,https://www.youtube.com/watch?v=LXK0Sqj0wNw,Found
4247,Cooling King Ka Offer | Taarak Mehta Ka Ooltah Chashmah | Full Episode 4247 | 20 Nov 2024,https://www.youtube.com/watch?v=8G0mbbdeYpo,Found
4248,Mega Exchange Offer | Taarak Mehta Ka Ooltah Chashmah | Full Episode 4248 | 21 Nov 2024,https://www.youtube.com/watch?v=aQTFXvDzPEE,Found
4249,Jethalal Ki Khushi | Taarak Mehta Ka Ooltah Chashmah | Full Episode 4249 | 22 Nov 2024,https://www.youtube.com/watch?v=zaJ6YNVp1xs,Found
4250,Jethalal Ki Duvidha | Taarak Mehta Ka Ooltah Chashmah | Full Episode 4250 | 23 Nov 2024,https://www.youtube.com/watch?v=IptqRy-Pkus,Found
4251,Macchar Problem | Taarak Mehta Ka Ooltah Chashmah | Full Episode 4251 | 25 Nov 2024,https://www.youtube.com/watch?v=lbRNVli0wQw,Found
4252,What To Do With The Fridges? | Taarak Mehta Ka Ooltah Chashmah | Full Episode 4252 | 26 Nov 2024,https://www.youtube.com/watch?v=YYgmejb1oZ4,Found
4253,Jethalal Ke Saath Fraud | Taarak Mehta Ka Ooltah Chashmah | Full Episode 4253 | 27 Nov 2024,https://www.youtube.com/watch?v=gmgCjqB2gkg,Found
4254,Dunkiwala Ko Kaise Pakde? | Taarak Mehta Ka Ooltah Chashmah | Full Episode 4254 | 28 Nov 2024,https://www.youtube.com/watch?v=_KKYHVWVvkU,Found
4255,Dunkiwala Ke Saath Meeting | Taarak Mehta Ka Ooltah Chashmah | Full Episode 4255 | 29 Nov 2024,https://www.youtube.com/watch?v=ztfhgy4oG2g,Found
4256,Dunkiwala Ka Fraud | Taarak Mehta Ka Ooltah Chashmah | Full Episode 4256 | 30 Nov 2024,https://www.youtube.com/watch?v=wa5CDkBuhKE,Found
4257,Purush Mandali's Party Plan | Taarak Mehta Ka Ooltah Chashmah | Full Episode 4257 | 2 Dec 2024,https://www.youtube.com/watch?v=qhZfXUXTHkg,Found
4258,Paratha Party | Taarak Mehta Ka Ooltah Chashmah | Full Episode 4258 | 3 Dec 2024,https://www.youtube.com/watch?v=GXUSD5NkM3U,Found
4259,No Party Sharty | Taarak Mehta Ka Ooltah Chashmah | Full Episode 4259 | 4 Dec 2024,https://www.youtube.com/watch?v=goNQO-cE3Lk,Found
4260,Harmeet’s Party | Taarak Mehta Ka Ooltah Chashmah | Full Episode 4260 | 5 Dec 2024,https://www.youtube.com/watch?v=mMQqLI4W0jE,Found
4261,Cheers Or Not? | Taarak Mehta Ka Ooltah Chashmah | Full Episode 4261 | 6 Dec 2024,https://www.youtube.com/watch?v=2xVF_bTAw4k,Found
4262,Sodhi Ki Party-Sharty | Taarak Mehta Ka Ooltah Chashmah | Full Episode 4262 | 7 Dec 2024,https://www.youtube.com/watch?v=GIRPE2Jh-4A,Found
4263,Bhide Seeks Jethalal's Help | Taarak Mehta Ka Ooltah Chashmah | Full Episode 4263 | 9 Dec 2024,https://www.youtube.com/watch?v=p_1PoCz5KCo,Found
4264,Taarak Ka Idea | Taarak Mehta Ka Ooltah Chashmah | Full Episode 4264 | 10 Dec 2024,https://www.youtube.com/watch?v=bDAO0rk9WOk,Found
4265,NEW! Taarak Mehta Ka Ooltah Chashmah | Ep 4265 | 11 Dec 2024 | Teaser,https://www.youtube.com/watch?v=hZ4gRK7bf0U,Found
4266,Sodhi Confesses | Taarak Mehta Ka Ooltah Chashmah | Full Episode 4266 | 12 Dec 2024,https://www.youtube.com/watch?v=nkdvTT0vlKg,Found
4267,FULL EPISODE! 4267 - Tapu Sena ko Chahiye Party ki Permission! | Taarak Mehta Ka Ooltah Chashmah,https://www.youtube.com/watch?v=wD-tKTg4IOI,Found
4268,Baccho Ka Bhavishya | Taarak Mehta Ka Ooltah Chashmah | Full Episode 4268 | 14 Dec 2024,https://www.youtube.com/watch?v=T8e2XOYRS6Q,Found
4269,FULL EPISODE! 4269 - Kyu Hua Sonu Ko Late! | Taarak Mehta Ka Ooltah Chashmah | तारक मेहता,https://www.youtube.com/watch?v=jdKP0GnykeM,Found
4270,Sonu Ki Chinta | Taarak Mehta Ka Ooltah Chashmah | Full Episode 4270 | 17 Dec 2024,https://www.youtube.com/watch?v=l558S5L0j1w,Found
4271,Shaadi Ki Umr | Taarak Mehta Ka Ooltah Chashmah | Full Episode 4271 | 18 Dec 2024,https://www.youtube.com/watch?v=8FH-uUwYFpg,Found
4272,Bhide Ki Jaldbaazi | Taarak Mehta Ka Ooltah Chashmah | Full Episode 4272 | 19 Dec 2024,https://www.youtube.com/watch?v=ruYD1CgLmaY,Found
4273,Suitable Groom For Sonu | Taarak Mehta Ka Ooltah Chashmah | Full Episode 4273 | 20 Dec 2024,https://www.youtube.com/watch?v=zFT9q-5g9hQ,Found
4274,Shaadi Pressure | Taarak Mehta Ka Ooltah Chashmah | Full Episode 4274 | 21 Dec 2024,https://www.youtube.com/watch?v=Fw6hZJE98dQ,Found
4275,Shaadi Ka Darr | Taarak Mehta Ka Ooltah Chashmah | Full Episode 4275 | 23 Dec 2024,https://www.youtube.com/watch?v=c6qFFVnlzwY,Found
4276,Tapu's Wedding Woes | Taarak Mehta Ka Ooltah Chashmah | Full Episode 4276 | 24 Dec 2024,https://www.youtube.com/watch?v=JQ6XlzXnHNA,Found
4277,Tapu And Sonu Hire An Actor | Taarak Mehta Ka Ooltah Chashmah | Full Episode 4277 | 25 Dec 2024,https://www.youtube.com/watch?v=1hUso614KgM,Found
4278,Mission Shaadi Atkao | Taarak Mehta Ka Ooltah Chashmah | Full Episode 4278 | 26 Dec 2024,https://www.youtube.com/watch?v=J5ljfVIy10M,Found
4279,Chotelal Ki Bhavishyavaani | Taarak Mehta Ka Ooltah Chashmah | Full Episode 4279 | 27 Dec 2024,https://www.youtube.com/watch?v=5Qqy23YimZ8,Found
4280,Popatlal's Suspense | Taarak Mehta Ka Ooltah Chashmah | Full Episode 4280 | 28 Dec 2024,https://www.youtube.com/watch?v=XO0h4Fi8R-U,Found
4281,Rahsyamai Meeting | Taarak Mehta Ka Ooltah Chashmah | Full Episode 4281 | 30 Dec 2024,https://www.youtube.com/watch?v=vp_L5SC96RQ,Found
4282,Popatlal's Huge Announcement | Taarak Mehta Ka Ooltah Chashmah | Full Episode 4282 | 31 Dec 2024,https://www.youtube.com/watch?v=3NUr9XuI_mI,Found
4283,Sabki Bhavishyavaani | Taarak Mehta Ka Ooltah Chashmah | Full Episode 4283 | 1 Jan 2025,https://www.youtube.com/watch?v=ZhpukJdUUIw,Found
4284,Bapuji's Future | Taarak Mehta Ka Ooltah Chashmah | Full Episode 4284 | 2 Jan 2025,https://www.youtube.com/watch?v=9izCm19zLsw,Found
4285,Gokuldham New Year Celebration | Taarak Mehta Ka Ooltah Chashmah | Full Episode 4285 | 3 Jan 2025,https://www.youtube.com/watch?v=nvJywr_zfKw,Found
4286,Secret Surprise | Taarak Mehta Ka Ooltah Chashmah | Full Episode 4286 | 4 Jan 2025,https://www.youtube.com/watch?v=aXeLvPguGC4,Found
4287,Ek Nayi Shuruaat | Taarak Mehta Ka Ooltah Chashmah | Full Episode 4287 | 6 Jan 2025,https://www.youtube.com/watch?v=z6RcySnqKeA,Found
4288,Bapuji Ki Udaan | Taarak Mehta Ka Ooltah Chashmah | Full Episode 4288 | 7 Jan 2025,https://www.youtube.com/watch?v=Js3bRRdElXk,Found
4289,Bapuji's Balloon Adventure | Taarak Mehta Ka Ooltah Chashmah | Full Episode 4289 | 8 Jan 2025,https://www.youtube.com/watch?v=yIji_HWZybA,Found
4290,Bapuji Ko Kaise Utaare? | Taarak Mehta Ka Ooltah Chashmah | Full Episode 4290 | 9 Jan 2025,https://www.youtube.com/watch?v=XrSF61vmDZE,Found
4291,Bapuji Kaha Hai? | Taarak Mehta Ka Ooltah Chashmah | Full Episode 4291 | 10 Jan 2025,https://www.youtube.com/watch?v=UxmeAZ5esYo,Found
4292,Maa Ka Abhaas | Taarak Mehta Ka Ooltah Chashmah | Full Episode 4292 | 11 Jan 2025,https://www.youtube.com/watch?v=sQ2xxAidwMI,Found
4293,Pakistani Jasoos | Taarak Mehta Ka Ooltah Chashmah | Full Episode 4293 | 13 Jan 2025,https://www.youtube.com/watch?v=58jzMVzyobM,Found
4294,Bapuji in Trouble | Taarak Mehta Ka Ooltah Chashmah | Full Episode 4294 | 14 Jan 2025,https://www.youtube.com/watch?v=ehB3wy9Y-Rs,Found
4295,Bapuji Pakde Gaye | Taarak Mehta Ka Ooltah Chashmah | Full Episode 4295 | 15 Jan 2025,https://www.youtube.com/watch?v=aI5G1k3IiIk,Found
4296,FULL EPISODE! 4296 - Hindustan Zindabad?!  | Taarak Mehta Ka Ooltah Chashmah,https://www.youtube.com/watch?v=9VxmkXKxrt8,Found
4297,Bapuji's Rescue | Taarak Mehta Ka Ooltah Chashmah | Full Episode 4297 | 17 Jan 2025,https://www.youtube.com/watch?v=pxMBtHvw_OE,Found
4298,Champaklal Is Safe | Taarak Mehta Ka Ooltah Chashmah | Full Episode 4298 | 18 Jan 2025,https://www.youtube.com/watch?v=b8SNsc6dGww,Found
4299,Champaklal Returns Home | Taarak Mehta Ka Ooltah Chashmah | Full Episode 4299 | 20 Jan 2025,https://www.youtube.com/watch?v=4252-mUVReY,Found
4300,AI Ki Bhavishyavaani | Taarak Mehta Ka Ooltah Chashmah | Full Episode 4300 | 21 Jan 2025,https://www.youtube.com/watch?v=n1YdrbMiPMA,Found
4301,Jethalal Ko Aaya Sapna | Taarak Mehta Ka Ooltah Chashmah | Full Episode 4301 | 22 Jan 2025,https://www.youtube.com/watch?v=xgxIofbHzkY,Found
4302,Jethalal Out Of Stock | Taarak Mehta Ka Ooltah Chashmah | Full Episode 4302 | 23 Jan 2025,https://www.youtube.com/watch?v=dVj3VaJTydQ,Found
4303,Dhanda Bandh | Taarak Mehta Ka Ooltah Chashmah | Full Episode 4303 | 24 Jan 2025,https://www.youtube.com/watch?v=U1Kg59RWfms,Found
4304,Ramsang Se Panga | Taarak Mehta Ka Ooltah Chashmah | Full Episode 4304 | 25 Jan 2025,https://www.youtube.com/watch?v=QqH4JHtgZcU,Found
4305,Surprise Visit | Taarak Mehta Ka Ooltah Chashmah | Full Episode 4305 | 27 Jan 2025,https://www.youtube.com/watch?v=vClHrLy2lRU,Found
4306,Shutter Bandh | Taarak Mehta Ka Ooltah Chashmah | Full Episode 4306 | 28 Jan 2025,https://www.youtube.com/watch?v=1U_scELLvYg,Found
4307,Venu Kutti's Arrival | Taarak Mehta Ka Ooltah Chashmah | Full Episode 4307 | 29 Jan 2025,https://www.youtube.com/watch?v=SS0MkABFHJw,Found
4308,Nakli Venukutti | Taarak Mehta Ka Ooltah Chashmah | Full Episode 4308 | 30 Jan 2025,https://www.youtube.com/watch?v=10hrwwDjfe8,Found
4309,Bagha Tries His Best | Taarak Mehta Ka Ooltah Chashmah | Full Episode 4309 | 31 Jan 2025,https://www.youtube.com/watch?v=Rzmz8LoULwA,Found
4310,Cutter And Shutter | Taarak Mehta Ka Ooltah Chashmah | Full Episode 4310 | 1 Feb 2025,https://www.youtube.com/watch?v=wsaSxtkbBNE,Found
4311,Bagha Loses Venukutti | Taarak Mehta Ka Ooltah Chashmah | Full Episode 4311 | 3 Feb 2025,https://www.youtube.com/watch?v=B7IYIVmyACA,Found
4312,Venukutti Questions Jethalal | Taarak Mehta Ka Ooltah Chashmah | Full Episode 4312 | 4 Feb 2025,https://www.youtube.com/watch?v=dw4UASOtgJI,Found
4313,Bapuji's Trip | Taarak Mehta Ka Ooltah Chashmah | Full Episode 4313 | 5 Feb 2025,https://www.youtube.com/watch?v=ed_e3UDOYTc,Found
4314,Jethalal Ki Pol Pakdi Gayi | Taarak Mehta Ka Ooltah Chashmah | Full Episode 4314 | 6 Feb 2025,https://www.youtube.com/watch?v=k1CGj2ZhCt4,Found
4315,Lunch Invitation For Jethalal | Taarak Mehta Ka Ooltah Chashmah | Full Episode 4315 | 7 Feb 2025,https://www.youtube.com/watch?v=deUTMxksNxM,Found
4316,Jethalal Ki Duvidha | Taarak Mehta Ka Ooltah Chashmah | Full Episode 4316 | 8 Feb 2025,https://www.youtube.com/watch?v=LlaCHYRZdiE,Found
4317,Jethalal Ka Jhoot Pakda Gaya | Taarak Mehta Ka Ooltah Chashmah | Full Episode 4317 | 10 Feb 2025,https://www.youtube.com/watch?v=Y3FtPHSNxrU,Found
4318,Special Day Ki Special Baat | Taarak Mehta Ka Ooltah Chashmah | Full Episode 4318 | 11 Feb 2025,https://www.youtube.com/watch?v=LK8hEiMMPOY,Found
4319,Sakharam Par Kabootar Ke Daane | Taarak Mehta Ka Ooltah Chashmah | Full Episode 4319 | 12 Feb 2025,https://www.youtube.com/watch?v=vHN3vJMHtNY,Found
4320,Bluetooth Baba Ka Interview | Taarak Mehta Ka Ooltah Chashmah | Full Episode 4320 | 13 Feb 2025,https://www.youtube.com/watch?v=Rh4RnCfzzNM,Found
4321,Bluetooth Baba Ka Prediction | Taarak Mehta Ka Ooltah Chashmah | Full Episode 4321 | 14 Feb 2025,https://www.youtube.com/watch?v=IpPaMOPKVAc,Found
4322,Bhoot Ka Darr | Taarak Mehta Ka Ooltah Chashmah | Full Episode 4322 | 15 Feb 2025,https://www.youtube.com/watch?v=DybnqOzvr2A,Found
4323,Champaklal Ka Darr | Taarak Mehta Ka Ooltah Chashmah | Full Episode 4323 | 17 Feb 2025,https://www.youtube.com/watch?v=LMSwVG0dOKs,Found
4324,Bhoothnath In Gokuldham | Taarak Mehta Ka Ooltah Chashmah | Full Episode 4324 | 18 Feb 2025,https://www.youtube.com/watch?v=i6HOX3FU_r0,Found
4325,Society Rules For Bhoothnath | Taarak Mehta Ka Ooltah Chashmah | Full Episode 4325 | 19 Feb 2025,https://www.youtube.com/watch?v=YIGXp0wGVSo,Found
4326,Champaklal Meets The Fraud Baba | Taarak Mehta Ka Ooltah Chashmah | Full Episode 4326 | 20 Feb 2025,https://www.youtube.com/watch?v=N8NVf80oEsg,Found
4327,Sonu Ke Liye Ladka | Taarak Mehta Ka Ooltah Chashmah | Full Episode 4327 | 21 Feb 2025,https://www.youtube.com/watch?v=KfXQ1WJPHDw,Found
4328,Tapu Aur Sonu Ki Majboori | Taarak Mehta Ka Ooltah Chashmah | Full Episode 4328 | 22 Feb 2025,https://www.youtube.com/watch?v=t8jZRcp8y3w,Found
4329,Bhide Meets Raja Mastana | Taarak Mehta Ka Ooltah Chashmah | Full Episode 4329 | 24 Feb 2025,https://www.youtube.com/watch?v=xpAxUgjAsF0,Found
4330,Bhide Ka Surprise | Taarak Mehta Ka Ooltah Chashmah | Full Episode 4330 | 25 Feb 2025,https://www.youtube.com/watch?v=ga8LhjbGmFc,Found
4331,Raja Mastana's Prediction | Taarak Mehta Ka Ooltah Chashmah | Full Episode 4331 | 26 Feb 2025,https://www.youtube.com/watch?v=BVIkC0t-koo,Found
4332,Tapu And Sonu Get Reprimanded | Taarak Mehta Ka Ooltah Chashmah | Full Episode 4332 | 27 Feb 2025,https://www.youtube.com/watch?v=TH-B2ah95TE,Found
4333,Kar Bhala To Hoga Bhala | Taarak Mehta Ka Ooltah Chashmah | Full Episode 4333 | 28 Feb 2025,https://www.youtube.com/watch?v=NUMp2Ra-O3o,Found
4334,Sonu And Tapu's Grooming Day | Taarak Mehta Ka Ooltah Chashmah | Full Episode 4334 | 1 Mar 2025,https://www.youtube.com/watch?v=4YIOgQqV6SQ,Found
4335,Sonu Aur Tapu Ka Dukh | Taarak Mehta Ka Ooltah Chashmah | Full Episode 4335 | 3 Mar 2025,https://www.youtube.com/watch?v=NrxekJ8rvRA,Found
4336,Sonu Ki Mangni | Taarak Mehta Ka Ooltah Chashmah | Full Episode 4336 | 4 Mar 2025,https://www.youtube.com/watch?v=ZVM3F2eJG2g,Found
4337,Bhaag Ke Shaadi | Taarak Mehta Ka Ooltah Chashmah | Full Episode 4337 | 5 Mar 2025,https://www.youtube.com/watch?v=jjVDOjHpL3M,Found
4338,FULL EPISODE! 4338 -  Kya Bhide Tapu Sena Ka plan Pakad Payega?! | Taarak Mehta Ka Ooltah Chashmah,https://www.youtube.com/watch?v=z1dlLa4c1Mw,Found
4339,Tapu Consoles Sonu | Taarak Mehta Ka Ooltah Chashmah | Full Episode 4339 | 7 Mar 2025,https://www.youtube.com/watch?v=ucx88avIWDw,Found
4340,Bhide Realizes His Mistake | Taarak Mehta Ka Ooltah Chashmah | Full Episode 4340 | 8 Mar 2025,https://www.youtube.com/watch?v=Y-cs9UR5aaQ,Found
4341,Shaadi Ka Pavitra Bandhan | Taarak Mehta Ka Ooltah Chashmah | Full Episode 4341 | 10 Mar 2025,https://www.youtube.com/watch?v=BLixsvcflPc,Found
4342,Bhide Files A Complaint | Taarak Mehta Ka Ooltah Chashmah | Full Episode 4342 | 11 Mar 2025,https://www.youtube.com/watch?v=w6d3LLhmWhw,Found
4343,Varmala Ki Katha | Taarak Mehta Ka Ooltah Chashmah | Full Episode 4343 | 12 Mar 2025,https://www.youtube.com/watch?v=kTZhvTkl6tc,Found
4344,Tapu Aur Sonu Ka Interrogation | Taarak Mehta Ka Ooltah Chashmah | Full Episode 4344 | 13 Mar 2025,https://www.youtube.com/watch?v=RcA2zBhZLvM,Found
4345,Sanskari Aur Samajhdar | Taarak Mehta Ka Ooltah Chashmah | Full Episode 4345 | 14 Mar 2025,https://www.youtube.com/watch?v=cTpVWzwmqFY,Found
4346,FULL EPISODE! 4346 - Gokuldham ki Holi! | Taarak Mehta Ka Ooltah Chashmah| तारक मेहता का उल्टा चश्मा,https://www.youtube.com/watch?v=gKdh3G88j1g,Found
4347,Taarak Ke Liye Mithai | Taarak Mehta Ka Ooltah Chashmah | Full Episode 4347 | 17 Mar 2025,https://www.youtube.com/watch?v=yRS6HvoKqzs,Found
4348,Popatlal Creates A Scene | Taarak Mehta Ka Ooltah Chashmah | Full Episode 4348 | 18 Mar 2025,https://www.youtube.com/watch?v=KjpJO8OXXfk,Found
4349,FULL EPISODE! 4349 - Aisa Kya Dekh Liya Mahila Mandal Ne?! | Taarak Mehta Ka Ooltah Chashmah,https://www.youtube.com/watch?v=YUfbJ__oSC8,Found
4350,Verma Ji Ke Ghar Ka Siren | Taarak Mehta Ka Ooltah Chashmah | Full Episode 4350 | 20 Mar 2025,https://www.youtube.com/watch?v=E8O1dznhfL8,Found
4351,FULL EPISODE! 4351 - Jethalal ne Bawri ko Phasaya Apne Jaal me?! | Taarak Mehta Ka Ooltah Chashmah,https://www.youtube.com/watch?v=bFCXftHmbXc,Found
4352,Meeting Ka Din | Taarak Mehta Ka Ooltah Chashmah | Full Episode 4352 | 22 Mar 2025,https://www.youtube.com/watch?v=HCNAI_2-12o,Found
4353,Jethalal Gets A Lift | Taarak Mehta Ka Ooltah Chashmah | Full Episode 4353 | 24 Mar 2025,https://www.youtube.com/watch?v=LSIK6QJj20Q,Found
4354,Jethalal Gets Stuck In The Car | Taarak Mehta Ka Ooltah Chashmah | Full Episode 4354 | 25 Mar 2025,https://www.youtube.com/watch?v=Tbe-ozKpozo,Found
4355,Jethalal Runs Late | Taarak Mehta Ka Ooltah Chashmah | Full Episode 4355 | 26 Mar 2025,https://www.youtube.com/watch?v=jkdw_EXxmyQ,Found
4356,Kya Deal Hogi Pakki? | Taarak Mehta Ka Ooltah Chashmah | Full Episode 4356 | 27 Mar 2025,https://www.youtube.com/watch?v=hmyu-09QQnU,Found
4357,Sawal-Jawab Ka Khel | Taarak Mehta Ka Ooltah Chashmah | Full Episode 4357 | 28 Mar 2025,https://www.youtube.com/watch?v=wuogb9APdZM,Found
4358,Sawal-Jawab Ka Khel | Taarak Mehta Ka Ooltah Chashmah | Full Episode 4357 | 28 Mar 2025,https://www.youtube.com/watch?v=wuogb9APdZM,Found
4359,Goni Mein Kya Hai? | Taarak Mehta Ka Ooltah Chashmah | Full Episode 4359 | 31 Mar 2025,https://www.youtube.com/watch?v=WKuFAMYbs2o,Found
4360,Kathal Season | Taarak Mehta Ka Ooltah Chashmah | Full Episode 4360 | 1 Apr 2025,https://www.youtube.com/watch?v=QDWOBLaeNTg,Found
4361,Gudi Padwa In Gokuldham | Taarak Mehta Ka Ooltah Chashmah | Full Episode 4361 | 2 Apr 2025,https://www.youtube.com/watch?v=Ksd4KrHzTus,Found
4362,Naya Saal Nayi Shuruat | Taarak Mehta Ka Ooltah Chashmah | Full Episode 4362 | 3 Apr 2025,https://www.youtube.com/watch?v=NEvyymQDADQ,Found
4363,Jethalal Ko Hua Profit | Taarak Mehta Ka Ooltah Chashmah | Full Episode 4363 | 4 Apr 2025,https://www.youtube.com/watch?v=VnNOmzV-ktI,Found
4364,Champaklal Has Tears In His Eyes | Taarak Mehta Ka Ooltah Chashmah | Full Episode 4364 | 5 Apr 2025,https://www.youtube.com/watch?v=Ix0Z1J5OVtE,Found
4365,Locked Inside | Taarak Mehta Ka Ooltah Chashmah | Full Episode 4365 | 7 Apr 2025,https://www.youtube.com/watch?v=TeMXk5FhTig,Found
4366,Ghar Ki Chaabi | Taarak Mehta Ka Ooltah Chashmah | Full Episode 4366 | 8 Apr 2025,https://www.youtube.com/watch?v=GRe12XpMhw0,Found
4367,Tala Kaise Tode? | Taarak Mehta Ka Ooltah Chashmah | Full Episode 4367 | 9 Apr 2025,https://www.youtube.com/watch?v=OQ1Ou63y-ww,Found
4368,Mannu Se Mulaqat | Taarak Mehta Ka Ooltah Chashmah | Full Episode 4368 | 10 Apr 2025,https://www.youtube.com/watch?v=abxDvlTW3G8,Found
4369,Bapuji’s Race Against Time | Taarak Mehta Ka Ooltah Chashmah | Full Episode 4369 | 11 Apr 2025,https://www.youtube.com/watch?v=-BROsy2n6bc,Found
4370,Champaklal Meets His Friend | Taarak Mehta Ka Ooltah Chashmah | Full Episode 4370 | 12 Apr 2025,https://www.youtube.com/watch?v=BYa17UbHWtA,Found
4371,Tala Kisne Maara? | Taarak Mehta Ka Ooltah Chashmah | Full Episode 4371 | 14 Apr 2025,https://www.youtube.com/watch?v=crRPmrkquRs,Found
4372,Gogi's Dream Bike | Taarak Mehta Ka Ooltah Chashmah | Full Episode 4372 | 15 Apr 2025,https://www.youtube.com/watch?v=lNFdMC1H-58,Found
4373,Cricket Ka Bhoot | Taarak Mehta Ka Ooltah Chashmah | Full Episode 4373 | 16 Apr 2025,https://www.youtube.com/watch?v=mvOkGIHdmlo,Found
4374,Rocky's Surprise | Taarak Mehta Ka Ooltah Chashmah | Full Episode 4374 | 17 Apr 2025,https://www.youtube.com/watch?v=0NfNFnoBByE,Found
4375,Raato Raat Ameeri | Taarak Mehta Ka Ooltah Chashmah | Full Episode 4375 | 18 Apr 2025,https://www.youtube.com/watch?v=ENvfLrKTqVo,Found
4376,Gogi Opens A Bank Account | Taarak Mehta Ka Ooltah Chashmah | Full Episode 4376 | 19 Apr 2025,https://www.youtube.com/watch?v=YDKqxPwUKuo,Found
4377,Gogi Ko Hua Munafa | Taarak Mehta Ka Ooltah Chashmah | Full Episode 4377 | 21 Apr 2025,https://www.youtube.com/watch?v=KM4rWwkPChk,Found
4378,Gogi Ki Nayi Bike | Taarak Mehta Ka Ooltah Chashmah | Full Episode 4378 | 22 Apr 2025,https://www.youtube.com/watch?v=RmzvNDY7e7Y,Found
4379,Gogi Needs Money | Taarak Mehta Ka Ooltah Chashmah | Full Episode 4379 | 23 Apr 2025,https://www.youtube.com/watch?v=7QDsTbvXE1I,Found
4380,Gogi Risks It All | Taarak Mehta Ka Ooltah Chashmah | Full Episode 4380 | 24 Apr 2025,https://www.youtube.com/watch?v=9NSdpFuOyQI,Found
4381,Gogi Needs More Money | Taarak Mehta Ka Ooltah Chashmah | Full Episode 4381 | 25 Apr 2025,https://www.youtube.com/watch?v=aHrVfSaY9_w,Found
4382,Gogi Ka Online Course | Taarak Mehta Ka Ooltah Chashmah | Full Episode 4382 | 26 Apr 2025,https://www.youtube.com/watch?v=0k8PrxGq4KY,Found
4383,Gogi's Web Of Lies | Taarak Mehta Ka Ooltah Chashmah | Full Episode 4383 | 28 Apr 2025,https://www.youtube.com/watch?v=7Fb7k44bf5Y,Found
4384,Gogi Ko Hua Loss | Taarak Mehta Ka Ooltah Chashmah | Full Episode 4384 | 29 Apr 2025,https://www.youtube.com/watch?v=6i8A6iaU4EU,Found
4385,Gogi In Big Trouble | Taarak Mehta Ka Ooltah Chashmah | Full Episode 4385 | 30 Apr 2025,https://www.youtube.com/watch?v=ysnFma-J_cU,Found
4386,Gogi Kaha Hai? | Taarak Mehta Ka Ooltah Chashmah | Full Episode 4386 | 1 May 2025,https://www.youtube.com/watch?v=BdcONGw8ZAs,Found
4387,Gogi Ki Talash | Taarak Mehta Ka Ooltah Chashmah | Full Episode 4387 | 2 May 2025,https://www.youtube.com/watch?v=xJSC4w1A_TI,Found
4388,Sodhi's Vow | Taarak Mehta Ka Ooltah Chashmah | Full Episode 4388 | 3 May 2025,https://www.youtube.com/watch?v=5fiJTV_tWSY,Found
4389,Finding Gogi | Taarak Mehta Ka Ooltah Chashmah | Full Episode 4389 | 5 May 2025,https://www.youtube.com/watch?v=g2BIVXzDClg,Found
4390,Gogi Comes Clean | Taarak Mehta Ka Ooltah Chashmah | Full Episode 4390 | 6 May 2025,https://www.youtube.com/watch?v=uLRGnWUOowc,Found
4391,Bhide Pe Aarop | Taarak Mehta Ka Ooltah Chashmah | Full Episode 4391 | 7 May 2025,https://www.youtube.com/watch?v=u-t6TwwY6uU,Found
4392,Bhide Ke Khilaaf Saboot | Taarak Mehta Ka Ooltah Chashmah | Full Episode 4392 | 8 May 2025,https://www.youtube.com/watch?v=v0y113VMq-E,Found
4393,Defective Samaan | Taarak Mehta Ka Ooltah Chashmah | Full Episode 4393 | 9 May 2025,https://www.youtube.com/watch?v=4EPjeVo-y28,Found
4394,Gokuldham Members Ko Laga Shock | Taarak Mehta Ka Ooltah Chashmah | Full Episode 4394 | 10 May 2025,https://www.youtube.com/watch?v=Ke6aaXB8sQY,Found
4395,Meter Ki Chaabi Kaha Hai? | Taarak Mehta Ka Ooltah Chashmah | Full Episode 4395 | 12 May 2025,https://www.youtube.com/watch?v=8I58xYuWTZE,Found
4396,Bhide Ki Galti | Taarak Mehta Ka Ooltah Chashmah | Full Episode 4396 | 13 May 2025,https://www.youtube.com/watch?v=NtW62kJqCzQ,Found
4397,Bhootnaath Kidhar Hai? | Taarak Mehta Ka Ooltah Chashmah | Full Episode 4397 | 14 May 2025,https://www.youtube.com/watch?v=6Unsk2gjO7A,Found
4398,FULL EPISODE! 4398 - Sonu ne chakaya bhide ko Videshi Khana!  | Taarak Mehta Ka Ooltah Chashmah,https://www.youtube.com/watch?v=-qmHuJWP-Ec,Found
4399,FULL EPISODE! 4399 - Bhide kyu darr raha hai popatlal se? | Taarak Mehta Ka Ooltah Chashmah,https://www.youtube.com/watch?v=Ox9T0qz9usA,Found
4400,Naye Parivaar Ka Swagat | Taarak Mehta Ka Ooltah Chashmah | Full Episode 4400 | 17 May 2025,https://www.youtube.com/watch?v=LZxDZ36JaMc,Found
4401,Nakli Customer | Taarak Mehta Ka Ooltah Chashmah | Full Episode 4401 | 19 May 2025,https://www.youtube.com/watch?v=l1uu-MI17M0,Found
4402,Himalaya Trip | Taarak Mehta Ka Ooltah Chashmah | Full Episode 4402 | 20 May 2025,https://www.youtube.com/watch?v=ZWPRDp545ZM,Found
4403,Trip Ki Taiyyari | Taarak Mehta Ka Ooltah Chashmah | Full Episode 4403 | 21 May 2025,https://www.youtube.com/watch?v=4vfVfqqeRdI,Found
4404,Paiso Ki Baarish | Taarak Mehta Ka Ooltah Chashmah | Full Episode 4404 | 22 May 2025,https://www.youtube.com/watch?v=fz8VDCc8Pdo,Found
4405,Taarak Runs Late | Taarak Mehta Ka Ooltah Chashmah | Full Episode 4405 | 23 May 2025,https://www.youtube.com/watch?v=4rFhFWb13go,Found
4406,Taarak Invests Money | Taarak Mehta Ka Ooltah Chashmah | Full Episode 4406 | 24 May 2025,https://www.youtube.com/watch?v=_6xqd3Bs7pY,Found
4407,Gokuldham Colony Invests Money | Taarak Mehta Ka Ooltah Chashmah | Full Episode 4407 | 26 May 2025,https://www.youtube.com/watch?v=XOPF_LOngNM,Found
4408,Investment Ki Chinta | Taarak Mehta Ka Ooltah Chashmah | Full Episode 4408 | 27 May 2025,https://www.youtube.com/watch?v=raz_tFQabNk,Found
4409,Investment Meeting | Taarak Mehta Ka Ooltah Chashmah | Full Episode 4409 | 28 May 2025,https://www.youtube.com/watch?v=nf3TYSxFyrM,Found
4410,Bumper Munafa Fund | Taarak Mehta Ka Ooltah Chashmah | Full Episode 4410 | 29 May 2025,https://www.youtube.com/watch?v=QC5-R_ybNZo,Found
4411,Investment Ki Excitement | Taarak Mehta Ka Ooltah Chashmah | Full Episode 4411 | 30 May 2025,https://www.youtube.com/watch?v=1jS8PFqRWsE,Found
4412,Paiso Ki Baarish Group Mein Error| Taarak Mehta Ka Ooltah Chashmah | Full Episode 4412 | 31 May 2025,https://www.youtube.com/watch?v=E49r4SPSvIo,Found
4413,Gokuldham Mein Fraud | Taarak Mehta Ka Ooltah Chashmah | Full Episode 4413 | 2 June 2025,https://www.youtube.com/watch?v=fyGB6MBU1aE,Found
4414,Cyber Dhokha | Taarak Mehta Ka Ooltah Chashmah | Full Episode 4414 | 3 June 2025,https://www.youtube.com/watch?v=tMltDXj2WMk,Found
4415,FULL EPISODE! 4415 - Kya Popatlal Hai Scam Ka Mastermind?! |  Taarak Mehta Ka Ooltah Chashmah,https://www.youtube.com/watch?v=P29nBJrv76I,Found
4416,FULL EPISODE! 4416 - Popatlal Ne Lakho Ka Nuksan Hone Se Bachaya! |  Taarak Mehta Ka Ooltah Chashmah,https://www.youtube.com/watch?v=21DGRxwRdWw,Found
4417,Popatlal In Dhumtara | Taarak Mehta Ka Ooltah Chashmah | Full Episode 4417 | 6 June 2025,https://www.youtube.com/watch?v=4kGyi5puKaw,Found
4418,FULL EPISODE! 4418 - Popatlal Ne Bachayi Taarak Ki Naukri! |  Taarak Mehta Ka Ooltah Chashmah,https://www.youtube.com/watch?v=ZfFGRmP722o,Found
4419,Popatlal Ko Mila Award | Taarak Mehta Ka Ooltah Chashmah | Full Episode 4419 | 9 June 2025,https://www.youtube.com/watch?v=rHh4RAVco3M,Found
4420,Taarak's Leave Application | Taarak Mehta Ka Ooltah Chashmah | Full Episode 4420 | 10 June 2025,https://www.youtube.com/watch?v=kioQRlaQl54,Found
4421,Boss Se Mulaqat | Taarak Mehta Ka Ooltah Chashmah | Full Episode 4421 | 11 June 2025,https://www.youtube.com/watch?v=xF5BsakjuQo,Found
4422,Bungalow Mein Picnic | Taarak Mehta Ka Ooltah Chashmah | Full Episode 4422 | 12 June 2025,https://www.youtube.com/watch?v=R81QBqdlakU,Found
4423,Picnic Ki Taiyyari | Taarak Mehta Ka Ooltah Chashmah | Full Episode 4423 | 13 June 2025,https://www.youtube.com/watch?v=c7V1pm-fTSc,Found
4424,Gokuldham Waalo Ki Picnic | Taarak Mehta Ka Ooltah Chashmah | Full Episode 4424 | 14 June 2025,https://www.youtube.com/watch?v=zkgpRUolPlE,Found
4425,Bus Mein Masti | Taarak Mehta Ka Ooltah Chashmah | Full Episode 4425 | 16 June 2025,https://www.youtube.com/watch?v=4sIAvyaCKlA,Found
4426,Bhoot Bangle Mein Picnic | Taarak Mehta Ka Ooltah Chashmah | Full Episode 4426 | 17 June 2025,https://www.youtube.com/watch?v=9GyKRrFkemM,Found
4427,Masti Ka Mood On | Taarak Mehta Ka Ooltah Chashmah | Full Episode 4427 | 18 June 2025,https://www.youtube.com/watch?v=QaxYUW73wbM,Found
4428,Chakori Se Mulaqat | Taarak Mehta Ka Ooltah Chashmah | Full Episode 4428 | 19 June 2025,https://www.youtube.com/watch?v=IHvU13nhdLU,Found
4429,Raat ka Intezaar | Taarak Mehta Ka Ooltah Chashmah | Full Episode 4429 | 20 June 2025,https://www.youtube.com/watch?v=n_mzomFpvrc,Found
4430,Bhide Ka Darr | Taarak Mehta Ka Ooltah Chashmah | Full Episode 4430 | 21 June 2025,https://www.youtube.com/watch?v=OORW4U_PNGE,Found
4431,Popatlal And Chakori's Friendship |Taarak Mehta Ka Ooltah Chashmah |Full Episode 4431 | 23 June 2025,https://www.youtube.com/watch?v=qhIntrQbQlE,Found
4432,Last Day In The Bungalow | Taarak Mehta Ka Ooltah Chashmah | Full Episode 4432 | 24 June 2025,https://www.youtube.com/watch?v=lhJPp3ipKWE,Found
4433,Bungalow Mein Party Sharty | Taarak Mehta Ka Ooltah Chashmah | Full Episode 4433 | 25 June 2025,https://www.youtube.com/watch?v=SuUS6Q8uVhM,Found
4434,Chakori Ke Saamne Bhide | Taarak Mehta Ka Ooltah Chashmah | Full Episode 4434 | 26 June 2025,https://www.youtube.com/watch?v=-54jGvFEu2E,Found
4435,Bhootiya Raat | Taarak Mehta Ka Ooltah Chashmah | Full Episode 4435 | 27 June 2025,https://www.youtube.com/watch?v=GJjbm1TFwug,Found
4436,Popatlal's Plan To Meet Chakori | Taarak Mehta Ka Ooltah Chashmah | Full Episode 4436 | 28 June 2025,https://www.youtube.com/watch?v=a7O4YmU9kWI,Found
4437,Chakori Se Hua Pyaar | Taarak Mehta Ka Ooltah Chashmah | Full Episode 4437 | 30 June 2025,https://www.youtube.com/watch?v=ElznaI0N7Xw,Found
4438,Pyaar Mein Lattu Popatlal | Taarak Mehta Ka Ooltah Chashmah | Full Episode 4438 | 1 July 2025,https://www.youtube.com/watch?v=koOFt7rbbE0,Found
4439,Bhide's Spooky Night | Taarak Mehta Ka Ooltah Chashmah | Full Episode 4439 | 2 July 2025,https://www.youtube.com/watch?v=V73YfSSYOoQ,Found
4440,FULL EPISODE! 4440 - Popatlal ka Toota Dil?! | Taarak Mehta Ka Ooltah Chashmah,https://www.youtube.com/watch?v=8F9EScF1kkY,Found
4441,Bangle Mein Fase Gokuldham Wale | Taarak Mehta Ka Ooltah Chashmah | Full Episode 4441 | 4 July 2025,https://www.youtube.com/watch?v=02UmQiWjjdY,Found
4442,Gokuldham Residents Get Stuck | Taarak Mehta Ka Ooltah Chashmah | Full Episode 4442 | 5 July 2025,https://www.youtube.com/watch?v=3LDCXaHdatw,Found
4443,Chakori Ka Saamna | Taarak Mehta Ka Ooltah Chashmah | Full Episode 4443 | 7 July 2025,https://www.youtube.com/watch?v=3LuL1DtLETI,Found
4444,Chakori Ki Chetavni | Taarak Mehta Ka Ooltah Chashmah | Full Episode 4444 | 8 July 2025,https://www.youtube.com/watch?v=7RyUsOZfWRE,Found
4445,NEW! Taarak Mehta Ka Ooltah Chashmah | Ep 4445 | 9 July 2025 | Teaser,https://www.youtube.com/watch?v=ImHXDoiB3dw,Found
4446,Chakori Ki Asliyat | Taarak Mehta Ka Ooltah Chashmah | Full Episode 4446 | 10 July 2025,https://www.youtube.com/watch?v=-0dMDJplS3s,Found
4447,Chakori Ka Khel Khatam | Taarak Mehta Ka Ooltah Chashmah | Full Episode 4447 | 11 July 2025,https://www.youtube.com/watch?v=4y_WkmQ1hKE,Found
4448,The Real Culprit | Taarak Mehta Ka Ooltah Chashmah | Full Episode 4448 | 12 July 2025,https://www.youtube.com/watch?v=lk8CjOs0LNE,Found
4449,Jethalal Returns From His Trip | Taarak Mehta Ka Ooltah Chashmah | Full Episode 4449 | 14 July 2025,https://www.youtube.com/watch?v=thKMyRQKmHg,Found
4450,FULL EPISODE! 4450 - Akhir kon Rehne Aaya Verma Ji ke ghar? | Taarak Mehta Ka Ooltah Chashmah,https://www.youtube.com/watch?v=OhKMBdv4J70,Found
4451,Bawri Bani Customer | Taarak Mehta Ka Ooltah Chashmah | Full Episode 4451 | 16 July 2025,https://www.youtube.com/watch?v=Kebmr0MHl1o,Found
4452,Payment Mein Gadbadi | Taarak Mehta Ka Ooltah Chashmah | Full Episode 4452 | 17 July 2025,https://www.youtube.com/watch?v=P7HvQuK4GSE,Found
4453,Pachchis Lakh Ki Galti | Taarak Mehta Ka Ooltah Chashmah | Full Episode 4453 | 18 July 2025,https://www.youtube.com/watch?v=PjoQVQRUD9Y,Found
4454,Jethalal Ke Atke Hue Payments | Taarak Mehta Ka Ooltah Chashmah | Full Episode 4454 | 19 July 2025,https://www.youtube.com/watch?v=FceFIUgPpDk,Found
4455,Tension Mein Jethalal | Taarak Mehta Ka Ooltah Chashmah | Full Episode 4455 | 21 July 2025,https://www.youtube.com/watch?v=Ga82v-Yghvw,Found
4456,Asli Parivaar | Taarak Mehta Ka Ooltah Chashmah | Full Episode 4456 | 22 July 2025,https://www.youtube.com/watch?v=GWjCPXMLRvE,Found
4457,Paiso Ka Bandobast | Taarak Mehta Ka Ooltah Chashmah | Full Episode 4457 | 23 July 2025,https://www.youtube.com/watch?v=co3aLS5AHQQ,Found
4458,Jethalal Wants His Money Back | Taarak Mehta Ka Ooltah Chashmah | Full Episode 4458 | 24 July 2025,https://www.youtube.com/watch?v=zcvVyia7ylY,Found
4459,Jethalal Mila Wakeel Se | Taarak Mehta Ka Ooltah Chashmah | Full Episode 4459 | 25 July 2025,https://www.youtube.com/watch?v=x2jwAim1RxY,Found
4460,Jethalal Feels Helpless | Taarak Mehta Ka Ooltah Chashmah | Full Episode 4460 | 26 July 2025,https://www.youtube.com/watch?v=-xDIE_lt05g,Found
4461,Celebrating 17 Years | Taarak Mehta Ka Ooltah Chashmah | Full Episode 4461 | 28 July 2025,https://www.youtube.com/watch?v=7KLIHdeorDc,Found
4462,Paiso Ki Firauti | Taarak Mehta Ka Ooltah Chashmah | Full Episode 4462 | 29 July 2025,https://www.youtube.com/watch?v=wgYYsZcazm8,Found
4463,Mission Vasooli | Taarak Mehta Ka Ooltah Chashmah | Full Episode 4463 | 30 July 2025,https://www.youtube.com/watch?v=22epaO4TvIE,Found
4464,Nekchand Ko Mili Dhamki | Taarak Mehta Ka Ooltah Chashmah | Full Episode 4464 | 31 July 2025,https://www.youtube.com/watch?v=AqFx6b3fIr4,Found
4465,Musibat Mein Jethalal And Friends | Taarak Mehta Ka Ooltah Chashmah | Full Episode 4465 | 1 Aug 2025,https://www.youtube.com/watch?v=NKUJC4T1sJU,Found
4466,Champaklal Aur Tapu Ki Koshish | Taarak Mehta Ka Ooltah Chashmah | Full Episode 4466 | 2 Aug 2025,https://www.youtube.com/watch?v=cDFCE0BZN7k,Found
4467,Tapu Ka Naya Idea | Taarak Mehta Ka Ooltah Chashmah | Full Episode 4467 | 4 Aug 2025,https://www.youtube.com/watch?v=KFUCElZw7EA,Found
4468,Trapping Nekchand | Taarak Mehta Ka Ooltah Chashmah | Full Episode 4468 | 5 Aug 2025,https://www.youtube.com/watch?v=UgZDylpSzmo,Found
4469,Jaal Mein Fasa Nekchand | Taarak Mehta Ka Ooltah Chashmah | Full Episode 4469 | 6 Aug 2025,https://www.youtube.com/watch?v=1t0NG2JvQUg,Found
4470,Popatlal Bana Pyarelal | Taarak Mehta Ka Ooltah Chashmah | Full Episode 4470 | 7 Aug 2025,https://www.youtube.com/watch?v=hBCwYgPYpm4,Found
4471,Token Ke Liye Taiyyar Nekchand | Taarak Mehta Ka Ooltah Chashmah | Full Episode 4471 | 8 Aug 2025,https://www.youtube.com/watch?v=e4XSGnocy2Q,Found
4472,Nekchand Aaya Gokuldham | Taarak Mehta Ka Ooltah Chashmah | Full Episode 4472 | 9 Aug 2025,https://www.youtube.com/watch?v=BDyD9M_oT1M,Found
4473,Nekchand Ko Mila Sabak | Taarak Mehta Ka Ooltah Chashmah | Full Episode 4473 | 11 Aug 2025,https://www.youtube.com/watch?v=8jbD1KkT5W4,Found
4474,Nekchand Ko Lautaye Paise | Taarak Mehta Ka Ooltah Chashmah | Full Episode 4474 | 12 Aug 2025,https://www.youtube.com/watch?v=B3zfceqrDLo,Found
4475,Naye Neighbours Ka Intezaar | Taarak Mehta Ka Ooltah Chashmah | Full Episode 4475 | 13 Aug 2025,https://www.youtube.com/watch?v=CXcGu5q3w0s,Found
4476,Bhootnath Ka Badla | Taarak Mehta Ka Ooltah Chashmah | Full Episode 4476 | 14 Aug 2025,https://www.youtube.com/watch?v=ZRzffNVRTNM,Found
4477,Kab Aayenge Naye Padosi? | Taarak Mehta Ka Ooltah Chashmah | Full Episode 4477 | 15 Aug 2025,https://www.youtube.com/watch?v=r3-pAS87JOQ,Found
4478,Naye Parivar Ka Tempo | Taarak Mehta Ka Ooltah Chashmah | Full Episode 4478 | 16 Aug 2025,https://www.youtube.com/watch?v=v32WUMDOGgI,Found
4479,Naye Parivaar Ka Swagat | Taarak Mehta Ka Ooltah Chashmah | Full Episode 4479 | 18 Aug 2025,https://www.youtube.com/watch?v=ZmRcqUo-VRw,Found
4480,NEW! Ep 4480 - Aa gaye Society me Naye Mehman! | Taarak Mehta ka Ooltah Chashmah,https://www.youtube.com/watch?v=W77L9XhPfaM,Found
4481,Meet The Binjolas | Taarak Mehta Ka Ooltah Chashmah | Full Episode 4481 | 20 Aug 2025,https://www.youtube.com/watch?v=ph7__VK8LY4,Found
4482,Tempo Ki Chori | Taarak Mehta Ka Ooltah Chashmah | Full Episode 4482 | 21 Aug 2025,https://www.youtube.com/watch?v=75QU18i037I,Found
4483,Pandey Ji To The Rescue | Taarak Mehta Ka Ooltah Chashmah | Full Episode 4483 | 22 Aug 2025,https://www.youtube.com/watch?v=8BY3fpF7-UY,Found
4484,Bhide Is Blamed | Taarak Mehta Ka Ooltah Chashmah | Full Episode 4484 | 23 Aug 2025,https://www.youtube.com/watch?v=mTD-Kq7gF1U,Found
4485,Bhide Se Poochtach | Taarak Mehta Ka Ooltah Chashmah | Full Episode 4485 | 25 Aug 2025,https://www.youtube.com/watch?v=ggM9z6cPptQ,Found
4486,Tempo Ki Khoj | Taarak Mehta Ka Ooltah Chashmah | Full Episode 4486 | 26 Aug 2025,https://www.youtube.com/watch?v=P-I3eKgSS7Y,Found
4487,Ek Tempo Do Number | Taarak Mehta Ka Ooltah Chashmah | Full Episode 4487 | 27 Aug 2025,https://www.youtube.com/watch?v=HtXrnuo3U3g,Found
4488,Tempo Chor Faraar | Taarak Mehta Ka Ooltah Chashmah | Full Episode 4488 | 28 Aug 2025,https://www.youtube.com/watch?v=NSX_EkGBoPc,Found
4489,Tempo Chor Ka Mila Pata | Taarak Mehta Ka Ooltah Chashmah | Full Episode 4489 | 29 Aug 2025,https://www.youtube.com/watch?v=snwXf6xLl_o,Found
4490,Sodhi Ka Smart Mechanic | Taarak Mehta Ka Ooltah Chashmah | Full Episode 4490 | 30 Aug 2025,https://www.youtube.com/watch?v=pqFu7nd7A-s,Found
4491,Choro Ka Peecha | Taarak Mehta Ka Ooltah Chashmah | Full Episode 4491 | 1 Sept 2025,https://www.youtube.com/watch?v=vAiBGiaF68Q,Found
4492,Last Chance For The Binjolas | Taarak Mehta Ka Ooltah Chashmah | Full Episode 4492 | 2 Sept 2025,https://www.youtube.com/watch?v=8_bBMzGQMj4,Found
4493,Tapu Ne Lagaya Brilliant Idea | Taarak Mehta Ka Ooltah Chashmah | Full Episode 4493 | 3 Sept 2025,https://www.youtube.com/watch?v=2kvPPalK4YQ,Found
4494,Tempo Aane Ki Khushi | Taarak Mehta Ka Ooltah Chashmah | Full Episode 4494 | 4 Sept 2025,https://www.youtube.com/watch?v=lT_C-nq4PnM,Found
4495,FULL EPISODE! 4495 - Gokuldhamvasi Ne diya Binjola Family Ko Tofa!| Taarak Mehta Ka Ooltah Chashmah,https://www.youtube.com/watch?v=DIscTIoy-C4,Found
4496,FULL EPISODE! 4496 - Tapu Sena Ne Kiya Ganesh Chaturthi Ki Planning| Taarak Mehta Ka Ooltah Chashmah,https://www.youtube.com/watch?v=Ql7gRsRku1s,Found
4497,NEW! Ep 4497 - Chote Baccho ne Khada Kiya Bhide ke samne Musibat! | Taarak Mehta ka Ooltah Chashmah,https://www.youtube.com/watch?v=DBqo2widDRo,Found
4498,FULL EPISODE! 4498 - Gokuldham me विराजमान hue Ganpati Bappa! | Taarak Mehta Ka Ooltah Chashmah,https://www.youtube.com/watch?v=Ubt2lXkD3RM,Found
4499,Tapu Sena Ke Niyam | Taarak Mehta Ka Ooltah Chashmah | Full Episode 4499 | 10 Sept 2025,https://www.youtube.com/watch?v=FxIIeDc0imY,Found
4500,Bachho Ki Zidd | Taarak Mehta Ka Ooltah Chashmah | Full Episode 4500 | 11 Sept 2025,https://www.youtube.com/watch?v=wn8cJSNLMSA,Found
4501,Ratan Aur Rupa Ki Pareshani | Taarak Mehta Ka Ooltah Chashmah | Full Episode 4501 | 12 Sept 2025,https://www.youtube.com/watch?v=Ry13ib4DNbE,Found
4502,Champaklal Ki Koshish | Taarak Mehta Ka Ooltah Chashmah | Full Episode 4502 | 13 Sept 2025,https://www.youtube.com/watch?v=IQEpm6uClaw,Found
4503,FULL EPISODE! 4503 - Kya Kam Karega Tapu ka Idea! | Taarak Mehta Ka Ooltah Chashmah,https://www.youtube.com/watch?v=1_7QHzPkGC4,Found
4504,FULL EPISODE! 4504 - Baccho ki Astha ka Sawal! | Taarak Mehta Ka Ooltah Chashmah,https://www.youtube.com/watch?v=YREc6e2MDKo,Found
4505,Bappa Meets The Kids | Taarak Mehta Ka Ooltah Chashmah | Full Episode 4505 | 17 Sept 2025,https://www.youtube.com/watch?v=8L6-BrH2pC0,Found
4506,Prayers And Prasad | Taarak Mehta Ka Ooltah Chashmah | Full Episode 4506 | 18 Sept 2025,https://www.youtube.com/watch?v=0t-Sa4mtqFc,Found
4507,Rangaram Karyakaram | Taarak Mehta Ka Ooltah Chashmah | Full Episode 4507 | 19 Sept 2025,https://www.youtube.com/watch?v=RSr5-ffZy1k,Found
4508,Tapu Sena Ki Performance | Taarak Mehta Ka Ooltah Chashmah | Full Episode 4508 | 20 Sept 2025,https://www.youtube.com/watch?v=ohgf0AsBcW4,Found
4509,Surprise Birthday Plan For Pinku | Taarak Mehta Ka Ooltah Chashmah | Full Episode 4509 |22 Sept 2025,https://www.youtube.com/watch?v=OMfNRik-MBU,Found
4510,Pinku Ka Birthday | Taarak Mehta Ka Ooltah Chashmah | Full Episode 4510 | 23 Sept 2025,https://www.youtube.com/watch?v=F2E5Bmb-EyA,Found
4511,Kaha Hai Pinku? | Taarak Mehta Ka Ooltah Chashmah | Full Episode 4511 | 24 Sept 2025,https://www.youtube.com/watch?v=3jBca2ZZ1Q0,Found
4512,NEW! Ep 4512 - Gokuldham me Shuru Hui Garba Ki Tayari! |Taarak Mehta ka Ooltah Chashmah,https://www.youtube.com/watch?v=ZtKjY6MBq04,Found
4513,Sonu's New Wall Paint | Taarak Mehta Ka Ooltah Chashmah | Full Episode 4513 | 26 Sept 2025,https://www.youtube.com/watch?v=y7YrG-2EKpE,Found
4514,Bhide Seeks Jethalal's Help | Taarak Mehta Ka Ooltah Chashmah | Full Episode 4514 | 27 Sept 2025,https://www.youtube.com/watch?v=g1DZPMKPlrk,Found
4515,Bhide Ka Confidence | Taarak Mehta Ka Ooltah Chashmah | Full Episode 4515 | 29 Sept 2025,https://www.youtube.com/watch?v=P_5ufKEZhtg,Found
4516,Bhide Looks For  A Painter | Taarak Mehta Ka Ooltah Chashmah | Full Episode 4516 | 30 Sept 2025,https://www.youtube.com/watch?v=3swCmfxFEAU,Found
4517,Painter Arrives At Bhide's House | Taarak Mehta Ka Ooltah Chashmah | Full Episode 4517 | 1 Oct 2025,https://www.youtube.com/watch?v=-ZvtzbHy2CA,Found
4518,Naya Painter | Taarak Mehta Ka Ooltah Chashmah | Full Episode 4518 | 2 Oct 2025,https://www.youtube.com/watch?v=-jVJiyvyiLc,Found
4519,FULL EPISODE! 4519 - Taarak karenge bhide ke ghar paint?! | Taarak Mehta Ka Ooltah Chashmah,https://www.youtube.com/watch?v=JsSBqTneSAw,Found
4520,FULL EPISODE! 4520 - Kisne Kiya Sonu ke Room Ko Shandar paint?!| Taarak Mehta Ka Ooltah Chashmah,https://www.youtube.com/watch?v=3_70p7_s0J4,Found
4521,Gada Electronics Ki Nayi Scheme | Taarak Mehta Ka Ooltah Chashmah | Full Episode 4521 | 6 Oct 2025,https://www.youtube.com/watch?v=4RV67XrOI4I,Found
4522,FULL EPISODE! 4522 - Gokuldham me Shuru Hui Garba ki Tayari! | Taarak Mehta Ka Ooltah Chashmah,https://www.youtube.com/watch?v=hdMzL4yxd_k,Found
4523,FULL EPISODE! 4523 - Roopa Aur Ratan Ka Surprise! | Taarak Mehta Ka Ooltah Chashmah,https://www.youtube.com/watch?v=skJarVx-QeE,Found
4524,FULL EPISODE! 4524 - Gokuldham ke Garba me Aaya NayaTwist! | Taarak Mehta Ka Ooltah Chashmah,https://www.youtube.com/watch?v=RhiL9T8Qnbw,Found
4525,FULL EPISODE! 4525 - Garba Competetion in Gouldham! | Taarak Mehta Ka Ooltah Chashmah,https://www.youtube.com/watch?v=UiYlNMgNfs8,Found
4526,FULL EPISODE! 4526 - Garba ka Mahamuqabala! | Taarak Mehta Ka Ooltah Chashmah,https://www.youtube.com/watch?v=8BVftBukD-o,Found
4527,Taarak Gets Scolded | Taarak Mehta Ka Ooltah Chashmah | Full Episode 4527 | 13 Oct 2025,https://www.youtube.com/watch?v=dFFK_hrTkOM,Found
4528,Taarak Ka Badhta Weight | Taarak Mehta Ka Ooltah Chashmah | Full Episode 4528 | 14 Oct 2025,https://www.youtube.com/watch?v=4nqov89gO2k,Found
4529,Taarak Ka Khaana | Taarak Mehta Ka Ooltah Chashmah | Full Episode 4529 | 15 Oct 2025,https://www.youtube.com/watch?v=BmhwZ0FTFn0,Found
4530,Taarak Ki Peedha | Taarak Mehta Ka Ooltah Chashmah | Full Episode 4530 | 16 Oct 2025,https://www.youtube.com/watch?v=RbN_mb9yOis,Found
4531,Sunday Funday For Taarak | Taarak Mehta Ka Ooltah Chashmah | Full Episode 4531 | 17 Oct 2025,https://www.youtube.com/watch?v=DwQ-gezraik,Found
4532,Mission Masaledaar | Taarak Mehta Ka Ooltah Chashmah | Full Episode 4532 | 18 Oct 2025,https://www.youtube.com/watch?v=t6nOQJytmT4,Found
4533,Anjali Catches Hold Of Taarak | Taarak Mehta Ka Ooltah Chashmah | Full Episode 4533 | 20 Oct 2025,https://www.youtube.com/watch?v=QJzE2Rv354U,Found
4534,Punishment For Taarak And Friends | Taarak Mehta Ka Ooltah Chashmah| Full Episode 4534 | 21 Oct 2025,https://www.youtube.com/watch?v=aSSFS_zc23s,Found
4535,Veer And Bansri Ki Shararat | Taarak Mehta Ka Ooltah Chashmah| Full Episode 4535 | 22 Oct 2025,https://www.youtube.com/watch?v=A4ALf6GnU2Q,Found
4536,Popatlal Ke Ghar Ki Laxmi | Taarak Mehta Ka Ooltah Chashmah | Full Episode 4536 | 23 Oct 2025,https://www.youtube.com/watch?v=_FKweWjZ2EQ,Found
4537,Laddoo Ka Box | Taarak Mehta Ka Ooltah Chashmah | Full Episode 4537 | 24 Oct 2025,https://www.youtube.com/watch?v=7jB89tOcUrU,Found
4538,One Box Across The Society | Taarak Mehta Ka Ooltah Chashmah | Full Episode 4538 | 25 Oct 2025,https://www.youtube.com/watch?v=XPXThiCHoRo,Found
4539,FULL EPISODE! 4539 - Popatlal ne Dikkhaye Jadoo! | Taarak Mehta Ka Ooltah Chashmah,https://www.youtube.com/watch?v=ypMg372rMzU,Found
4540,Binjola Parivaar Ki Meeting |Taarak Mehta Ka Ooltah Chashmah |Full Ep 4540 |28 Oct 2025| New Episode,https://www.youtube.com/watch?v=b7nxaAa8hKs,Found
4541,Scooter Ka Naamkaran | Taarak Mehta Ka Ooltah Chashmah |Full Episode 4541 |29 Oct 2025 | New Episode,https://www.youtube.com/watch?v=XpvTseTOuw8,Found
4542,Feku Gada | Taarak Mehta Ka Ooltah Chashmah | Full Episode 4542 | 30 Oct 2025 | New Episode,https://www.youtube.com/watch?v=SQO4dK1PcSA,Found
4543,Vridhashram Ka Cheque |Taarak Mehta Ka Ooltah Chashmah| Full Episode 4543| 31 Oct 2025 | New Episode,https://www.youtube.com/watch?v=qmKWQXLt6Ts,Found
4544,Struggle To Get A Cheque | Taarak Mehta Ka Ooltah Chashmah | Full Ep 4544 | 1 Nov 2025 | New Episode,https://www.youtube.com/watch?v=FO-kXAtAcvc,Found
4545,Receipt Kaha Hai? | Taarak Mehta Ka Ooltah Chashmah | Full Episode 4545 | 3 Nov 2025,https://www.youtube.com/watch?v=PQela7UnYd8,Found
4546,Finding The Receipt | Taarak Mehta Ka Ooltah Chashmah | Full Episode 4546 | 4 Nov 2025,https://www.youtube.com/watch?v=NdUPEAaX8j8,Found
4547,Jethalal Aur Taarak Ka Struggle | Taarak Mehta Ka Ooltah Chashmah | Full Episode 4547 | 5 Nov 2025,https://www.youtube.com/watch?v=CTKYrLCocqM,Found
4548,The Lost Receipt | Taarak Mehta Ka Ooltah Chashmah | Full Episode 4548 | 6 Nov 2025,https://www.youtube.com/watch?v=BQ4vwL4U1KE,Found
4549,Nakli Receipt | Taarak Mehta Ka Ooltah Chashmah | Full Episode 4549 | 7 Nov 2025,https://www.youtube.com/watch?v=pdGaWvNvmxc,Found
4550,Jethalal Ki Chori Pakdi Gayi | Taarak Mehta Ka Ooltah Chashmah | Full Episode 4550 | 8 Nov 2025,https://www.youtube.com/watch?v=xLZTs8dA6vA,Found
4551,Champaklal Ne Sunai Saza | Taarak Mehta Ka Ooltah Chashmah | Full Episode 4551 | 10 Nov 2025,https://www.youtube.com/watch?v=JJGKLnybYQ4,Found
4552,Tapu & Goli Ka Zabardast Challenge|Taarak Mehta Ka Ooltah Chashmah | Full Episode 4552 | 11 Nov 2025,https://www.youtube.com/watch?v=6nSlNQ60iTM,Found
4553,FULL EPISODE! 4553 - Mahila Mandal ne Khela Society me Cricket| Taarak Mehta Ka Ooltah Chashmah,https://www.youtube.com/watch?v=o0SpApeLdfI,Found
4554,Bhide Ka Gussa | Taarak Mehta Ka Ooltah Chashmah | Full Episode 4554 | 13 Nov 2025,https://www.youtube.com/watch?v=ZTF0J33przk,Found
4555,Bhide Fights With Jethalal | Taarak Mehta Ka Ooltah Chashmah | Full Episode 4555 | 14 Nov 2025,https://www.youtube.com/watch?v=y_MsnfFTo1c,Found
4556,Bhide And Jethalal's Story | Taarak Mehta Ka Ooltah Chashmah | Full Episode 4556 | 15 Nov 2025,https://www.youtube.com/watch?v=Y106eyWmeVo,Found
4557,Iyer And Bhide Apologise | Taarak Mehta Ka Ooltah Chashmah | Full Episode 4557 | 17 Nov 2025,https://www.youtube.com/watch?v=brwVDiFcPuk,Found
4558,Popatlal Runs After Bhide | Taarak Mehta Ka Ooltah Chashmah | Full Episode 4558 | 18 Nov 2025,https://www.youtube.com/watch?v=svVpIHaJO8E,Found
4559,Abdul Ka Surprise | Taarak Mehta Ka Ooltah Chashmah | Full Episode 4559 | 19 Nov 2025,https://www.youtube.com/watch?v=5Gg5cRaRlpE,Found
4560,Abdul Ki Cycle | Taarak Mehta Ka Ooltah Chashmah | Full Episode 4560 | 20 Nov 2025,https://www.youtube.com/watch?v=n_pw4Amsmx8,Found
4561,Chunnilal Ki Cycle | Taarak Mehta Ka Ooltah Chashmah | Full Episode 4561 | 21 Nov 2025,https://www.youtube.com/watch?v=nUGFWzuJBHo,Found
4562,Planning To Bring The Cycle | Taarak Mehta Ka Ooltah Chashmah | Full Episode 4562 | 22 Nov 2025,https://www.youtube.com/watch?v=IqRK345CZkw,Found
4563,Anmol Cycle Anmol Daam | Taarak Mehta Ka Ooltah Chashmah | Full Episode 4563 | 24 Nov 2025,https://www.youtube.com/watch?v=4i6vFa2yrMA,Found
4564,Gadhe Ke Nishaan Waali Cycle | Taarak Mehta Ka Ooltah Chashmah | Full Episode 4564 | 25 Nov 2025,https://www.youtube.com/watch?v=Kum8Clbor5A,Found
4565,Cycle Ka Raaz | Taarak Mehta Ka Ooltah Chashmah | Full Episode 4565 | 26 Nov 2025,https://www.youtube.com/watch?v=aQj91GCkjRw,Found
4566,Cycle Ki Kundli | Taarak Mehta Ka Ooltah Chashmah | Full Episode 4566 | 27 Nov 2025,https://www.youtube.com/watch?v=DKx-eiSTKkg,Found
4567,Rustom Ghantiwala Ka Inspection | Taarak Mehta Ka Ooltah Chashmah | Full Episode 4567 | 28 Nov 2025,https://www.youtube.com/watch?v=M1w3gwonSzk,Found
4568,Cycle Se Emotional Attachment | Taarak Mehta Ka Ooltah Chashmah | Full Episode 4568 | 29 Nov 2025,https://www.youtube.com/watch?v=kc9X8qjBjHQ,Found
4569,Popatlal Ki Condition | Taarak Mehta Ka Ooltah Chashmah | Full Episode 4569 | 1 Dec 2025,https://www.youtube.com/watch?v=gCRn09_W5g0,Found
4570,Protecting The Cycle | Taarak Mehta Ka Ooltah Chashmah | Full Episode 4570 | 2 Dec 2025,https://www.youtube.com/watch?v=sZ5fR8C31pM,Found
4571,Cycle Ki Chori | Taarak Mehta Ka Ooltah Chashmah | Full Episode 4571 | 3 Dec 2025,https://www.youtube.com/watch?v=7FIMQFfkkpc,Found
4572,Abdul Ki Cycle Hui Chori | Taarak Mehta Ka Ooltah Chashmah | Full Episode 4572 | 4 Dec 2025,https://www.youtube.com/watch?v=5s-uPyI6QGo,Found
4573,Tapu Sena Ki Smartness | Taarak Mehta Ka Ooltah Chashmah | Full Episode 4573 | 5 Dec 2025,https://www.youtube.com/watch?v=dCeMKpfzUmI,Found
4574,Sone Ki Cycle | Taarak Mehta Ka Ooltah Chashmah | Full Episode 4574 | 6 Dec 2025,https://www.youtube.com/watch?v=QR9q7rjpMy0,Found
4575,Abdul Bana Crorepati | Taarak Mehta Ka Ooltah Chashmah | Full Episode 4575 | 8 Dec 2025,https://www.youtube.com/watch?v=HngrO_FEr3Y,Found
4576,FULL EPISODE! 4576 - Chunnilal Ne De Diya Dhamki! | Taarak Mehta Ka Ooltah Chashmah,https://www.youtube.com/watch?v=yR1ZjBVV4LE,Found
4577,Abdul Gets Kidnapped | Taarak Mehta Ka Ooltah Chashmah | Full Episode 4577 | 10 Dec 2025,https://www.youtube.com/watch?v=l3znWIsS5Zk,Found
4578,Abdul Held Hostage | Taarak Mehta Ka Ooltah Chashmah | Full Episode 4578 | 11 Dec 2025,https://www.youtube.com/watch?v=ibHjOzgGO5c,Found
4579,Rescuing Abdul | Taarak Mehta Ka Ooltah Chashmah | Full Episode 4579 | 12 Dec 2025,https://www.youtube.com/watch?v=BXm11TxK4t0,Found
4580,Chunnilal Ka Foolproof Plan | Taarak Mehta Ka Ooltah Chashmah | Full Episode 4580 | 13 Dec 2025,https://www.youtube.com/watch?v=nEWdgh9krhg,Found
4581,Abdul Aur Cycle Ki Adla Badli | Taarak Mehta Ka Ooltah Chashmah | Full Episode 4581 | 15 Dec 2025,https://www.youtube.com/watch?v=ZWZVLjPqB-s,Found
4582,Gokuldham Ka Teamwork | Taarak Mehta Ka Ooltah Chashmah | Full Episode 4582 | 16 Dec 2025,https://www.youtube.com/watch?v=GfsFDN3sEKw,Found
4583,Popatlal Ko Lagi Thand | Taarak Mehta Ka Ooltah Chashmah | Full Episode 4583 | 17 Dec 2025,https://www.youtube.com/watch?v=0GbPv_CfjmQ,Found
4584,Importance Of Exercising | Taarak Mehta Ka Ooltah Chashmah | Full Episode 4584 | 18 Dec 2025,https://www.youtube.com/watch?v=4mdYNGVxq5o,Found
4585,Zumba Session For Champaklal | Taarak Mehta Ka Ooltah Chashmah | Full Episode 4585 | 19 Dec 2025,https://www.youtube.com/watch?v=q7LbLpS0aRA,Found
4586,Waiting For Champaklal | Taarak Mehta Ka Ooltah Chashmah | Full Episode 4586 | 20 Dec 2025,https://www.youtube.com/watch?v=ekaIUKb9Aa4,Found
4587,Searching For Champaklal | Taarak Mehta Ka Ooltah Chashmah | Full Episode 4587 | 22 Dec 2025,https://www.youtube.com/watch?v=TUOprTCZOA0,Found
4588,Champaklal Hue Gayab | Taarak Mehta Ka Ooltah Chashmah | Full Episode 4588 | 23 Dec 2025,https://www.youtube.com/watch?v=eTe3AwNXkFI,Found
4589,Champaklal Chadhe Pedh Par | Taarak Mehta Ka Ooltah Chashmah | Full Episode 4589 | 24 Dec 2025,https://www.youtube.com/watch?v=hsnriYkbCdk,Found
4590,Bapuji Ko Neeche Laane Ki Koshish |Taarak Mehta Ka Ooltah Chashmah | Full Episode 4590 | 25 Dec 2025,https://www.youtube.com/watch?v=UhAI4M4HwKk,Found
4591,Bagha To The Rescue | Taarak Mehta Ka Ooltah Chashmah | Full Episode 4591 | 26 Dec 2025,https://www.youtube.com/watch?v=4i19_QAtUEo,Found
4592,Snake Attack | Taarak Mehta Ka Ooltah Chashmah | Full Episode 4592 | 27 Dec 2025,https://www.youtube.com/watch?v=DHwSVVARZxg,Found
4593,Bapuji Ko Kaise Bachaye? | Taarak Mehta Ka Ooltah Chashmah | Full Episode 4593 | 29 Dec 2025,https://www.youtube.com/watch?v=-Hxj3m962GY,Found
4594,The Snake Charmer | Taarak Mehta Ka Ooltah Chashmah | Full Episode 4594 | 30 Dec 2025,https://www.youtube.com/watch?v=Jar8_Zd2Dbw,Found
4595,Dadaji Ko Neeche Utaro Mission | Taarak Mehta Ka Ooltah Chashmah | Full Episode 4595 | 31 Dec 2025,https://www.youtube.com/watch?v=42Rn8D3IC2I,Found
4596,Another Trouble For Champaklal | Taarak Mehta Ka Ooltah Chashmah | Full Episode 4596 | 1 Jan 2026,https://www.youtube.com/watch?v=ZytgS4n3t9Y,Found
4597,Yaadon Ka Pitara | Taarak Mehta Ka Ooltah Chashmah | Full Episode 4597 | 2 Jan 2026,https://www.youtube.com/watch?v=4-C78lBZJ3Y,Found
4598,Dharamaji Ki Yaadon Ki Baarat | Taarak Mehta Ka Ooltah Chashmah | Full Episode 4598 | 3 Jan 2026,https://www.youtube.com/watch?v=K_qrsA6t2ac,Found
4599,Quiz Show On Dharam Ji | Taarak Mehta Ka Ooltah Chashmah | Full Episode 4599 | 5 Jan 2026,https://www.youtube.com/watch?v=2uVX-u6gNso,Found
4600,FULL EPISODE! 4600 - Dharam ji Ke Style me Nach Gaane | Taarak Mehta Ka Ooltah Chashmah,https://www.youtube.com/watch?v=EEAQ1yQK320,Found
4601,FULL EPISODE! 4601 - Jethalal ka Jordar Performance! | Taarak Mehta Ka Ooltah Chashmah,https://www.youtube.com/watch?v=DM5zXPVoHFs,Found
4602,FULL EPISODE! 4602 - Bapuji se kyu Chup Raha hai Jethalal! | Taarak Mehta Ka Ooltah Chashmah,https://www.youtube.com/watch?v=eniYfiyN0CY,Found
4603,Naye Saal Ka Suvichaar | Taarak Mehta Ka Ooltah Chashmah | Full Episode 4603 | 9 Jan 2026,https://www.youtube.com/watch?v=dZ6Tulvt0X4,Found
4604,Bagha- Nattu Kaka's Party-Sharty | Taarak Mehta Ka Ooltah Chashmah | Full Episode 4604 | 10 Jan 2026,https://www.youtube.com/watch?v=SxpOdTugJK0,Found
4605,Jethalal Ke Saal Ka Pehla Din | Taarak Mehta Ka Ooltah Chashmah | Full Episode 4605 | 12 Jan 2026,https://www.youtube.com/watch?v=8VbCtxftt6c,Found
4606,Topo Mobile Ki Scheme | Taarak Mehta Ka Ooltah Chashmah | Full Episode 4606 | 13 Jan 2026,https://www.youtube.com/watch?v=JBhOg7MnFDE,Found
4607,Topo Mobile Kaha Hain? | Taarak Mehta Ka Ooltah Chashmah | Full Episode 4607 | 14 Jan 2026,https://www.youtube.com/watch?v=BxaweyHkR2U,Found
4608,Topo Mobile Crisis | Taarak Mehta Ka Ooltah Chashmah | Full Episode 4608 | 15 Jan 2026,https://www.youtube.com/watch?v=yHUcy7SabLI,Found
4609,Chaos At Gada Electronics | Taarak Mehta Ka Ooltah Chashmah | Full Episode 4609 | 16 Jan 2026,https://www.youtube.com/watch?v=moDFaB8vXcw,Found
4610,Fifty Mobiles In Two Hours | Taarak Mehta Ka Ooltah Chashmah | Full Episode 4610 | 17 Jan 2026,https://www.youtube.com/watch?v=ses4Fe4VRWs,Found
4611,Topo Ka Khilona | Taarak Mehta Ka Ooltah Chashmah | Full Episode 4611 | 19 Jan 2026,https://www.youtube.com/watch?v=WHUdWtI0PXU,Found
4612,Gada Electronics Hay Hay | Taarak Mehta Ka Ooltah Chashmah | Full Episode 4612 | 20 Jan 2026,https://www.youtube.com/watch?v=UsoJWGzRsMo,Found
4613,Kati Patang | Taarak Mehta Ka Ooltah Chashmah | Full Episode 4613 | 21 Jan 2026,https://www.youtube.com/watch?v=brGBWYtlWcQ,Found
4614,Popatlal Ke Liye Aaya Rishta | Taarak Mehta Ka Ooltah Chashmah | Full Episode 4614 | 22 Jan 2026,https://www.youtube.com/watch?v=tMOcta2CwCw,Found
4615,Patang King Pohche Jaipur | Taarak Mehta Ka Ooltah Chashmah | Full Episode 4615 | 23 Jan 2026,https://www.youtube.com/watch?v=_fYtHTaXDKY,Found
4616,Exploring The Pink City | Taarak Mehta Ka Ooltah Chashmah | Full Episode 4616 | 24 Jan 2026,https://www.youtube.com/watch?v=XmF3GyUIjFA,Found
4617,Popatlal Hua Taiyaar | Taarak Mehta Ka Ooltah Chashmah | Full Episode 4617 | 26 Jan 2026,https://www.youtube.com/watch?v=ckajIRM9y8Q,Found
4618,Patang Ka Muqabla | Taarak Mehta Ka Ooltah Chashmah | Full Episode 4618 | 27 Jan 2026,https://www.youtube.com/watch?v=SXUiDR4_eXU,Found
4619,Patang Kati Shaadi Ghati | Taarak Mehta Ka Ooltah Chashmah | Full Episode 4619 | 28 Jan 2026,https://www.youtube.com/watch?v=VPPTEonikO0,Found
4620,Babli Vs Popatlal | Taarak Mehta Ka Ooltah Chashmah | Full Episode 4620 | 29 Jan 2026,https://www.youtube.com/watch?v=6KYO4o0BSh8,Found
4621,Republic Day Program Ki Chinta | Taarak Mehta Ka Ooltah Chashmah | Full Episode 4621 | 30 Jan 2026,https://www.youtube.com/watch?v=DO4j-Rh7Rzg,Found
4622,Sundar Arrives In Gokuldham | Taarak Mehta Ka Ooltah Chashmah | Full Episode 4622 | 31 Jan 2026,https://www.youtube.com/watch?v=LJsR6JSsQGg,Found
4623,Republic Day Ka Vishesh Karyakram | Taarak Mehta Ka Ooltah Chashmah | Full Episode 4623 | 2 Feb 2026,https://www.youtube.com/watch?v=63FguYgozRE,Found
4624,Raajya Aur Unki Vishesh Baatein | Taarak Mehta Ka Ooltah Chashmah | Full Episode 4624 | 3 Feb 2026,https://www.youtube.com/watch?v=TSVBRY881o4,Found
4625,Desh Ki Baatein | Taarak Mehta Ka Ooltah Chashmah | Full Episode 4625 | 4 Feb 2026,https://www.youtube.com/watch?v=xiqmV8kcrJo,Found
4626,Desh Ki Baatein | Taarak Mehta Ka Ooltah Chashmah | Full Episode 4626 | 5 Feb 2026,https://www.youtube.com/watch?v=3t-XMFANfeY,Found
4627,NEW! Taarak Mehta Ka Ooltah Chashmah | Ep 4627 | 6 Feb 2026 | Teaser,https://www.youtube.com/watch?v=VS8EnYv1M-s,Found
4628,Suvichaar Ki Chinta | Taarak Mehta Ka Ooltah Chashmah | Full Episode 4628 | 7 Feb 2026,https://www.youtube.com/watch?v=Y3UAGVjHKeo,Found
4629,Topo Company Ki Dealership | Taarak Mehta Ka Ooltah Chashmah | Full Episode 4629 | 9 Feb 2026,https://www.youtube.com/watch?v=cheiiVh2n3A,Found
4630,Big Day For Jethalal | Taarak Mehta Ka Ooltah Chashmah | Full Episode 4630 | 10 Feb 2026,https://www.youtube.com/watch?v=nLj8l1DgYz0,Found
4631,Deal Pakki | Taarak Mehta Ka Ooltah Chashmah | Full Episode 4631 | 11 Feb 2026,https://www.youtube.com/watch?v=WrAuoysoHLI,Found
4632,Bawri Ke Motichoor Laddoo | Taarak Mehta Ka Ooltah Chashmah | Full Episode 4632 | 12 Feb 2026,https://www.youtube.com/watch?v=gkdU375v2eo,Found
4633,Neend Mein Dooba Gada Electronics| Taarak Mehta Ka Ooltah Chashmah | Full Episode 4633 | 13 Feb 2026,https://www.youtube.com/watch?v=m0dlePOV34M,Found
4634,Dukaan Mein Party Sharty | Taarak Mehta Ka Ooltah Chashmah | Full Episode 4634 | 14 Feb 2026,https://www.youtube.com/watch?v=JqU6SFTpV9k,Found
4635,Taarak Asks For Half Day | Taarak Mehta Ka Ooltah Chashmah | Full Episode 4635 | 16 Feb 2026,https://www.youtube.com/watch?v=J8O0UIY0yDs,Found
4636,Stalling Champaklal's Visit | Taarak Mehta Ka Ooltah Chashmah | Full Episode 4636 | 17 Feb 2026,https://www.youtube.com/watch?v=1k2YmMNNweI,Found
4637,Race Against Time For Taarak | Taarak Mehta Ka Ooltah Chashmah | Full Episode 4637 | 18 Feb 2026,https://www.youtube.com/watch?v=BSQPgUnwmgs,Found
4638,Sodhi Comes To Rescue | Taarak Mehta Ka Ooltah Chashmah | Full Episode 4638 | 19 Feb 2026,https://www.youtube.com/watch?v=zPEksuSBAwM,Found
4639,Laddoo Ka Asar | Taarak Mehta Ka Ooltah Chashmah | Full Episode 4639 | 20 Feb 2026,https://www.youtube.com/watch?v=w-sjt1WUhmE,Found
4640,Pankaj Takes Advantage | Taarak Mehta Ka Ooltah Chashmah | Full Episode 4640 | 21 Feb 2026,https://www.youtube.com/watch?v=loFIjuCK4bA,Found
4641,Dukaan Mein Party Sharty | Taarak Mehta Ka Ooltah Chashmah | Full Episode 4641 | 23 Feb 2026,https://www.youtube.com/watch?v=27CHx58jRXs,Found
4642,Bawri Clarifies The Situation | Taarak Mehta Ka Ooltah Chashmah | Full Episode 4642 | 24 Feb 2026,https://www.youtube.com/watch?v=BYCLbRMkGWE,Found
4643,Alcohol Bottle Goes Missing | Taarak Mehta Ka Ooltah Chashmah | Full Episode 4643 | 25 Feb 2026,https://www.youtube.com/watch?v=1-IHXKCOQd4,Found
4644,Gokuldham Mein Neend Gayab | Taarak Mehta Ka Ooltah Chashmah | Full Episode 4644 | 26 Feb 2026,https://www.youtube.com/watch?v=NzhQSYNMDBc,Found
4645,Night Walk For Gokuldham Men | Taarak Mehta Ka Ooltah Chashmah | Full Episode 4645 | 27 Feb 2026,https://www.youtube.com/watch?v=tEthrYJWIPg,Found
4646,Taarak's Poem For Anjali | Taarak Mehta Ka Ooltah Chashmah | Full Episode 4646 | 28 Feb 2026,https://www.youtube.com/watch?v=y0sGhBmS5Bc,Found
4647,Meeting Chutki Baba | Taarak Mehta Ka Ooltah Chashmah | Full Episode 4647 | 2 Mar 2026,https://www.youtube.com/watch?v=83KHLmVurOg,Found
4648,Chutki Baba Ka Upaay | Taarak Mehta Ka Ooltah Chashmah | Full Episode 4648 | 3 Mar 2026,https://www.youtube.com/watch?v=q4z3eRGzU9s,Found
4649,Popatlal Loses The Ring | Taarak Mehta Ka Ooltah Chashmah | Full Episode 4649 | 4 Mar 2026,https://www.youtube.com/watch?v=edJyXe684QA,Found
4650,Popatlal Ke Liye Kavitayein | Taarak Mehta Ka Ooltah Chashmah | Full Episode 4650 | 5 Mar 2026,https://www.youtube.com/watch?v=C_Tzj8wggVg,Found
4651,Jethalal And Babita's Face Off | Taarak Mehta Ka Ooltah Chashmah | Full Episode 4651 | 6 Mar 2026,https://www.youtube.com/watch?v=DdAWbYLuRyU,Found
4652,Holi Ka Mahayudh | Taarak Mehta Ka Ooltah Chashmah | Full Episode 4652 | 7 Mar 2026,https://www.youtube.com/watch?v=JPJJEdi_7OM,Found
4653,Team Jethalal Begin Their Search | Taarak Mehta Ka Ooltah Chashmah | Full Episode 4653 | 9 Mar 2026,https://www.youtube.com/watch?v=tn4SCndsn8Q,Found
4654,Search For Babita Intensifies | Taarak Mehta Ka Ooltah Chashmah | Full Episode 4654 | 10 Mar 2026,https://www.youtube.com/watch?v=wCG_Je1_JYY,Found
4655,Searching The Clubhouse For Babita | Taarak Mehta Ka Ooltah Chashmah | Full Episode 4655|11 Mar 2026,https://www.youtube.com/watch?v=cDX7kOctbz8,Found
4656,Holi Challenge Ka Winner | Taarak Mehta Ka Ooltah Chashmah | Full Episode 4656 | 12 Mar 2026,https://www.youtube.com/watch?v=vq1INLpsh5E,Found
4657,Iyer Punishes Jethalal | Taarak Mehta Ka Ooltah Chashmah | Full Episode 4657 | 13 Mar 2026,https://www.youtube.com/watch?v=8pYOuO9ITgE,Found
4658,Bhide Reprimands Jethalal | Taarak Mehta Ka Ooltah Chashmah | Full Episode 4658 | 14 Mar 2026,https://www.youtube.com/watch?v=2WSl-mnrVDU,Found
4659,Bhide Ki Khushkhabri | Taarak Mehta Ka Ooltah Chashmah | Full Episode 4659 | 16 Mar 2026,https://www.youtube.com/watch?v=pox_rflV6LQ,Found
4660,Bhallas Come To Bhide's House | Taarak Mehta Ka Ooltah Chashmah | Full Episode 4660 | 17 Mar 2026,https://www.youtube.com/watch?v=tgTOBPUXMQk,Found
4661,Gold Jewellery Set For Sonu | Taarak Mehta Ka Ooltah Chashmah | Full Episode 4661 | 18 Mar 2026,https://www.youtube.com/watch?v=y1mB94HJZUo,Found
4662,Bhide Guards The Jewellery Set | Taarak Mehta Ka Ooltah Chashmah | Full Episode 4662 | 19 Mar 2026,https://www.youtube.com/watch?v=xN71ivNw1x4,Found
4663,Bhallas Get Caught | Taarak Mehta Ka Ooltah Chashmah | Full Episode 4663 | 20 Mar 2026,https://www.youtube.com/watch?v=iSxNXd3noPA,Found
4664,Bhide Pleads In Front Of Pandey | Taarak Mehta Ka Ooltah Chashmah | Full Episode 4664 | 21 Mar 2026,https://www.youtube.com/watch?v=OWuBHCeIZpk,Found
4665,Gokuldham Members Crack The Case | Taarak Mehta Ka Ooltah Chashmah | Full Episode 4665 | 23 Mar 2026,https://www.youtube.com/watch?v=1ppeM3_bCQE,Found
4666,Catching The Thieves | Taarak Mehta Ka Ooltah Chashmah | Full Episode 4666 | 24 Mar 2026,https://www.youtube.com/watch?v=zRoNIG2XcVc,Found
4667,Champaklal Ke Liye Gift | Taarak Mehta Ka Ooltah Chashmah | Full Episode 4667 | 25 Mar 2026,https://www.youtube.com/watch?v=ikzIeqrdXDQ,Found
4668,Ram Navami Ka Celebration | Taarak Mehta Ka Ooltah Chashmah | Full Episode 4668 | 28 Mar 2026,https://www.youtube.com/watch?v=UlZSafGmEEA,Found
4669,Rupa And Ratan's Contribution | Taarak Mehta Ka Ooltah Chashmah | Full Episode 4669 | 27 Mar 2026,https://www.youtube.com/watch?v=3hAN5UtsaNw,Found
4670,Quiz On Shri Ram | Taarak Mehta Ka Ooltah Chashmah | Full Episode 4670 | 28 Mar 2026,https://www.youtube.com/watch?v=jeBcHyYPpwo,Found
4671,Sureele Bhajan | Taarak Mehta Ka Ooltah Chashmah | Full Episode 4671 | 30 Mar 2026,https://www.youtube.com/watch?v=irvKHGziHps,Found
4672,Society Ke Rules And Regulations | Taarak Mehta Ka Ooltah Chashmah | Full Episode 4672 | 31 Mar 2026,https://www.youtube.com/watch?v=M5vdkCN-hR4,Found
4673,Tapu Sena To The Rescue | Taarak Mehta Ka Ooltah Chashmah | Full Episode 4673 | 1 Apr 2026,https://www.youtube.com/watch?v=n7lJrRrLEHE,Found
4674,Popatlal Ke Jacket Ka Daag | Taarak Mehta Ka Ooltah Chashmah | Full Episode 4674 | 2 Apr 2026,https://www.youtube.com/watch?v=i7i8HgyGfZU,Found
4675,Popatlal Phisal Gaya | Taarak Mehta Ka Ooltah Chashmah | Full Episode 4675 | 3 Apr 2026,https://www.youtube.com/watch?v=wFVAN7bzVK0,Found
4676,Bhide Ka Tyaag Patra | Taarak Mehta Ka Ooltah Chashmah | Full Episode 4676 | 4 Apr 2026,https://www.youtube.com/watch?v=lM9dViqRyLY,Found
4677,Taarak's Advice | Taarak Mehta Ka Ooltah Chashmah | Full Episode 4677 | 6 Apr 2026,https://www.youtube.com/watch?v=Skaarz-DjW0,Found
4678,Bhide Aur Popatlal Ka Aamna Saamna| Taarak Mehta Ka Ooltah Chashmah | Full Episode 4678 | 7 Apr 2026,https://www.youtube.com/watch?v=8wpGywqb3CA,Found
4679,Bhide's Resignation | Taarak Mehta Ka Ooltah Chashmah | Full Episode 4679 | 8 Apr 2026,https://www.youtube.com/watch?v=p9qDHolTqno,Found
4680,Popatlal Apologises To Bhide | Taarak Mehta Ka Ooltah Chashmah | Full Episode 4680 | 9 Apr 2026,https://www.youtube.com/watch?v=yykL9wW3p3Y,Found
4681,Jethalal Tries To Find A Contractor |Taarak Mehta Ka Ooltah Chashmah|Full Episode 4681 | 10 Apr 2026,https://www.youtube.com/watch?v=4vYW35i50vY,Found
4682,Society Maintenance | Taarak Mehta Ka Ooltah Chashmah | Full Episode 4682 | 11 Apr 2026,https://www.youtube.com/watch?v=qCEuhduxJAc,Found
4683,Sapne Ki Baat Cheet | Taarak Mehta Ka Ooltah Chashmah | Full Episode 4683 | 13 Apr 2026,https://www.youtube.com/watch?v=Jh4OiDobEBs,Found
4684,Rupa Ki Royal Angoothi | Taarak Mehta Ka Ooltah Chashmah | Full Episode 4684 | 14 Apr 2026,https://www.youtube.com/watch?v=2JRDgyF9sOI,Found
4685,Shop Anniversary Ki Taiyaariyan | Taarak Mehta Ka Ooltah Chashmah | Full Episode 4685 | 15 Apr 2026,https://www.youtube.com/watch?v=EB9nHSJUH0I,Found
4686,Rupa And Ratan's Shop | Taarak Mehta Ka Ooltah Chashmah | Full Episode 4686 | 16 Apr 2026,https://www.youtube.com/watch?v=r8xtAgRYCDc,Found
4687,NEW! Ep 4687 -  Jethalal Kyun Gussa Hua Bagha Pe ! | Taarak Mehta ka Ooltah Chasmah,https://www.youtube.com/watch?v=FRkTeSkmbGA,Found
4688,A Saree Shopping Moment | Taarak Mehta Ka Ooltah Chashmah | Full Episode 4688 | 18 Apr 2026,https://www.youtube.com/watch?v=jqJ37U86GcM,Found
4689,The Hunt For Rupa’s Royal Ring | Taarak Mehta Ka Ooltah Chashmah | Full Episode 4689 | 20 Apr 2026,https://www.youtube.com/watch?v=6Z74UXaDx6c,Found
4690,Rupa’s Ring Still Missing | Taarak Mehta Ka Ooltah Chashmah | Full Episode 4690 | 21 Apr 2026,https://www.youtube.com/watch?v=SsVU2049Vno,Found
4691,Bapuji Ke Pet Me Ring | Taarak Mehta Ka Ooltah Chashmah | Full Episode 4691 | 22 Apr 2026,https://www.youtube.com/watch?v=NfNTLWHPLpE,Found
4692,Chacha Ji's Medical Emergency | Taarak Mehta Ka Ooltah Chashmah | Full Episode 4692 | 23 Apr 2026,https://www.youtube.com/watch?v=9LRTnIAp3Xo,Found
4693,Society Repair Funds | Taarak Mehta Ka Ooltah Chashmah | Full Episode 4693 | 24 Apr 2026,https://www.youtube.com/watch?v=6_-OnbiBQd4,Found
4694,Jethalal Seeks Extension | Taarak Mehta Ka Ooltah Chashmah | Full Episode 4694 | 25 Apr 2026,https://www.youtube.com/watch?v=0dQpv9qk4LY,Found
4695,The Shocking Call | Taarak Mehta Ka Ooltah Chashmah | Full Episode 4695 | 27 Apr 2026,https://www.youtube.com/watch?v=u7S2nXYwgyI,Found
4696,Bapuji's Shocking Return | Taarak Mehta Ka Ooltah Chashmah | Full Episode 4696 | 28 Apr 2026,https://www.youtube.com/watch?v=4oHfpJ_KPbM,Found
4697,Bapuji's Bravery Under Scrutiny | Taarak Mehta Ka Ooltah Chashmah | Full Episode 4697 | 29 Apr 2026,https://www.youtube.com/watch?v=XBXIjyMUT08,Found
4698,Jethalal On The Spot | Taarak Mehta Ka Ooltah Chashmah | Full Episode 4698 | 30 Apr 2026,https://www.youtube.com/watch?v=R2FHE3ocRcs,Found
4699,Bhide On A Mission | Taarak Mehta Ka Ooltah Chashmah | Full Episode 4699 | 1 May 2026,https://www.youtube.com/watch?v=p477CfjaKkU,Found
4700,The Cheque Drama | Taarak Mehta Ka Ooltah Chashmah | Full Episode 4700 | 2 May 2026,https://www.youtube.com/watch?v=FAFJPnbsEcU,Found
4701,Jethalal’s Last Hope | Taarak Mehta Ka Ooltah Chashmah | Full Episode 4701 | 4 May 2026,https://www.youtube.com/watch?v=mBVVlLTrg9c,Found
4702,Cheque Trouble Continues | Taarak Mehta Ka Ooltah Chashmah | Full Episode 4702 | 5 May 2026,https://www.youtube.com/watch?v=arFkaCXPjAc,Found
4703,Jethalal’s Confession | Taarak Mehta Ka Ooltah Chashmah | Full Episode 4703 | 6 May 2026,https://www.youtube.com/watch?v=HxWrFU1XVFg,Found
4704,Jethalal Exposed | Taarak Mehta Ka Ooltah Chashmah | Full Episode 4704 | 7 May 2026,https://www.youtube.com/watch?v=c0cl3DZN74Y,Found
4705,Bhaga’s Clever Strategy | Taarak Mehta Ka Ooltah Chashmah | Full Episode 4705 | 8 May 2026,https://www.youtube.com/watch?v=FPc1NJ-27lc,Found
4706,Plan Gone Wrong | Taarak Mehta Ka Ooltah Chashmah | Full Episode 4706 | 9 May 2026,https://www.youtube.com/watch?v=FysLy5k8hi8,Found
4707,Jethalal’s Next Big Move | Taarak Mehta Ka Ooltah Chashmah | Full Episode 4707 | 11 May 2026,https://www.youtube.com/watch?v=0VhwHeaR1wU,Found
4708,The Spare Key Mystery | Taarak Mehta Ka Ooltah Chashmah | Full Episode 4708 | 12 May 2026,https://www.youtube.com/watch?v=_U7AUFy3IwE,Found
4709,Jethalal’s Moment Of Truth | Taarak Mehta Ka Ooltah Chashmah | Full Episode 4709 | 13 May 2026,https://www.youtube.com/watch?v=eb3bKFmrnng,Found
4710,Bhide Exposes Jethalal | Taarak Mehta Ka Ooltah Chashmah | Full Episode 4710 | 14 May 2026,https://www.youtube.com/watch?v=RbH3rUV2aIg,Found
4711,Uthak Baithak | Taarak Mehta Ka Ooltah Chashmah | Full Episode 4711 | 15 May 2026,https://www.youtube.com/watch?v=oP7jiQgd3UM,Found
4712,Roshan’s Big Mistake | Taarak Mehta Ka Ooltah Chashmah | Full Episode 4712 | 16 May 2026,https://www.youtube.com/watch?v=D_oD0KdeGlQ,Found
4713,Roshan’s Trouble | Taarak Mehta Ka Ooltah Chashmah | Full Episode 4713 | 18 May 2026,https://www.youtube.com/watch?v=x5QSFLnOhuc,Found
4714,Mahila Mandal’s Next Move | Taarak Mehta Ka Ooltah Chashmah | Full Episode 4714 | 19 May 2026,https://www.youtube.com/watch?v=FrnPqI7Vf6I,Found
4715,Sodhi’s Money Mystery | Taarak Mehta Ka Ooltah Chashmah | Full Episode 4715 | 20 May 2026,https://www.youtube.com/watch?v=2HFLROZaaZY,Found
4716,Gokuldham’s Next Move | Taarak Mehta Ka Ooltah Chashmah | Full Episode 4716 | 21 May 2026,https://www.youtube.com/watch?v=b5VETYPjS-Q,Found
4717,Sodhi Loses Control | Taarak Mehta Ka Ooltah Chashmah | Full Episode 4717 | 22 May 2026,https://www.youtube.com/watch?v=mbHINysT7OM,Found
4718,The Missing Money Mystery | Taarak Mehta Ka Ooltah Chashmah | Full Episode 4718 | 23 May 2026,https://www.youtube.com/watch?v=m94Of_G-oRE,Found
4719,Strange Sight At Gokuldam | Taarak Mehta Ka Ooltah Chashmah | Full Episode 4719 | 25 May 2026,https://www.youtube.com/watch?v=1GYz9Hai9Yk,Found
4720,Bapuji Caught In Chaos | Taarak Mehta Ka Ooltah Chashmah | Full Episode 4720 | 26 May 2026,https://www.youtube.com/watch?v=Iq0lkIkzDOc,Found
4721,Gokuldham Hunt Fruit Buyer | Taarak Mehta Ka Ooltah Chashmah | Full Episode 4721 | 27 May 2026,https://www.youtube.com/watch?v=tM0N6FLsjB0,Found
4722,Mama Gives Bhide An Idea | Taarak Mehta Ka Ooltah Chashmah | Full Episode 4722 | 28 May 2026,https://www.youtube.com/watch?v=W2On5Tb70U0,Found
4723,Tapu Sena Reveals The Truth | Taarak Mehta Ka Ooltah Chashmah | Full Episode 4723 | 29 May 2026,https://www.youtube.com/watch?v=sqbn7ha1H9M,Found
4724,Watermelon Mission For Gokuldham | Taarak Mehta Ka Ooltah Chashmah | Full Episode 4724 | 30 May 2026,https://www.youtube.com/watch?v=iunE_evng0w,Found
4725,An Unexpected Call To Bapuji | Taarak Mehta Ka Ooltah Chashmah | Full Episode 4725 | 1 Jun 2026,https://www.youtube.com/watch?v=Q3QH6C6wOZ4,Found
4726,Taarak's Race Against Time | Taarak Mehta Ka Ooltah Chashmah | Full Episode 4726 | 2 Jun 2026,https://www.youtube.com/watch?v=6XCazyy8jgE,Found
4727,NEW! Ep 4727 -  क्या बचा पाएगा Taarak अपने  Boss को?  | Taarak Mehta ka Ooltah Chashmah,https://www.youtube.com/watch?v=gH9iTuhaR5A,Found
4728,Taarak's Boss In Trouble | Taarak Mehta Ka Ooltah Chashmah | Full Episode 4728 | 4 Jun 2026,https://www.youtube.com/watch?v=MiW-ivpdv7g,Found
4729,The Search For A Mahurat | Taarak Mehta Ka Ooltah Chashmah | Full Episode 4729 | 5 Jun 2026,https://www.youtube.com/watch?v=BIIEWpylXuI,Found
4730,Jethalal Sparks Panic | Taarak Mehta Ka Ooltah Chashmah | Full Episode 4730 | 6 Jun 2026,https://www.youtube.com/watch?v=5zFeT2NH8uQ,Found
4731,Popatlal Schools Bhide | Taarak Mehta Ka Ooltah Chashmah | Full Episode 4731 | 8 Jun 2026,https://www.youtube.com/watch?v=O0iMQtiW6gA,Found
4732,Bhavri And Bagha Dreamy Dance | Taarak Mehta Ka Ooltah Chashmah | Full Episode 4732 | 9 Jun 2026,https://www.youtube.com/watch?v=JOZ6_waFTis,Found
4733,Bagha's Love-Filled Task | Taarak Mehta Ka Ooltah Chashmah | Full Episode 4733 | 10 Jun 2026,https://www.youtube.com/watch?v=54U8BJ05rVc,Found
4734,Bawri's Tough Test | Taarak Mehta Ka Ooltah Chashmah | Full Episode 4734 | 11 Jun 2026,https://www.youtube.com/watch?v=wu6HUq-tjrY,Found
4735,Bagha's Surprise Visitor | Taarak Mehta Ka Ooltah Chashmah | Full Episode 4735 | 12 Jun 2026,https://www.youtube.com/watch?v=LShS44mJMK8,Found
4736,Mystery Gift For Bagha | Taarak Mehta Ka Ooltah Chashmah | Full Episode 4736 | 13 Jun 2026,https://www.youtube.com/watch?v=Rn9E46Aj1Y0,Found
4737,A Strange Invitation For Bagha | Taarak Mehta Ka Ooltah Chashmah | Full Episode 4737 | 16 Jun 2026,https://www.youtube.com/watch?v=lcWkB9-wC58,Found
4738,The Hidden Truth | Taarak Mehta Ka Ooltah Chashmah | Full Episode 4738 | 16 Jun 2026,https://www.youtube.com/watch?v=-rlWCvliQ88,Found
4739,Balam's Shocking Demand | Taarak Mehta Ka Ooltah Chashmah | Full Episode 4739 | 17 Jun 2026,https://www.youtube.com/watch?v=KQuE6iKi3hc,Found
4740,Bagha’s Crossroad | Taarak Mehta Ka Ooltah Chashmah | Full Episode 4740 | 18 Jun 2026,https://www.youtube.com/watch?v=HbnKgJf38Fc,Found
4741,Bhaga’s Secret | Taarak Mehta Ka Ooltah Chashmah | Full Episode 4741 | 19 Jun 2026,https://www.youtube.com/watch?v=OtMpNdJinvI,Found
4742,Bagha's Tough Decision | Taarak Mehta Ka Ooltah Chashmah | Full Episode 4742 | 20 Jun 2026,https://www.youtube.com/watch?v=n9-B5gGqaR8,Found
4743,Natkhat Acharya Ji | Taarak Mehta Ka Ooltah Chashmah | Full Episode 4743 | 22 Jun 2026,https://www.youtube.com/watch?v=FhkIXvrz930,Found
4744,A Tough Choice | Taarak Mehta Ka Ooltah Chashmah | Full Episode 4744 | 23 Jun 2026,https://www.youtube.com/watch?v=vL5IpUl9X2k,Found
4745,Drama To Stop The Wedding | Taarak Mehta Ka Ooltah Chashmah | Full Episode 4745 | 24 Jun 2026,https://www.youtube.com/watch?v=yKEnOCxAW5g,Found
4746,Bawri In Tears | Taarak Mehta Ka Ooltah Chashmah | Full Episode 4746 | 25 Jun 2026,https://www.youtube.com/watch?v=Qw0wayRxNPE,Found
4747,NEW! Taarak Mehta Ka Ooltah Chashmah | Ep 4747 | 26 Jun 2026 | Teaser,https://www.youtube.com/watch?v=X7S6ESzyF_s,Found
4748,Bagha Seeks Help | Taarak Mehta Ka Ooltah Chashmah | Full Episode 4748 | 27 Jun 2026,https://www.youtube.com/watch?v=AmteMojo5_o,Found
4749,Tapu’s Clever Act | Taarak Mehta Ka Ooltah Chashmah | Full Episode 4749 | 29 Jun 2026,https://www.youtube.com/watch?v=l24H5SWi0Gs,Found
4750,Tapu’s Plan Works | Taarak Mehta Ka Ooltah Chashmah | Full Episode 4750 | 30 Jun 2026,https://www.youtube.com/watch?v=AeJxASRgBkI,Found
4751,Will Tapu's Plan Be Exposed? | Taarak Mehta Ka Ooltah Chashmah | Full Episode 4751 | 1 Jul 2026,https://www.youtube.com/watch?v=wp6-SenkWp8,Found
4752,Bagha's Plan Works | Taarak Mehta Ka Ooltah Chashmah | Full Episode 4752 | 2 Jul 2026,https://www.youtube.com/watch?v=XrZfqAJQkTA,Found
4753,Balam's Marriage Proposal | Taarak Mehta Ka Ooltah Chashmah | Full Episode 4753 | 3 Jul 2026,https://www.youtube.com/watch?v=Zlgzr9rX-XA,Found
4754,Will Mahila Mandali Stop Bawri | Taarak Mehta Ka Ooltah Chashmah | Full Episode 4754 | 4 Jul 2026,https://www.youtube.com/watch?v=5caaKYdOGUY,Found
4755,Bawri Reflects On Her Past | Taarak Mehta Ka Ooltah Chashmah | Full Episode 4755 | 6 Jul 2026,https://www.youtube.com/watch?v=TA2yRcoASyQ,Found
4756,Bawri And Balam's Engagement | Taarak Mehta Ka Ooltah Chashmah | Full Episode 4756 | 7 Jul 2026,https://www.youtube.com/watch?v=WY8MpT-Fo0s,Found
4757,Balam's Hidden Truth | Taarak Mehta Ka Ooltah Chashmah | Full Episode 4757 | 8 Jul 2026,https://www.youtube.com/watch?v=uWr2AkHCSg4,Found
4758,A Sweet Get-Together | Taarak Mehta Ka Ooltah Chashmah | Full Episode 4758 | 9 Jul 2026,https://www.youtube.com/watch?v=jpZlNCEKWC4,Found
4759,Jethalal's Shop Sealed | Taarak Mehta Ka Ooltah Chashmah | Full Episode 4759 | 10 Jul 2026,https://www.youtube.com/watch?v=OehpmHNuH38,Found
4760,Jethalal's Difficult Situation | Taarak Mehta Ka Ooltah Chashmah | Full Episode 4760 | 11 Jul 2026,https://www.youtube.com/watch?v=32yRSh59EeI,Found
4761,NEW! Ep 4761 - Jethalal का हुआ Peon के साथ झगड़ा ! | Taarak Mehta ka Ooltah Chashmah,https://www.youtube.com/watch?v=gkkISzBrc-c,Found
4762,NEW! Taarak Mehta Ka Ooltah Chashmah | Ep 4762 | 14 Jul 2026 | Teaser,https://www.youtube.com/watch?v=sJITeR6XusY,Found
4763,NEW! Taarak Mehta Ka Ooltah Chashmah | Ep 4763 | 15 Jul 2026 | Teaser,https://www.youtube.com/watch?v=CjNFOyrP-14,Found
4764,NEW! Taarak Mehta Ka Ooltah Chashmah | Ep 4764 | 16 Jul 2026 | Teaser,https://www.youtube.com/watch?v=RgQ8XR_0F8I,Found
4765,NEW! Taarak Mehta Ka Ooltah Chashmah | Ep 4765 | 17 Jul 2026 | Teaser,https://www.youtube.com/watch?v=cvNJZG3UDIE,Found
4766,NEW! Ep 4766 - Kaise Pocha Jethalal Jail Mai ? | Taarak Mehta ka Ooltah Chashmah,https://www.youtube.com/watch?v=a1SS4V0FuuA,Found
4767,NEW! Taarak Mehta Ka Ooltah Chashmah | Ep 4767 | 20 Jul 2026 | Teaser,https://www.youtube.com/watch?v=YAbmr9oqF60,Found
4768,NEW! Taarak Mehta Ka Ooltah Chashmah | Ep 4768 | 21 Jul 2026 | Teaser,https://www.youtube.com/watch?v=hEdgF5eT1CY,Found
4769,NEW! Taarak Mehta Ka Ooltah Chashmah | Ep 4769 | 22 Jul 2026 | Teaser,https://www.youtube.com/watch?v=99JdSOnpSMI,Found
4770,NEW! Taarak Mehta Ka Ooltah Chashmah | Ep 4770 | 23 Jul 2026 | Teaser,https://www.youtube.com/watch?v=pa7DUwEq-yA,Found
4771,NEW! Taarak Mehta Ka Ooltah Chashmah | Ep 4771 | 24 Jul 2026 | Teaser,https://www.youtube.com/watch?v=W-LqpHJD558,Found
4772,NEW! Taarak Mehta Ka Ooltah Chashmah | Ep 4772 | 25 Jul 2026 | Teaser,https://www.youtube.com/watch?v=sHUbbZrJNMo,Found
4773,NEW! Taarak Mehta Ka Ooltah Chashmah | Ep 4773 | 27 Jul 2026 | Teaser,https://www.youtube.com/watch?v=9nlaBYWGiE8,Found
4774,NEW! Taarak Mehta Ka Ooltah Chashmah | Ep 4774 | 28 Jul 2026 | Teaser,https://www.youtube.com/watch?v=7Cotavq238A,Found
4775,NEW! Taarak Mehta Ka Ooltah Chashmah | Ep 4775 | 29 Jul 2026 | Teaser,https://www.youtube.com/watch?v=dOMU01fhzDE,Found
4776,NEW! Ep 4776 - गोकुलधाम में आया Superhero ! | Taarak Mehta ka Ooltah Chashmah,https://www.youtube.com/watch?v=9a4jEdmmCMk,Found
4777,NEW! Ep 4777 - Gokuldham Walo Ne Kiya Spider-Man Ka Swagat !| Taarak Mehta ka Ooltah Chashmah,https://www.youtube.com/watch?v=PtYwjCV27FM,Found
4778,NEW! Ep 4778  - Spiderman Ke Sath Gokuldham Walo Ki Masti !| Taarak Mehta ka Ooltah Chashmah,https://www.youtube.com/watch?v=So3x6ItkcmM,Found
4779,An Unexpected Problem | Taarak Mehta Ka Ooltah Chashmah | Full Ep 4779 | 3 Aug 2026 | New Episode,https://www.youtube.com/watch?v=Ovtzp3rbQ_k,Found
4780,NEW! Ep 4780 - Madhavi gave lemons to Bhide as a gift. | Taarak Mehta ka Ooltah Chashmah,https://www.youtube.com/watch?v=tq0aJM1cglM,Found
4781,Ep 4781 - PRECAP! | Taarak Mehta Ka Ooltah Chashmah | तारक मेहता का उल्टा चश्मा,https://www.youtube.com/watch?v=g0lIwDDS1gk,Found
4782,Taarak mehta ka ooltah chashma new promo 4782 | tmkoc today episode 4782 | tmkoc new promo 4782,https://www.youtube.com/watch?v=ILTthwNTyJ8,Found
4783,Bhide Has A Surprise | Taarak Mehta Ka Ooltah Chashmah | Full Ep 4773 | 27 July 2026 | New Episode,https://www.youtube.com/watch?v=zK54XsCKmvI,Found
4784,Ceremony Day In Gokuldham| Taarak Mehta Ka Ooltah Chashmah| Full Ep 4774 | 28 July 2026| New Episode,https://www.youtube.com/watch?v=TihGufRgCO4,Found
4785,Ceremony Day In Gokuldham| Taarak Mehta Ka Ooltah Chashmah| Full Ep 4774 | 28 July 2026| New Episode,https://www.youtube.com/watch?v=TihGufRgCO4,Found
4786,Jetha Calls Chalu Pandey | Taarak Mehta Ka Ooltah Chashmah| Full Ep 4766 | 18 July 2026| New Episode,https://www.youtube.com/watch?v=aYUfIZBforA,Found
4787,The Search For Bapuji | Taarak Mehta Ka Ooltah Chashmah | Full Ep 4587 | 22 Dec 2025 | New Episode,https://www.youtube.com/watch?v=-fgQKbSR5EI,Found
4788,Tapu Sena Search For Clues | Taarak Mehta Ka Ooltah Chashmah | Full Episode 4388 | 3 May 2025,https://www.youtube.com/watch?v=dX25SvVMV3Q,Found
4789,Jetha's Shop Gets Sealed | Taarak Mehta Ka Ooltah Chashmah| Full Ep 4759 | 10 July 2026| New Episode,https://www.youtube.com/watch?v=2nWWgpiYW64,Found
4790,Gokuldham Waits For Bhide| Taarak Mehta Ka Ooltah Chashmah| Full Ep 4770 | 23 July 2026| New Episode,https://www.youtube.com/watch?v=KE4J22Mbstc,Found
4791,Jethalal’s Last Hope | Taarak Mehta Ka Ooltah Chashmah | Full Ep 4701 | 4 May 2026 | New Episode,https://www.youtube.com/watch?v=2vQq0HWJcv8,Found
4792,Bhide Is Collecting Funds | Taarak Mehta Ka Ooltah Chashmah |Full Ep 4693 | 24 Apr 2026 |New Episode,https://www.youtube.com/watch?v=f7A25aP5XeE,Found
4793,Bhide Is Collecting Funds | Taarak Mehta Ka Ooltah Chashmah |Full Ep 4693 | 24 Apr 2026 |New Episode,https://www.youtube.com/watch?v=f7A25aP5XeE,Found
4794,Jethalal Seeks Extension | Taarak Mehta Ka Ooltah Chashmah | Full Ep 4694 | 25 Apr 2026 |New Episode,https://www.youtube.com/watch?v=AyZ2JpBY3oo,Found
4795,Bapuji Is Missing | Taarak Mehta Ka Ooltah Chashmah | Full Ep 4695 | 27 Apr 2026 | New Episode,https://www.youtube.com/watch?v=t28_VdqHfts,Found
4796,Will Bapuji Return? | Taarak Mehta Ka Ooltah Chashmah | Full Ep 4696 | 28 Apr 2026 | New Episode,https://www.youtube.com/watch?v=YZEy84imd4o,Found
4797,Who Is Looking For Bapuji? |Taarak Mehta Ka Ooltah Chashmah |Full Ep 4697 |29 Apr 2026 | New Episode,https://www.youtube.com/watch?v=ZgyWYIyVc0s,Found
4798,Bapuji Questions Jetha | Taarak Mehta Ka Ooltah Chashmah | Full Ep 4698 | 30 Apr 2026 | New Episode,https://www.youtube.com/watch?v=hb12EOSC4EY,Found
4799,Will Bapuji Believe Jetha? | Taarak Mehta Ka Ooltah Chashmah| Full Ep 4699 | 1 May 2026| New Episode,https://www.youtube.com/watch?v=G2xwCQ1d89E,Found
4800,The Cheque Drama | Taarak Mehta Ka Ooltah Chashmah | Full Ep 4700 | 2 May 2026 | New Episode,https://www.youtube.com/watch?v=0hOns4pRLIU,Found
4801,Jethalal’s Last Hope | Taarak Mehta Ka Ooltah Chashmah | Full Ep 4701 | 4 May 2026 | New Episode,https://www.youtube.com/watch?v=2vQq0HWJcv8,Found
4802,Jetha Is Tensed About The Meeting| Taarak Mehta Ka Ooltah Chashmah | Full Episode 4402 | 20 May 2025,https://www.youtube.com/watch?v=-9DU8_JWIcw,Found
4803,FULL EPISODE! 4003 - Taarak Mehta Ka Ooltah Chashmah - NEW Episodes | तारक मेहता का उल्टा चश्मा,https://www.youtube.com/watch?v=PtBhknWycPo,Found
4804,Taarak Ka Special Day | Taarak Mehta Ka Ooltah Chashmah | Ep 3804 | Full Episode | 22 June 2023,https://www.youtube.com/watch?v=FMvKYyVldBQ,Found
4805,Gokuldham Waits For Bhide| Taarak Mehta Ka Ooltah Chashmah| Full Ep 4770 | 23 July 2026| New Episode,https://www.youtube.com/watch?v=KE4J22Mbstc,Found
4806,FULL EPISODE! 4506 -Tapu Sena ne Manga Bappa se Ashirwad! | Taarak Mehta Ka Ooltah Chashmah,https://www.youtube.com/watch?v=4d3Eh_Z0I7k,Found
4807,Rangarang Program In Gokuldham | Taarak Mehta Ka Ooltah Chashmah | Full Episode 4507 | 19 Sep 2025,https://www.youtube.com/watch?v=au1CnTYDYwQ,Found
4808,Deal Is Sealed | Taarak Mehta Ka Ooltah Chashmah | Ep 3808 | Full Episode | 27 June 2023,https://www.youtube.com/watch?v=WPW1mbAqTF4,Found
4809,Jetha’s Moment Of Truth | Taarak Mehta Ka Ooltah Chashmah | Full Ep 4709 | 13 May 2026 | New Episode,https://www.youtube.com/watch?v=6V-dibxIaDw,Found
4810,Pandey Ji At Jetha's Shop| Taarak Mehta Ka Ooltah Chashmah| Full Ep 4610 | 17 Jan 2026 | New Episode,https://www.youtube.com/watch?v=ftEH9EwEBUA,Found
4811,Gokuldham Men Is Punished | Taarak Mehta Ka Ooltah Chashmah| Full Ep 4711 | 15 May 2026| New Episode,https://www.youtube.com/watch?v=AEw5c01dAjM,Found
4812,Roshan’s Big Mistake | Taarak Mehta Ka Ooltah Chashmah | Full Ep 4712 | 16 May 2026 | New Episode,https://www.youtube.com/watch?v=s5a_p2xeo8Y,Found
4813,Residents Chase A Kite | Taarak Mehta Ka Ooltah Chashmah | Full Ep 4613 | 21 Jan 2026 | New Episode,https://www.youtube.com/watch?v=MAUbY_rVy_w,Found
4814,Mahila Mandal’s Next Move |Taarak Mehta Ka Ooltah Chashmah |Full Ep 4714 | 19 May 2026 | New Episode,https://www.youtube.com/watch?v=2myyehNcoEM,Found
4815,Sodhi’s Money Mystery | Taarak Mehta Ka Ooltah Chashmah | Full Ep 4715 | 20 May 2026 | New Episode,https://www.youtube.com/watch?v=qvKGnrv5PUs,Found
4816,Exploring The Pink City | Taarak Mehta Ka Ooltah Chashmah | Full Ep 4616 | 24 Jan 2026 | New Episode,https://www.youtube.com/watch?v=Uo5Gr26mgS0,Found
4817,Challenge For Popatlal | Taarak Mehta Ka Ooltah Chashmah | Full Ep 4617 | 26 Jan 2026 | New Episode,https://www.youtube.com/watch?v=vMgmztLtAYA,Found
4818,The Watermelon Mystery | Taarak Mehta Ka Ooltah Chashmah | Full Ep 4718 | 23 May 2026 | New Episode,https://www.youtube.com/watch?v=2f61A4vVnMc,Found
4819,A Strange Sight | Taarak Mehta Ka Ooltah Chashmah | Full Ep 4719 | 25 May 2026 | New Episode,https://www.youtube.com/watch?v=RDjOrGP92tw,Found
4820,The Kite Contest Winner | Taarak Mehta Ka Ooltah Chashmah | Full Ep 4620 | 29 Jan 2026 | New Episode,https://www.youtube.com/watch?v=NqgKBziyXC4,Found
4821,Republic Day Preparation | Taarak Mehta Ka Ooltah Chashmah| Full Ep 4621 | 30 Jan 2026 | New Episode,https://www.youtube.com/watch?v=HlfsPqOdrVE,Found
4822,Excitement In Gokuldham | Taarak Mehta Ka Ooltah Chashmah | Full Ep 4622 | 31 Jan 2026 | New Episode,https://www.youtube.com/watch?v=dv3v827b63g,Found
4823,Bhide Takes Responsibility | Taarak Mehta Ka Ooltah Chashmah| Full Ep 4623 | 2 Feb 2026| New Episode,https://www.youtube.com/watch?v=-2JYTWvi0No,Found
4824,Gokuldham Is On A Mission | Taarak Mehta Ka Ooltah Chashmah| Full Ep 4724 | 30 May 2026| New Episode,https://www.youtube.com/watch?v=_XveXjb6Oao,Found
4825,Taarak Is In A Hurry | Taarak Mehta Ka Ooltah Chashmah | Full Ep 4725 | 1 Jun 2026 | New Episode,https://www.youtube.com/watch?v=iUoyB754dnc,Found
4826,Taarak's Race Against Time |Taarak Mehta Ka Ooltah Chashmah |Full Ep 4726 | 2 Jun 2026 |New Episode,https://www.youtube.com/watch?v=LXjozmvNSV0,Found
4827,The Search For Envelope | Taarak Mehta Ka Ooltah Chashmah | Full Ep 4727 | 3 Jun 2026 | New Episode,https://www.youtube.com/watch?v=MaXtMW6ze04,Found
4828,Taarak's Boss In Trouble | Taarak Mehta Ka Ooltah Chashmah| Full Ep 4728 | 4 Jun 2026 | New Episode,https://www.youtube.com/watch?v=8M9w7I4kkMg,Found
4829,The Search For A Mahurat | Taarak Mehta Ka Ooltah Chashmah| Full Ep 4729 | 5 Jun 2026 | New Episode,https://www.youtube.com/watch?v=6aPiPc5lRy0,Found
4830,Jethalal Sparks Panic | Taarak Mehta Ka Ooltah Chashmah | Full Ep 4730 | 6 Jun 2026 | New Episode,https://www.youtube.com/watch?v=4ntSO7nSBUI,Found
4831,Renovation Arrangements | Taarak Mehta Ka Ooltah Chashmah | Full Ep 4731 | 8 Jun 2026 | New Episode,https://www.youtube.com/watch?v=-ZLzeGeCnDE,Found
4832,How Will Jetha Help Taarak? | Taarak Mehta Ka Ooltah Chashmah | Full Episode 4532 | 18 Oct 2025,https://www.youtube.com/watch?v=eD2lCBhNCUM,Found
4833,Where Did Bagha Go? | Taarak Mehta Ka Ooltah Chashmah | Full Ep 4733 | 10 Jun 2026 | New Episode,https://www.youtube.com/watch?v=9TmZ9_YMJ28,Found
4834,Bhide's Strength | Taarak Mehta Ka Ooltah Chashmah | Full Ep 4734 | 11 Jun 2026 | New Episode,https://www.youtube.com/watch?v=tmfJCG2if1Q,Found
4835,Bagha's Surprise Visitor | Taarak Mehta Ka Ooltah Chashmah | Full Ep 4735 | 12 Jun 2026 |New Episode,https://www.youtube.com/watch?v=nfJJV9-MwBw,Found
4836,Stalling Bapuji's Visit? | Taarak Mehta Ka Ooltah Chashmah | Full Ep 4636 | 17 Feb 2026 |New Episode,https://www.youtube.com/watch?v=MlF0OEuFa28,Found
4837,A Surprise Visitor | Taarak Mehta Ka Ooltah Chashmah | Full Ep 4737 | 15 Jun 2026 | New Episode,https://www.youtube.com/watch?v=6n23JROcxqI,Found
4838,The Hidden Truth | Taarak Mehta Ka Ooltah Chashmah | Full Ep 4738 | 16 Jun 2026 | New Episode,https://www.youtube.com/watch?v=KqAMt1Y-Q40,Found
4839,Bapuji Reaches The Shop | Taarak Mehta Ka Ooltah Chashmah | Full Ep 4639 | 20 Feb 2026 | New Episode,https://www.youtube.com/watch?v=CLch5Au6R_k,Found
4840,Bagha Is In A Dilemma | Taarak Mehta Ka Ooltah Chashmah | Full Ep 4740 | 18 Jun 2026 | New Episode,https://www.youtube.com/watch?v=CM8tJ00Cqis,Found
4841,Bagha Stops Natu Kaka | Taarak Mehta Ka Ooltah Chashmah | Full Ep 4741 | 19 Jun 2026 | New Episode,https://www.youtube.com/watch?v=sUbYuQ99aXI,Found
4842,Jetha Sleeps In His Shop | Taarak Mehta Ka Ooltah Chashmah| Full Ep 4642 | 24 Feb 2026 | New Episode,https://www.youtube.com/watch?v=gaRajkVxpeQ,Found
4843,Will Tapu Sena Help Bagha? | Taarak Mehta Ka Ooltah Chashmah| Full Ep 4743| 22 Jun 2026| New Episode,https://www.youtube.com/watch?v=JywlujAdvco,Found
4844,Bagha Gets Angry At Bawri | Taarak Mehta Ka Ooltah Chashmah| Full Ep 4744 | 23 Jun 2026| New Episode,https://www.youtube.com/watch?v=hdS2semX0xM,Found
4845,Bagha Puts On An Act | Taarak Mehta Ka Ooltah Chashmah | Full Ep 4745 | 24 Jun 2026 | New Episode,https://www.youtube.com/watch?v=f_yYynOKOko,Found
4846,Chutki Baba Helps Popatlal | Taarak Mehta Ka Ooltah Chashmah| Full Ep 4648 | 3 Mar 2026| New Episode,https://www.youtube.com/watch?v=v2bJCnCSQbY,Found
4847,Bagha Seeks Help | Taarak Mehta Ka Ooltah Chashmah | Full Ep 4748 | 27 Jun 2026 | New Episode,https://www.youtube.com/watch?v=48JMKSFiLas,Found
4848,Bagha Seeks Help | Taarak Mehta Ka Ooltah Chashmah | Full Ep 4748 | 27 Jun 2026 | New Episode,https://www.youtube.com/watch?v=48JMKSFiLas,Found
4849,Tapu’s Clever Act | Taarak Mehta Ka Ooltah Chashmah | Full Ep 4749 | 29 Jun 2026 | New Episode,https://www.youtube.com/watch?v=mHIRUwwzLa8,Found
4850,Tapu’s Plan Works | Taarak Mehta Ka Ooltah Chashmah | Full Ep 4750 | 30 Jun 2026 | New Episode,https://www.youtube.com/watch?v=cVQYoGmdJGw,Found
4851,Bapuji Pronounced The Sentence | Taarak Mehta Ka Ooltah Chashmah | Full Episode 4551 | 10 Nov 2025,https://www.youtube.com/watch?v=hDvREjeulEg,Found
4852,Bagha's Plan Works | Taarak Mehta Ka Ooltah Chashmah | Full Ep 4752 | 2 July 2026 | New Episode,https://www.youtube.com/watch?v=ICp3mr_DfPw,Found
4853,Balam Reveals The Truth | Taarak Mehta Ka Ooltah Chashmah | Full Ep 4753 | 3 July 2026 | New Episode,https://www.youtube.com/watch?v=NtTtDerHWEc,Found
4854,Bawri Is Leaving Mumbai | Taarak Mehta Ka Ooltah Chashmah | Full Ep 4754 | 4 July 2026 | New Episode,https://www.youtube.com/watch?v=BywUkBRmlb8,Found
4855,Bawri Reflects On Her Past |Taarak Mehta Ka Ooltah Chashmah | Full Ep 4755 |6 July 2026 |New Episode,https://www.youtube.com/watch?v=cRKhRY55Ysw,Found
4856,Will Team Jetha Win? | Taarak Mehta Ka Ooltah Chashmah | Full Ep 4656 | 12 Mar 2026 | New Episode,https://www.youtube.com/watch?v=gzpdwYnLUfU,Found
4857,The Truth Is Revealed | Taarak Mehta Ka Ooltah Chashmah | Full Ep 4757 | 8 July 2026 | New Episode,https://www.youtube.com/watch?v=AiTxaNO7k8w,Found
4858,Residents Get A Surprise| Taarak Mehta Ka Ooltah Chashmah | Full Ep 4658 | 14 Mar 2026 | New Episode,https://www.youtube.com/watch?v=sa-lm8D1FSc,Found
4859,Bhide Brings A Surprise | Taarak Mehta Ka Ooltah Chashmah | Full Ep 4659 | 16 Mar 2026 | New Episode,https://www.youtube.com/watch?v=H1VN11CpctA,Found
4860,A Tricky Situation | Taarak Mehta Ka Ooltah Chashmah | Full Ep 4760 | 11 July 2026 | New Episode,https://www.youtube.com/watch?v=c7t3AqSu1Pg,Found
4861,Taarak Helps Jethalal | Taarak Mehta Ka Ooltah Chashmah | Full Ep 4761 | 13 July 2026 | New Episode,https://www.youtube.com/watch?v=KaWpWkLDA70,Found
4862,An Unexpected Twist | Taarak Mehta Ka Ooltah Chashmah | Full Ep 4762 | 14 July 2026 | New Episode,https://www.youtube.com/watch?v=EXo_3SswsFI,Found
4863,Sapne Ki Baat Cheet | Taarak Mehta Ka Ooltah Chashmah | Full Ep 4683 | 13 Apr 2026 | New Episode,https://www.youtube.com/watch?v=TaMCaZYii-8,Found
4864,Jethalal In Big Trouble | Taarak Mehta Ka Ooltah Chashmah| Full Ep 4764 | 16 July 2026 | New Episode,https://www.youtube.com/watch?v=PW19Lw3DTrs,Found
4865,Bapuji Shouts At Jetha | Taarak Mehta Ka Ooltah Chashmah | Full Ep 4765 | 17 July 2026 | New Episode,https://www.youtube.com/watch?v=2OKShwJFkJA,Found
4866,Jetha Calls Chalu Pandey | Taarak Mehta Ka Ooltah Chashmah| Full Ep 4766 | 18 July 2026| New Episode,https://www.youtube.com/watch?v=aYUfIZBforA,Found
4867,Will Pandey Help Jetha? | Taarak Mehta Ka Ooltah Chashmah| Full Ep 4767 | 20 July 2026 | New Episode,https://www.youtube.com/watch?v=1nSWUR40jYw,Found
4868,Jetha Is Proven Innocent |Taarak Mehta Ka Ooltah Chashmah| Full Ep 4768 | 21 July 2026 | New Episode,https://www.youtube.com/watch?v=hqjTWAJRtdM,Found
4869,A Ring In Bapuji's Stomach| Taarak Mehta Ka Ooltah Chashmah| Full Ep 4691 | 22 Apr 2026| New Episode,https://www.youtube.com/watch?v=sX-k8miML6c,Found
4870,Gokuldham Waits For Bhide| Taarak Mehta Ka Ooltah Chashmah| Full Ep 4770 | 23 July 2026| New Episode,https://www.youtube.com/watch?v=KE4J22Mbstc,Found
4871,Bapuji’s Big Decision | Taarak Mehta Ka Ooltah Chashmah | Full Ep 4772 | 25 July 2026 | New Episode,https://www.youtube.com/watch?v=zWDHFA9hRl0,Found
4872,NEW! Ep 4772 -  Kya Bhide Karega Society Ka उद्घाटन ?! | Taarak Mehta ka Ooltah Chashmah,https://www.youtube.com/watch?v=OcXpcf3Lrm8,Found
4873,NEW! Ep 4773 -  Society उद्घाटन में हुआ Jethalal और Iyer का झगड़ा | Taarak Mehta ka Ooltah Chashmah,https://www.youtube.com/watch?v=eFGBU-HgXYE,Found
4874,Bapuji's Decision Shocks Everyone | Taarak Mehta Ka Ooltah Chashmah| Full Episode 4474 | 12 Aug 2025,https://www.youtube.com/watch?v=nUveNLIlhL0,Found
4875,The Arrival Of A New Family | Taarak Mehta Ka Ooltah Chashmah | Full Episode 4475 | 13 Aug 2025,https://www.youtube.com/watch?v=7IFihpvjocQ,Found
4876,An Unexpected Twist | Taarak Mehta Ka Ooltah Chashmah | Full Ep 4762 | 14 July 2026 | New Episode,https://www.youtube.com/watch?v=EXo_3SswsFI,Found
4877,Bhide Waits For The New Residents | Taarak Mehta Ka Ooltah Chashmah| Full Episode 4477 | 15 Aug 2025,https://www.youtube.com/watch?v=I0o62vX1Wzw,Found
4878,Bhide's Resignation | Taarak Mehta Ka Ooltah Chashmah | Full Ep 4678 | 7 Apr 2026 | New Episode,https://www.youtube.com/watch?v=wT_mZBMWl1I,Found
4879,Bhide Blames Popatlal | Taarak Mehta Ka Ooltah Chashmah | Full Ep 4679 | 8 Apr 2026 | New Episode,https://www.youtube.com/watch?v=AcTZaGpXgfw,Found
4880,New Family Arrives At Gokuldham | Taarak Mehta Ka Ooltah Chashmah | Full Episode 4480 | 19 Aug 2025,https://www.youtube.com/watch?v=HdPGKmIKRJ4,Found
4881,Gokuldham Welcome Ratan & Family | Taarak Mehta Ka Ooltah Chashmah | Full Episode 4481 | 20 Aug 2025,https://www.youtube.com/watch?v=wivFTlj0fyU,Found
4882,A New Crisis In Gokuldham | Taarak Mehta Ka Ooltah Chashmah | Full Episode 4482 | 21 Aug 2025,https://www.youtube.com/watch?v=9w7zIwrwj-g,Found
4883,Gokuldham Calls Inspector Pandey | Taarak Mehta Ka Ooltah Chashmah | Full Episode 4483 | 22 Aug 2025,https://www.youtube.com/watch?v=HVuHCFgmQ9A,Found
4884,Can Chalu Pandey Uncover the Truth?| Taarak Mehta Ka Ooltah Chashmah| Full Episode 4484| 23 Aug 2025,https://www.youtube.com/watch?v=_mjhfNLml2Y,Found
4885,Pandey Questions Bhide & Madhavi | Taarak Mehta Ka Ooltah Chashmah | Full Episode 4485 | 25 Aug 2025,https://www.youtube.com/watch?v=jjE6qFEypjw,Found
4886,Bhide & Pandey Begin Their Search | Taarak Mehta Ka Ooltah Chashmah| Full Episode 4486 | 26 Aug 2025,https://www.youtube.com/watch?v=Sezx8OFXy7o,Found
4887,The Search For Bapuji | Taarak Mehta Ka Ooltah Chashmah | Full Ep 4587 | 22 Dec 2025 | New Episode,https://www.youtube.com/watch?v=-fgQKbSR5EI,Found
4888,The Hunt For The Tempo Thieves | Taarak Mehta Ka Ooltah Chashmah | Full Episode 4488 | 28 Aug 2025,https://www.youtube.com/watch?v=qbmkaW9JTTg,Found
4889,Will Gogi's Nightmare Finally End? | Taarak Mehta Ka Ooltah Chashmah| Full Episode 4389 | 5 May 2025,https://www.youtube.com/watch?v=TQgK5wcZllQ,Found
4890,Goli's Plan To Fool Jetha | Taarak Mehta Ka Ooltah Chashmah | Jetha Bapuji Special,https://www.youtube.com/watch?v=VN6bzP5YJIk,Found
4891,The Thieves Trick Everyone | Taarak Mehta Ka Ooltah Chashmah | Full Episode 4491 | 1 Sep 2025,https://www.youtube.com/watch?v=dSxSHZU_N_Q,Found
4892,Gokuldham Members Set Up A Trap | Taarak Mehta Ka Ooltah Chashmah | Full Episode 4492 | 2 Sep 2025,https://www.youtube.com/watch?v=BWgqVeuwE3M,Found
4893,Will Bhide Go To The Police Station? |Taarak Mehta Ka Ooltah Chashmah| Full Episode 4493 |3 Sep 2025,https://www.youtube.com/watch?v=wivazWUR2tU,Found
4894,Tempo Comes Back To Gokuldham | Taarak Mehta Ka Ooltah Chashmah | Full Episode 4494 | 4 Sep 2025,https://www.youtube.com/watch?v=yWcBypjoX7M,Found
4895,Tapu Makes A Rescue Plan | Taarak Mehta Ka Ooltah Chashmah| Full Ep 4595 | 31 Dec 2025 | New Episode,https://www.youtube.com/watch?v=-IqL5bnr6ac,Found
4896,New Trouble For Bapuji | Taarak Mehta Ka Ooltah Chashmah | Full Ep 4596 | 1 Jan 2026 | New Episode,https://www.youtube.com/watch?v=jlzub0np_R4,Found
4897,New Family's Request | Taarak Mehta Ka Ooltah Chashmah | Full Episode 4497 | 8 Sep 2025,https://www.youtube.com/watch?v=ny47Onw8tk8,Found
4898,New Year's Eve Celebration| Taarak Mehta Ka Ooltah Chashmah| Full Ep 4598 | 3 Jan 2026 | New Episode,https://www.youtube.com/watch?v=znQWoZP5f-M,Found
4899,Will Bapuji Believe Jetha? | Taarak Mehta Ka Ooltah Chashmah| Full Ep 4699 | 1 May 2026| New Episode,https://www.youtube.com/watch?v=G2xwCQ1d89E,Found
4900,Bhide Has A Surprise | Taarak Mehta Ka Ooltah Chashmah | Full Ep 4773 | 27 July 2026 | New Episode,https://www.youtube.com/watch?v=zK54XsCKmvI,Found
4901,Gokuldham Residents Create Chaos | Taarak Mehta Ka Ooltah Chashmah | Full Episode 4091 | 22 May 2024,https://www.youtube.com/watch?v=h42hmG3D3wA,Found
4902,A Chaotic Brawl Breaks Out | Taarak Mehta Ka Ooltah Chashmah | Full Episode 4092 | 23 May 2024,https://www.youtube.com/watch?v=97RRbBrPJlo,Found
4903,FULL EPISODE! 4503 - Kya Kam Karega Tapu ka Idea! | Taarak Mehta Ka Ooltah Chashmah,https://www.youtube.com/watch?v=1_7QHzPkGC4,Found
4904,Jetha's New Year Shock | Taarak Mehta Ka Ooltah Chashmah | Full Ep 4604 | 10 Jan 2026 | New Episode,https://www.youtube.com/watch?v=0Ir_QbfGTus,Found
4905,A New Dealership For Jetha| Taarak Mehta Ka Ooltah Chashmah| Full Ep 4605 | 12 Jan 2026| New Episode,https://www.youtube.com/watch?v=f-NM3yYUOXc,Found
4906,Vicky Ka Cheque | Taarak Mehta Ka Ooltah Chashmah | Full Episode | Ep 3906 | 19 Oct 2023,https://www.youtube.com/watch?v=PtvuuCz0rlo,Found
4907,FULL EPISODE! 4507 -Society me Hua Rangarang Karyakram ka Ayojan! | Taarak Mehta Ka Ooltah Chashmah,https://www.youtube.com/watch?v=DpHtKKzN0sE,Found
4908,Jetha Prepares Something Big |Taarak Mehta Ka Ooltah Chashmah|Full Ep 4708 |12 May 2026 |New Episode,https://www.youtube.com/watch?v=PMzztH7wXg4,Found
4909,Navratri Ke Liya Budget Nahi Hai | Taarak Mehta Ka Ooltah Chashmah | Full Episode 3909 | 23 Oct 2023,https://www.youtube.com/watch?v=EBbLb3dd8k8,Found
4910,Why Is Jetha Hiding? | Taarak Mehta Ka Ooltah Chashmah | Full Episode | Ep 3910 | 24 Oct 2023,https://www.youtube.com/watch?v=6HPEskgp2xw,Found
4911,Society Members Wait For Pinku | Taarak Mehta Ka Ooltah Chashmah | Full Episode 4511 | 24 Sep 2025,https://www.youtube.com/watch?v=ock-R_ynFDw,Found
4912,Will Jetha's Trouble End? |Taarak Mehta Ka Ooltah Chashmah| Full Ep 4612 | 20 Jan 2026 | New Episode,https://www.youtube.com/watch?v=nyjOYQKJMN4,Found
4913,Roshan’s Trouble | Taarak Mehta Ka Ooltah Chashmah | Full Ep 4713 | 18 May 2026 | New Episode,https://www.youtube.com/watch?v=Cxay9HiYGBg,Found
4914,FULL EPISODE! 4014 - Jethalal Ko Ho Raha Hai Late?! | Taarak Mehta Ka Ooltah Chashmah - NEW Episodes,https://www.youtube.com/watch?v=AOu46bDyUV8,Found
4915,Popatlal’s Trip To Jaipur | Taarak Mehta Ka Ooltah Chashmah| Full Ep 4615 | 23 Jan 2026| New Episode,https://www.youtube.com/watch?v=2uWEi3ILjiY,Found
4916,Exploring The Pink City | Taarak Mehta Ka Ooltah Chashmah | Full Ep 4616 | 24 Jan 2026 | New Episode,https://www.youtube.com/watch?v=Uo5Gr26mgS0,Found
4917,Challenge For Popatlal | Taarak Mehta Ka Ooltah Chashmah | Full Ep 4617 | 26 Jan 2026 | New Episode,https://www.youtube.com/watch?v=vMgmztLtAYA,Found
4918,Kite Challenge In Gokuldham |Taarak Mehta Ka Ooltah Chashmah |Full Ep 4618 |27 Jan 2026 |New Episode,https://www.youtube.com/watch?v=74jzqrkYzys,Found
4919,Popat Call The Residents | Taarak Mehta Ka Ooltah Chashmah| Full Ep 4619 | 28 Jan 2026 | New Episode,https://www.youtube.com/watch?v=aiVc2ucZYWY,Found
4920,The Kite Contest Winner | Taarak Mehta Ka Ooltah Chashmah | Full Ep 4620 | 29 Jan 2026 | New Episode,https://www.youtube.com/watch?v=NqgKBziyXC4,Found
4921,Republic Day Preparation | Taarak Mehta Ka Ooltah Chashmah| Full Ep 4621 | 30 Jan 2026 | New Episode,https://www.youtube.com/watch?v=HlfsPqOdrVE,Found
4922,Excitement In Gokuldham | Taarak Mehta Ka Ooltah Chashmah | Full Ep 4622 | 31 Jan 2026 | New Episode,https://www.youtube.com/watch?v=dv3v827b63g,Found
4923,FULL EPISODE! 4523 - Roopa Aur Ratan Ka Surprise! | Taarak Mehta Ka Ooltah Chashmah,https://www.youtube.com/watch?v=skJarVx-QeE,Found
4924,Gokuldham Is On A Mission | Taarak Mehta Ka Ooltah Chashmah| Full Ep 4724 | 30 May 2026| New Episode,https://www.youtube.com/watch?v=_XveXjb6Oao,Found
4925,Gokuldham Quiz Intensifies | Taarak Mehta Ka Ooltah Chashmah| Full Ep 4625 | 4 Feb 2026| New Episode,https://www.youtube.com/watch?v=bR4vQX5-_jg,Found
4926,Taarak's Race Against Time |Taarak Mehta Ka Ooltah Chashmah |Full Ep 4726 | 2 Jun 2026 |New Episode,https://www.youtube.com/watch?v=LXjozmvNSV0,Found
4927,Why Did Anjali Scold Taarak? | Taarak Mehta Ka Ooltah Chashmah | Full Episode 4527 | 13 Oct 2025,https://www.youtube.com/watch?v=hfBi7KsLKDs,Found
4928,Taarak's Boss In Trouble | Taarak Mehta Ka Ooltah Chashmah| Full Ep 4728 | 4 Jun 2026 | New Episode,https://www.youtube.com/watch?v=8M9w7I4kkMg,Found
4929,Taarak Mehta Ka Ooltah Chashmah - Episode 2949 - Full Episode,https://www.youtube.com/watch?v=aCcCWUOOQco,Found
4930,Jethalal Sparks Panic | Taarak Mehta Ka Ooltah Chashmah | Full Ep 4730 | 6 Jun 2026 | New Episode,https://www.youtube.com/watch?v=4ntSO7nSBUI,Found
4931,Renovation Arrangements | Taarak Mehta Ka Ooltah Chashmah | Full Ep 4731 | 8 Jun 2026 | New Episode,https://www.youtube.com/watch?v=-ZLzeGeCnDE,Found
4932,A Ring In Bapuji's Stomach| Taarak Mehta Ka Ooltah Chashmah| Full Ep 4691 | 22 Apr 2026| New Episode,https://www.youtube.com/watch?v=sX-k8miML6c,Found
4933,Ep 1933 - Iyer Aur Babita Ka Divorce?! | Taarak Mehta Ka Ooltah Chashmah | Full Episode | तारक मेहता,https://www.youtube.com/watch?v=3fZrU9Vv7ds,Found
4934,Jethalal Falls Asleep | Taarak Mehta Ka Ooltah Chashmah | Full Ep 4634 | 14 Feb 2026 | New Episode,https://www.youtube.com/watch?v=L8kQFqcPnPI,Found
4935,Residents Get Ready For Diwali | Taarak Mehta Ka Ooltah Chashmah | Full Episode 4535 | 22 Oct 2025,https://www.youtube.com/watch?v=2VSldIECF3o,Found
4936,Stalling Bapuji's Visit? | Taarak Mehta Ka Ooltah Chashmah | Full Ep 4636 | 17 Feb 2026 |New Episode,https://www.youtube.com/watch?v=MlF0OEuFa28,Found
4937,Bhide Delays Bapuji | Taarak Mehta Ka Ooltah Chashmah | Full Ep 4637 | 18 Feb 2026 | New Episode,https://www.youtube.com/watch?v=Yxelp1-8Lyc,Found
4938,The Search For The Laddoo Box | Taarak Mehta Ka Ooltah Chashmah | Full Episode 4538 | 25 Oct 2025,https://www.youtube.com/watch?v=ue-S3DNxwoM,Found
4939,FULL EPISODE! 3949 - Taarak Mehta Ka Ooltah Chashmah - NEW Episodes | तारक मेहता का उल्टा चश्मा,https://www.youtube.com/watch?v=9OWVgkFhwus,Found
4940,Bagha Is In A Dilemma | Taarak Mehta Ka Ooltah Chashmah | Full Ep 4740 | 18 Jun 2026 | New Episode,https://www.youtube.com/watch?v=CM8tJ00Cqis,Found
4941,NEW! Ep 4741 - Kya Bagha Bata Payega Sabko Sach ! | Taarak Mehta ka Ooltah Chashmah |,https://www.youtube.com/watch?v=jDqrRoJR7Ho,Found
4942,Bapuji Is Furious With Jethalal | Taarak Mehta Ka Ooltah Chashmah | Full Episode 4542 | 30 Oct 2025,https://www.youtube.com/watch?v=zz-hg03bKKE,Found
4943,Who Stole The Bottle? | Taarak Mehta Ka Ooltah Chashmah | Full Ep 4643 | 25 Feb 2026 | New Episode,https://www.youtube.com/watch?v=Rzw8ZH_atgA,Found
4944,Swagat Samaroh Hua Flop | Taarak Mehta Ka Ooltah Chashmah | Full Episode | Ep 3944 | 2 Dec 2023,https://www.youtube.com/watch?v=LuX0f80UWgs,Found
4945,Tapu Plans To Help Jethalal | Taarak Mehta Ka Ooltah Chashmah | Full Episode 4549 | 7 Nov 2025,https://www.youtube.com/watch?v=QWYSGE2syz8,Found
4946,Will Bapuji Return? | Taarak Mehta Ka Ooltah Chashmah | Full Ep 4696 | 28 Apr 2026 | New Episode,https://www.youtube.com/watch?v=YZEy84imd4o,Found
4947,Tapu’s Clever Act | Taarak Mehta Ka Ooltah Chashmah | Full Ep 4749 | 29 Jun 2026 | New Episode,https://www.youtube.com/watch?v=mHIRUwwzLa8,Found
4948,Bagha Seeks Help | Taarak Mehta Ka Ooltah Chashmah | Full Ep 4748 | 27 Jun 2026 | New Episode,https://www.youtube.com/watch?v=48JMKSFiLas,Found
4949,FULL EPISODE! 4049 - Nashe Me Bhoot Hue Bapuji! | Taarak Mehta Ka Ooltah Chashmah,https://www.youtube.com/watch?v=f1LqhzGm69k,Found
4950,Tapu’s Plan Works | Taarak Mehta Ka Ooltah Chashmah | Full Ep 4750 | 30 Jun 2026 | New Episode,https://www.youtube.com/watch?v=cVQYoGmdJGw,Found
4951,Bagha's Plan Works | Taarak Mehta Ka Ooltah Chashmah | Full Ep 4752 | 2 July 2026 | New Episode,https://www.youtube.com/watch?v=ICp3mr_DfPw,Found
4952,Bagha's Plan Works | Taarak Mehta Ka Ooltah Chashmah | Full Ep 4752 | 2 July 2026 | New Episode,https://www.youtube.com/watch?v=ICp3mr_DfPw,Found
4953,Bapuji Face A New Danger | Taarak Mehta Ka Ooltah Chashmah| Full Ep 4593 | 29 Dec 2025 | New Episode,https://www.youtube.com/watch?v=awQKTU3TnR4,Found
4954,Bawri Is Leaving Mumbai | Taarak Mehta Ka Ooltah Chashmah | Full Ep 4754 | 4 July 2026 | New Episode,https://www.youtube.com/watch?v=BywUkBRmlb8,Found
4955,Jetha's Intense Search | Taarak Mehta Ka Ooltah Chashmah | Full Ep 4655 | 11 Mar 2026 | New Episode,https://www.youtube.com/watch?v=gB0vsLp2xMk,Found
4956,New Trouble For Bapuji | Taarak Mehta Ka Ooltah Chashmah | Full Ep 4596 | 1 Jan 2026 | New Episode,https://www.youtube.com/watch?v=jlzub0np_R4,Found
4957,Iyer And Bhide Apologize|Taarak Mehta Ka Ooltah Chashmah|Full Episode 4557 |17 Nov 2025| New Episode,https://www.youtube.com/watch?v=OAAKgXn5x74,Found
4958,Jetha Gets A Grand Welcome| Taarak Mehta Ka Ooltah Chashmah| Full Ep 4758 | 9 July 2026| New Episode,https://www.youtube.com/watch?v=mO_hAbRpRA8,Found
4959,Jetha's Shop Gets Sealed | Taarak Mehta Ka Ooltah Chashmah| Full Ep 4759 | 10 July 2026| New Episode,https://www.youtube.com/watch?v=2nWWgpiYW64,Found
4960,A Tricky Situation | Taarak Mehta Ka Ooltah Chashmah | Full Ep 4760 | 11 July 2026 | New Episode,https://www.youtube.com/watch?v=c7t3AqSu1Pg,Found
4961,Bhide & Madhvi's Surprise | Taarak Mehta Ka Ooltah Chashmah| Full Ep 4661 | 18 Mar 2026| New Episode,https://www.youtube.com/watch?v=uPK2qz28wIE,Found
4962,A Ring In Bapuji's Stomach| Taarak Mehta Ka Ooltah Chashmah| Full Ep 4691 | 22 Apr 2026| New Episode,https://www.youtube.com/watch?v=sX-k8miML6c,Found
4963,Jethalal Seeks Extension | Taarak Mehta Ka Ooltah Chashmah | Full Ep 4694 | 25 Apr 2026 |New Episode,https://www.youtube.com/watch?v=AyZ2JpBY3oo,Found
4964,Jethalal Seeks Extension | Taarak Mehta Ka Ooltah Chashmah | Full Ep 4694 | 25 Apr 2026 |New Episode,https://www.youtube.com/watch?v=AyZ2JpBY3oo,Found
4965,Bapuji Is Missing | Taarak Mehta Ka Ooltah Chashmah | Full Ep 4695 | 27 Apr 2026 | New Episode,https://www.youtube.com/watch?v=t28_VdqHfts,Found
4966,Taarak Mehta Ka Ooltah Chashmah - Episode 2966 - Full Episode,https://www.youtube.com/watch?v=rJBTbnKSlNw,Found
4967,Who Is Looking For Bapuji? |Taarak Mehta Ka Ooltah Chashmah |Full Ep 4697 |29 Apr 2026 | New Episode,https://www.youtube.com/watch?v=ZgyWYIyVc0s,Found
4968,Bapuji Questions Jetha | Taarak Mehta Ka Ooltah Chashmah | Full Ep 4698 | 30 Apr 2026 | New Episode,https://www.youtube.com/watch?v=hb12EOSC4EY,Found
4969,Get Together In Gokuldham| Taarak Mehta Ka Ooltah Chashmah| Full Ep 4769 | 22 July 2026| New Episode,https://www.youtube.com/watch?v=aicrxWzOn9E,Found
4970,Gokuldham Waits For Bhide| Taarak Mehta Ka Ooltah Chashmah| Full Ep 4770 | 23 July 2026| New Episode,https://www.youtube.com/watch?v=KE4J22Mbstc,Found
4971,Bagha's Plan Works | Taarak Mehta Ka Ooltah Chashmah | Full Ep 4752 | 2 July 2026 | New Episode,https://www.youtube.com/watch?v=ICp3mr_DfPw,Found
4972,Bapuji’s Big Decision | Taarak Mehta Ka Ooltah Chashmah | Full Ep 4772 | 25 July 2026 | New Episode,https://www.youtube.com/watch?v=zWDHFA9hRl0,Found
4973,A Surprise From Bhide | Taarak Mehta Ka Ooltah Chashmah | Full Ep 4775 | 29 July 2026 | New Episode,https://www.youtube.com/watch?v=6rz0VUdV8P0,Found
4974,Tapu Sena Have A Pizza Party | Taarak Mehta Ka Ooltah Chashmah | Full Episode 4374 | 17 Apr 2025,https://www.youtube.com/watch?v=HV1b-oTgv2s,Found
4975,Popatlal Gets Hurt | Taarak Mehta Ka Ooltah Chashmah | Full Ep 4675 | 3 Apr 2026 | New Episode,https://www.youtube.com/watch?v=zLUcU46Gz7A,Found
4976,FULL EPISODE! 4576 - Chunnilal Ne De Diya Dhamki! | Taarak Mehta Ka Ooltah Chashmah,https://www.youtube.com/watch?v=yR1ZjBVV4LE,Found
4977,Bhide & Popatlal's Fight | Taarak Mehta Ka Ooltah Chashmah | Full Ep 4677 | 6 Apr 2026 | New Episode,https://www.youtube.com/watch?v=mIYzvhHxAGI,Found
4978,Bhide Blames Popatlal | Taarak Mehta Ka Ooltah Chashmah | Full Ep 4679 | 8 Apr 2026 | New Episode,https://www.youtube.com/watch?v=AcTZaGpXgfw,Found
4979,Bhide Blames Popatlal | Taarak Mehta Ka Ooltah Chashmah | Full Ep 4679 | 8 Apr 2026 | New Episode,https://www.youtube.com/watch?v=AcTZaGpXgfw,Found
4980,Popat Apologizes To Bhide | Taarak Mehta Ka Ooltah Chashmah| Full Ep 4680 | 9 Apr 2026 | New Episode,https://www.youtube.com/watch?v=2fv7Ofr_At8,Found
4981,Search For A Contractor | Taarak Mehta Ka Ooltah Chashmah | Full Ep 4681 | 10 Apr 2026 | New Episode,https://www.youtube.com/watch?v=QvKj7uYEMVk,Found
4982,Gokuldham Men Shows Teamwork |Taarak Mehta Ka Ooltah Chashmah|Full Ep 4582 | 16 Dec 2025|New Episode,https://www.youtube.com/watch?v=lwE-UIK10Rc,Found
4983,Sapne Ki Baat Cheet | Taarak Mehta Ka Ooltah Chashmah | Full Ep 4683 | 13 Apr 2026 | New Episode,https://www.youtube.com/watch?v=TaMCaZYii-8,Found
4984,Residents Tease Popatlal | Taarak Mehta Ka Ooltah Chashmah| Full Ep 4584 | 18 Dec 2025 | New Episode,https://www.youtube.com/watch?v=m9EUXu71SAk,Found
4985,Bawri Annoys Jetha | Taarak Mehta Ka Ooltah Chashmah | Full Ep 4687 | 17 Apr 2026 | New Episode,https://www.youtube.com/watch?v=BidHY3fhI94,Found
4986,Jetha Goes To Work Early | Taarak Mehta Ka Ooltah Chashmah| Full Ep 4586 | 20 Dec 2025 | New Episode,https://www.youtube.com/watch?v=z7uRmzikqWE,Found
4987,The Search For Bapuji | Taarak Mehta Ka Ooltah Chashmah | Full Ep 4587 | 22 Dec 2025 | New Episode,https://www.youtube.com/watch?v=-fgQKbSR5EI,Found
4988,The Hunt For The Tempo Thieves | Taarak Mehta Ka Ooltah Chashmah | Full Episode 4488 | 28 Aug 2025,https://www.youtube.com/watch?v=qbmkaW9JTTg,Found
4989,Will Bhide Help Inspector Chalu Ji? |Taarak Mehta Ka Ooltah Chashmah |Full Episode 4489| 29 Aug 2025,https://www.youtube.com/watch?v=mmhhsEWot8g,Found
4990,Thieves Escape From The Garage | Taarak Mehta Ka Ooltah Chashmah | Full Episode 4490 | 30 Aug 2025,https://www.youtube.com/watch?v=cX8FcLpUGFc,Found
4991,The Thieves Trick Everyone | Taarak Mehta Ka Ooltah Chashmah | Full Episode 4491 | 1 Sep 2025,https://www.youtube.com/watch?v=dSxSHZU_N_Q,Found
4992,Gokuldham Members Set Up A Trap | Taarak Mehta Ka Ooltah Chashmah | Full Episode 4492 | 2 Sep 2025,https://www.youtube.com/watch?v=BWgqVeuwE3M,Found
4993,Bhide Is Collecting Funds | Taarak Mehta Ka Ooltah Chashmah |Full Ep 4693 | 24 Apr 2026 |New Episode,https://www.youtube.com/watch?v=f7A25aP5XeE,Found
4994,Tempo Comes Back To Gokuldham | Taarak Mehta Ka Ooltah Chashmah | Full Episode 4494 | 4 Sep 2025,https://www.youtube.com/watch?v=yWcBypjoX7M,Found
4995,A Fresh Start For The New Family | Taarak Mehta Ka Ooltah Chashmah | Full Episode 4495 | 5 Sep 2025,https://www.youtube.com/watch?v=xy2_-7q6DvY,Found
4996,New Trouble For Bapuji | Taarak Mehta Ka Ooltah Chashmah | Full Ep 4596 | 1 Jan 2026 | New Episode,https://www.youtube.com/watch?v=jlzub0np_R4,Found
4997,New Family's Request | Taarak Mehta Ka Ooltah Chashmah | Full Episode 4497 | 8 Sep 2025,https://www.youtube.com/watch?v=ny47Onw8tk8,Found
4998,FULL EPISODE! 4498 - Gokuldham me विराजमान hue Ganpati Bappa! | Taarak Mehta Ka Ooltah Chashmah,https://www.youtube.com/watch?v=Ubt2lXkD3RM,Found
4999,Gokuldham Embrace The New Rules | Taarak Mehta Ka Ooltah Chashmah | Full Episode 4499 | 10 Sep 2025,https://www.youtube.com/watch?v=PfxuGKM7kX8,Found
5000,FULL EPISODE! 4237 - New Technology In Gokuldham Society! | Taarak Mehta Ka Ooltah Chashmah,https://www.youtube.com/watch?v=GILBAQCCOuo,Found
5001,Taarak Mehta Ka Ooltah Chashmah - Episode 501 - Full Episode,https://www.youtube.com/watch?v=HKwQV4GaJLI,Found
5002,Taarak Mehta Ka Ooltah Chashmah - Episode 502 - Full Episode,https://www.youtube.com/watch?v=VnFmSTFTTNY,Found
5003,Taarak Mehta Ka Ooltah Chashmah - Episode 503 - Full Episode,https://www.youtube.com/watch?v=S8Q8U5IyEHA,Found
5004,Taarak Mehta Ka Ooltah Chashmah - Episode 504 - Full Episode,https://www.youtube.com/watch?v=lL0TqsI9Ews,Found
5005,Taarak Mehta Ka Ooltah Chashmah - Episode 505 - Full Episode,https://www.youtube.com/watch?v=pFrj-5-4iIg,Found
5006,Taarak Mehta Ka Ooltah Chashmah - Episode 506 - Full Episode,https://www.youtube.com/watch?v=78amRQBSuaE,Found
5007,Taarak Mehta Ka Ooltah Chashmah - Episode 507 - Full Episode,https://www.youtube.com/watch?v=sPJEpx5vj-8,Found
5008,Taarak Mehta Ka Ooltah Chashmah - Episode 508 - Full Episode,https://www.youtube.com/watch?v=iXDsAs6UsNs,Found
5009,A Surprise Birthday Party | Taarak Mehta Ka Ooltah Chashmah | Full Episode 4509 | 22 Sep 2025,https://www.youtube.com/watch?v=naC1xi9jmhg,Found
5010,Taarak Mehta Ka Ooltah Chashmah - Episode 510 - Full Episode,https://www.youtube.com/watch?v=55GI_fYxfGI,Found
5011,Taarak Mehta Ka Ooltah Chashmah - Episode 511 - Full Episode,https://www.youtube.com/watch?v=DM8GV-e1fhM,Found
5012,Taarak Mehta Ka Ooltah Chashmah - New Year Special - Episode 512 - Full Episode,https://www.youtube.com/watch?v=oBD_wpZQ17k,Found
5013,Taarak Mehta Ka Ooltah Chashmah - New Year Special - Episode 513 - Full Episode,https://www.youtube.com/watch?v=qHgQERECxeQ,Found
5014,Taarak Mehta Ka Ooltah Chashmah - Episode 514 - Full Episode,https://www.youtube.com/watch?v=Ti-uj1yuw6Q,Found
5015,Taarak Mehta Ka Ooltah Chashmah - Episode 515 - Full Episode,https://www.youtube.com/watch?v=OVprzKjLHTg,Found
5016,Taarak Mehta Ka Ooltah Chashmah - Episode 516 - Full Episode,https://www.youtube.com/watch?v=2rZoi97cy4s,Found
5017,Taarak Mehta Ka Ooltah Chashmah - Episode 517 - Full Episode,https://www.youtube.com/watch?v=epKklKj_9-0,Found
5018,Taarak Mehta Ka Ooltah Chashmah - Episode 518 - Full Episode,https://www.youtube.com/watch?v=wE2MjbSYXTQ,Found
5019,Taarak Mehta Ka Ooltah Chashmah - Episode 519 - Full Episode,https://www.youtube.com/watch?v=1nxufymaFHQ,Found
5020,Taarak Mehta Ka Ooltah Chashmah - Episode 520 - Full Episode,https://www.youtube.com/watch?v=acGnyB6wzf8,Found
5021,Taarak Mehta Ka Ooltah Chashmah - Episode 521 - Full Episode,https://www.youtube.com/watch?v=mcxUauAH4sU,Found
5022,Taarak Mehta Ka Ooltah Chashmah - Episode 522 - Full Episode,https://www.youtube.com/watch?v=7uoT3acuOYA,Found
5023,Taarak Mehta Ka Ooltah Chashmah - Episode 523 - Full Episode,https://www.youtube.com/watch?v=TODw3RBTh1o,Found
5024,Taarak Mehta Ka Ooltah Chashmah - Episode 524 - Full Episode,https://www.youtube.com/watch?v=8ciw3_Ie_uQ,Found
5025,Taarak Mehta Ka Ooltah Chashmah - Episode 525 - Full Episode,https://www.youtube.com/watch?v=LN78CKzfAZk,Found
5026,FULL EPISODE! 4526 - Garba ka Mahamuqabala! | Taarak Mehta Ka Ooltah Chashmah,https://www.youtube.com/watch?v=8BVftBukD-o,Found
5027,Taarak Mehta Ka Ooltah Chashmah - Episode 527 - Full Episode,https://www.youtube.com/watch?v=D6q5_Kpw6Is,Found
5028,Jethalal Is Handcuffed -Taarak Mehta Ka Ooltah Chashmah - Ep 3528 - Full Episode - 4 Aug 2022,https://www.youtube.com/watch?v=yyeoS6VU_tE,Found
5029,Taarak Mehta Ka Ooltah Chashmah - Episode 529 - Full Episode,https://www.youtube.com/watch?v=-_WjUUY5J-A,Found
5030,Taarak Mehta Ka Ooltah Chashmah - Episode 530 - Full Episode,https://www.youtube.com/watch?v=4OfqjUzjplE,Found
5031,Taarak Mehta Ka Ooltah Chashmah - Episode 531 - Full Episode,https://www.youtube.com/watch?v=aXEPNvpS7Qk,Found
5032,How Will Jetha Help Taarak? | Taarak Mehta Ka Ooltah Chashmah | Full Episode 4532 | 18 Oct 2025,https://www.youtube.com/watch?v=eD2lCBhNCUM,Found
5033,Taarak Mehta Ka Ooltah Chashmah - Episode 533 - Full Episode,https://www.youtube.com/watch?v=AkFIYmEeex0,Found
5034,Taarak Mehta Ka Ooltah Chashmah - Episode 534 - Full Episode,https://www.youtube.com/watch?v=LXZg0OAsspE,Found
5035,Taarak Mehta Ka Ooltah Chashmah - Episode 535 - Full Episode,https://www.youtube.com/watch?v=g4JHFdXGbZY,Found
5036,Taarak Mehta Ka Ooltah Chashmah - Episode 536 - Full Episode,https://www.youtube.com/watch?v=xz4S89zZtNY,Found
5037,Taarak Mehta Ka Ooltah Chashmah - Episode 537 - Full Episode,https://www.youtube.com/watch?v=xw7q0ikVxTI,Found
5038,Tapu Sena Returns From Pune | Taarak Mehta Ka Chashmah | Full Episode 4138 | 16 July 2024,https://www.youtube.com/watch?v=jbk9N-ISbb4,Found
5039,Taarak Mehta Ka Ooltah Chashmah - Episode 539 - Full Episode,https://www.youtube.com/watch?v=Fh6Gg37gGwg,Found
5040,Purush Mandali Gets Pranked | Taarak Mehta Ka Ooltah Chashmah Full Episode 4050 | 4 April 2024,https://www.youtube.com/watch?v=-W2WW0J_Wow,Found
5041,A New Scooter In Gokuldham | Taarak Mehta Ka Ooltah Chashmah | Full Episode 4541 | 29 Oct 2025,https://www.youtube.com/watch?v=VpZSoboH6xo,Found
5042,Bapuji Is Furious With Jethalal | Taarak Mehta Ka Ooltah Chashmah | Full Episode 4542 | 30 Oct 2025,https://www.youtube.com/watch?v=zz-hg03bKKE,Found
5043,Jetha Shows His Salesman Skills | Taarak Mehta Ka Ooltah Chashmah | Full Episode 4543 | 31 Oct 2025,https://www.youtube.com/watch?v=eSVzZ5egI1E,Found
5044,Taarak Mehta Ka Ooltah Chashmah - Episode 544 - Full Episode,https://www.youtube.com/watch?v=54G35VQbRZM,Found
5045,NEW! Ep 4550 - Kya Bapuji Iyer Ko Maaf kar payenge?!|Taarak Mehta ka Ooltah  Chashmah,https://www.youtube.com/watch?v=om5ma9d_pSU,Found
5046,Jethalal Hides From Bapuji | Taarak Mehta Ka Ooltah Chashmah | Full Episode 4546 | 4 Nov 2025,https://www.youtube.com/watch?v=6erKS1HEdOw,Found
5047,Tapu’s Plan Works | Taarak Mehta Ka Ooltah Chashmah | Full Ep 4750 | 30 Jun 2026 | New Episode,https://www.youtube.com/watch?v=cVQYoGmdJGw,Found
5048,FULL EPISODE! 4051 - Bapuji Hue AC Se Pareshan! | Taarak Mehta Ka Ooltah Chashmah,https://www.youtube.com/watch?v=M1yFbEDA4qg,Found
5049,Tapu Plans To Help Jethalal | Taarak Mehta Ka Ooltah Chashmah | Full Episode 4549 | 7 Nov 2025,https://www.youtube.com/watch?v=QWYSGE2syz8,Found
5050,Taarak Mehta Ka Ooltah Chashmah - Episode 50 - Full Episode,https://www.youtube.com/watch?v=4JEmKH0zJbQ,Found
5051,Episode 50 - Taarak Mehta Ka Ooltah Chashmah | Full Episode | तारक मेहता का उल्टा चश्मा,https://www.youtube.com/watch?v=-AKZZgJXK2g,Found
5052,Tapu Face A Challenge | Taarak Mehta Ka Ooltah Chashmah | Full Episode 4552 | 11 Nov 2025,https://www.youtube.com/watch?v=-1mCiQV7GXk,Found
5053,Will Tapu's Catch Be Taken? | Taarak Mehta Ka Ooltah Chashmah | Full Episode 4553 | 12 Nov 2025,https://www.youtube.com/watch?v=UBhcavE-ou0,Found
5054,Bhide & Iyer Complain To Jetha | Taarak Mehta Ka Ooltah Chashmah | Full Episode 4554 | 13 Nov 2025,https://www.youtube.com/watch?v=1_z9cbjyBHI,Found
5055,Bhide And Jetha Get Into A Fight | Taarak Mehta Ka Ooltah Chashmah | Full Episode 4555 | 14 Nov 2025,https://www.youtube.com/watch?v=mIh5ZGzbY9w,Found
5056,Chalu Pandey Arrest Gokuldham Men | Taarak Mehta Ka Ooltah Chashmah| Full Episode 4556 | 15 Nov 2025,https://www.youtube.com/watch?v=MMpZzEUb9XM,Found
5057,Iyer And Bhide Apologize|Taarak Mehta Ka Ooltah Chashmah|Full Episode 4557 |17 Nov 2025| New Episode,https://www.youtube.com/watch?v=OAAKgXn5x74,Found
5058,Popatlal Is Furious | Taarak Mehta Ka Ooltah Chashmah | Full Episode 4558 |18 Nov 2025 | New Episode,https://www.youtube.com/watch?v=IVTHkIaAWNk,Found
5059,A Surprise Awaits | Taarak Mehta Ka Ooltah Chashmah | Full Episode 4559 | 19 Nov 2025 | New Episode,https://www.youtube.com/watch?v=Dz24e8vUau8,Found
5060,Taarak Mehta Ka Ooltah Chashmah - Episode 560 - Full Episode,https://www.youtube.com/watch?v=zMHA-c4--Uw,Found
5061,Ep 1561 - Taarak Mehta Ka Ooltah Chashmah | Full Episode | तारक मेहता का उल्टा चश्मा,https://www.youtube.com/watch?v=wCikS7S_usY,Found
5062,An Unexpected Twist | Taarak Mehta Ka Ooltah Chashmah | Full Ep 4762 | 14 July 2026 | New Episode,https://www.youtube.com/watch?v=EXo_3SswsFI,Found
5063,Bhide Is Stunned | Taarak Mehta Ka Ooltah Chashmah | Full Ep 4563 | 24 Nov 2025 | New Episode,https://www.youtube.com/watch?v=L0bbf4qbQgw,Found
5064,Taarak Mehta Ka Ooltah Chashmah - Episode 564 - Full Episode,https://www.youtube.com/watch?v=biXqaUZBruU,Found
5065,Can Residents Help Bhide And Madhavi? | Taarak Mehta Ka Ooltah Chashmah | Full Episode,https://www.youtube.com/watch?v=n5-DZq-Q9c8,Found
5066,Taarak Mehta Ka Ooltah Chashmah - Episode 566 - Full Episode,https://www.youtube.com/watch?v=ep7MVOCeNTM,Found
5067,Will The Truth Come Out? | Taarak Mehta Ka Ooltah Chashmah| Full Ep 4567 | 28 Nov 2025 | New Episode,https://www.youtube.com/watch?v=iAKpdZSOXCk,Found
5068,Taarak Mehta Ka Ooltah Chashmah - Episode 568 - Full Episode,https://www.youtube.com/watch?v=UJHt2o6O3qo,Found
5069,NEW! Ep 4569 - Kya Sach Sabit Hoga Popatlal ka Shaq! | Taarak Mehta ka Ooltah  Chashmah,https://www.youtube.com/watch?v=gZYfglxhOGo,Found
5070,FULL EPISODE! 4570 - Cycle Ki Rakhwali me Juta Abdul! | Taarak Mehta Ka Ooltah Chashmah,https://www.youtube.com/watch?v=rPkmI3wVvnY,Found
5071,Taarak Mehta Ka Ooltah Chashmah - Episode 571 - Full Episode,https://www.youtube.com/watch?v=yTjPubXQvVM,Found
5072,Episode 572 - Taarak Mehta Ka Ooltah Chashmah - Full Episode | तारक मेहता का उल्टा चश्मा,https://www.youtube.com/watch?v=sUfazdASmIY,Found
5073,Dr. Hathi Complains About Taarak | Taarak Mehta Ka Ooltah Chashmah | Full Episode 4073 | 1 May 2024,https://www.youtube.com/watch?v=fJtk4W3qANo,Found
5074,Taarak Mehta Ka Ooltah Chashmah - Episode 1574 - Full Episode,https://www.youtube.com/watch?v=LG5qI-5MSHw,Found
5075,Episode 76 - Taarak Mehta Ka Ooltah Chashmah | Tapu Ki Shadi | Full Episode | तारक मेहता,https://www.youtube.com/watch?v=UfxTVX8QpkI,Found
5076,Ep 1576 - Taarak Mehta Ka Ooltah Chashmah | Full Episode | तारक मेहता का उल्टा चश्मा,https://www.youtube.com/watch?v=e9CBo9T0zMk,Found
5077,Taarak Mehta Ka Ooltah Chashmah - Episode 577 - Full Episode,https://www.youtube.com/watch?v=oEkJmMOKJss,Found
5078,Taarak's Race Against Time |Taarak Mehta Ka Ooltah Chashmah |Full Ep 4726 | 2 Jun 2026 |New Episode,https://www.youtube.com/watch?v=LXjozmvNSV0,Found
5079,Jethalal Behind Bars - Taarak Mehta Ka Ooltah Chashmah - Ep 3579 - Full Episode - 3 Oct 2022,https://www.youtube.com/watch?v=alhCmZFeQ0E,Found
5080,Gokuldham Men Get Tricked | Taarak Mehta Ka Ooltah Chashmah| Full Ep 4580 | 13 Dec 2025 |New Episode,https://www.youtube.com/watch?v=eIV5jxDI33o,Found
5081,Search For A Contractor | Taarak Mehta Ka Ooltah Chashmah | Full Ep 4681 | 10 Apr 2026 | New Episode,https://www.youtube.com/watch?v=QvKj7uYEMVk,Found
5082,Gokuldham Men Shows Teamwork |Taarak Mehta Ka Ooltah Chashmah|Full Ep 4582 | 16 Dec 2025|New Episode,https://www.youtube.com/watch?v=lwE-UIK10Rc,Found
5083,Sapne Ki Baat Cheet | Taarak Mehta Ka Ooltah Chashmah | Full Ep 4683 | 13 Apr 2026 | New Episode,https://www.youtube.com/watch?v=TaMCaZYii-8,Found
