Episode,Title,URL,Status
1,Iyer-Babita ने Court में दिया Tapu के खिलाफ बयान | Ep 01 | Taarak Mehta Ka Ooltah Chashmah,https://www.youtube.com/watch?v=rJE5jzi4q2Y,Found,12 Jun 2017,21:00,https://www.youtube.com/watch?v=3lAlQ__9XuA,
2,Episode 2 - Taarak Mehta Ka Ooltah Chashmah | Full Episode,https://www.youtube.com/watch?v=hGGYZCnOaH4,Found,25 Sep 2022,19:07,https://www.youtube.com/watch?v=hGGYZCnOaH4,
3,Tapu को ज़बरदस्ती दूकान ले जा रहे Jethalal! | Taarak Mehta Ka Ooltah Chashmah | Full Episode 03,https://www.youtube.com/watch?v=_yFFuUtd-uY,Found,13 Jun 2017,19:18,https://www.youtube.com/watch?v=3ezYTXKPsIg,
4,Taarak Mehta Ka Ooltah Chashmah - तारक मेहता का उल्टा चशमाह - Episode 04,https://www.youtube.com/watch?v=nbv_8luU-cQ,Found,13 Jun 2017,18:35,https://www.youtube.com/watch?v=YD4BHFbXg8E,https://www.youtube.com/watch?v=fe2kNB4d30k
5,Taarak Mehta Ka Ooltah Chashmah - तारक मेहता का उल्टा चशमाह - Episode 05,https://www.youtube.com/watch?v=uQmp6Hz2ODs,Found,14 Jun 2017,19:10,https://www.youtube.com/watch?v=uECmc8Qzfx0,
6,Episode 6 - Taarak Mehta Ka Ooltah Chashmah | Full Episode | तारक मेहता का उल्टा चश्मा,https://www.youtube.com/watch?v=vTVJqNCSub0,Found,20 Aug 2022,18:10,https://www.youtube.com/watch?v=i15EtNrl8GE,
7,"Taarak Mehta Ka Ooltah Chashmah | तारक मेहता का उल्टा चश्मा | Episode 07 | 17th April, 2021",https://www.youtube.com/watch?v=0iQf668Z_i8,Found,17 Apr 2021,20:45,https://www.youtube.com/watch?v=w7PrkR1tMqQ,
8,Taarak Mehta Ka Ooltah Chashmah - तारक मेहता का उल्टा चशमाह - Episode 08,https://www.youtube.com/watch?v=yniJO81MlRI,Found,19 Jul 2017,19:49,https://www.youtube.com/watch?v=PouE7FeGtOg,
9,Bapuji ने कर दिया Bhide के सर पर कुल्ला | Episode 09 | Taarak Mehta Ka Ooltah Chashmah,https://www.youtube.com/watch?v=scof3chzddY,Found,26 Oct 2024,19:37,https://www.youtube.com/watch?v=fBIgFEePM7Q,
10,Episode 10 - Taarak Mehta Ka Ooltah Chashmah | Full Episode | तारक मेहता का उल्टा चश्मा,https://www.youtube.com/watch?v=bSZHuuA4t_0,Found,03 Nov 2021,20:33,https://www.youtube.com/watch?v=7odKWwm3lfQ,https://www.youtube.com/watch?v=8t16svL8E-M
11,"Taarak Mehta Ka Ooltah Chashmah | तारक मेहता का उल्टा चश्मा | Episode 11 | 19th April, 2021",https://www.youtube.com/watch?v=ufLkjBk3T2w,Found,19 Apr 2021,19:04,https://www.youtube.com/watch?v=QPGBQ48Wg9I,
12,Taarak Mehta Ka Ooltah Chashmah - तारक मेहता का उल्टा चशमाह - Episode 12 - Full Episode,https://www.youtube.com/watch?v=5xK2LtmEz6w,Found,22 May 2020,18:13,https://www.youtube.com/watch?v=lL600zqQm2g,
13,Taarak Mehta Ka Ooltah Chashmah - तारक मेहता का उल्टा चशमाह - Episode 13,https://www.youtube.com/watch?v=iqiJ_4RpBq0,Found,22 Jul 2017,18:48,https://www.youtube.com/watch?v=mZpQdIFzdlE,
14,Taarak Mehta Ka Ooltah Chashmah - तारक मेहता का उल्टा चशमाह - Episode 14 - Full Episode,https://www.youtube.com/watch?v=rAmgg1kukKE,Found,23 May 2020,19:52,https://www.youtube.com/watch?v=UnTATjFi9tI,
15,Taarak Mehta Ka Ooltah Chashmah - तारक मेहता का उल्टा चशमाह - Episode 15,https://www.youtube.com/watch?v=VH0FajIFONY,Found,24 Jul 2017,20:05,https://www.youtube.com/watch?v=G6wjwThHPs4,
16,Episode 16 - Taarak Mehta Ka Ooltah Chashmah | Full Episode | तारक मेहता का उल्टा चश्मा,https://www.youtube.com/watch?v=98rr4KeEJ20,Found,24 Jul 2017,20:17,https://www.youtube.com/watch?v=8dj4AqXpYNA,
17,Episode 17 - Taarak Mehta Ka Ooltah Chashmah | Full Episode | तारक मेहता का उल्टा चश्मा,https://www.youtube.com/watch?v=iaTxzU5R58E,Found,11 Nov 2021,21:07,https://www.youtube.com/watch?v=VGnpf-kS2x4,
18,Episode 18 - Taarak Mehta Ka Ooltah Chashmah | Full Episode |,https://www.youtube.com/watch?v=G7EUJsvTO84,Found,24 Jul 2017,20:33,https://www.youtube.com/watch?v=Qqxdw7lb3AE,https://www.youtube.com/watch?v=V0UU8NTtfKI
19,Episode 19 - Taarak Mehta Ka Ooltah Chashmah | Full Episode | तारक मेहता का उल्टा चश्मा,https://www.youtube.com/watch?v=kwiOs2FBSgA,Found,13 Nov 2021,20:12,https://www.youtube.com/watch?v=lQbx5GfKhNY,https://www.youtube.com/watch?v=Rtw00IChq-o
20,Episode 20 - Taarak Mehta Ka Ooltah Chashmah | Full Episode | तारक मेहता का उल्टा चश्मा,https://www.youtube.com/watch?v=6xGZX6yF4hA,Found,14 Nov 2021,20:54,https://www.youtube.com/watch?v=D-LVpBtsARY,
21,Taarak Mehta Ka Ooltah Chashmah - तारक मेहता का उल्टा चशमाह - Episode 21,https://www.youtube.com/watch?v=U8HU0hIlPHs,Found,26 Jul 2017,18:53,https://www.youtube.com/watch?v=kNJoL-3ZxzQ,https://www.youtube.com/watch?v=fe2kNB4d30k
22,Taarak Mehta Ka Ooltah Chashmah - तारक मेहता का उल्टा चशमाह - Episode 22,https://www.youtube.com/watch?v=kos2aqo6wac,Found,26 Jul 2017,20:12,https://www.youtube.com/watch?v=ogy6mx193o4,https://www.youtube.com/watch?v=VlxaDJr1lqQ
23,Episode 23 - Taarak Mehta Ka Ooltah Chashmah | Full Episode | तारक मेहता का उल्टा चश्मा,https://www.youtube.com/watch?v=BeBShz0Ty9Q,Found,16 Nov 2021,18:53,https://www.youtube.com/watch?v=Av0hnLQf2ME,
24,Taarak Mehta Ka Ooltah Chashmah - तारक मेहता का उल्टा चशमाह - Episode 24,https://www.youtube.com/watch?v=WeU4ZXrSLf4,Found,27 Jul 2017,18:27,https://www.youtube.com/watch?v=MqWv7kQ2cN4,
25,Episode 25 - Taarak Mehta Ka Ooltah Chashmah | Full Episode | तारक मेहता का उल्टा चश्मा,https://www.youtube.com/watch?v=nQA5aKo8BPE,Found,16 Nov 2021,19:28,https://www.youtube.com/watch?v=g8cYu53U0Js,
26,Taarak Mehta Ka Ooltah Chashmah - तारक मेहता का उल्टा चशमाह - Episode 26,https://www.youtube.com/watch?v=8XztYkVzNg0,Found,28 Jul 2017,18:35,https://www.youtube.com/watch?v=y2QfjUQtzlI,https://www.youtube.com/watch?v=arE7wUA7I9s
27,Episode 27 - Taarak Mehta Ka Ooltah Chashmah | Full Episode | तारक मेहता का उल्टा चश्मा,https://www.youtube.com/watch?v=gztjqY56t44,Found,20 Aug 2022,20:44,https://www.youtube.com/watch?v=fCBzEwYxGz8,
28,Taarak Mehta Ka Ooltah Chashmah - तारक मेहता का उल्टा चशमाह - Episode 28,https://www.youtube.com/watch?v=uFQZ63u6LOM,Found,31 Jul 2017,17:12,https://www.youtube.com/watch?v=HSbHopk6SzU,
29,Episode 29 - Taarak Mehta Ka Ooltah Chashmah | Full Episode | तारक मेहता का उल्टा चश्मा,https://www.youtube.com/watch?v=O6UMdGoMF9w,Found,18 Nov 2021,18:28,https://www.youtube.com/watch?v=3SDOwKTAZz4,https://www.youtube.com/watch?v=-1fqRaB352Q
30,किसे देखकर Jetha ने छिपाया अपना पेट? | Episode 30 | Taarak Mehta Ka Ooltah Chashmah,https://www.youtube.com/watch?v=rTTPKQ1BFIA,Found,16 Nov 2024,20:23,https://www.youtube.com/watch?v=DGGP8KSoeDc,
31,Daya के Daily Soap से परेशान हुआ Jethalal | Episode 31 | Taarak Mehta Ka Ooltah Chashmah,https://www.youtube.com/watch?v=mxH4JtV2RRQ,Found,17 Nov 2024,20:24,https://www.youtube.com/watch?v=IU4Tkw58rJE,
32,किस बात पर Jethalal हुआ Daya पर गुस्सा? | Episode 32 | Taarak Mehta Ka Ooltah Chashmah,https://www.youtube.com/watch?v=fMT5PO4SC9M,Found,19 Nov 2024,16:15,https://www.youtube.com/watch?v=MeMGBy-heeU,
33,Taarak Mehta Ka Ooltah Chashmah - तारक मेहता का उल्टा चशमाह - Episode 33,https://www.youtube.com/watch?v=nN8zpnEE8Jc,Found,03 Aug 2017,20:22,https://www.youtube.com/watch?v=OrfZ72Qs-P8,
34,Taarak Mehta Ka Ooltah Chashmah - तारक मेहता का उल्टा चशमाह - Episode 34,https://www.youtube.com/watch?v=bgdxi3JDRlc,Found,03 Aug 2017,19:18,https://www.youtube.com/watch?v=hBjkSAR_YJk,
35,Taarak Mehta Ka Ooltah Chashmah - तारक मेहता का उल्टा चशमाह - Episode 35,https://www.youtube.com/watch?v=Y25AlvQkNtQ,Found,04 Aug 2017,18:38,https://www.youtube.com/watch?v=SuzHs1ZEPRs,https://www.youtube.com/watch?v=HwuvRks3qUU
36,Taarak Mehta Ka Ooltah Chashmah - तारक मेहता का उल्टा चशमाह - Episode 36,https://www.youtube.com/watch?v=SUHTfQ2knRQ,Found,04 Aug 2017,19:20,https://www.youtube.com/watch?v=sAXKVxLCY7c,
37,Taarak Mehta Ka Ooltah Chashmah - तारक मेहता का उल्टा चशमाह - Episode 37,https://www.youtube.com/watch?v=bfElAPMhAg4,Found,05 Aug 2017,20:01,https://www.youtube.com/watch?v=C3NqhZB_A-M,
38,Episode 38 - Taarak Mehta Ka Ooltah Chashmah | Full Episode | तारक मेहता का उल्टा चश्मा,https://www.youtube.com/watch?v=LjOEsnJZYjY,Found,21 Nov 2021,18:27,https://www.youtube.com/watch?v=Kga6AnLeaBs,
39,Episode 39 - Taarak Mehta Ka Ooltah Chashmah | Full Episode | तारक मेहता का उल्टा चश्मा,https://www.youtube.com/watch?v=f4dN45rQ3mY,Found,21 Nov 2021,20:39,https://www.youtube.com/watch?v=jJmcig1PIBQ,
40,Taarak Mehta Ka Ooltah Chashmah - तारक मेहता का उल्टा चशमाह - Episode 40,https://www.youtube.com/watch?v=D8x53uaZyIY,Found,07 Aug 2017,18:33,https://www.youtube.com/watch?v=h1La76h3Ulc,
41,Taarak Mehta Ka Ooltah Chashmah - तारक मेहता का उल्टा चशमाह - Episode 41,https://www.youtube.com/watch?v=l7oiIuvzN2w,Found,08 Aug 2017,18:57,https://www.youtube.com/watch?v=dbjBA2EcLdg,
42,Episode 42 - Taarak Mehta Ka Ooltah Chashmah | Full Episode | तारक मेहता का उल्टा चश्मा,https://www.youtube.com/watch?v=SAjR7kO-0Pg,Found,22 Nov 2021,20:02,https://www.youtube.com/watch?v=IPTifGMAB_8,
43,Episode 43 - Taarak Mehta Ka Ooltah Chashmah | Full Episode | तारक मेहता का उल्टा चश्मा,https://www.youtube.com/watch?v=R4GkzODDoVQ,Found,22 Nov 2021,20:13,https://www.youtube.com/watch?v=PY7tKqeriYo,https://www.youtube.com/watch?v=7Nqx0Ho2RMM
44,Taarak Mehta Ka Ooltah Chashmah - तारक मेहता का उल्टा चशमाह - Episode 44,https://www.youtube.com/watch?v=9qAxsfdSkQM,Found,09 Aug 2017,20:25,https://www.youtube.com/watch?v=PrGA6kYX8Ew,
45,Episode 45 - Taarak Mehta Ka Ooltah Chashmah | Full Episode | तारक मेहता का उल्टा चश्मा,https://www.youtube.com/watch?v=Aw3b83ZwjvY,Found,23 Nov 2021,19:04,https://www.youtube.com/watch?v=XQbNEwmNarM,
46,Taarak Mehta Ka Ooltah Chashmah - तारक मेहता का उल्टा चशमाह - Episode 46 - Full Episode,https://www.youtube.com/watch?v=ErS2axszcX4,Found,04 Jun 2020,19:25,https://www.youtube.com/watch?v=d1ySDx6EyHc,
47,Taarak Mehta Ka Ooltah Chashmah - तारक मेहता का उल्टा चशमाह - Episode 47,https://www.youtube.com/watch?v=K2eCaj3r6pw,Found,11 Aug 2017,19:24,https://www.youtube.com/watch?v=E4X0vrbWToE,https://www.youtube.com/watch?v=MKS3Tw52R78
48,Taarak Mehta Ka Ooltah Chashmah - तारक मेहता का उल्टा चशमाह - Episode 48,https://www.youtube.com/watch?v=EGs1t2Pk4wM,Found,11 Aug 2017,19:05,https://www.youtube.com/watch?v=qPuCaO0BW9U,https://www.youtube.com/watch?v=5ZCaYr7pbBk
49,Taarak Mehta Ka Ooltah Chashmah - तारक मेहता का उल्टा चशमाह - Episode 49,https://www.youtube.com/watch?v=XdudbL59-jI,Found,14 Aug 2017,18:41,https://www.youtube.com/watch?v=49WUZNm2vv0,
50,Episode 50 - Taarak Mehta Ka Ooltah Chashmah | Full Episode | तारक मेहता का उल्टा चश्मा,https://www.youtube.com/watch?v=-AKZZgJXK2g,Found,25 Nov 2021,20:17,https://www.youtube.com/watch?v=RnAz7SgLo2A,
51,Episode 51 - Taarak Mehta Ka Ooltah Chashmah | Full Episode | तारक मेहता का उल्टा चश्मा,https://www.youtube.com/watch?v=YrxyTjyJliM,Found,25 Nov 2021,19:49,https://www.youtube.com/watch?v=_akSeyN5K_g,
52,Taarak Mehta Ka Ooltah Chashmah - तारक मेहता का उल्टा चशमाह - Episode 52,https://www.youtube.com/watch?v=nExfyZmDhGM,Found,15 Aug 2017,19:32,https://www.youtube.com/watch?v=LibxXp9penQ,
53,Taarak Mehta Ka Ooltah Chashmah - तारक मेहता का उल्टा चशमाह - Episode 53,https://www.youtube.com/watch?v=5RohCRrESGs,Found,16 Aug 2017,19:33,https://www.youtube.com/watch?v=LgzsVhfGx-A,
54,Taarak Mehta Ka Ooltah Chashmah - तारक मेहता का उल्टा चशमाह - Episode 54,https://www.youtube.com/watch?v=5C5YnlWaX3M,Found,16 Aug 2017,19:37,https://www.youtube.com/watch?v=o2FxlrQGxdc,
55,Episode 55 - Taarak Mehta Ka Ooltah Chashmah | Full Episode | तारक मेहता का उल्टा चश्मा,https://www.youtube.com/watch?v=jfD_fP_y8Mc,Found,26 Nov 2021,20:23,,
56,Episode 56 - Taarak Mehta Ka Ooltah Chashmah | Full Episode,https://www.youtube.com/watch?v=L1KSK-urfpo,Found,06 Jun 2020,20:41,https://www.youtube.com/watch?v=EzFihqZTjRM,
57,Taarak Mehta Ka Ooltah Chashmah - तारक मेहता का उल्टा चशमाह - Episode 57,https://www.youtube.com/watch?v=HW0DE7coVzY,Found,18 Aug 2017,19:10,https://www.youtube.com/watch?v=7UufDIec-Lw,
58,Episode 58 - Taarak Mehta Ka Ooltah Chashmah | Full Episode | Taarak Mehta Ka Ooltah Chashmah,https://www.youtube.com/watch?v=71yE5VJLnSE,Found,24 Sep 2022,19:24,https://www.youtube.com/watch?v=MUsENpAanCE,
59,Taarak Mehta Ka Ooltah Chashmah - तारक मेहता का उल्टा चशमाह - Episode 59,https://www.youtube.com/watch?v=igRdRujw-Ik,Found,22 Aug 2017,20:28,https://www.youtube.com/watch?v=ik9TKhCbNRI,
60,Episode 60 - Taarak Mehta Ka Ooltah Chashmah | Full Episode | तारक मेहता का उल्टा चश्मा,https://www.youtube.com/watch?v=2Iqcyq7Ii88,Found,22 Aug 2017,20:39,https://www.youtube.com/watch?v=PfY9An5Kmyg,
61,Episode 61 - Taarak Mehta Ka Ooltah Chashmah | Full Episode | तारक मेहता का उल्टा चश्मा,https://www.youtube.com/watch?v=GzRLdyrPFEE,Found,29 Nov 2021,19:18,,https://www.youtube.com/watch?v=81e8wJCfxU0
62,Episode 62 - Taarak Mehta Ka Ooltah Chashmah | Full Episode,https://www.youtube.com/watch?v=S4R9DhGLZLA,Found,22 Aug 2017,20:15,https://www.youtube.com/watch?v=TDOO-ZJMJ0w,
63,Episode 63 - Taarak Mehta Ka Ooltah Chashmah | Full Episode | तारक मेहता का उल्टा चश्मा,https://www.youtube.com/watch?v=mrtD7nIwezY,Found,30 Nov 2021,20:08,https://www.youtube.com/watch?v=GbuqoL3Jn5M,
64,Taarak Mehta Ka Ooltah Chashmah - तारक मेहता का उल्टा चशमाह - Episode 64,https://www.youtube.com/watch?v=kug4fNI6RQs,Found,23 Aug 2017,20:37,https://www.youtube.com/watch?v=676SbJbu_sM,
65,Taarak Mehta Ka Ooltah Chashmah - तारक मेहता का उल्टा चशमाह - Episode 65,https://www.youtube.com/watch?v=6T0njFPFLJk,Found,25 Aug 2017,19:38,https://www.youtube.com/watch?v=KXErktuSgjU,
66,Episode 66 - Taarak Mehta Ka Ooltah Chashmah | Full Episode | तारक मेहता का उल्टा चश्मा,https://www.youtube.com/watch?v=YFxwKhx9cG8,Found,25 Aug 2017,18:47,https://www.youtube.com/watch?v=YFxwKhx9cG8,
67,Episode 67 - Taarak Mehta Ka Ooltah Chashmah | Full Episode | तारक मेहता का उल्टा चश्मा,https://www.youtube.com/watch?v=szCADTLj3xw,Found,01 Dec 2021,18:53,https://www.youtube.com/watch?v=QSsfGRsqnOM,
68,Episode 68 - Taarak Mehta Ka Ooltah Chashmah | Full Episode,https://www.youtube.com/watch?v=r11EuV8CkjU,Found,25 Aug 2017,19:09,https://www.youtube.com/watch?v=r11EuV8CkjU,
69,Episode 69 - Taarak Mehta Ka Ooltah Chashmah | Full Episode | तारक मेहता का उल्टा चश्मा,https://www.youtube.com/watch?v=k8UreQHOiKM,Found,18 Jun 2021,17:08,https://www.youtube.com/watch?v=k8UreQHOiKM,
70,Episode 70 - Taarak Mehta Ka Ooltah Chashmah | Full Episode | तारक मेहता का उल्टा चश्मा,https://www.youtube.com/watch?v=ao7k2fWZTss,Found,02 Dec 2021,20:03,https://www.youtube.com/watch?v=-5NHIBo6gGc,
71,Taarak Mehta Ka Ooltah Chashmah - तारक मेहता का उल्टा चशमाह - Episode 71,https://www.youtube.com/watch?v=aMgPWmI-JwA,Found,30 Aug 2017,18:08,https://www.youtube.com/watch?v=dOdkgEQTZBc,
72,Taarak Mehta Ka Ooltah Chashmah - तारक मेहता का उल्टा चशमाह - Episode 72,https://www.youtube.com/watch?v=FhzM030KPus,Found,30 Aug 2017,16:54,https://www.youtube.com/watch?v=p6T90lOojV4,
73,Taarak Mehta Ka Ooltah Chashmah - तारक मेहता का उल्टा चशमाह - Episode 73,https://www.youtube.com/watch?v=EkrfwWrBDUM,Found,31 Aug 2017,19:25,https://www.youtube.com/watch?v=8idX1J39t6k,
74,Episode 74 - Taarak Mehta Ka Ooltah Chashmah | Tapu Ki Shadi | Full Episode | तारक मेहता,https://www.youtube.com/watch?v=iv5PaTz7daM,Found,16 Dec 2021,19:36,https://www.youtube.com/watch?v=CwQXVoHkUmk,
75,Episode 75 - Taarak Mehta Ka Ooltah Chashmah | Tapu's Wedding | Full Episode | Taarak Mehta,https://www.youtube.com/watch?v=JHBJEXSLoRk,Found,01 Sep 2017,20:02,https://www.youtube.com/watch?v=KTw7Nvhzxh0,
76,Taarak Mehta Ka Ooltah Chashmah - तारक मेहता का उल्टा चशमाह - Episode 76,https://www.youtube.com/watch?v=4W3-Fmjt7sA,Found,01 Sep 2017,18:22,https://www.youtube.com/watch?v=5f6e5Si90Sg,https://www.youtube.com/watch?v=7FiWB0rHHhM
77,Episode 77 - Taarak Mehta Ka Ooltah Chashmah | Tapu Ki Shadi | Full Episode | तारक मेहता,https://www.youtube.com/watch?v=-F3_GlMU-kw,Found,05 Sep 2017,19:20,https://www.youtube.com/watch?v=IIQzwRzgcLs,
78,Episode 78 - Taarak Mehta Ka Ooltah Chashmah | Tapu Ki Shadi | Full Episode | तारक मेहता,https://www.youtube.com/watch?v=mrzPLv1GrZ0,Found,05 Sep 2017,19:17,https://www.youtube.com/watch?v=cVcDeZkXsog,
79,Episode 79 - Taarak Mehta Ka Ooltah Chashmah | Tapu's Wedding | Full Episode | Taarak Mehta,https://www.youtube.com/watch?v=NsDNx6-umwc,Found,04 Jan 2025,19:59,https://www.youtube.com/watch?v=NsDNx6-umwc,
80,Episode 80 - Taarak Mehta Ka Ooltah Chashmah | Tapu Ki Shadi | Full Episode | तारक मेहता,https://www.youtube.com/watch?v=wk4ygOIYpNU,Found,18 Dec 2021,19:59,https://www.youtube.com/watch?v=CzuMTjnj0Rw,
81,Taarak Mehta Ka Ooltah Chashmah - तारक मेहता का उल्टा चशमाह - Episode 81,https://www.youtube.com/watch?v=-ltrsy0a_Gc,Found,06 Sep 2017,18:55,https://www.youtube.com/watch?v=o32uOQdw3QY,
82,Taarak Mehta Ka Ooltah Chashmah - तारक मेहता का उल्टा चशमाह - Episode 82,https://www.youtube.com/watch?v=04BtLCPullE,Found,07 Sep 2017,17:51,https://www.youtube.com/watch?v=-BbiMbzx8A4,
83,Taarak Mehta Ka Ooltah Chashmah - तारक मेहता का उल्टा चशमाह - Episode 83,https://www.youtube.com/watch?v=aeaNu7pipDo,Found,07 Sep 2017,18:15,https://www.youtube.com/watch?v=SQ_O9YHkD_8,
84,Episode 84 - Taarak Mehta Ka Ooltah Chashmah | Full Episode | तारक मेहता,https://www.youtube.com/watch?v=p_-0ox9JToA,Found,19 Dec 2021,20:03,https://www.youtube.com/watch?v=4Abr_TMuGmE,
85,Taarak Mehta Ka Ooltah Chashmah - तारक मेहता का उल्टा चशमाह - Episode 85,https://www.youtube.com/watch?v=YN3zdloZbeQ,Found,08 Sep 2017,18:30,https://www.youtube.com/watch?v=VDj3w5QcyvA,
86,Taarak Mehta Ka Ooltah Chashmah - तारक मेहता का उल्टा चशमाह - Episode 86,https://www.youtube.com/watch?v=zVe8HzT5Md0,Found,11 Sep 2017,18:28,https://www.youtube.com/watch?v=1FnfxBnoL9c,
87,Episode 87 - Taarak Mehta Ka Ooltah Chashmah | Full Episode | तारक मेहता,https://www.youtube.com/watch?v=48Ik5vnoAeU,Found,20 Dec 2021,19:20,https://www.youtube.com/watch?v=SntESUovHI4,
88,Episode 88 - Taarak Mehta Ka Ooltah Chashmah | Full Episode | तारक मेहता,https://www.youtube.com/watch?v=JPZr3iF3CcM,Found,20 Dec 2021,19:59,https://www.youtube.com/watch?v=NLSPXil0Hp0,
89,Taarak Mehta Ka Ooltah Chashmah - तारक मेहता का उल्टा चशमाह - Episode 89,https://www.youtube.com/watch?v=Oi48hHqWFm4,Found,12 Sep 2017,18:33,https://www.youtube.com/watch?v=Z6CTCXlqcMw,
90,Episode 90 - Taarak Mehta Ka Ooltah Chashmah | Full Episode | तारक मेहता,https://www.youtube.com/watch?v=5AKXVO-PeX8,Found,21 Dec 2021,20:02,https://www.youtube.com/watch?v=R9noKi812bA,
91,Episode 91 - Taarak Mehta Ka Ooltah Chashmah | Full Episode | Taarak Mehta,https://www.youtube.com/watch?v=tQitRE-qGxc,Found,13 Sep 2017,18:51,https://www.youtube.com/watch?v=cRaDLf0cRqs,
92,Taarak Mehta Ka Ooltah Chashmah - तारक मेहता का उल्टा चशमाह - Episode 92 - Full Episode,https://www.youtube.com/watch?v=C_1yG416Yyc,Found,08 Jun 2020,19:22,https://www.youtube.com/watch?v=6tXjkTtMaH0,
93,Episode 93 - Taarak Mehta Ka Ooltah Chashmah | Full Episode | तारक मेहता,https://www.youtube.com/watch?v=QOVsvuP_Mm0,Found,22 Dec 2021,20:02,https://www.youtube.com/watch?v=HA-4aM8l6cY,
94,Episode 94 - Taarak Mehta Ka Ooltah Chashmah | Full Episode | Taarak Mehta,https://www.youtube.com/watch?v=c0tubzLjHNU,Found,24 Sep 2022,14:30,,https://www.youtube.com/watch?v=fVWkHrfTgyo
95,Taarak Mehta Ka Ooltah Chashmah - Episode 95 - Full Episode,https://www.youtube.com/watch?v=Kb59lKd8-Dw,Found,23 Sep 2025,14:04,,https://www.youtube.com/watch?v=MC24tod-LLY
96,Taarak Mehta Ka Ooltah Chashmah - तारक मेहता का उल्टा चशमाह - Episode 96,https://www.youtube.com/watch?v=EK_YwIe1aB4,Found,18 Sep 2017,18:19,https://www.youtube.com/watch?v=xuQRkHcRpKA,
97,Taarak Mehta Ka Ooltah Chashmah - तारक मेहता का उल्टा चशमाह - Episode 97,https://www.youtube.com/watch?v=eRYhVeO99NA,Found,18 Sep 2017,19:01,https://www.youtube.com/watch?v=s6fV5EQXal0,
98,Taarak Mehta Ka Ooltah Chashmah - तारक मेहता का उल्टा चशमाह - Episode 98,https://www.youtube.com/watch?v=c8wzXDCyMjI,Found,19 Sep 2017,18:55,https://www.youtube.com/watch?v=Ju6fgAqpIsA,
99,Taarak Mehta Ka Ooltah Chashmah - तारक मेहता का उल्टा चशमाह - Episode 99,https://www.youtube.com/watch?v=uwIFSoBmLBE,Found,19 Sep 2017,19:35,https://www.youtube.com/watch?v=SgpL376cpTU,
100,Episode 100 - Taarak Mehta Ka Ooltah Chashmah | Full Episode | तारक मेहता,https://www.youtube.com/watch?v=y6AozDIu5yU,Found,24 Dec 2021,20:03,https://www.youtube.com/watch?v=GXO88PWOuQ8,
101,Taarak Mehta Ka Ooltah Chashmah - तारक मेहता का उल्टा चशमाह - Episode 101,https://www.youtube.com/watch?v=pCEJpe8vsug,Found,20 Sep 2017,19:24,https://www.youtube.com/watch?v=A86OUfvxFeQ,
102,Episode 102 - Taarak Mehta Ka Ooltah Chashmah | Full Episode | Taarak Mehta Ka Ooltah Chashmah Ne...,https://www.youtube.com/watch?v=2zDXkfasR6A,Found,27 Jan 2025,19:08,https://www.youtube.com/watch?v=2zDXkfasR6A,
103,Taarak Mehta Ka Ooltah Chashmah - तारक मेहता का उल्टा चशमाह - Episode 103,https://www.youtube.com/watch?v=7GD2CyPTQL4,Found,21 Sep 2017,19:28,https://www.youtube.com/watch?v=aMDw9ZBSkdA,
104,Taarak Mehta Ka Ooltah Chashmah - तारक मेहता का उल्टा चशमाह - Episode 104,https://www.youtube.com/watch?v=zobd340v334,Found,22 Sep 2017,17:17,https://www.youtube.com/watch?v=mkDeZ-Zpm4I,
105,Episode 105 - Taarak Mehta Ka Ooltah Chashmah | Full Episode | तारक मेहता का उल्टा चश्मा New Episode,https://www.youtube.com/watch?v=g0usDW7wgmA,Found,04 Jan 2022,19:19,https://www.youtube.com/watch?v=3797onC9r7M,
106,Taarak Mehta Ka Ooltah Chashmah - तारक मेहता का उल्टा चशमाह - Episode 106,https://www.youtube.com/watch?v=j40k_8f-8AU,Found,25 Sep 2017,18:58,https://www.youtube.com/watch?v=43PYF93M7TU,
107,Taarak Mehta Ka Ooltah Chashmah - तारक मेहता का उल्टा चशमाह - Episode 107,https://www.youtube.com/watch?v=0kj7lQYRNRo,Found,25 Sep 2017,19:05,https://www.youtube.com/watch?v=La3ZAfrAg1A,
108,Episode 108 - Taarak Mehta Ka Ooltah Chashmah | Full Episode | Taarak Mehta Ka Ooltah Chashmah Ne...,https://www.youtube.com/watch?v=X1v5wJG-nu8,Found,26 Sep 2017,19:37,https://www.youtube.com/watch?v=X1v5wJG-nu8,
109,Taarak Mehta Ka Ooltah Chashmah - तारक मेहता का उल्टा चशमाह - Episode 109,https://www.youtube.com/watch?v=g34x76AacSE,Found,26 Sep 2017,17:49,https://www.youtube.com/watch?v=iLwYDIvLRxw,
110,Episode 110 - Taarak Mehta Ka Ooltah Chashmah | Full Episode | Taarak Mehta Ka Ooltah Chashmah Ne...,https://www.youtube.com/watch?v=ToeTHdeXvw4,Found,27 Sep 2017,19:15,https://www.youtube.com/watch?v=0btuP-IynkQ,
111,Taarak Mehta Ka Ooltah Chashmah - तारक मेहता का उल्टा चशमाह - Episode 111,https://www.youtube.com/watch?v=Q2UNEd6yUIs,Found,27 Sep 2017,18:09,,
112,"Taarak Mehta Ka Ooltah Chashmah - तारक मेहता का उल्टा चश्मा - Episode 112 - 17th July, 2020",https://www.youtube.com/watch?v=JhEqDlLLiMQ,Found,17 Jul 2020,19:14,https://www.youtube.com/watch?v=ZOGIu3f2vzo,
113,"Taarak Mehta Ka Ooltah Chashmah - तारक मेहता का उल्टा चश्मा - Episode 113 - 18th July, 2020",https://www.youtube.com/watch?v=V81FgVUZ5m8,Found,18 Jul 2020,19:11,https://www.youtube.com/watch?v=8gf56DnFleA,
114,Taarak Mehta Ka Ooltah Chashmah - तारक मेहता का उल्टा चशमाह - Episode 114,https://www.youtube.com/watch?v=V9NsOFbGc30,Found,28 Sep 2017,19:08,https://www.youtube.com/watch?v=epNBAqpr7Pw,
115,Taarak Mehta Ka Ooltah Chashmah - तारक मेहता का उल्टा चशमाह - Episode 115,https://www.youtube.com/watch?v=582dmNgeCaQ,Found,28 Sep 2017,18:23,https://www.youtube.com/watch?v=0JZm0cIVHpw,
116,Taarak Mehta Ka Ooltah Chashmah - तारक मेहता का उल्टा चशमाह - Episode 116,https://www.youtube.com/watch?v=oW3yzsBG7Co,Found,29 Sep 2017,18:34,https://www.youtube.com/watch?v=vzu6gqVaqiI,
117,Taarak Mehta Ka Ooltah Chashmah - तारक मेहता का उल्टा चशमाह - Episode 117 - Full Episode,https://www.youtube.com/watch?v=EqRYAYlPeF4,Found,11 Jun 2020,18:50,https://www.youtube.com/watch?v=nCyfZS07mfE,
118,Episode 118 - Taarak Mehta Ka Ooltah Chashmah | Full Episode | Taarak Mehta Ka Ooltah Chashmah Ne...,https://www.youtube.com/watch?v=c2HI1T2-bTs,Found,02 Oct 2017,19:30,https://www.youtube.com/watch?v=c2HI1T2-bTs,
119,Taarak Mehta Ka Ooltah Chashmah - तारक मेहता का उल्टा चशमाह - Episode 119,https://www.youtube.com/watch?v=NhhECDvpGsQ,Found,02 Oct 2017,17:54,https://www.youtube.com/watch?v=ElvXvC3BRp0,
120,Taarak Mehta Ka Ooltah Chashmah - तारक मेहता का उल्टा चशमाह - Episode 120,https://www.youtube.com/watch?v=W_vjb3VwxMM,Found,03 Oct 2017,19:20,,
121,Episode 121 - Taarak Mehta Ka Ooltah Chashmah | Full Episode | तारक मेहता का उल्टा चश्मा New Episode,https://www.youtube.com/watch?v=hcL4R44D-yA,Found,20 Jan 2022,18:09,https://www.youtube.com/watch?v=WZzagDIbAI4,
122,Taarak Mehta Ka Ooltah Chashmah - तारक मेहता का उल्टा चशमाह - Episode 122,https://www.youtube.com/watch?v=8-8FTiQIEeM,Found,04 Oct 2017,20:15,https://www.youtube.com/watch?v=ZTk7C4r3_ro,
123,Taarak Mehta Ka Ooltah Chashmah - तारक मेहता का उल्टा चशमाह - Episode 123,https://www.youtube.com/watch?v=0j-IkgjC6yA,Found,04 Oct 2017,19:49,https://www.youtube.com/watch?v=v1wM_0A1NFA,
124,Taarak Mehta Ka Ooltah Chashmah - तारक मेहता का उल्टा चशमाह - Episode 124 - Full Episode,https://www.youtube.com/watch?v=0LdYbg7U0YM,Found,13 Jun 2020,17:55,https://www.youtube.com/watch?v=TuF66_ZUG94,
125,Taarak Mehta Ka Ooltah Chashmah - तारक मेहता का उल्टा चशमाह - Episode 125,https://www.youtube.com/watch?v=GVx9KXf6B5g,Found,05 Oct 2017,19:02,https://www.youtube.com/watch?v=-ehDTtZVN78,
126,Taarak Mehta Ka Ooltah Chashmah - तारक मेहता का उल्टा चशमाह - Episode 126,https://www.youtube.com/watch?v=A8QUAS-4a0Y,Found,12 May 2022,18:19,https://www.youtube.com/watch?v=agX3wT6R2-M,
127,Taarak Mehta Ka Ooltah Chashmah - तारक मेहता का उल्टा चशमाह - Episode 127,https://www.youtube.com/watch?v=BTK0vJ7qDMQ,Found,06 Oct 2017,18:33,https://www.youtube.com/watch?v=n8FLKEXoLjY,
128,Episode 128 - Taarak Mehta Ka Ooltah Chashmah | Full Episode | तारक मेहता का उल्टा चश्मा,https://www.youtube.com/watch?v=6X1IBSe7_OU,Found,20 Jan 2022,18:53,https://www.youtube.com/watch?v=cWTMpfzC35k,
129,Taarak Mehta Ka Ooltah Chashmah - तारक मेहता का उल्टा चशमाह - Episode 129,https://www.youtube.com/watch?v=MasDHFeDed8,Found,09 Oct 2017,19:11,https://www.youtube.com/watch?v=tDF7-31FRrI,
130,Episode 130 - Taarak Mehta Ka Ooltah Chashmah | Full Episode | तारक मेहता का उल्टा चश्मा,https://www.youtube.com/watch?v=jIQ_pVTafgw,Found,24 Jan 2022,19:02,https://www.youtube.com/watch?v=8nZqOgHBhpQ,
131,Episode 131 - Taarak Mehta Ka Ooltah Chashmah | Full Episode | तारक मेहता का उल्टा चश्मा,https://www.youtube.com/watch?v=76hmQXSYtrc,Found,24 Jan 2022,19:30,https://www.youtube.com/watch?v=65vCCclNzXI,
132,Episode 132 - Taarak Mehta Ka Ooltah Chashmah | Full Episode | तारक मेहता का उल्टा चश्मा,https://www.youtube.com/watch?v=vdFLO_FIiA0,Found,24 Jan 2022,19:22,https://www.youtube.com/watch?v=MeMGBy-heeU,
133,Taarak Mehta Ka Ooltah Chashmah - तारक मेहता का उल्टा चशमाह - Episode 133,https://www.youtube.com/watch?v=gOaklQfD1z8,Found,11 Oct 2017,19:33,https://www.youtube.com/watch?v=77MXWc2qOUE,
134,Taarak Mehta Ka Ooltah Chashmah - तारक मेहता का उल्टा चशमाह - Episode 134,https://www.youtube.com/watch?v=4FQg4rEUaDY,Found,12 Oct 2017,16:16,https://www.youtube.com/watch?v=UG9sQg5Cbds,
135,Taarak Mehta Ka Ooltah Chashmah - तारक मेहता का उल्टा चशमाह - Episode 135,https://www.youtube.com/watch?v=s-ZQL-PyC_4,Found,12 Oct 2017,18:43,https://www.youtube.com/watch?v=tcgCISnBfyM,
136,Taarak Mehta Ka Ooltah Chashmah - तारक मेहता का उल्टा चशमाह - Episode 136,https://www.youtube.com/watch?v=YxEFpAumkQQ,Found,13 Oct 2017,19:02,https://www.youtube.com/watch?v=tJpgVj_lYVk,
137,Episode 137 - Taarak Mehta Ka Ooltah Chashmah | Full Episode,https://www.youtube.com/watch?v=8ebwKl4BTzA,Found,13 Oct 2017,19:32,https://www.youtube.com/watch?v=h8QSSRUhdtE,
138,Episode 138 - Taarak Mehta Ka Ooltah Chashmah | Full Episode | तारक मेहता का उल्टा चश्मा,https://www.youtube.com/watch?v=dtRVrt9HoP8,Found,13 Feb 2022,19:28,https://www.youtube.com/watch?v=SnBQw5o5lWE,
139,Taarak Mehta Ka Ooltah Chashmah - तारक मेहता का उल्टा चशमाह - Episode 139,https://www.youtube.com/watch?v=iLLM1ysN8Ck,Found,16 Oct 2017,18:44,https://www.youtube.com/watch?v=FHxT39qlXlg,
140,Taarak Mehta Ka Ooltah Chashmah - तारक मेहता का उल्टा चशमाह - Episode 140 - Full Episode,https://www.youtube.com/watch?v=95hRAjzsACE,Found,15 Jun 2020,19:07,https://www.youtube.com/watch?v=AfLEViOpwPU,
141,Episode 141 - Taarak Mehta Ka Ooltah Chashmah | Full Episode,https://www.youtube.com/watch?v=qmc8qXBQAyw,Found,17 Oct 2017,19:19,https://www.youtube.com/watch?v=Q0edu7PeFTw,
142,Taarak Mehta Ka Ooltah Chashmah - तारक मेहता का उल्टा चशमाह - Episode 142,https://www.youtube.com/watch?v=l4KitZ25_TM,Found,18 Oct 2017,20:01,https://www.youtube.com/watch?v=eAQoIsS-bz8,
143,Taarak Mehta Ka Ooltah Chashmah - तारक मेहता का उल्टा चशमाह - Episode 143,https://www.youtube.com/watch?v=wfCyQZEDKA8,Found,18 Oct 2017,20:01,https://www.youtube.com/watch?v=6zIWBjVyTns,
144,Episode 144 - Taarak Mehta Ka Ooltah Chashmah | Full Episode | तारक मेहता का उल्टा चश्मा,https://www.youtube.com/watch?v=5NrgDew7xCs,Found,19 Oct 2017,19:48,https://www.youtube.com/watch?v=iQIWTew8dRM,
145,Episode 145 - Taarak Mehta Ka Ooltah Chashmah | Full Episode | तारक मेहता का उल्टा चश्मा,https://www.youtube.com/watch?v=bUkzG2emJ9k,Found,20 Mar 2022,18:32,https://www.youtube.com/watch?v=ss6dI0eeYZI,
146,Taarak Mehta Ka Ooltah Chashmah - तारक मेहता का उल्टा चशमाह - Episode 146,https://www.youtube.com/watch?v=Ye3hVEz3Vj0,Found,20 Oct 2017,17:26,https://www.youtube.com/watch?v=J9S6ldSwpN8,
147,Taarak Mehta Ka Ooltah Chashmah - तारक मेहता का उल्टा चशमाह - Episode 147,https://www.youtube.com/watch?v=1bHgEj7zdhg,Found,20 Oct 2017,19:11,https://www.youtube.com/watch?v=n1cfSxi9-bs,
148,Taarak Mehta Ka Ooltah Chashmah - तारक मेहता का उल्टा चशमाह - Episode 148,https://www.youtube.com/watch?v=gN3LBlDbUjs,Found,23 Oct 2017,19:25,https://www.youtube.com/watch?v=teZV64-1ikU,
149,Taarak Mehta Ka Ooltah Chashmah - तारक मेहता का उल्टा चशमाह - Episode 149,https://www.youtube.com/watch?v=-afFRCn8ues,Found,23 Oct 2017,19:20,https://www.youtube.com/watch?v=cM9UIS9IgKw,
150,Taarak Mehta Ka Ooltah Chashmah - तारक मेहता का उल्टा चशमाह - Episode 150,https://www.youtube.com/watch?v=FOnqkfleM4o,Found,24 Oct 2017,18:28,https://www.youtube.com/watch?v=BHF1VPF6K88,
151,Episode 151 - Taarak Mehta Ka Ooltah Chashmah | Full Episode | तारक मेहता का उल्टा चश्मा,https://www.youtube.com/watch?v=qYZFZbS6m54,Found,03 Apr 2022,18:13,https://www.youtube.com/watch?v=KsNFac4ra7k,
152,Episode 152 - Taarak Mehta Ka Ooltah Chashmah | Full Episode | तारक मेहता का उल्टा चश्मा,https://www.youtube.com/watch?v=7rxM-iyo7mM,Found,22 Apr 2020,19:37,https://www.youtube.com/watch?v=7rxM-iyo7mM,
153,Episode 153 - Taarak Mehta Ka Ooltah Chashmah | Full Episode | तारक मेहता का उल्टा चश्मा,https://www.youtube.com/watch?v=LgzsVhfGx-A,Found,03 Apr 2022,20:07,https://www.youtube.com/watch?v=gcBy5uv8zZw,
154,Episode 154 - Taarak Mehta Ka Ooltah Chashmah | Full Episode | तारक मेहता का उल्टा चश्मा,https://www.youtube.com/watch?v=jwpBbp6HMSY,Found,03 Apr 2022,19:00,https://www.youtube.com/watch?v=SsHJjRykAEg,
155,Taarak Mehta Ka Ooltah Chashmah - तारक मेहता का उल्टा चशमाह - Episode 155 - Full Episode,https://www.youtube.com/watch?v=GCf0Yo6H794,Found,01 May 2020,17:52,https://www.youtube.com/watch?v=p1DCG52xmi8,
156,Taarak Mehta Ka Ooltah Chashmah - तारक मेहता का उल्टा चशमाह - Episode 156 - Full Episode,https://www.youtube.com/watch?v=YvY6iQLQm1U,Found,20 May 2020,18:50,https://www.youtube.com/watch?v=UyHDQ0rR7fk,
157,Episode 157 - Taarak Mehta Ka Ooltah Chashmah | Full Episode,https://www.youtube.com/watch?v=vMFegdwz7Tc,Found,25 Sep 2022,19:42,https://www.youtube.com/watch?v=Z1lv3JHg07U,
158,Taarak Mehta Ka Ooltah Chashmah - तारक मेहता का उल्टा चशमाह - Episode 158 - Full Episode,https://www.youtube.com/watch?v=NP_wa5Nsqf0,Found,24 May 2020,19:28,https://www.youtube.com/watch?v=L0AStSb4ZTM,
159,Taarak Mehta Ka Ooltah Chashmah - तारक मेहता का उल्टा चशमाह - Episode 159 - Full Episode,https://www.youtube.com/watch?v=7NJY01LWvfQ,Found,26 May 2020,19:18,https://www.youtube.com/watch?v=vd-66kwBzPQ,
160,Episode 160 - Taarak Mehta Ka Ooltah Chashmah | Full Episode | तारक मेहता का उल्टा चश्मा,https://www.youtube.com/watch?v=-FxQ5dsI7xE,Found,24 Sep 2022,18:16,https://www.youtube.com/watch?v=zGfIfl73AwU,
161,Taarak Mehta Ka Ooltah Chashmah - तारक मेहता का उल्टा चशमाह - Episode 161 - Full Episode,https://www.youtube.com/watch?v=wyaz27dWvSk,Found,30 May 2020,19:27,https://www.youtube.com/watch?v=mraDY38T-z4,
162,Taarak Mehta Ka Ooltah Chashmah - तारक मेहता का उल्टा चशमाह - Episode 162 - Full Episode,https://www.youtube.com/watch?v=XaRZ2lTwb9c,Found,02 Jun 2020,18:33,https://www.youtube.com/watch?v=FtIROJktbRE,
163,Episode 163 - Taarak Mehta Ka Ooltah Chashmah | Full Episode,https://www.youtube.com/watch?v=15DZqdz9rwM,Found,25 Sep 2022,18:46,https://www.youtube.com/watch?v=15DZqdz9rwM,
164,Taarak Mehta Ka Ooltah Chashmah - तारक मेहता का उल्टा चशमाह - Episode 164 - Full Episode,https://www.youtube.com/watch?v=-uFV--7twxM,Found,07 Jun 2020,19:41,https://www.youtube.com/watch?v=qwML2c-AgQM,
165,Taarak Mehta Ka Ooltah Chashmah - तारक मेहता का उल्टा चशमाह - Episode 165 - Full Episode,https://www.youtube.com/watch?v=Qr5g102qszI,Found,09 Jun 2020,18:18,https://www.youtube.com/watch?v=rydfq06HPXs,
166,Taarak Mehta Ka Ooltah Chashmah - तारक मेहता का उल्टा चशमाह - Episode 166 - Full Episode,https://www.youtube.com/watch?v=SHqQWT21_84,Found,12 Jun 2020,18:19,https://www.youtube.com/watch?v=3t_jCqLySE4,
167,Episode 167 - Taarak Mehta Ka Ooltah Chashmah | Full Episode,https://www.youtube.com/watch?v=5vR1zQISj1g,Found,13 Sep 2022,20:04,https://www.youtube.com/watch?v=sepsFcHsgCM,
168,Taarak Mehta Ka Ooltah Chashmah - तारक मेहता का उल्टा चशमाह - Episode 168 - Full Episode,https://www.youtube.com/watch?v=gvOrAd8YmLc,Found,16 Jun 2020,19:39,https://www.youtube.com/watch?v=FscyxpKzEWw,
169,Taarak Mehta Ka Ooltah Chashmah - तारक मेहता का उल्टा चशमाह - Episode 169 - Full Episode,https://www.youtube.com/watch?v=wqxrp4wkydQ,Found,17 Jun 2020,19:00,https://www.youtube.com/watch?v=dHlzu7DSh-E,
170,Taarak Mehta Ka Ooltah Chashmah - तारक मेहता का उल्टा चशमाह - Episode 170 - Full Episode,https://www.youtube.com/watch?v=JkFIVfPW6JU,Found,18 Jun 2020,19:36,https://www.youtube.com/watch?v=q1HY0rLjCO4,
171,Taarak Mehta Ka Ooltah Chashmah - तारक मेहता का उल्टा चशमाह - Episode 171 - Full Episode,https://www.youtube.com/watch?v=eTFZeTlYR5c,Found,19 Jun 2020,18:23,https://www.youtube.com/watch?v=H263MTp-YLE,
172,Episode 172 - Taarak Mehta Ka Ooltah Chashmah | Full Episode | तारक मेहता का उल्टा चश्मा,https://www.youtube.com/watch?v=IiwWO1-Bmo0,Found,01 May 2022,18:14,https://www.youtube.com/watch?v=lX_wzAI8Gdk,https://www.youtube.com/watch?v=NkCfO3cgDwI
173,Episode 173 - Taarak Mehta Ka Ooltah Chashmah | Full Episode | तारक मेहता का उल्टा चश्मा,https://www.youtube.com/watch?v=9EnlmvkpWu4,Found,08 May 2022,21:13,https://www.youtube.com/watch?v=JmWPAcLLajM,
174,Episode 174 - Taarak Mehta Ka Ooltah Chashmah | Full Episode | तारक मेहता का उल्टा चश्मा,https://www.youtube.com/watch?v=1yJ5jIJwgiM,Found,22 Jun 2020,20:47,https://www.youtube.com/watch?v=1yJ5jIJwgiM,
175,Taarak Mehta Ka Ooltah Chashmah - तारक मेहता का उल्टा चशमाह - Episode 175 - Full Episode,https://www.youtube.com/watch?v=l6gRb1LFA_I,Found,23 Jun 2020,18:41,https://www.youtube.com/watch?v=Cb5C0aD7myM,
176,Episode 176 - Taarak Mehta Ka Ooltah Chashmah | Full Episode | तारक मेहता का उल्टा चश्मा,https://www.youtube.com/watch?v=ZmtnFkTPqeU,Found,08 May 2022,21:30,https://www.youtube.com/watch?v=6UMu-9pSbWk,
177,Episode 177 - Taarak Mehta Ka Ooltah Chashmah | Full Episode | तारक मेहता का उल्टा चश्मा,https://www.youtube.com/watch?v=8fs5xq3TPW4,Found,03 Sep 2022,20:34,https://www.youtube.com/watch?v=Xp7Vv-ljTpo,
178,Taarak Mehta Ka Ooltah Chashmah - तारक मेहता का उल्टा चशमाह - Episode 178 - Full Episode,https://www.youtube.com/watch?v=xsi-bELuxlI,Found,26 Jun 2020,19:00,https://www.youtube.com/watch?v=EFX7btdVzCw,
179,Episode 179 - Taarak Mehta Ka Ooltah Chashmah | Gokuldham Premier League | Full Episode | तारक मेहता,https://www.youtube.com/watch?v=yj0Rg-WZgq4,Found,14 May 2022,19:47,https://www.youtube.com/watch?v=TSdEy2aKNXM,
180,Taarak Mehta Ka Ooltah Chashmah - तारक मेहता का उल्टा चशमाह - Episode 180 - Full Episode,https://www.youtube.com/watch?v=hDDG3S-cPC8,Found,28 Jun 2020,19:19,https://www.youtube.com/watch?v=Y_EQEK-LgH0,
181,Taarak Mehta Ka Ooltah Chashmah - तारक मेहता का उल्टा चशमाह - Episode 181 - Full Episode,https://www.youtube.com/watch?v=O8914A32lY8,Found,29 Jun 2020,20:01,https://www.youtube.com/watch?v=TOXwkCSOkWs,
182,Taarak Mehta Ka Ooltah Chashmah - तारक मेहता का उल्टा चशमाह - Episode 182 - Full Episode,https://www.youtube.com/watch?v=1eYpzZJSiA8,Found,30 Jun 2020,20:09,https://www.youtube.com/watch?v=bcnu33NiE68,
183,Taarak Mehta Ka Ooltah Chashmah - तारक मेहता का उल्टा चशमाह - Episode 183 - Full Episode,https://www.youtube.com/watch?v=0IwEMeXINKg,Found,01 Jul 2020,18:51,https://www.youtube.com/watch?v=OaALEcpHg0I,
184,Taarak Mehta Ka Ooltah Chashmah - तारक मेहता का उल्टा चशमाह - Episode 184 - Full Episode,https://www.youtube.com/watch?v=h_LBq4TSFk4,Found,02 Jul 2020,19:32,https://www.youtube.com/watch?v=nzZjMxUAja4,
185,Taarak Mehta Ka Ooltah Chashmah - तारक मेहता का उल्टा चशमाह - Episode 185 - Full Episode,https://www.youtube.com/watch?v=forHyhrOBv4,Found,03 Jul 2020,17:58,https://www.youtube.com/watch?v=Ir8cdim9cbU,
186,Taarak Mehta Ka Ooltah Chashmah - तारक मेहता का उल्टा चशमाह - Episode 186 - Full Episode,https://www.youtube.com/watch?v=YBvxLVXtGhQ,Found,04 Jul 2020,17:27,https://www.youtube.com/watch?v=h5ItsIHrxJ4,
187,Taarak Mehta Ka Ooltah Chashmah - तारक मेहता का उल्टा चशमाह - Episode 187 - Full Episode,https://www.youtube.com/watch?v=vEv3ThHDaDE,Found,05 Jul 2020,18:49,https://www.youtube.com/watch?v=cX3Tgf1QhZA,
188,Taarak Mehta Ka Ooltah Chashmah - तारक मेहता का उल्टा चशमाह - Episode 188 - Full Episode,https://www.youtube.com/watch?v=DLN1O0v617w,Found,06 Jul 2020,20:22,https://www.youtube.com/watch?v=thUxSSWNs08,
189,Taarak Mehta Ka Ooltah Chashmah - तारक मेहता का उल्टा चशमाह - Episode 189 - Full Episode,https://www.youtube.com/watch?v=v8RwDBitLyc,Found,07 Jul 2020,18:52,https://www.youtube.com/watch?v=-7sFUSrAgkA,
190,Taarak Mehta Ka Ooltah Chashmah - तारक मेहता का उल्टा चशमाह - Episode 190 - Full Episode,https://www.youtube.com/watch?v=2gXKBXMc73k,Found,08 Jul 2020,19:38,https://www.youtube.com/watch?v=CTk0OEtWLgM,
191,Taarak Mehta Ka Ooltah Chashmah - तारक मेहता का उल्टा चशमाह - Episode 191 - Full Episode,https://www.youtube.com/watch?v=oAn6UD3K6lw,Found,09 Jul 2020,18:49,https://www.youtube.com/watch?v=Juw-VSxyEYE,
192,Taarak Mehta Ka Ooltah Chashmah - तारक मेहता का उल्टा चशमाह - Episode 192 - Full Episode,https://www.youtube.com/watch?v=joo9Mc45wqQ,Found,10 Jul 2020,19:34,https://www.youtube.com/watch?v=KMc2Q3lnNzA,
193,"Taarak Mehta Ka Ooltah Chashmah | तारक मेहता का उल्टा चश्मा | Episode 193 | 5th September, 2020",https://www.youtube.com/watch?v=DSddfMU1vLI,Found,05 Sep 2020,19:37,https://www.youtube.com/watch?v=lsvihrZzl3M,
194,Episode 194 - Taarak Mehta Ka Ooltah Chashmah | Babita's Birthday Party | Full Episode | Taarak M...,https://www.youtube.com/watch?v=AN3VoU4cNsE,Found,12 Jul 2020,18:53,https://www.youtube.com/watch?v=AN3VoU4cNsE,
195,"Taarak Mehta Ka Ooltah Chashmah | तारक मेहता का उल्टा चश्मा | Episode 195 | 6th September, 2020",https://www.youtube.com/watch?v=_3-HIy1nyeo,Found,06 Sep 2020,19:00,https://www.youtube.com/watch?v=oh5QNak1ixk,https://www.youtube.com/watch?v=icANpE8_KTI
196,Taarak Mehta Ka Ooltah Chashmah - तारक मेहता का उल्टा चशमाह - Episode 196 - Full Episode,https://www.youtube.com/watch?v=JPEZq_muv-o,Found,14 Jul 2020,18:22,https://www.youtube.com/watch?v=Jv5vIHv0Ols,
197,Taarak Mehta Ka Ooltah Chashmah - तारक मेहता का उल्टा चशमाह - Episode 197 - Full Episode,https://www.youtube.com/watch?v=JYgK31OheEA,Found,15 Jul 2020,17:10,https://www.youtube.com/watch?v=No3UScZSqmg,
198,Episode 198 - Taarak Mehta Ka Ooltah Chashmah | Antakshari Night | Full Episode | तारक मेहता,https://www.youtube.com/watch?v=DLmerGLI-CI,Found,28 May 2022,37:53,,
199,Episode 199 - Taarak Mehta Ka Ooltah Chashmah | Antakshari Night | Full Episode | तारक मेहता,https://www.youtube.com/watch?v=bxB3dO0jjRw,Found,28 May 2022,19:32,https://www.youtube.com/watch?v=dXZJv2klKGU,
200,Taarak Mehta Ka Ooltah Chashmah - तारक मेहता का उल्टा चशमाह - Episode 200 - Full Episode,https://www.youtube.com/watch?v=JiIKzaEo8-4,Found,17 Jul 2020,21:03,,
201,Taarak Mehta Ka Ooltah Chashmah - तारक मेहता का उल्टा चशमाह - Episode 201 - Full Episode,https://www.youtube.com/watch?v=L9FjbpVAd_A,Found,18 Jul 2020,24:59,,
202,Episode 202 - Taarak Mehta Ka Ooltah Chashmah | Rakshabandhan | Full Episode | तारक मेहता,https://www.youtube.com/watch?v=EtQDesx98fI,Found,19 Jul 2020,19:17,https://www.youtube.com/watch?v=LJ1lLkqEA1Y,
203,Taarak Mehta Ka Ooltah Chashmah - तारक मेहता का उल्टा चशमाह - Episode 203 - Full Episode,https://www.youtube.com/watch?v=d0k-G8MGLA0,Found,20 Jul 2020,19:11,https://www.youtube.com/watch?v=Ebx6rhJuFBA,
204,Taarak Mehta Ka Ooltah Chashmah - तारक मेहता का उल्टा चशमाह - Episode 204 - Full Episode,https://www.youtube.com/watch?v=9BfS69juFqQ,Found,21 Jul 2020,20:30,https://www.youtube.com/watch?v=7ElqRzYkMII,
205,Episode 205 - Taarak Mehta Ka Ooltah Chashmah | Jetha Chala London | Full Episode | तारक मेहता,https://www.youtube.com/watch?v=1PvgBScsEao,Found,21 Sep 2022,20:19,https://www.youtube.com/watch?v=gwCxnkK5qVI,
206,Taarak Mehta Ka Ooltah Chashmah - तारक मेहता का उल्टा चशमाह - Episode 206 - Full Episode,https://www.youtube.com/watch?v=DRlo8JiQwlc,Found,23 Jul 2020,19:48,https://www.youtube.com/watch?v=XKf03DKsBxc,
207,Taarak Mehta Ka Ooltah Chashmah - तारक मेहता का उल्टा चशमाह - Episode 207 - Full Episode,https://www.youtube.com/watch?v=vXFNlr-pGaQ,Found,24 Jul 2020,20:44,https://www.youtube.com/watch?v=DbXCgP9cDNE,
208,Taarak Mehta Ka Ooltah Chashmah - तारक मेहता का उल्टा चशमाह - Episode 208 - Full Episode,https://www.youtube.com/watch?v=h9iS2YfylPA,Found,25 Jul 2020,20:40,https://www.youtube.com/watch?v=vaS0liAVweo,
209,Taarak Mehta Ka Ooltah Chashmah - तारक मेहता का उल्टा चशमाह - Episode 209 - Full Episode,https://www.youtube.com/watch?v=XTr4HZzHIgQ,Found,26 Jul 2020,19:46,https://www.youtube.com/watch?v=0WdxSDn4iIU,
210,Taarak Mehta Ka Ooltah Chashmah - Episode 210 - Full Episode,https://www.youtube.com/watch?v=Xk29Toq_mYk,Found,20 Aug 2021,29:35,,
211,Episode 211 - Taarak Mehta Ka Ooltah Chashmah | Dahi Handi Prize | Full Episode | तारक मेहता,https://www.youtube.com/watch?v=Ib-PV1VwdjA,Found,04 Jun 2022,18:22,https://www.youtube.com/watch?v=SqY6Sq-IHoU,https://www.youtube.com/watch?v=yqMRF01Khrg
212,Episode 212 - Taarak Mehta Ka Ooltah Chashmah | Paryushan | Full Episode | तारक मेहता,https://www.youtube.com/watch?v=kv71Nwgc63Q,Found,29 Jul 2020,16:53,https://www.youtube.com/watch?v=kv71Nwgc63Q,
213,Episode 213 - Taarak Mehta Ka Ooltah Chashmah | Paryushan | Full Episode | तारक मेहता,https://www.youtube.com/watch?v=w1a20SyfQS8,Found,05 Jun 2022,19:11,https://www.youtube.com/watch?v=90cUBLA5fNA,
214,Taarak Mehta Ka Ooltah Chashmah - तारक मेहता का उल्टा चशमाह - Episode 214 - Full Episode,https://www.youtube.com/watch?v=SztpE4thrPA,Found,31 Jul 2020,17:08,https://www.youtube.com/watch?v=IU6xg47hLlQ,
215,Episode 215 - Taarak Mehta Ka Ooltah Chashmah | Ganesh Utsav | Full Episode | तारक मेहता,https://www.youtube.com/watch?v=fxnheJzw5bs,Found,05 Jun 2022,19:18,https://www.youtube.com/watch?v=g2ww9E1z2RE,
216,Taarak Mehta Ka Ooltah Chashmah - तारक मेहता का उल्टा चशमाह - Episode 216 - Full Episode,https://www.youtube.com/watch?v=8BxfLrmVeGg,Found,02 Aug 2020,17:04,https://www.youtube.com/watch?v=Y2M4ay4_oRc,
217,Episode 217 - Taarak Mehta Ka Ooltah Chashmah | Ganesh Utsav | Full Episode | तारक मेहता,https://www.youtube.com/watch?v=92ADWpluLE8,Found,05 Jun 2022,20:51,https://www.youtube.com/watch?v=Is85B05fZHQ,https://www.youtube.com/watch?v=cU_9uILj1BY
218,Episode 218 - Taarak Mehta Ka Ooltah Chashmah | Ganesh Utsav | Full Episode | तारक मेहता,https://www.youtube.com/watch?v=bL1lR-jnMGE,Found,25 Sep 2022,19:57,https://www.youtube.com/watch?v=BnRj2EH-CLY,
219,Episode 219 - Taarak Mehta Ka Ooltah Chashmah | Ganesh Utsav | Full Episode | तारक मेहता,https://www.youtube.com/watch?v=3KO1O8nctvo,Found,11 Jun 2022,20:25,https://www.youtube.com/watch?v=g2ik1HkaAMU,https://www.youtube.com/watch?v=MWhcMnIYsOg
220,Taarak Mehta Ka Ooltah Chashmah - तारक मेहता का उल्टा चशमाह - Episode 220 - Full Episode,https://www.youtube.com/watch?v=GuU_c-BB0TE,Found,06 Aug 2020,16:46,https://www.youtube.com/watch?v=2mUDReIqOAU,
221,Taarak Mehta Ka Ooltah Chashmah - तारक मेहता का उल्टा चशमाह - Episode 221 - Full Episode,https://www.youtube.com/watch?v=hx5ePE7-xaY,Found,07 Aug 2020,18:14,https://www.youtube.com/watch?v=vBL04vU_WVY,
222,Taarak Mehta Ka Ooltah Chashmah - तारक मेहता का उल्टा चशमाह - Episode 222 - Full Episode,https://www.youtube.com/watch?v=BYsfuZ0OxYE,Found,08 Aug 2020,33:06,,
223,Episode 223 - Taarak Mehta Ka Ooltah Chashmah | Ganesh Utsav | Full Episode | तारक मेहता,https://www.youtube.com/watch?v=s3C1tTh_k_8,Found,12 Jun 2022,17:14,https://www.youtube.com/watch?v=dyclcXa51w0,
224,Episode 224 - Taarak Mehta Ka Ooltah Chashmah | Ganesh Utsav | Full Episode | तारक मेहता,https://www.youtube.com/watch?v=ju_t1cDOUiU,Found,12 Jun 2022,17:33,https://www.youtube.com/watch?v=3UrY0DnoDss,https://www.youtube.com/watch?v=xZuAHStxTlI
225,Episode 225 - Taarak Mehta Ka Ooltah Chashmah | Jetha Back From London | Full Episode | तारक मेहता,https://www.youtube.com/watch?v=46Dz7Wd_Mjo,Found,12 Jun 2022,17:36,https://www.youtube.com/watch?v=Gg45sTrq108,https://www.youtube.com/watch?v=ErA___lnpEQ
226,Taarak Mehta Ka Ooltah Chashmah - तारक मेहता का उल्टा चशमाह - Episode 226 - Full Episode,https://www.youtube.com/watch?v=o0HROErBu7Y,Found,12 Aug 2020,19:13,https://www.youtube.com/watch?v=0TlMv2N2OUA,
227,Taarak Mehta Ka Ooltah Chashmah - तारक मेहता का उल्टा चशमाह - Episode 227 - Full Episode,https://www.youtube.com/watch?v=fUnGUufri0Y,Found,13 Aug 2020,18:58,https://www.youtube.com/watch?v=oFqXR8dTt9o,
228,Taarak Mehta Ka Ooltah Chashmah - तारक मेहता का उल्टा चशमाह - Episode 228 - Full Episode,https://www.youtube.com/watch?v=rAVnE7hswl8,Found,14 Aug 2020,17:49,https://www.youtube.com/watch?v=C2oJo1E-55s,
229,Taarak Mehta Ka Ooltah Chashmah - तारक मेहता का उल्टा चशमाह - Episode 229 - Full Episode,https://www.youtube.com/watch?v=EtjOkw6WACc,Found,15 Aug 2020,17:40,https://www.youtube.com/watch?v=7XY5Skdu3JY,
230,Taarak Mehta Ka Ooltah Chashmah - तारक मेहता का उल्टा चशमाह - Episode 230 - Full Episode,https://www.youtube.com/watch?v=CmO4th8rzOw,Found,16 Aug 2020,18:50,https://www.youtube.com/watch?v=SZyCB3BsrY4,
231,तारक मेहता का उल्टा चश्मा - एपिसोड 231,https://www.youtube.com/watch?v=0rgGWFvBzkc,Found,21 Oct 2013,18:25,https://www.youtube.com/watch?v=LeKYqA-ProQ,
232,Taarak Mehta Ka Ooltah Chashmah - तारक मेहता - Throwback - Episode 232 - Full Episode,https://www.youtube.com/watch?v=y_l6u3RZpVM,Found,15 Jul 2021,19:26,https://www.youtube.com/watch?v=gCb8klafI3o,
233,Episode 233 - Taarak Mehta Ka Ooltah Chashmah | Jethalal's Haircut | Full Episode | तारक मेहता,https://www.youtube.com/watch?v=hERv2KGpXfo,Found,21 Oct 2013,21:29,https://www.youtube.com/watch?v=hERv2KGpXfo,
234,तारक मेहता का उल्टा चश्मा - एपिसोड 234,https://www.youtube.com/watch?v=BcPBBzbYq0U,Found,21 Oct 2013,21:55,https://www.youtube.com/watch?v=fdocPHVxpPk,
235,Episode 235 - Taarak Mehta Ka Ooltah Chashmah | Kerry Meets Popatlal | Full Episode | Taarak Mehta,https://www.youtube.com/watch?v=uqPoYl3S8fY,Found,25 Sep 2022,22:03,https://www.youtube.com/watch?v=1SQvlaeIgBo,
236,Episode 236 - Taarak Mehta Ka Ooltah Chashmah | Kerry Meets Popatlal | Full Episode | Taarak Mehta,https://www.youtube.com/watch?v=E_wQeCSgBw8,Found,21 Oct 2013,22:29,https://www.youtube.com/watch?v=E_wQeCSgBw8,
237,Episode 237 - Taarak Mehta Ka Ooltah Chashmah | Navratri With Kerry | Full Episode | तारक मेहता,https://www.youtube.com/watch?v=J1KU7I9c6HY,Found,24 Sep 2022,22:12,https://www.youtube.com/watch?v=J1KU7I9c6HY,
238,Episode 238 - Taarak Mehta Ka Ooltah Chashmah | Navratri With Kerry | Full Episode | Taarak Mehta,https://www.youtube.com/watch?v=Kga6AnLeaBs,Found,21 Oct 2013,22:12,https://www.youtube.com/watch?v=Kga6AnLeaBs,
239,Episode 239 - Taarak Mehta Ka Ooltah Chashmah | Navratri With Kerry | Full Episode | तारक मेहता,https://www.youtube.com/watch?v=0NwG6EZ169o,Found,25 Jun 2022,22:11,https://www.youtube.com/watch?v=IEeozMGdddo,
240,Episode 240 - Taarak Mehta Ka Ooltah Chashmah | Navratri With Kerry | Full Episode | तारक मेहता,https://www.youtube.com/watch?v=UN7yiuzExHk,Found,26 Aug 2022,20:17,https://www.youtube.com/watch?v=q9UbiIIQfgc,
241,Taarak Mehta Ka Ooltah Chashmah - Episode 241,https://www.youtube.com/watch?v=ys703SL0vYc,Found,21 Oct 2013,21:07,https://www.youtube.com/watch?v=xLyK2hO3Ngc,
242,तारक मेहता का उल्टा चश्मा - एपिसोड 242,https://www.youtube.com/watch?v=DcXelsHw0PU,Found,21 Oct 2013,21:03,https://www.youtube.com/watch?v=CNPdh8Msv0g,
243,Episode 243 - Taarak Mehta Ka Ooltah Chashmah | Popatlal Loves Kerry | Full Episode | तारक मेहता,https://www.youtube.com/watch?v=mXjIBtkOl2E,Found,26 Jun 2022,22:16,https://www.youtube.com/watch?v=arbEKFPUtjw,
244,Episode 244 - Taarak Mehta Ka Ooltah Chashmah | Popatlal Loves Kerry | Full Episode | तारक मेहता,https://www.youtube.com/watch?v=x0N8XO8X0ic,Found,26 Jun 2022,22:31,https://www.youtube.com/watch?v=20OqSRsKZ8E,
245,तारक मेहता का उल्टा चश्मा - एपिसोड 245,https://www.youtube.com/watch?v=fXW4R76rcd4,Found,21 Oct 2013,20:29,https://www.youtube.com/watch?v=1VbK7qKHa-Y,
246,"Taarak Mehta Ka Ooltah Chashmah | तारक मेहता का उल्टा चश्मा | Episode 246 | 21st September, 2020",https://www.youtube.com/watch?v=NY8vIRyJ2HM,Found,21 Sep 2020,21:14,https://www.youtube.com/watch?v=mHqX7v4mi94,
247,Episode 247 - Taarak Mehta Ka Ooltah Chashmah | Babita Ka Naya Phone | Full Episode | तारक मेहता,https://www.youtube.com/watch?v=kES8Q1psYCI,Found,26 Jun 2022,22:05,https://www.youtube.com/watch?v=ZCC6fnxA8RY,
248,तारक मेहता का उल्टा चश्मा - एपिसोड 248,https://www.youtube.com/watch?v=xG9cUCM5t2Y,Found,21 Oct 2013,22:17,https://www.youtube.com/watch?v=jBARx-xIcXo,
249,तारक मेहता का उल्टा चश्मा - एपिसोड 249,https://www.youtube.com/watch?v=kym1Rn8ZG1k,Found,21 Oct 2013,22:16,https://www.youtube.com/watch?v=tDe5wuLDjkc,
250,तारक मेहता का उल्टा चश्मा - एपिसोड 250,https://www.youtube.com/watch?v=Vt8XsOvilUs,Found,21 Oct 2013,22:09,https://www.youtube.com/watch?v=CY-AM0lkP3k,
251,Taarak Mehta Ka Ooltah Chashmah - Ep 251 - Full Episode,https://www.youtube.com/watch?v=HSy2HuHD5zI,Found,05 Feb 2020,21:26,https://www.youtube.com/watch?v=LTy_w6GN_RY,
252,तारक मेहता का उल्टा चश्मा - एपिसोड 252,https://www.youtube.com/watch?v=xatALkPJaok,Found,21 Oct 2013,21:45,https://www.youtube.com/watch?v=9c33q3pZaUo,
253,तारक मेहता का उल्टा चश्मा - एपिसोड 253,https://www.youtube.com/watch?v=raqhKHI60VY,Found,21 Oct 2013,21:52,https://www.youtube.com/watch?v=qIQ5x7VR8Y4,
254,Taarak Mehta Ka Ooltah Chashmah - Episode 254,https://www.youtube.com/watch?v=H4pF1SgPKtk,Found,21 Oct 2013,20:32,https://www.youtube.com/watch?v=ZF_ftw1aRkI,
255,तारक मेहता का उल्टा चश्मा - एपिसोड 255,https://www.youtube.com/watch?v=LLT77__eLA4,Found,21 Oct 2013,22:04,https://www.youtube.com/watch?v=yBb4a1Cm_rc,
256,तारक मेहता का उल्टा चश्मा - एपिसोड 256,https://www.youtube.com/watch?v=ek0APwhHUD8,Found,21 Oct 2013,21:37,https://www.youtube.com/watch?v=AD5PyIVi3vE,
257,Episode 257 - Taarak Mehta Ka Ooltah Chashmah | Babita Ka Naya Phone | Full Episode | तारक मेहता,https://www.youtube.com/watch?v=C1NE1rG1Rps,Found,03 Jul 2022,22:02,,
258,Episode 258 - Taarak Mehta Ka Ooltah Chashmah | Tapu Sena's Audition | Full Episode | Taarak Mehta,https://www.youtube.com/watch?v=8MiPLfQ6tqs,Found,24 Sep 2022,22:50,https://www.youtube.com/watch?v=8MiPLfQ6tqs,
259,तारक मेहता का उल्टा चश्मा - एपिसोड 259,https://www.youtube.com/watch?v=iIXwHa55Aj0,Found,21 Oct 2013,22:37,https://www.youtube.com/watch?v=rbXQuh7H5A0,
260,तारक मेहता का उल्टा चश्मा - एपिसोड 260,https://www.youtube.com/watch?v=QVS8NzjQclk,Found,21 Oct 2013,21:13,https://www.youtube.com/watch?v=TtozNXoktzo,
261,Episode 261 - Taarak Mehta Ka Ooltah Chashmah | Tapu Sena Ka Audition | Full Episode | तारक मेहता,https://www.youtube.com/watch?v=19vS55Aq5to,Found,06 Jul 2022,22:40,https://www.youtube.com/watch?v=2Ubj4eGtCRA,
262,Taarak Mehta Ka Ooltah Chashmah - तारक मेहता का उल्टा चशमाह - Episode 262 - Full Episode,https://www.youtube.com/watch?v=2C4jOiFpmw8,Found,18 Aug 2020,22:24,https://www.youtube.com/watch?v=bH6KnzAF8IM,
263,तारक मेहता का उल्टा चश्मा - एपिसोड 263,https://www.youtube.com/watch?v=OFg4UBLswmg,Found,21 Oct 2013,20:27,https://www.youtube.com/watch?v=86IFeeof5Hk,
264,Taarak Mehta Ka Ooltah Chashmah - तारक मेहता का उल्टा चशमाह - Episode 264 - Full Episode,https://www.youtube.com/watch?v=3Iw9wa4_v2g,Found,19 Aug 2020,22:07,https://www.youtube.com/watch?v=klgAB3kQuCg,
265,Taarak Mehta Ka Ooltah Chashmah - तारक मेहता का उल्टा चशमाह - Episode 265 - Full Episode,https://www.youtube.com/watch?v=nCv-KGdZ8lI,Found,20 Aug 2020,22:18,https://www.youtube.com/watch?v=zS1EKSKuSzM,
266,Episode 266 - Taarak Mehta Ka Ooltah Chashmah | Tapu Sena Ka Audition | Full Episode | तारक मेहता,https://www.youtube.com/watch?v=HmH7M_Z49yA,Found,09 Jul 2022,22:57,https://www.youtube.com/watch?v=GLj_lGXzYdA,
267,Episode 267 - Taarak Mehta Ka Ooltah Chashmah | Tapu Sena Ka Audition | Full Episode | तारक मेहता,https://www.youtube.com/watch?v=Mw7atr2KQPA,Found,09 Jul 2022,19:59,https://www.youtube.com/watch?v=d4vPrjnioCE,
268,तारक मेहता का उल्टा चश्मा - एपिसोड 268,https://www.youtube.com/watch?v=HIIe6GfDANw,Found,21 Oct 2013,22:12,https://www.youtube.com/watch?v=o5nDuKPUl8Y,
269,तारक मेहता का उल्टा चश्मा - एपिसोड 269,https://www.youtube.com/watch?v=3Jk08VHUJqU,Found,21 Oct 2013,22:34,https://www.youtube.com/watch?v=jdKP0GnykeM,
270,Gogi Missing?! - Episode 270 | Taarak Mehta Ka Ooltah Chashmah - Full Episode | तारक मेहता,https://www.youtube.com/watch?v=czn3XDHKLOg,Found,11 Jul 2022,21:35,https://www.youtube.com/watch?v=iCXf4Y4KvuU,
271,Taarak Mehta Ka Ooltah Chashmah - तारक मेहता का उल्टा चशमाह - Episode 271 - Full Episode,https://www.youtube.com/watch?v=nDs65Z0Cue4,Found,22 Aug 2020,21:05,https://www.youtube.com/watch?v=U6rt-QYIPdc,
272,तारक मेहता का उल्टा चश्मा - एपिसोड 272,https://www.youtube.com/watch?v=kjHs2VggnQA,Found,21 Oct 2013,22:08,https://www.youtube.com/watch?v=BRZoy_KLyj0,
273,Taarak Mehta Ka Ooltah Chashmah   Episode 273   Full Episode,https://www.youtube.com/watch?v=JJhc2ykua_g,Found,23 Aug 2020,21:04,https://www.youtube.com/watch?v=rVqJz3FrzTc,
274,Taarak Mehta Ka Ooltah Chashmah | Throwback | तारक मेहता का उल्टा चशमाह | Full Episode - 274,https://www.youtube.com/watch?v=DBZsXF0r0ss,Found,27 Oct 2020,19:54,https://www.youtube.com/watch?v=SeqvQbrPZIQ,
275,तारक मेहता का उल्टा चश्मा - एपिसोड 275,https://www.youtube.com/watch?v=ycyz0p_yGqI,Found,21 Oct 2013,20:33,https://www.youtube.com/watch?v=0enpMuF88E0,
276,तारक मेहता का उल्टा चश्मा - एपिसोड 276,https://www.youtube.com/watch?v=nzHLVK7jPLE,Found,18 Nov 2013,19:28,https://www.youtube.com/watch?v=0NGEoo5wq8g,
277,तारक मेहता का उल्टा चश्मा - एपिसोड 277,https://www.youtube.com/watch?v=HhJIi6WyMJ4,Found,18 Nov 2013,20:33,https://www.youtube.com/watch?v=nl8QzpuM5tk,
278,तारक मेहता का उल्टा चश्मा - एपिसोड 278,https://www.youtube.com/watch?v=OsYr0xQRVfI,Found,18 Nov 2013,20:34,https://www.youtube.com/watch?v=abolTtrn9gQ,https://www.youtube.com/watch?v=-CT0_fVIRd0
279,Taarak Mehta Ka Ooltah Chashmah - तारक मेहता का उल्टा चशमाह - Episode 279 - Full Episode,https://www.youtube.com/watch?v=D4gsgidEbqo,Found,24 Aug 2020,27:20,https://www.youtube.com/watch?v=W4_FGtbCj90,
280,तारक मेहता का उल्टा चश्मा - एपिसोड 280,https://www.youtube.com/watch?v=MGvTJeUOtBA,Found,18 Nov 2013,19:16,,
281,तारक मेहता का उल्टा चश्मा - एपिसोड 281,https://www.youtube.com/watch?v=T6A9i5LHUmo,Found,18 Nov 2013,19:44,https://www.youtube.com/watch?v=1FcN9Rw2Im8,
282,Ladies Learn Swimming?! - Episode 282 | Taarak Mehta Ka Ooltah Chashmah - Full Episode | Taarak M...,https://www.youtube.com/watch?v=cU3grR7PixM,Found,25 Aug 2020,20:02,https://www.youtube.com/watch?v=4QZGLFW_ePk,
283,Taarak Mehta Ka Ooltah Chashmah - Episode 283,https://www.youtube.com/watch?v=fI2GQPUXFEM,Found,18 Nov 2013,19:39,https://www.youtube.com/watch?v=uCYGvddDUlU,
284,तारक मेहता का उल्टा चश्मा - एपिसोड 284,https://www.youtube.com/watch?v=Iub5y08Wl38,Found,18 Nov 2013,19:52,https://www.youtube.com/watch?v=Q3Df1sz47aM,
285,"Taarak Mehta Ka Ooltah Chashmah - Full Episode 285 - 26th December, 2018",https://www.youtube.com/watch?v=-pqS52_RNys,Found,26 Dec 2018,20:05,https://www.youtube.com/watch?v=F1R19kCARPk,
286,Taarak Mehta Ka Ooltah Chashmah - Episode 286,https://www.youtube.com/watch?v=jmSLPTW0fC0,Found,18 Nov 2013,19:51,https://www.youtube.com/watch?v=YLHeTUQ9wzI,
287,Episode 287 - Taarak Mehta Ka Ooltah Chashmah - Full Episode | Christmas Party | तारक मेहता,https://www.youtube.com/watch?v=GcTjSEnHWMI,Found,19 Jul 2022,19:18,https://www.youtube.com/watch?v=rTt0nNhy8fk,
288,Taarak Mehta Ka Ooltah Chashmah - तारक मेहता का उल्टा चशमाह - Episode 288 - Full Episode,https://www.youtube.com/watch?v=q2AU5-BIOMA,Found,27 Aug 2020,20:10,https://www.youtube.com/watch?v=MWmwX3GZza0,
289,तारक मेहता का उल्टा चश्मा - एपिसोड 289,https://www.youtube.com/watch?v=vNWrZ0oGSnc,Found,18 Nov 2013,20:57,https://www.youtube.com/watch?v=6nSwVFIQosY,https://www.youtube.com/watch?v=5F5OI4oJkuE
290,तारक मेहता का उल्टा चश्मा - एपिसोड 290,https://www.youtube.com/watch?v=_nN0isLjKZc,Found,18 Nov 2013,20:50,https://www.youtube.com/watch?v=2Hh9FiyDMKw,
291,Episode 291 - Taarak Mehta Ka Ooltah Chashmah - Full Episode | New Year | तारक मेहता,https://www.youtube.com/watch?v=FsaaOEa7FYI,Found,21 Aug 2019,40:21,,
292,Episode 292 - Taarak Mehta Ka Ooltah Chashmah - Full Episode | New Year Celebration | तारक मेहता,https://www.youtube.com/watch?v=HD6fR4evQ50,Found,22 Jul 2022,16:56,,https://www.youtube.com/watch?v=pMnkofEzOG0
293,Episode 293 - Taarak Mehta Ka Ooltah Chashmah - Full Episode | New Year Celebration | तारक मेहता,https://www.youtube.com/watch?v=R10ScePAG5E,Found,22 Jul 2022,16:38,https://www.youtube.com/watch?v=Hmi9dZZyXRs,
294,Episode 294 - Taarak Mehta Ka Ooltah Chashmah - Full Episode | New Year Celebration | तारक मेहता,https://www.youtube.com/watch?v=JgERs4nBAqc,Found,23 Jul 2022,18:30,https://www.youtube.com/watch?v=Rnkd3NWjFR8,
295,Episode 295 - Taarak Mehta Ka Ooltah Chashmah - Full Episode | New Year Celebration | तारक मेहता,https://www.youtube.com/watch?v=qVeYk5-s5SA,Found,18 Nov 2013,19:56,https://www.youtube.com/watch?v=qVeYk5-s5SA,
296,तारक मेहता का उल्टा चश्मा - एपिसोड 296,https://www.youtube.com/watch?v=FSSi50GBx3A,Found,18 Nov 2013,18:16,https://www.youtube.com/watch?v=vii9AJG709E,
297,Water Shortage in Gokuldham?! - Ep 297 | Taarak Mehta Ka Ooltah Chashmah - Full Episode | Taarak ...,https://www.youtube.com/watch?v=mDy_ONLr4HM,Found,18 Nov 2013,20:31,https://www.youtube.com/watch?v=w-r7LLbe1bQ,
298,तारक मेहता का उल्टा चश्मा - एपिसोड 298,https://www.youtube.com/watch?v=fzmYgKykhrg,Found,18 Nov 2013,19:58,https://www.youtube.com/watch?v=pJ7ISzY0g1o,https://www.youtube.com/watch?v=MaRt7Mw784o
299,तारक मेहता का उल्टा चश्मा - एपिसोड 299,https://www.youtube.com/watch?v=yLbAPK0LCfk,Found,18 Nov 2013,19:52,https://www.youtube.com/watch?v=npE5Ukb7Bn0,
300,तारक मेहता का उल्टा चश्मा - एपिसोड 300,https://www.youtube.com/watch?v=IZIbzCH86zs,Found,18 Nov 2013,19:19,,
301,Taarak Mehta Ka Ooltah Chashmah - तारक मेहता - Throwback - Episode 301 - Full Episode,https://www.youtube.com/watch?v=ERalMr9B28M,Found,13 Oct 2021,16:13,https://www.youtube.com/watch?v=jVP9aB6WKpI,
302,तारक मेहता का उल्टा चश्मा - एपिसोड 302,https://www.youtube.com/watch?v=NSZCa3J4wv4,Found,18 Nov 2013,18:56,https://www.youtube.com/watch?v=yzHAlyb6QE0,
303,Taarak Mehta Ka Ooltah Chashmah - Episode 303 - Full Episode,https://www.youtube.com/watch?v=JXoFYMrO9Mc,Found,24 Sep 2021,20:17,https://www.youtube.com/watch?v=2sXYoAjhlSM,https://www.youtube.com/watch?v=oOiUghKABnw
304,Taarak Mehta Ka Ooltah Chashmah - तारक मेहता का उल्टा चशमाह  - 304 - Full Episode,https://www.youtube.com/watch?v=6xV3P0pJ1x4,Found,29 Aug 2020,39:40,,
305,Taarak Mehta Ka Ooltah Chashmah - Throwback - Episode 305 - Full Episode,https://www.youtube.com/watch?v=T7t7_cFEQcc,Found,22 Feb 2021,20:17,https://www.youtube.com/watch?v=y4dhoIJL4zE,
306,तारक मेहता का उल्टा चश्मा - एपिसोड 306,https://www.youtube.com/watch?v=pHwD9fWutHE,Found,18 Nov 2013,20:40,https://www.youtube.com/watch?v=1gbN7-TetBQ,
307,तारक मेहता का उल्टा चश्मा - एपिसोड 307,https://www.youtube.com/watch?v=OQwPwOoJuio,Found,18 Nov 2013,20:04,https://www.youtube.com/watch?v=pKhJql4bB0I,
308,Speech Competition! - Ep 308 | Taarak Mehta Ka Ooltah Chashmah - Full Episode | तारक मेहता,https://www.youtube.com/watch?v=rhrsmrd00ZM,Found,30 Jul 2022,18:54,https://www.youtube.com/watch?v=iIkLSChuXgg,
309,Speech Competition! - Ep 309 | Taarak Mehta Ka Ooltah Chashmah - Full Episode | तारक मेहता,https://www.youtube.com/watch?v=y0Kkj126Zws,Found,30 Jul 2022,20:50,,https://www.youtube.com/watch?v=TGFuuNAmreE
310,तारक मेहता का उल्टा चश्मा - एपिसोड 310,https://www.youtube.com/watch?v=3vR_9OWjjGk,Found,18 Nov 2013,18:54,https://www.youtube.com/watch?v=ApBsLQa5Zbg,
311,Taarak Mehta Ka Ooltah Chashmah - तारक मेहता का उल्टा चशमाह  - 311 - Full Episode,https://www.youtube.com/watch?v=xrUArmXRDUw,Found,31 Aug 2020,20:28,https://www.youtube.com/watch?v=s117E0IAxas,
312,Computer Price! - Ep 312 | Taarak Mehta Ka Ooltah Chashmah - Full Episode | Taarak Mehta,https://www.youtube.com/watch?v=G3s6uN5UGMI,Found,01 Sep 2020,19:20,https://www.youtube.com/watch?v=ZEOCuj7XCYQ,
313,Taarak Mehta Ka Ooltah Chashmah - तारक मेहता का उल्टा चशमाह  - 313 - Full Episode,https://www.youtube.com/watch?v=WgsCPy71YVU,Found,02 Sep 2020,20:05,https://www.youtube.com/watch?v=YLjcRGtqKfw,
314,Computer Price! - Ep 314 | Taarak Mehta Ka Ooltah Chashmah - Full Episode | तारक मेहता,https://www.youtube.com/watch?v=OA-hp9o5S00,Found,02 Aug 2022,18:54,https://www.youtube.com/watch?v=HP1ldNFZrMI,
315,Taarak Mehta Ka Ooltah Chashmah - तारक मेहता का उल्टा चशमाह  - 315 - Full Episode,https://www.youtube.com/watch?v=llkd4VeNezc,Found,04 Sep 2020,17:53,https://www.youtube.com/watch?v=glyj3LlroXo,
316,Taarak Mehta Ka Ooltah Chashmah - तारक मेहता का उल्टा चशमाह  - 316 - Full Episode,https://www.youtube.com/watch?v=v6aOD4Pyg6g,Found,05 Sep 2020,18:33,https://www.youtube.com/watch?v=rSq8UvPoXCY,
317,Shopping From A Big Sale - Wagle Ki Duniya - Ep 317 - Full Episode - 5 April 2022,https://www.youtube.com/watch?v=KBodBmJ9XPM,Found,03 Sep 2022,22:35,,
318,तारक मेहता का उल्टा चश्मा - एपिसोड 318,https://www.youtube.com/watch?v=wIXFS7x8ko4,Found,18 Nov 2013,19:19,https://www.youtube.com/watch?v=6YBbcCp6dJw,
319,तारक मेहता का उल्टा चश्मा - एपिसोड 319,https://www.youtube.com/watch?v=NbUKH_onCMM,Found,18 Nov 2013,20:06,https://www.youtube.com/watch?v=LiLMG68-nuU,
320,तारक मेहता का उल्टा चश्मा - एपिसोड 320,https://www.youtube.com/watch?v=1etzKM_hrok,Found,18 Nov 2013,17:59,https://www.youtube.com/watch?v=bZxq9RUZi2c,
321,तारक मेहता का उल्टा चश्मा - एपिसोड 321,https://www.youtube.com/watch?v=LwAah0mKCjc,Found,18 Nov 2013,18:48,https://www.youtube.com/watch?v=DwaukR7HKr0,
322,Ep 322 - Taarak Mehta Ka Ooltah Chashmah - Valentine's Celebration | Full Episode | तारक मेहता,https://www.youtube.com/watch?v=8ybmS79D8u0,Found,06 Aug 2022,20:14,https://www.youtube.com/watch?v=FVB1aogBtsM,
323,Ep 323 - Taarak Mehta Ka Ooltah Chashmah - Valentine's Celebration | Full Episode | तारक मेहता,https://www.youtube.com/watch?v=y7wEqs5cfiI,Found,06 Aug 2022,19:41,https://www.youtube.com/watch?v=jy8VoyehDv4,
324,Ep 324 - Taarak Mehta Ka Ooltah Chashmah - Valentine's Celebration | Full Episode | तारक मेहता,https://www.youtube.com/watch?v=8TTPbq3m8P4,Found,07 Aug 2022,18:19,https://www.youtube.com/watch?v=zcyD16vQXtM,
325,Ep 325 - Taarak Mehta Ka Ooltah Chashmah - Holi | Full Episode | तारक मेहता,https://www.youtube.com/watch?v=ePWqRn7nJdo,Found,07 Aug 2022,20:37,https://www.youtube.com/watch?v=JjsuK-fNdvM,
326,Ep 326 - Taarak Mehta Ka Ooltah Chashmah - Holi | Full Episode | Taarak Mehta,https://www.youtube.com/watch?v=y2QfjUQtzlI,Found,25 Sep 2022,20:13,https://www.youtube.com/watch?v=t9GDdcMYw6U,
327,Iyer's Master Plan Stuns Jetha | Taarak Mehta Ka Ooltah Chashmah | Full Episode 327,https://www.youtube.com/watch?v=H-bn33okgx4,Found,21 Sep 2026,19:43,https://www.youtube.com/watch?v=be3jfdWkFko,
328,Taarak Mehta Ka Ooltah Chashmah - Episode 328,https://www.youtube.com/watch?v=23oHnb9p5s8,Found,18 Nov 2013,17:39,https://www.youtube.com/watch?v=kBuQM1KvnRU,
329,Can Daya Keep Her Holi Secret Safe? | Taarak Mehta Ka Ooltah Chashmah | Full Episode 329,https://www.youtube.com/watch?v=QKuekpWrfgs,Found,23 Sep 2026,20:12,https://www.youtube.com/watch?v=V6DIt1iRK-w,
330,Ep 330 - Suttilal's Decision Affects The Villagers - Lapataganj - Full Episode,https://www.youtube.com/watch?v=TKQ16jfjbMI,Found,22 Aug 2020,17:37,,
331,तारक मेहता का उल्टा चश्मा - एपिसोड 331,https://www.youtube.com/watch?v=YifloyFNFIg,Found,18 Nov 2013,19:39,https://www.youtube.com/watch?v=UZVGBFn9wE8,
332,तारक मेहता का उल्टा चश्मा - एपिसोड 332,https://www.youtube.com/watch?v=qnSbMcJGg6M,Found,18 Nov 2013,17:49,https://www.youtube.com/watch?v=WKCO4gLw8Bs,
333,तारक मेहता का उल्टा चश्मा - एपिसोड 333,https://www.youtube.com/watch?v=3UKuPIZmV8g,Found,18 Nov 2013,17:41,https://www.youtube.com/watch?v=Sj58MGtJahY,
334,Tempo - Ep 334 - Taarak Mehta Ka Ooltah Chashmah - Full Episode | तारक मेहता,https://www.youtube.com/watch?v=peKpFzHPp2s,Found,12 Aug 2022,19:32,https://www.youtube.com/watch?v=_sxlZ_lib4Q,
335,Taarak Mehta Ka Ooltah Chashmah - तारक मेहता का उल्टा चशमाह  - 335 - Full Episode,https://www.youtube.com/watch?v=xJ0xMXEZdXo,Found,07 Sep 2020,19:28,https://www.youtube.com/watch?v=Z114q8JQ4wc,https://www.youtube.com/watch?v=LDYpmTFSA7Y
336,तारक मेहता का उल्टा चश्मा - एपिसोड 336,https://www.youtube.com/watch?v=KvXWBWQMdpk,Found,18 Nov 2013,18:59,https://www.youtube.com/watch?v=s1byOGNglAU,
337,तारक मेहता का उल्टा चश्मा - एपिसोड 337,https://www.youtube.com/watch?v=xPTWnkKoveg,Found,18 Nov 2013,19:16,https://www.youtube.com/watch?v=FnTjZASOsy0,
338,Taarak Mehta Ka Ooltah Chashmah - Episode 338,https://www.youtube.com/watch?v=PSYsN497slM,Found,18 Nov 2013,20:54,https://www.youtube.com/watch?v=n9evjLsjt3I,
339,तारक मेहता का उल्टा चश्मा - एपिसोड 339,https://www.youtube.com/watch?v=8irkLzj6Ud0,Found,18 Nov 2013,17:27,https://www.youtube.com/watch?v=RgfsHLSBGzk,
340,तारक मेहता का उल्टा चश्मा - एपिसोड 340,https://www.youtube.com/watch?v=zlSo0SHVIp8,Found,18 Nov 2013,20:54,https://www.youtube.com/watch?v=C9xsNJDIlgE,
341,Taarak Mehta Ka Ooltah Chashmah - Episode 341 - Full Episode,https://www.youtube.com/watch?v=00y7AxrVVwQ,Found,12 Dec 2020,19:24,https://www.youtube.com/watch?v=-QZAoJYQlBE,
342,तारक मेहता का उल्टा चश्मा - एपिसोड 342,https://www.youtube.com/watch?v=0EcHjSBTtBo,Found,18 Nov 2013,19:49,https://www.youtube.com/watch?v=Yu79M0gyX50,
343,तारक मेहता का उल्टा चश्मा - एपिसोड 343,https://www.youtube.com/watch?v=td2rGEBXqy4,Found,18 Nov 2013,18:01,https://www.youtube.com/watch?v=PiugITkTeT8,
344,तारक मेहता का उल्टा चश्मा - एपिसोड 344,https://www.youtube.com/watch?v=qOpMaSnldqQ,Found,18 Nov 2013,17:59,https://www.youtube.com/watch?v=bU6DBYISi08,
345,तारक मेहता का उल्टा चश्मा - एपिसोड 345,https://www.youtube.com/watch?v=C9Og6ChNXfk,Found,18 Nov 2013,18:44,https://www.youtube.com/watch?v=_GSGe7XqMtE,
346,Taarak Mehta Ka Ooltah Chashmah - Episode 346,https://www.youtube.com/watch?v=B6tBLLsTLa4,Found,18 Nov 2013,16:26,https://www.youtube.com/watch?v=M92gBdhphCY,
347,Taarak Mehta Ka Ooltah Chashmah - Episode 347,https://www.youtube.com/watch?v=woihUGzqGHg,Found,18 Nov 2013,20:19,https://www.youtube.com/watch?v=nYPxA140Ax4,
348,तारक मेहता का उल्टा चश्मा - एपिसोड 348,https://www.youtube.com/watch?v=hO9hFQXsGRQ,Found,18 Nov 2013,19:32,https://www.youtube.com/watch?v=FRAM0Huujdc,
349,तारक मेहता का उल्टा चश्मा - एपिसोड 349,https://www.youtube.com/watch?v=Z_sW0CQ_oI0,Found,18 Nov 2013,19:30,https://www.youtube.com/watch?v=U7g5Weohnd4,
350,तारक मेहता का उल्टा चश्मा - एपिसोड 350,https://www.youtube.com/watch?v=FYdmwG9ZfOY,Found,18 Nov 2013,20:29,https://www.youtube.com/watch?v=I2rCDwphc-A,
351,Taarak Mehta Ka Ooltah Chashmah - Episode 351,https://www.youtube.com/watch?v=aFPYr_sgjHo,Found,18 Nov 2013,20:36,https://www.youtube.com/watch?v=RYvd-YloEOU,
352,तारक मेहता का उल्टा चश्मा - एपिसोड 352,https://www.youtube.com/watch?v=38B9rDnItbo,Found,18 Nov 2013,20:14,https://www.youtube.com/watch?v=6DYTic7vE5k,
353,तारक मेहता का उल्टा चश्मा - एपिसोड 353,https://www.youtube.com/watch?v=J4uSbSjt7cM,Found,18 Nov 2013,18:34,https://www.youtube.com/watch?v=C8IO5VPGxxw,
354,Taarak Mehta Ka Ooltah Chashmah - तारक मेहता का उल्टा चशमाह  - 354 - Full Episode,https://www.youtube.com/watch?v=I3wXHx6s4AI,Found,08 Sep 2020,16:47,https://www.youtube.com/watch?v=tq5NkTGsjY8,
355,तारक मेहता का उल्टा चश्मा - एपिसोड 355,https://www.youtube.com/watch?v=XIg3_XCoIuY,Found,18 Nov 2013,19:12,https://www.youtube.com/watch?v=YksWL-VCweQ,
356,तारक मेहता का उल्टा चश्मा - एपिसोड 356,https://www.youtube.com/watch?v=rARO95G7HP4,Found,18 Nov 2013,20:47,https://www.youtube.com/watch?v=Wryjnqf5Ts8,
357,तारक मेहता का उल्टा चश्मा - एपिसोड 357,https://www.youtube.com/watch?v=17l7RUe9Syk,Found,18 Nov 2013,21:20,https://www.youtube.com/watch?v=h05hTXgaJHA,
358,तारक मेहता का उल्टा चश्मा - एपिसोड 358,https://www.youtube.com/watch?v=SfbNnTs-GNc,Found,18 Nov 2013,20:06,https://www.youtube.com/watch?v=IGwzLkqJvCw,
359,तारक मेहता का उल्टा चश्मा - एपिसोड 359,https://www.youtube.com/watch?v=oR9rGEu7QD0,Found,18 Nov 2013,19:06,https://www.youtube.com/watch?v=x7FjlwozByQ,
360,तारक मेहता का उल्टा चश्मा - एपिसोड 360,https://www.youtube.com/watch?v=o6Pra6JaWNk,Found,18 Nov 2013,19:44,https://www.youtube.com/watch?v=IMyCeOsz9r0,
361,तारक मेहता का उल्टा चश्मा - एपिसोड 361,https://www.youtube.com/watch?v=ZZwaDl_k2yI,Found,18 Nov 2013,20:33,https://www.youtube.com/watch?v=Og_TGH3djhk,
362,Taarak Mehta Ka Ooltah Chashmah - Episode 362 - Full Episode,https://www.youtube.com/watch?v=7qSch9sUlPc,Found,16 Aug 2021,21:20,https://www.youtube.com/watch?v=keeS5U7w3DE,https://www.youtube.com/watch?v=_vOgfcDp2Rc
363,Taarak Mehta Ka Ooltah Chashmah - Episode 363,https://www.youtube.com/watch?v=nfIlulRW_D4,Found,18 Nov 2013,20:31,https://www.youtube.com/watch?v=C30iHPqU0Fs,
364,तारक मेहता का उल्टा चश्मा - एपिसोड 364,https://www.youtube.com/watch?v=2R5FTvFsqEI,Found,21 Nov 2013,20:48,https://www.youtube.com/watch?v=AofU3Y9-FjE,
365,तारक मेहता का उल्टा चश्मा - एपिसोड 365,https://www.youtube.com/watch?v=D80Y8xq4w9Y,Found,21 Nov 2013,20:27,https://www.youtube.com/watch?v=GxfcV8MnjH0,
366,Taarak Mehta Ka Ooltah Chashmah - तारक मेहता का उल्टा चशमाह  - 366 - Full Episode,https://www.youtube.com/watch?v=rbzV8btatAs,Found,10 Sep 2020,20:21,https://www.youtube.com/watch?v=MBEy91JnNXg,
367,Taarak Mehta Ka Ooltah Chashmah - तारक मेहता का उल्टा चशमाह  - 367 - Full Episode,https://www.youtube.com/watch?v=ESrYQsEw4nA,Found,11 Sep 2020,20:40,https://www.youtube.com/watch?v=iwHtQyu94Y0,
368,तारक मेहता का उल्टा चश्मा - एपिसोड 368,https://www.youtube.com/watch?v=T4wCmmPtMVc,Found,21 Nov 2013,20:02,https://www.youtube.com/watch?v=-hFEy2ebdxM,
369,तारक मेहता का उल्टा चश्मा - एपिसोड 369,https://www.youtube.com/watch?v=oxgrVDysJoc,Found,21 Nov 2013,20:00,https://www.youtube.com/watch?v=TTiNRO22Uhs,
370,तारक मेहता का उल्टा चश्मा - एपिसोड 370,https://www.youtube.com/watch?v=7_uyDFO0Dpc,Found,21 Nov 2013,20:45,https://www.youtube.com/watch?v=yQglFT8N25U,
371,तारक मेहता का उल्टा चश्मा - एपिसोड 371,https://www.youtube.com/watch?v=7-LMqUtS3wg,Found,18 Nov 2013,17:08,https://www.youtube.com/watch?v=fuaOGm1E6kw,https://www.youtube.com/watch?v=MJtsITWtfnA
372,तारक मेहता का उल्टा चश्मा - एपिसोड 372,https://www.youtube.com/watch?v=W7MH7qyfudY,Found,18 Nov 2013,18:26,https://www.youtube.com/watch?v=j7JPpr5O-Go,
373,तारक मेहता का उल्टा चश्मा - एपिसोड 373,https://www.youtube.com/watch?v=GVPpPEEoim4,Found,18 Nov 2013,18:03,https://www.youtube.com/watch?v=jl0id2MRlso,
374,Result Day | Taarak Mehta Ka Ooltah Chashmah - Ep-374 | Full Episode | 2 February 2022,https://www.youtube.com/watch?v=tq0kSTuOtmU,Found,02 Feb 2022,18:28,,
375,तारक मेहता का उल्टा चश्मा - एपिसोड 375,https://www.youtube.com/watch?v=P2IXXUORcD0,Found,18 Nov 2013,23:23,https://www.youtube.com/watch?v=hAPZxNKMc-A,
376,तारक मेहता का उल्टा चश्मा - एपिसोड 376,https://www.youtube.com/watch?v=sm8V9YyawaE,Found,18 Nov 2013,19:05,https://www.youtube.com/watch?v=ReEpgrZOCIo,
377,तारक मेहता का उल्टा चश्मा - एपिसोड 377,https://www.youtube.com/watch?v=MUHmEHBwNF0,Found,18 Nov 2013,20:05,https://www.youtube.com/watch?v=fZsSlanqW9w,
378,Where Is The Money? | Taarak Mehta Ka Ooltah Chashmah - Ep - 378 | Full Episode | 4 Feb 2022,https://www.youtube.com/watch?v=XSphMuz1rr0,Found,04 Feb 2022,18:06,,
379,तारक मेहता का उल्टा चश्मा - एपिसोड 379,https://www.youtube.com/watch?v=FEdEgtY6ulw,Found,18 Nov 2013,21:04,https://www.youtube.com/watch?v=WgAXz4zJQfU,
380,Taarak Mehta Ka Ooltah Chashmah - Episode 380,https://www.youtube.com/watch?v=cr6iCW2EJHw,Found,18 Nov 2013,21:40,https://www.youtube.com/watch?v=tj2LiGCzEnY,
381,Taarak Mehta Ka Ooltah Chashmah - तारक मेहता का उल्टा चशमाह  - 381 - Full Episode,https://www.youtube.com/watch?v=hXIpNK74E9s,Found,12 Sep 2020,19:03,https://www.youtube.com/watch?v=DyZDZn8q7pQ,
382,Taarak Mehta Ka Ooltah Chashmah - Episode 382,https://www.youtube.com/watch?v=5iG2C_ZYiMs,Found,18 Nov 2013,21:05,https://www.youtube.com/watch?v=mmTuF8ydxoI,
383,तारक मेहता का उल्टा चश्मा - एपिसोड 383,https://www.youtube.com/watch?v=mOzE4RYQVZs,Found,18 Nov 2013,21:28,https://www.youtube.com/watch?v=S0mkM5S73pA,
384,तारक मेहता का उल्टा चश्मा - एपिसोड 384,https://www.youtube.com/watch?v=X_ZpdRlACC0,Found,18 Nov 2013,18:48,https://www.youtube.com/watch?v=008JMobXTg4,
385,तारक मेहता का उल्टा चश्मा - एपिसोड 385,https://www.youtube.com/watch?v=yMOrbf0Fv5o,Found,18 Nov 2013,20:41,https://www.youtube.com/watch?v=dma24UoVpvY,
386,तारक मेहता का उल्टा चश्मा - एपिसोड 386,https://www.youtube.com/watch?v=G5yYl7gFDx0,Found,18 Nov 2013,20:52,https://www.youtube.com/watch?v=8_MQqI3QUhA,
387,Taarak Mehta Ka Ooltah Chashmah - तारक मेहता का उल्टा चशमाह - Episode 387 - Full Episode,https://www.youtube.com/watch?v=mNcC4Qin-h8,Found,08 Aug 2020,20:20,https://www.youtube.com/watch?v=ngmhzEUVm6I,
388,Taarak Mehta Ka Ooltah Chashmah - Episode 388 - Full Episode,https://www.youtube.com/watch?v=zpsYrX3OY5M,Found,16 Dec 2020,19:06,https://www.youtube.com/watch?v=SX7LMCrhF9c,https://www.youtube.com/watch?v=2qOiOS-tvxg
389,तारक मेहता का उल्टा चश्मा - एपिसोड 389,https://www.youtube.com/watch?v=ooATjVxZXDk,Found,18 Nov 2013,20:22,https://www.youtube.com/watch?v=aass05bXufo,
390,तारक मेहता का उल्टा चश्मा - एपिसोड 390,https://www.youtube.com/watch?v=9B8JCPCXuqE,Found,18 Nov 2013,20:34,https://www.youtube.com/watch?v=HZAI_GnGKgM,
391,तारक मेहता का उल्टा चश्मा - एपिसोड 391,https://www.youtube.com/watch?v=uKF1xvDMB4c,Found,18 Nov 2013,19:28,https://www.youtube.com/watch?v=IIIJPEsDBrY,
392,तारक मेहता का उल्टा चश्मा - एपिसोड 392,https://www.youtube.com/watch?v=FwNkeqiYj5g,Found,18 Nov 2013,20:42,https://www.youtube.com/watch?v=uvJwQVSFKuA,
393,तारक मेहता का उल्टा चश्मा - एपिसोड 393,https://www.youtube.com/watch?v=93oHheZ85Kw,Found,18 Nov 2013,18:35,https://www.youtube.com/watch?v=GB5IAfPzFsI,
394,Taarak Mehta Ka Ooltah Chashmah - तारक मेहता का उल्टा चशमाह  - 394 - Full Episode,https://www.youtube.com/watch?v=c-ZwL2O6ccY,Found,13 Sep 2020,20:32,https://www.youtube.com/watch?v=ZljXcm_H5X4,
395,तारक मेहता का उल्टा चश्मा - एपिसोड 395,https://www.youtube.com/watch?v=zepW8gS80JQ,Found,18 Nov 2013,20:21,https://www.youtube.com/watch?v=Ytp1W-Z6nVo,
396,"Taarak Mehta Ka Ooltah Chashmah | तारक मेहता का उल्टा चश्मा | Episode 396 | 19th November, 2020",https://www.youtube.com/watch?v=Q5OcjFA55Go,Found,19 Nov 2020,20:42,https://www.youtube.com/watch?v=8LxE7T7biEg,
397,Taarak Mehta Ka Ooltah Chashmah - तारक मेहता का उल्टा चशमाह  - 397 - Full Episode,https://www.youtube.com/watch?v=Zf0hBfgaIOA,Found,15 Sep 2020,19:59,https://www.youtube.com/watch?v=tJAfiNpLcMk,https://www.youtube.com/watch?v=01KXY3Mqx14
398,Taarak Mehta Ka Ooltah Chashmah - Episode 398,https://www.youtube.com/watch?v=WIfvOZpmgXc,Found,18 Nov 2013,22:28,https://www.youtube.com/watch?v=kpT8B-jM0Sk,
399,तारक मेहता का उल्टा चश्मा - एपिसोड 399,https://www.youtube.com/watch?v=aNih50HHpg0,Found,18 Nov 2013,20:24,https://www.youtube.com/watch?v=6dUTYr0OgtY,
400,"Taarak Mehta Ka Ooltah Chashmah | तारक मेहता का उल्टा चश्मा | Episode 400 | 21st November, 2020",https://www.youtube.com/watch?v=eQa0mrn10w0,Found,21 Nov 2020,20:28,https://www.youtube.com/watch?v=IjC8U_Kjbu0,
401,Taarak Mehta Ka Ooltah Chashmah - तारक मेहता का उल्टा चशमाह  - 401 - Full Episode,https://www.youtube.com/watch?v=cIcGHPsPVQY,Found,16 Sep 2020,18:18,https://www.youtube.com/watch?v=CIy5g-67d8c,
402,तारक मेहता का उल्टा चश्मा - एपिसोड 402,https://www.youtube.com/watch?v=IIKbrMKyLn0,Found,18 Nov 2013,20:45,https://www.youtube.com/watch?v=zZJw-AbGGdo,
403,"Taarak Mehta Ka Ooltah Chashmah | तारक मेहता का उल्टा चश्मा | Episode 403 | 15th August, 2020",https://www.youtube.com/watch?v=6jzYkRGCsAA,Found,15 Aug 2020,19:23,https://www.youtube.com/watch?v=9wHQl-ob1nc,
404,"Taarak Mehta Ka Ooltah Chashmah | तारक मेहता का उल्टा चश्मा | Episode 404 | 15th August, 2020",https://www.youtube.com/watch?v=0vx5iXmr5g4,Found,15 Aug 2020,20:08,https://www.youtube.com/watch?v=nDYVkpJvu_I,
405,तारक मेहता का उल्टा चश्मा - एपिसोड 405,https://www.youtube.com/watch?v=vpauC79gn7c,Found,18 Nov 2013,20:26,https://www.youtube.com/watch?v=skOe5_HB39k,
406,तारक मेहता का उल्टा चश्मा - एपिसोड 406,https://www.youtube.com/watch?v=BCu6wM8_ij0,Found,18 Nov 2013,20:40,https://www.youtube.com/watch?v=uXm91vRfCGA,
407,Taarak Mehta Ka Ooltah Chashmah | तारक मेहता का उल्टा चश्मा | Episode 407 | Full Episode,https://www.youtube.com/watch?v=KEZnzpbrVdc,Found,22 Jul 2020,17:47,https://www.youtube.com/watch?v=eYYvqsUj5mU,
408,तारक मेहता का उल्टा चश्मा - एपिसोड 408,https://www.youtube.com/watch?v=ko9DAMLDgfk,Found,18 Nov 2013,20:19,https://www.youtube.com/watch?v=wL4KMaqSuUg,
409,Taarak Mehta Ka Ooltah Chashmah - तारक मेहता का उल्टा चशमाह  - 409 - Full Episode,https://www.youtube.com/watch?v=vyn2xz7l4OA,Found,18 Sep 2020,16:31,https://www.youtube.com/watch?v=GmbvhligxTA,
410,तारक मेहता का उल्टा चश्मा - एपिसोड 410,https://www.youtube.com/watch?v=3Rma4iLzjCc,Found,18 Nov 2013,18:59,https://www.youtube.com/watch?v=fQ_cEu91zQg,
411,तारक मेहता का उल्टा चश्मा - एपिसोड 411,https://www.youtube.com/watch?v=h0B3Wp2rDuo,Found,18 Nov 2013,21:01,https://www.youtube.com/watch?v=CLHMZUX1ln8,
412,तारक मेहता का उल्टा चश्मा - एपिसोड 412,https://www.youtube.com/watch?v=EmIEUDWN0zY,Found,18 Nov 2013,20:28,https://www.youtube.com/watch?v=WLEBn96oJPI,
413,तारक मेहता का उल्टा चश्मा - एपिसोड 413,https://www.youtube.com/watch?v=51SwozTN9qM,Found,18 Nov 2013,20:34,https://www.youtube.com/watch?v=0Ta58axqs6I,
414,तारक मेहता का उल्टा चश्मा - एपिसोड 414,https://www.youtube.com/watch?v=5_zRun2jd2M,Found,18 Nov 2013,21:14,https://www.youtube.com/watch?v=JWnMSxQoo18,
415,तारक मेहता का उल्टा चश्मा - एपिसोड 415,https://www.youtube.com/watch?v=KwSp5bon7go,Found,18 Nov 2013,21:05,https://www.youtube.com/watch?v=gDtqQZZRoUA,
416,तारक मेहता का उल्टा चश्मा - एपिसोड 416,https://www.youtube.com/watch?v=3YZS19HaTL8,Found,18 Nov 2013,21:15,https://www.youtube.com/watch?v=Ok88oUMS-u0,
417,तारक मेहता का उल्टा चश्मा - एपिसोड 417,https://www.youtube.com/watch?v=pFwi2cp1t9Q,Found,18 Nov 2013,18:21,https://www.youtube.com/watch?v=reFfVsMaylw,
418,तारक मेहता का उल्टा चश्मा - एपिसोड 418,https://www.youtube.com/watch?v=U2ACr7SUc7M,Found,18 Nov 2013,21:14,https://www.youtube.com/watch?v=xfwn_iM0s9Y,
419,तारक मेहता का उल्टा चश्मा - एपिसोड 419,https://www.youtube.com/watch?v=EZZNsdnc5Ck,Found,18 Nov 2013,22:37,https://www.youtube.com/watch?v=Gm8rwnGV7fA,
420,तारक मेहता का उल्टा चश्मा - एपिसोड 420,https://www.youtube.com/watch?v=NrV2I5-GytU,Found,18 Nov 2013,21:09,https://www.youtube.com/watch?v=bsT3_GvWkU4,
421,तारक मेहता का उल्टा चश्मा - एपिसोड 421,https://www.youtube.com/watch?v=QXEFrBR7ULc,Found,18 Nov 2013,20:37,https://www.youtube.com/watch?v=yjn_GUTLgpA,
422,तारक मेहता का उल्टा चश्मा - एपिसोड 422,https://www.youtube.com/watch?v=oXLFFTrIols,Found,18 Nov 2013,20:33,https://www.youtube.com/watch?v=ltLtp6C8ZTg,
423,तारक मेहता का उल्टा चश्मा - एपिसोड 423,https://www.youtube.com/watch?v=HclYJC7abmc,Found,18 Nov 2013,17:35,https://www.youtube.com/watch?v=_NzxrJ4WzR8,
424,"Taarak Mehta Ka Ooltah Chashmah | तारक मेहता का उल्टा चश्मा | Episode 424 | 12th July, 2020",https://www.youtube.com/watch?v=va8DMTUK2pY,Found,12 Jul 2020,20:15,https://www.youtube.com/watch?v=3JSPgFOAwxs,
425,"Taarak Mehta Ka Ooltah Chashmah | तारक मेहता का उल्टा चश्मा | Episode 425 | 12th July, 2020",https://www.youtube.com/watch?v=9qeR-Y8LW9E,Found,12 Jul 2020,18:48,https://www.youtube.com/watch?v=e-ywxQYpjxE,https://www.youtube.com/watch?v=hdjckvt8mqk
426,Taarak Mehta Ka Ooltah Chashmah - Episode 426,https://www.youtube.com/watch?v=mOlm_vPhbRc,Found,18 Nov 2013,20:35,https://www.youtube.com/watch?v=9GyKRrFkemM,
427,Taarak Mehta Ka Ooltah Chashmah - तारक मेहता का उल्टा चशमाह  - 427 - Full Episode,https://www.youtube.com/watch?v=lJBYrqYzj7Y,Found,20 Sep 2020,17:16,https://www.youtube.com/watch?v=5bJjgSFpLUU,
428,तारक मेहता का उल्टा चश्मा - एपिसोड 428,https://www.youtube.com/watch?v=zp7pCKlsFqA,Found,18 Nov 2013,19:56,https://www.youtube.com/watch?v=7hfQ21Dg4s8,
429,Taarak Mehta Ka Ooltah Chashmah - Episode 429,https://www.youtube.com/watch?v=Cegb16JuH5k,Found,18 Nov 2013,18:51,https://www.youtube.com/watch?v=ztao0pAN4JQ,
430,तारक मेहता का उल्टा चश्मा - एपिसोड 430,https://www.youtube.com/watch?v=0tp1TK24wGM,Found,18 Nov 2013,20:52,https://www.youtube.com/watch?v=K_6ydCv7jC0,https://www.youtube.com/watch?v=TPWDfHu7UuI
431,"Taarak Mehta Ka Ooltah Chashmah | तारक मेहता का उल्टा चश्मा | Episode 431 | 15th July, 2020",https://www.youtube.com/watch?v=dQpA0vQM6rE,Found,15 Jul 2020,16:59,https://www.youtube.com/watch?v=Xmqg3hXMQbs,https://www.youtube.com/watch?v=CGUrOf2YKAk
432,तारक मेहता का उल्टा चश्मा - एपिसोड 432,https://www.youtube.com/watch?v=_0liAvhKDfY,Found,18 Nov 2013,19:33,https://www.youtube.com/watch?v=2rIAxPk_gGk,
433,तारक मेहता का उल्टा चश्मा - एपिसोड 433,https://www.youtube.com/watch?v=hWqxwg2mjmY,Found,18 Nov 2013,19:05,https://www.youtube.com/watch?v=bC5C7jH2sKE,
434,"Taarak Mehta Ka Ooltah Chashmah | तारक मेहता का उल्टा चश्मा | Episode 434 | 17th July, 2020",https://www.youtube.com/watch?v=t6HQlFEoEl4,Found,17 Jul 2020,20:54,https://www.youtube.com/watch?v=1sZvwExPK4I,https://www.youtube.com/watch?v=GTbkAqXRUSQ
435,"Taarak Mehta Ka Ooltah Chashmah | तारक मेहता का उल्टा चश्मा | Episode 435 | 17th July, 2020",https://www.youtube.com/watch?v=pUAZdz9haAI,Found,17 Jul 2020,19:48,https://www.youtube.com/watch?v=B7hAvzGvZT0,
436,तारक मेहता का उल्टा चश्मा - एपिसोड 436,https://www.youtube.com/watch?v=rknjRuF_A9Y,Found,18 Nov 2013,21:57,https://www.youtube.com/watch?v=3MyhpMbNdBU,https://www.youtube.com/watch?v=B2rCEuxSVR8
437,तारक मेहता का उल्टा चश्मा - एपिसोड 437,https://www.youtube.com/watch?v=KiUg3mTDMHw,Found,18 Nov 2013,20:28,https://www.youtube.com/watch?v=KLG-bceM_yg,https://www.youtube.com/watch?v=-k_f9L6Fmb0
438,Taarak Mehta Ka Ooltah Chashmah - Episode 438 - Full Episode,https://www.youtube.com/watch?v=Wy6v-utdwxI,Found,18 Dec 2020,19:07,https://www.youtube.com/watch?v=kx159DjG9hQ,https://www.youtube.com/watch?v=KEx9ZK3JEQg
439,Taarak Mehta Ka Ooltah Chashmah - तारक मेहता का उल्टा चशमाह - Episode 439 - Full Episode,https://www.youtube.com/watch?v=KcI6-VqOKyg,Found,15 Aug 2020,20:49,https://www.youtube.com/watch?v=fSwggeogSyk,
440,तारक मेहता का उल्टा चश्मा - एपिसोड 440,https://www.youtube.com/watch?v=8cRD6tgjo20,Found,18 Nov 2013,20:49,https://www.youtube.com/watch?v=HZmtGYYjYI8,https://www.youtube.com/watch?v=zS5qzWLRYl4
441,Taarak Mehta Ka Ooltah Chashmah - Episode 441- Full Episode,https://www.youtube.com/watch?v=m92DYbqM2Yk,Found,22 Sep 2020,19:37,,
442,तारक मेहता का उल्टा चश्मा - एपिसोड 442,https://www.youtube.com/watch?v=lX4ZZYIpd2Y,Found,18 Nov 2013,21:04,https://www.youtube.com/watch?v=3LDCXaHdatw,
443,तारक मेहता का उल्टा चश्मा - एपिसोड 443,https://www.youtube.com/watch?v=ytXDgxuxmhs,Found,18 Nov 2013,21:04,https://www.youtube.com/watch?v=AiSWOxAib8k,
444,तारक मेहता का उल्टा चश्मा - एपिसोड 444,https://www.youtube.com/watch?v=zNJIpfl8ho8,Found,18 Nov 2013,20:45,https://www.youtube.com/watch?v=7ockoamuhGA,https://www.youtube.com/watch?v=PU7n0jdx7IY
445,Taarak Mehta Ka Ooltah Chashmah - Episode 445 - Full Episode,https://www.youtube.com/watch?v=D7LDNQUfKI0,Found,23 Sep 2020,17:49,https://www.youtube.com/watch?v=IVaAkG8fcAs,https://www.youtube.com/watch?v=ImHXDoiB3dw
446,तारक मेहता का उल्टा चश्मा - एपिसोड 446,https://www.youtube.com/watch?v=pkJi5STDWCE,Found,18 Nov 2013,21:21,https://www.youtube.com/watch?v=WJ_urv4u7W4,
447,तारक मेहता का उल्टा चश्मा - एपिसोड 447,https://www.youtube.com/watch?v=d6fHqSaLMF8,Found,18 Nov 2013,21:16,https://www.youtube.com/watch?v=dr73XnI0qEE,https://www.youtube.com/watch?v=5Ppm5esSwso
448,तारक मेहता का उल्टा चश्मा - एपिसोड 448,https://www.youtube.com/watch?v=MiMiaO_aWBU,Found,18 Nov 2013,21:33,https://www.youtube.com/watch?v=kwmPzS2q22M,https://www.youtube.com/watch?v=HcWKf3NgAZ0
449,तारक मेहता का उल्टा चश्मा - एपिसोड 449,https://www.youtube.com/watch?v=7KWbjJ0OSb8,Found,18 Nov 2013,20:23,https://www.youtube.com/watch?v=Ql7gRsRku1s,https://www.youtube.com/watch?v=toiHHEMRzxc
450,Taarak Mehta Ka Ooltah Chashmah - Episode 450,https://www.youtube.com/watch?v=jtcAkFQ6fII,Found,18 Nov 2013,21:05,https://www.youtube.com/watch?v=DpHtKKzN0sE,https://www.youtube.com/watch?v=IO66uIF3ZQY
451,तारक मेहता का उल्टा चश्मा - एपिसोड 451,https://www.youtube.com/watch?v=wLxsUFiezFI,Found,18 Nov 2013,20:46,,https://www.youtube.com/watch?v=tQRzCYg4ICk
452,तारक मेहता का उल्टा चश्मा - एपिसोड 452,https://www.youtube.com/watch?v=9j_wrzwzZS4,Found,18 Nov 2013,20:56,https://www.youtube.com/watch?v=RhiL9T8Qnbw,https://www.youtube.com/watch?v=HT3jDT5JRH8
453,तारक मेहता का उल्टा चश्मा - एपिसोड 453,https://www.youtube.com/watch?v=or_80Vu04v8,Found,18 Nov 2013,19:37,https://www.youtube.com/watch?v=g0VR3SepArQ,
454,Taarak Mehta Ka Ooltah Chashmah - Episode 454 - Full Episode,https://www.youtube.com/watch?v=3LF7EQDa8vw,Found,18 Nov 2013,16:41,,https://www.youtube.com/watch?v=kR_F3vc3tH4
455,Taarak Mehta Ka Ooltah Chashmah - Episode 455,https://www.youtube.com/watch?v=9VPQXILyFXU,Found,22 Aug 2014,18:03,https://www.youtube.com/watch?v=zntlWHNRXtQ,
456,तारक मेहता का उल्टा चश्मा - एपिसोड 456,https://www.youtube.com/watch?v=Q3WXQfyHwCs,Found,18 Nov 2013,18:24,https://www.youtube.com/watch?v=xERiKLWjcRg,
457,तारक मेहता का उल्टा चश्मा - एपिसोड 457,https://www.youtube.com/watch?v=9ak7JGaQhSw,Found,18 Nov 2013,18:49,https://www.youtube.com/watch?v=CSVEFSIozPU,
458,तारक मेहता का उल्टा चश्मा - एपिसोड 458,https://www.youtube.com/watch?v=cS3_L904Oc4,Found,18 Nov 2013,19:17,,https://www.youtube.com/watch?v=XHxEXU3JmvA
459,तारक मेहता का उल्टा चश्मा - एपिसोड 459,https://www.youtube.com/watch?v=t5CoFHmBsqw,Found,21 Nov 2013,20:11,,https://www.youtube.com/watch?v=Q4prSWH8Ihk
460,तारक मेहता का उल्टा चश्मा - एपिसोड 460,https://www.youtube.com/watch?v=Hn77NShFYtE,Found,21 Nov 2013,20:45,https://www.youtube.com/watch?v=xcSNSwOfDDk,
461,तारक मेहता का उल्टा चश्मा - एपिसोड 461,https://www.youtube.com/watch?v=3N5hNbFY5hY,Found,21 Nov 2013,20:25,https://www.youtube.com/watch?v=WTl-xA8aebo,
462,तारक मेहता का उल्टा चश्मा - एपिसोड 462,https://www.youtube.com/watch?v=zVyW3OvT40Q,Found,21 Nov 2013,20:17,https://www.youtube.com/watch?v=smAhHlL08ko,
463,तारक मेहता का उल्टा चश्मा - एपिसोड 463,https://www.youtube.com/watch?v=wB0ombDo6bE,Found,21 Nov 2013,20:15,https://www.youtube.com/watch?v=L3BbRvnn2Do,
464,तारक मेहता का उल्टा चश्मा - एपिसोड 464,https://www.youtube.com/watch?v=bKH3koqTrZo,Found,21 Nov 2013,20:06,https://www.youtube.com/watch?v=PJ-Q6_NmkSE,
465,Taarak Mehta Ka Ooltah Chashmah - Episode 465 - Full Episode,https://www.youtube.com/watch?v=9cpg91SwxsM,Found,25 Sep 2020,16:26,https://www.youtube.com/watch?v=DdAWbYLuRyU,https://www.youtube.com/watch?v=Sxs9huClMh4
466,तारक मेहता का उल्टा चश्मा - एपिसोड 466,https://www.youtube.com/watch?v=JHrogVjV3Ps,Found,21 Nov 2013,20:08,https://www.youtube.com/watch?v=zRoNIG2XcVc,https://www.youtube.com/watch?v=RlepmgJ8y4w
467,Taarak Mehta Ka Ooltah Chashmah - Episode 467 - Full Episode,https://www.youtube.com/watch?v=MGyokBhp190,Found,25 Sep 2020,19:46,https://www.youtube.com/watch?v=ZkiCoc0N3aU,https://www.youtube.com/watch?v=JtIF0Ramgok
468,तारक मेहता का उल्टा चश्मा - एपिसोड 468,https://www.youtube.com/watch?v=mMk_tT4e4rE,Found,21 Nov 2013,19:48,https://www.youtube.com/watch?v=d-hrAtk-fKA,
469,Taarak Mehta Ka Ooltah Chashmah - Episode 469 - Full Episode,https://www.youtube.com/watch?v=WWlo3Un-lRY,Found,26 Sep 2020,17:13,https://www.youtube.com/watch?v=bDpQ3SGf_38,https://www.youtube.com/watch?v=mAVUaL3jjoA
470,Taarak Mehta Ka Ooltah Chashmah Episode 470 - Full Episode,https://www.youtube.com/watch?v=cOWiFMBT854,Found,28 Sep 2020,20:16,https://www.youtube.com/watch?v=izFoe9BwLzw,
471,"Taarak Mehta Ka Ooltah Chashmah | तारक मेहता का उल्टा चश्मा | Episode 471 | 23rd July, 2020",https://www.youtube.com/watch?v=uF1wQHUkxMM,Found,23 Jul 2020,19:02,https://www.youtube.com/watch?v=pmWrTvfwU74,
472,Taarak Mehta Ka Ooltah Chashmah - Episode 472 - Full Episode,https://www.youtube.com/watch?v=4UP6ppZEr8g,Found,24 Sep 2021,21:19,https://www.youtube.com/watch?v=jYJDvM3oLcE,
473,Taarak Mehta Ka Ooltah Chashmah - Episode 473 - Full Episode,https://www.youtube.com/watch?v=DPee9gpxRro,Found,30 Sep 2020,19:13,https://www.youtube.com/watch?v=5Tz0SpJc3WM,
474,Taarak Mehta Ka Ooltah Chashmah - Episode 474 - Full Episode,https://www.youtube.com/watch?v=c0DE9Qf3rSE,Found,01 Oct 2020,19:29,https://www.youtube.com/watch?v=8aWkhSUlvVE,
475,Taarak Mehta Ka Ooltah Chashmah - Episode 475 - Full Episode,https://www.youtube.com/watch?v=sVH3tBqM3tk,Found,02 Oct 2020,18:37,https://www.youtube.com/watch?v=GZlARdcvSB8,https://www.youtube.com/watch?v=X6ZsIVcp0pw
476,Taarak Mehta Ka Ooltah Chashmah - Episode 476 - Full Episode,https://www.youtube.com/watch?v=21eQtStLSRI,Found,03 Oct 2020,19:35,https://www.youtube.com/watch?v=vlN8-mg6ANA,
477,Taarak Mehta Ka Ooltah Chashmah - Episode 477 - Full Episode,https://www.youtube.com/watch?v=U2WGD4iSXqY,Found,04 Oct 2020,19:03,https://www.youtube.com/watch?v=FPet7LBlQ2g,https://www.youtube.com/watch?v=PtYwjCV27FM
478,Taarak Mehta Ka Ooltah Chashmah - Episode 478 - Full Episode,https://www.youtube.com/watch?v=dldPewBC4ps,Found,05 Oct 2020,17:49,https://www.youtube.com/watch?v=gkezpkQOmHQ,https://www.youtube.com/watch?v=z9nedmOmyTQ
479,Taarak Mehta Ka Ooltah Chashmah - Episode 479 - Full Episode,https://www.youtube.com/watch?v=6TVS-K7GT3w,Found,06 Oct 2020,19:25,https://www.youtube.com/watch?v=4bbX3ksdvgk,https://www.youtube.com/watch?v=q4xYDs6f0uI
480,Taarak Mehta Ka Ooltah Chashmah - Episode 480 - Full Episode,https://www.youtube.com/watch?v=KuxNLEeX3gs,Found,07 Oct 2020,17:07,https://www.youtube.com/watch?v=0TPorFCSTnE,
481,Taarak Mehta Ka Ooltah Chashmah - Episode 481 - Full Episode,https://www.youtube.com/watch?v=VFyRVR8_y3A,Found,08 Oct 2020,18:42,https://www.youtube.com/watch?v=ds0j-02pzQw,https://www.youtube.com/watch?v=_OE45Gms5LQ
482,Taarak Mehta Ka Ooltah Chashmah - Episode 482 - Full Episode,https://www.youtube.com/watch?v=db_JPAuetCo,Found,09 Oct 2020,20:58,https://www.youtube.com/watch?v=WqI0ElOI5Pw,https://www.youtube.com/watch?v=5ZCaYr7pbBk
483,Taarak Mehta Ka Ooltah Chashmah - Episode 483 - Full Episode,https://www.youtube.com/watch?v=HdEHM_VpRoM,Found,10 Oct 2020,21:50,,
484,Taarak Mehta Ka Ooltah Chashmah - Episode 484 - Full Episode,https://www.youtube.com/watch?v=1CYsXZp9vY8,Found,11 Oct 2020,21:26,,
485,Jethalal को पसंद आया Special Khakhra का स्वाद! | Taarak Mehta Ka Ooltah Chashmah | Full Episode 485,https://www.youtube.com/watch?v=BOezfUn9lSc,Found,12 Oct 2020,20:28,,
486,Taarak Mehta Ka Ooltah Chashmah - Episode 486 - Full Episode,https://www.youtube.com/watch?v=Zs4tNaMItVU,Found,13 Oct 2020,21:21,,
487,Taarak Mehta Ka Ooltah Chashmah - Episode 487 - Full Episode,https://www.youtube.com/watch?v=u7iWZlkV5PI,Found,14 Oct 2020,21:01,https://www.youtube.com/watch?v=5sGAbaVyTeo,
488,Taarak Mehta Ka Ooltah Chashmah - Episode 488 - Full Episode,https://www.youtube.com/watch?v=bJ1FucxXX7o,Found,15 Oct 2020,18:42,https://www.youtube.com/watch?v=lwNMz1fukN0,
489,Taarak Mehta Ka Ooltah Chashmah - Episode 489 - Full Episode,https://www.youtube.com/watch?v=AsTxbtKFT00,Found,16 Oct 2020,18:20,https://www.youtube.com/watch?v=oD5OP39-sPw,
490,Taarak Mehta Ka Ooltah Chashmah - Episode 490 - Full Episode,https://www.youtube.com/watch?v=PBXSZOM_GX0,Found,17 Oct 2020,21:02,https://www.youtube.com/watch?v=vUHOGY6Ppvk,
491,Taarak Mehta Ka Ooltah Chashmah - Episode 491 - Full Episode,https://www.youtube.com/watch?v=_Qb53ocr6kQ,Found,18 Oct 2020,19:51,https://www.youtube.com/watch?v=5UYz5hmAz_s,
492,Taarak Mehta Ka Ooltah Chashmah - Episode 492 - Full Episode,https://www.youtube.com/watch?v=vRJW-8X7x5k,Found,19 Oct 2020,20:25,https://www.youtube.com/watch?v=Y6ICvSafK4g,
493,Taarak Mehta Ka Ooltah Chashmah - Episode 493 - Full Episode,https://www.youtube.com/watch?v=1BsXqv6fX6g,Found,20 Oct 2020,21:33,https://www.youtube.com/watch?v=S-sg3nUisxE,https://www.youtube.com/watch?v=BraLUPN0cHw
494,Taarak Mehta Ka Ooltah Chashmah - Episode 494 - Full Episode,https://www.youtube.com/watch?v=FJmrsPVKfjU,Found,21 Oct 2020,21:24,https://www.youtube.com/watch?v=uNnRtHBss1E,
495,Taarak Mehta Ka Ooltah Chashmah - Episode 495 - Full Episode,https://www.youtube.com/watch?v=n5m4Kk6xEVI,Found,23 Oct 2020,16:10,https://www.youtube.com/watch?v=2QRLvWSpVNw,
496,Taarak Mehta Ka Ooltah Chashmah - Episode 496 - Full Episode,https://www.youtube.com/watch?v=UPfhxM2lkKA,Found,24 Oct 2020,19:20,https://www.youtube.com/watch?v=Ql7gRsRku1s,
497,Taarak Mehta Ka Ooltah Chashmah - Episode 497 - Full Episode,https://www.youtube.com/watch?v=FYJAoc3cjnQ,Found,22 Oct 2020,21:06,https://www.youtube.com/watch?v=dOaErv6Ldl8,https://www.youtube.com/watch?v=DBqo2widDRo
498,Taarak Mehta Ka Ooltah Chashmah - Episode 498 - Full Episode,https://www.youtube.com/watch?v=K0GoiR9gHnE,Found,25 Oct 2020,22:33,https://www.youtube.com/watch?v=14zp9qty6zQ,
499,Taarak Mehta Ka Ooltah Chashmah - Episode 499 - Full Episode,https://www.youtube.com/watch?v=TawvkgWX6wU,Found,26 Oct 2020,19:35,https://www.youtube.com/watch?v=ITlQzCeoquw,
500,Taarak Mehta Ka Ooltah Chashmah - Episode 500 - Full Episode,https://www.youtube.com/watch?v=nbkiNLWJ6Ig,Found,27 Oct 2020,18:00,https://www.youtube.com/watch?v=BiFZYozkMVc,
501,Taarak Mehta Ka Ooltah Chashmah - Episode 501 - Full Episode,https://www.youtube.com/watch?v=1HchLkP0l1o,Found,28 Oct 2020,18:58,https://www.youtube.com/watch?v=k9j5yPuQ2TA,
502,Taarak Mehta Ka Ooltah Chashmah - Episode 502 - Full Episode,https://www.youtube.com/watch?v=VZRZxt298_E,Found,29 Oct 2020,20:29,https://www.youtube.com/watch?v=jUp9DG3AzdQ,
503,Taarak Mehta Ka Ooltah Chashmah - Episode 503 - Full Episode,https://www.youtube.com/watch?v=VbxSpuLd5V8,Found,30 Oct 2020,19:54,https://www.youtube.com/watch?v=W7uvv0wDs_o,
504,Taarak Mehta Ka Ooltah Chashmah - Episode 504 - Full Episode,https://www.youtube.com/watch?v=5-GGGkdsLZ4,Found,31 Oct 2020,16:48,https://www.youtube.com/watch?v=GYWsyutPE3E,
505,Taarak Mehta Ka Ooltah Chashmah - Episode 505 - Full Episode,https://www.youtube.com/watch?v=gKR6D9z_7qo,Found,01 Nov 2020,18:28,https://www.youtube.com/watch?v=dv2xH6jHvf8,
506,Taarak Mehta Ka Ooltah Chashmah - Episode 506 - Full Episode,https://www.youtube.com/watch?v=h8UKtag_d0s,Found,02 Nov 2020,19:03,https://www.youtube.com/watch?v=wLpO9vP5wvc,
507,Taarak Mehta Ka Ooltah Chashmah - Episode 507 - Full Episode,https://www.youtube.com/watch?v=Jut4AoC40F4,Found,03 Nov 2020,18:57,https://www.youtube.com/watch?v=QfProIh44Rc,
508,Taarak Mehta Ka Ooltah Chashmah - Episode 508 - Full Episode,https://www.youtube.com/watch?v=beF7XJww3pM,Found,04 Nov 2020,17:45,https://www.youtube.com/watch?v=plzRvfHxv1o,
509,Taarak Mehta Ka Ooltah Chashmah - Episode 509 - Full Episode,https://www.youtube.com/watch?v=9WsvXRBm8ig,Found,05 Nov 2020,20:07,https://www.youtube.com/watch?v=Z0fuiBDIPyg,
510,Taarak Mehta Ka Ooltah Chashmah - Episode 510 - Full Episode,https://www.youtube.com/watch?v=flWgptdh5EE,Found,06 Nov 2020,21:21,https://www.youtube.com/watch?v=Dc9LgARnx_g,
511,Taarak Mehta Ka Ooltah Chashmah - Episode 511 - Full Episode,https://www.youtube.com/watch?v=Ksm884MBh-I,Found,07 Nov 2020,17:52,https://www.youtube.com/watch?v=Rqv0wsQ7yY4,
512,Taarak Mehta Ka Ooltah Chashmah - Episode 512 - Full Episode,https://www.youtube.com/watch?v=O4k6ag3lgI0,Found,08 Nov 2020,18:50,https://www.youtube.com/watch?v=DTjO7VhSt-o,
513,Taarak Mehta Ka Ooltah Chashmah - Episode 513 - Full Episode,https://www.youtube.com/watch?v=g6UnD4KnVhw,Found,09 Nov 2020,23:51,https://www.youtube.com/watch?v=0ommfjvOgtg,
514,Taarak Mehta Ka Ooltah Chashmah - Episode 514 - Full Episode,https://www.youtube.com/watch?v=DTWXjxBZsBk,Found,10 Nov 2020,16:45,https://www.youtube.com/watch?v=K1F4XGue8rE,
515,Taarak Mehta Ka Ooltah Chashmah - Episode 515 - Full Episode,https://www.youtube.com/watch?v=R63ZpMbJbTg,Found,11 Nov 2020,19:45,https://www.youtube.com/watch?v=G6wjwThHPs4,
516,"Taarak Mehta Ka Ooltah Chashmah - Full Episode 516 - 11th March, 2020",https://www.youtube.com/watch?v=IuLMmairawk,Found,11 Mar 2020,19:37,https://www.youtube.com/watch?v=552O2mqvVFA,
517,Episode 517 - Taarak Mehta Ka Ooltah Chashmah - Full Episode | तारक मेहता का उल्टा चश्मा,https://www.youtube.com/watch?v=VGnpf-kS2x4,Found,26 Nov 2022,19:03,https://www.youtube.com/watch?v=cyh23pyThMo,
518,"Taarak Mehta Ka Ooltah Chashmah - Full Episode 518 - 12th March, 2020",https://www.youtube.com/watch?v=FF0Z--IFHAE,Found,12 Mar 2020,18:09,https://www.youtube.com/watch?v=PXYVuuezZYc,
519,Taarak Mehta Ka Ooltah Chashmah - Episode 519 - Full Episode,https://www.youtube.com/watch?v=nBCWaz67Xg4,Found,15 Nov 2020,18:52,https://www.youtube.com/watch?v=HmZE5MDmSxg,
520,Taarak Mehta Ka Ooltah Chashmah - Episode 520 - Full Episode,https://www.youtube.com/watch?v=vPV0OW5_4vM,Found,16 Nov 2020,19:29,https://www.youtube.com/watch?v=BHIsTKdpslI,
521,Episode 521 - Taarak Mehta Ka Ooltah Chashmah - Full Episode | तारक मेहता का उल्टा चश्मा,https://www.youtube.com/watch?v=kavcW88HPLA,Found,27 Nov 2022,18:48,https://www.youtube.com/watch?v=kNJoL-3ZxzQ,https://www.youtube.com/watch?v=QJZrsav-QS0
522,Episode 522 - Taarak Mehta Ka Ooltah Chashmah - Full Episode | तारक मेहता का उल्टा चश्मा,https://www.youtube.com/watch?v=ckqQMN1_mbs,Found,24 Sep 2023,20:55,https://www.youtube.com/watch?v=ckqQMN1_mbs,
523,Taarak Mehta Ka Ooltah Chashmah - Episode 523 - Full Episode,https://www.youtube.com/watch?v=0kQ37i_n3ec,Found,19 Nov 2020,16:41,https://www.youtube.com/watch?v=pU3iSXforhc,
524,Taarak Mehta Ka Ooltah Chashmah - Episode 524 - Full Episode,https://www.youtube.com/watch?v=Rv1bxA2gn3o,Found,20 Nov 2020,20:27,https://www.youtube.com/watch?v=RhiL9T8Qnbw,
525,Taarak Mehta Ka Ooltah Chashmah - Episode 525 - Full Episode,https://www.youtube.com/watch?v=ti2bB4wIXFk,Found,21 Nov 2020,22:21,https://www.youtube.com/watch?v=RNWYEt8iF_g,
526,Episode 526 - Taarak Mehta Ka Ooltah Chashmah - Full Episode | तारक मेहता का उल्टा चश्मा,https://www.youtube.com/watch?v=YFDpsVxriHo,Found,22 Nov 2020,21:26,https://www.youtube.com/watch?v=YFDpsVxriHo,
527,Taarak Mehta Ka Ooltah Chashmah - Episode 527 - Full Episode,https://www.youtube.com/watch?v=C2qRB1TQTU0,Found,23 Nov 2020,21:46,https://www.youtube.com/watch?v=-Kaq9QOyPdM,
528,"Taarak Mehta Ka Ooltah Chashmah | तारक मेहता का उल्टा चश्मा | Episode 528 | 24th July, 2020",https://www.youtube.com/watch?v=H5LkZPL0D14,Found,24 Jul 2020,19:27,https://www.youtube.com/watch?v=BnQDG7FEoZk,
529,"Taarak Mehta Ka Ooltah Chashmah | तारक मेहता का उल्टा चश्मा | Episode 529 | 7th September, 2020",https://www.youtube.com/watch?v=PhAUaAB6hek,Found,07 Sep 2020,18:36,https://www.youtube.com/watch?v=Uvt7WyljBrs,
530,"Taarak Mehta Ka Ooltah Chashmah | तारक मेहता का उल्टा चश्मा | Episode 530 | 7th September, 2020",https://www.youtube.com/watch?v=9pwK7lwIQbo,Found,07 Sep 2020,20:13,https://www.youtube.com/watch?v=XncSSyK8rYU,
531,"Taarak Mehta Ka Ooltah Chashmah | तारक मेहता का उल्टा चश्मा | Episode 531 | 8th September, 2020",https://www.youtube.com/watch?v=mDmUC3bTX6w,Found,08 Sep 2020,17:48,,https://www.youtube.com/watch?v=rAMCSZVuNg8
532,"Taarak Mehta Ka Ooltah Chashmah | तारक मेहता का उल्टा चश्मा | Episode 532 | 8th September, 2020",https://www.youtube.com/watch?v=PxuE1JWQXFM,Found,08 Sep 2020,20:21,,https://www.youtube.com/watch?v=wMjX7hF2GXE
533,"Taarak Mehta Ka Ooltah Chashmah | तारक मेहता का उल्टा चश्मा | Episode 533 | 9th September, 2020",https://www.youtube.com/watch?v=kNwZPIUAqBs,Found,09 Sep 2020,20:17,https://www.youtube.com/watch?v=xzHkQt3PGPE,
534,"Taarak Mehta Ka Ooltah Chashmah | तारक मेहता का उल्टा चश्मा | Episode 534 | 9th September, 2020",https://www.youtube.com/watch?v=8D-Jolqzark,Found,09 Sep 2020,21:06,https://www.youtube.com/watch?v=sgitcaDVH3c,
535,"Taarak Mehta Ka Ooltah Chashmah | तारक मेहता का उल्टा चश्मा | Episode 535 | 10th September, 2020",https://www.youtube.com/watch?v=xqcRJ7qqdIQ,Found,10 Sep 2020,17:52,https://www.youtube.com/watch?v=iFsDc-NNzN4,
536,Taarak Mehta Ka Ooltah Chashmah - Episode 536 - Full Episode,https://www.youtube.com/watch?v=7nM1SMqmyjg,Found,01 Dec 2020,18:26,https://www.youtube.com/watch?v=visgyXCWBZA,
537,Taarak Mehta Ka Ooltah Chashmah - Episode 537 - Full Episode,https://www.youtube.com/watch?v=Jol7de63ZDk,Found,02 Dec 2020,18:57,https://www.youtube.com/watch?v=mVa6ELc_VNY,
538,"Taarak Mehta Ka Ooltah Chashmah | तारक मेहता का उल्टा चश्मा | Episode 538 | 10th September, 2020",https://www.youtube.com/watch?v=UQPaBiLwJzY,Found,11 Sep 2020,20:38,https://www.youtube.com/watch?v=XdqVLwFbg_I,
539,"Taarak Mehta Ka Ooltah Chashmah | तारक मेहता का उल्टा चश्मा | Episode 539 | 12th September, 2020",https://www.youtube.com/watch?v=7CDRVogdMcc,Found,12 Sep 2020,20:49,https://www.youtube.com/watch?v=7KtZcj5btsM,
540,"Taarak Mehta Ka Ooltah Chashmah | तारक मेहता का उल्टा चश्मा | Episode 540 | 12th September, 2020",https://www.youtube.com/watch?v=xNuveZ7YzC0,Found,12 Sep 2020,19:11,https://www.youtube.com/watch?v=KcXaXshmaXQ,
541,Taarak Mehta Ka Ooltah Chashmah - Episode 541 - Full Episode,https://www.youtube.com/watch?v=Yu3mzMsoGWA,Found,06 Dec 2020,21:03,https://www.youtube.com/watch?v=Wig7sMS4y1g,
542,Taarak Mehta Ka Ooltah Chashmah - Episode 542 - Full Episode,https://www.youtube.com/watch?v=kCM6hVy9TX8,Found,07 Dec 2020,20:54,https://www.youtube.com/watch?v=YqJVaKJJRSc,
543,Taarak Mehta Ka Ooltah Chashmah - Episode 543 - Full Episode,https://www.youtube.com/watch?v=Pc2732Hh0mc,Found,08 Dec 2020,20:25,https://www.youtube.com/watch?v=SeCE0NjzmDc,
544,Taarak Mehta Ka Ooltah Chashmah - Episode 544 - Full Episode,https://www.youtube.com/watch?v=ftQVSyzRzOY,Found,09 Dec 2020,20:34,https://www.youtube.com/watch?v=D6EWlfZJtF0,
545,Episode 545 - Taarak Mehta Ka Ooltah Chashmah - Full Episode | तारक मेहता का उल्टा चश्मा,https://www.youtube.com/watch?v=slvM7blMojQ,Found,03 Dec 2022,18:32,https://www.youtube.com/watch?v=p4C9sVMEyqc,https://www.youtube.com/watch?v=DbCbxHL9PY4
546,"Taarak Mehta Ka Ooltah Chashmah | तारक मेहता का उल्टा चश्मा | Episode 546 | 26th July, 2020",https://www.youtube.com/watch?v=-Apugwu-5bY,Found,26 Jul 2020,23:16,https://www.youtube.com/watch?v=sMgGFPHEQGE,
547,Episode 547 - Taarak Mehta Ka Ooltah Chashmah - Full Episode | तारक मेहता का उल्टा चश्मा,https://www.youtube.com/watch?v=RVYvqOd9SEw,Found,03 Dec 2022,19:16,https://www.youtube.com/watch?v=J1Q-ETbVN8g,
548,"Taarak Mehta Ka Ooltah Chashmah | तारक मेहता का उल्टा चश्मा | Episode 548 | 27th July, 2020",https://www.youtube.com/watch?v=kfjggOIlo2k,Found,27 Jul 2020,20:05,https://www.youtube.com/watch?v=Fkrb47qP5H8,
549,Taarak Mehta Ka Ooltah Chashmah - Episode 549 - Full Episode,https://www.youtube.com/watch?v=PPOC-QjSy4Q,Found,14 Dec 2020,17:10,https://www.youtube.com/watch?v=GRqV1Zvd6YI,
550,"Taarak Mehta Ka Ooltah Chashmah | तारक मेहता का उल्टा चश्मा | Episode 550 | 28th July, 2020",https://www.youtube.com/watch?v=0LoCpC1r_JU,Found,28 Jul 2020,21:00,https://www.youtube.com/watch?v=36FVaEvEaYE,
551,Taarak Mehta Ka Ooltah Chashmah - Episode 551 - Full Episode,https://www.youtube.com/watch?v=gjRADoOM84I,Found,16 Dec 2020,17:11,https://www.youtube.com/watch?v=DaFeuwJiSHE,
552,Taarak Mehta Ka Ooltah Chashmah - Episode 552 - Full Episode,https://www.youtube.com/watch?v=GmYhlfW7f5I,Found,17 Dec 2020,20:14,https://www.youtube.com/watch?v=7NMjNWSlJXY,
553,Taarak Mehta Ka Ooltah Chashmah - Episode 553 - Full Episode,https://www.youtube.com/watch?v=x0s3fXE5pPo,Found,18 Dec 2020,18:28,https://www.youtube.com/watch?v=NHh01DiqTkg,
554,Taarak Mehta Ka Ooltah Chashmah - Episode 554 - Full Episode,https://www.youtube.com/watch?v=pWmjDmdnRSo,Found,19 Dec 2020,19:34,https://www.youtube.com/watch?v=ZTF0J33przk,
555,Taarak Mehta Ka Ooltah Chashmah - Episode 555 - Full Episode,https://www.youtube.com/watch?v=psPQOlhfFs4,Found,20 Dec 2020,19:17,https://www.youtube.com/watch?v=CDJwKOzbd1U,
556,Episode 556 - Taarak Mehta Ka Ooltah Chashmah - Full Episode | तारक मेहता का उल्टा चश्मा,https://www.youtube.com/watch?v=AtE1bVONIB8,Found,05 Dec 2022,20:55,,
557,Taarak Mehta Ka Ooltah Chashmah - Episode 557 - Full Episode,https://www.youtube.com/watch?v=ROEKXzf5-pE,Found,22 Dec 2020,16:42,https://www.youtube.com/watch?v=nQ92W4RTbq4,
558,Taarak Mehta Ka Ooltah Chashmah - Episode 558 - Full Episode,https://www.youtube.com/watch?v=TQj4tRRHmnM,Found,23 Dec 2020,20:04,https://www.youtube.com/watch?v=J0qtyswUPbk,
559,Taarak Mehta Ka Ooltah Chashmah - Episode 559 - Full Episode,https://www.youtube.com/watch?v=ApTI6v8LPAo,Found,24 Dec 2020,20:23,https://www.youtube.com/watch?v=jzTNsXSs_ho,
560,Taarak Mehta Ka Ooltah Chashmah - Episode 560 - Full Episode,https://www.youtube.com/watch?v=JCM4fKOdamg,Found,25 Dec 2020,19:58,https://www.youtube.com/watch?v=oFEkcu7cPj0,
561,Taarak Mehta Ka Ooltah Chashmah - Episode 561 - Full Episode,https://www.youtube.com/watch?v=3zB76VlfY6s,Found,26 Dec 2020,20:20,https://www.youtube.com/watch?v=ZyQs8yhbw-Q,
562,Taarak Mehta Ka Ooltah Chashmah - Episode 562 - Full Episode,https://www.youtube.com/watch?v=uLcU2ixjP7M,Found,27 Dec 2020,18:49,https://www.youtube.com/watch?v=mPZVhm033yc,
563,Taarak Mehta Ka Ooltah Chashmah - Episode 563 - Full Episode,https://www.youtube.com/watch?v=uLvEne6NJd4,Found,28 Dec 2020,20:12,https://www.youtube.com/watch?v=Hul4d5CaCbI,
564,Taarak Mehta Ka Ooltah Chashmah - Episode 564 - Full Episode,https://www.youtube.com/watch?v=IMiXCiLJJsA,Found,29 Dec 2020,20:13,https://www.youtube.com/watch?v=SFhY0UUrwHA,
565,Taarak Mehta Ka Ooltah Chashmah - Episode 565 - Full Episode,https://www.youtube.com/watch?v=xqT5Hm4wdh4,Found,30 Dec 2020,19:25,https://www.youtube.com/watch?v=dCFJVnKWHqU,
566,Taarak Mehta Ka Ooltah Chashmah - Episode 566 - Full Episode,https://www.youtube.com/watch?v=loOoRiid0GQ,Found,31 Dec 2020,20:23,https://www.youtube.com/watch?v=kJgQyPd-aho,
567,Taarak Mehta Ka Ooltah Chashmah - Episode 567 - Full Episode,https://www.youtube.com/watch?v=WNzcvYwOilo,Found,01 Jan 2021,18:54,https://www.youtube.com/watch?v=j-8_0QkWFz0,
568,Taarak Mehta Ka Ooltah Chashmah - Episode 568 - Full Episode,https://www.youtube.com/watch?v=a1Iy-wDFYa8,Found,02 Jan 2021,20:05,https://www.youtube.com/watch?v=xllm75gD6a0,
569,Taarak Mehta Ka Ooltah Chashmah - Episode 569 - Full Episode,https://www.youtube.com/watch?v=PPI67dtu6dM,Found,03 Jan 2021,20:45,https://www.youtube.com/watch?v=qPymEBRSGZE,
570,Taarak Mehta Ka Ooltah Chashmah - Episode 570 - Full Episode,https://www.youtube.com/watch?v=tjAqvIKpbGM,Found,04 Jan 2021,19:31,https://www.youtube.com/watch?v=N9ECreWMjao,
571,Taarak Mehta Ka Ooltah Chashmah - Episode 571 - Full Episode,https://www.youtube.com/watch?v=ieCqmC5EYRo,Found,05 Jan 2021,19:27,https://www.youtube.com/watch?v=JWdFdzj6J20,
572,Taarak Mehta Ka Ooltah Chashmah - Episode 572 - Full Episode,https://www.youtube.com/watch?v=11uvbwgdJSA,Found,06 Jan 2021,18:37,https://www.youtube.com/watch?v=sUfazdASmIY,
573,Taarak Mehta Ka Ooltah Chashmah - Episode 573 - Full Episode,https://www.youtube.com/watch?v=0IAYdzopifc,Found,07 Jan 2021,18:29,https://www.youtube.com/watch?v=dgeJa5TAmsc,
574,Taarak Mehta Ka Ooltah Chashmah - Episode 574 - Full Episode,https://www.youtube.com/watch?v=I7aPNmq-F2A,Found,08 Jan 2021,20:24,https://www.youtube.com/watch?v=Gs6EXDAFlRk,
575,Taarak Mehta Ka Ooltah Chashmah - Episode 575 - Full Episode,https://www.youtube.com/watch?v=tsBLOg9X1b8,Found,09 Jan 2021,19:33,https://www.youtube.com/watch?v=43CJjhYiims,
576,"Taarak Mehta Ka Ooltah Chashmah - Full Episode 576 - 20th March, 2020",https://www.youtube.com/watch?v=xb7jZSl_tXY,Found,20 Mar 2020,18:42,https://www.youtube.com/watch?v=VJtGuzBHMCk,
577,"Taarak Mehta Ka Ooltah Chashmah - Full Episode 577 - 20th March, 2020",https://www.youtube.com/watch?v=wKHDefQpUJ0,Found,20 Mar 2020,18:53,https://www.youtube.com/watch?v=3BkLsg7FZjA,
578,Taarak Mehta Ka Ooltah Chashmah - Episode 578 - Full Episode,https://www.youtube.com/watch?v=2dly649txjE,Found,12 Jan 2021,18:14,https://www.youtube.com/watch?v=8U54wJhbxtE,
579,Taarak Mehta Ka Ooltah Chashmah - Episode 579 - Full Episode,https://www.youtube.com/watch?v=mXV-jTyOf5o,Found,13 Jan 2021,20:00,https://www.youtube.com/watch?v=SbixFPei9H4,
580,Taarak Mehta Ka Ooltah Chashmah - Episode 580 - Full Episode,https://www.youtube.com/watch?v=UNWlbGUK19o,Found,14 Jan 2021,18:25,https://www.youtube.com/watch?v=OJlR7nz_wec,
581,Taarak Mehta Ka Ooltah Chashmah - Episode 581 - Full Episode,https://www.youtube.com/watch?v=weyqGSvZPWc,Found,15 Jan 2021,19:13,https://www.youtube.com/watch?v=uFRx5FkyZBM,
582,Taarak Mehta Ka Ooltah Chashmah - Episode 582 - Full Episode,https://www.youtube.com/watch?v=0kPr56Lh2mI,Found,16 Jan 2021,19:29,https://www.youtube.com/watch?v=dTDAkpnM-lU,
583,Episode 583 - Taarak Mehta Ka Ooltah Chashmah - Full Episode | तारक मेहता का उल्टा चश्मा,https://www.youtube.com/watch?v=1vcUsqi3J4k,Found,11 Dec 2022,18:38,https://www.youtube.com/watch?v=rKItoL2dUZk,
584,Taarak Mehta Ka Ooltah Chashmah - Episode 584 - Full Episode,https://www.youtube.com/watch?v=_MymAVMn8g4,Found,18 Jan 2021,20:23,https://www.youtube.com/watch?v=OAvanidsdMQ,
585,Taarak Mehta Ka Ooltah Chashmah - Episode 585 - Full Episode,https://www.youtube.com/watch?v=jHLwf7HbAcc,Found,19 Jan 2021,19:53,https://www.youtube.com/watch?v=-6UI0NR6xec,
586,Taarak Mehta Ka Ooltah Chashmah - Episode 586 - Full Episode,https://www.youtube.com/watch?v=5lb4DUPXTao,Found,20 Jan 2021,17:02,https://www.youtube.com/watch?v=o4J6QtrNRLo,
587,Taarak Mehta Ka Ooltah Chashmah - Episode 587 - Full Episode,https://www.youtube.com/watch?v=dNxyYH-FXMs,Found,21 Jan 2021,20:07,https://www.youtube.com/watch?v=ycG86kAGklc,
588,Taarak Mehta Ka Ooltah Chashmah - Episode 588 - Full Episode,https://www.youtube.com/watch?v=8jXpJ1hSNkI,Found,22 Jan 2021,18:02,https://www.youtube.com/watch?v=XMAtEqfqSRk,
589,Taarak Mehta Ka Ooltah Chashmah - Episode 589 - Full Episode,https://www.youtube.com/watch?v=uf7UQVMdFO8,Found,23 Jan 2021,20:11,https://www.youtube.com/watch?v=Xth214r3nq0,
590,Taarak Mehta Ka Ooltah Chashmah - Episode 590 - Full Episode,https://www.youtube.com/watch?v=pLNd2_vgMXc,Found,24 Jan 2021,18:51,,
591,Taarak Mehta Ka Ooltah Chashmah - Episode 591 - Full Episode,https://www.youtube.com/watch?v=ASENuyGKThg,Found,25 Jan 2021,19:43,https://www.youtube.com/watch?v=4aSF_IlxUhI,
592,Taarak Mehta Ka Ooltah Chashmah - Episode 592 - Full Episode,https://www.youtube.com/watch?v=ZFlOzVZwepQ,Found,26 Jan 2021,21:22,https://www.youtube.com/watch?v=j609Hqu8sIg,
593,Taarak Mehta Ka Ooltah Chashmah - Episode 593 - Full Episode,https://www.youtube.com/watch?v=XPY1yBO9zAg,Found,27 Jan 2021,21:26,https://www.youtube.com/watch?v=e-iP5-2B_sM,
594,Taarak Mehta Ka Ooltah Chashmah - Episode 594 - Full Episode,https://www.youtube.com/watch?v=IWItDq1_go0,Found,28 Jan 2021,20:31,https://www.youtube.com/watch?v=o5yl5MaY_xA,
595,Taarak Mehta Ka Ooltah Chashmah - Episode 595 - Full Episode,https://www.youtube.com/watch?v=GDMCEk4jiS8,Found,29 Jan 2021,21:25,https://www.youtube.com/watch?v=uNOdwBembhU,
596,Episode 596 - Taarak Mehta Ka Ooltah Chashmah - Full Episode | तारक मेहता का उल्टा चश्मा,https://www.youtube.com/watch?v=41rkbWjfwkw,Found,14 Dec 2022,22:00,https://www.youtube.com/watch?v=XjVOlMArcIE,
597,Episode 597 - Taarak Mehta Ka Ooltah Chashmah - Full Episode | तारक मेहता का उल्टा चश्मा,https://www.youtube.com/watch?v=yuY67Nls_kA,Found,15 Dec 2022,21:43,https://www.youtube.com/watch?v=uoQyj3vDJSM,
598,Taarak Mehta Ka Ooltah Chashmah - Episode 598 - Full Episode,https://www.youtube.com/watch?v=WtX0JG09xS8,Found,30 Jan 2021,19:33,https://www.youtube.com/watch?v=-0IrATGoHqY,
599,तारक मेहता का उल्टा चश्मा - एपिसोड 599,https://www.youtube.com/watch?v=NTH6uwoqiRI,Found,06 Dec 2013,19:37,https://www.youtube.com/watch?v=5pPrzznpuM4,
600,Taarak Mehta Ka Ooltah Chashmah - Episode 600,https://www.youtube.com/watch?v=nJMh7XsrgqE,Found,09 Nov 2013,19:37,https://www.youtube.com/watch?v=l8RyZc9o5Vo,
601,Taarak Mehta Ka Ooltah Chashmah - Episode 601 - Full Episode,https://www.youtube.com/watch?v=swGCfguBq0s,Found,31 Jan 2021,21:13,https://www.youtube.com/watch?v=R4mp1eusw5M,
602,Taarak Mehta Ka Ooltah Chashmah - Episode 602 - Full Episode,https://www.youtube.com/watch?v=luv-6-EJu8M,Found,01 Feb 2021,19:53,https://www.youtube.com/watch?v=AUFtPqLwstY,
603,Taarak Mehta Ka Ooltah Chashmah - Episode 603,https://www.youtube.com/watch?v=ii5jTBuTplM,Found,09 Nov 2013,20:32,https://www.youtube.com/watch?v=9ISd-YHIQe4,
604,Taarak Mehta Ka Ooltah Chashmah - Episode 604 - Full Episode,https://www.youtube.com/watch?v=IRV_5wuZ9BM,Found,02 Feb 2021,21:10,https://www.youtube.com/watch?v=U02Nsz_5b1o,
605,Taarak Mehta Ka Ooltah Chashmah - Episode 605 - Full Episode,https://www.youtube.com/watch?v=ZwDoBTnjij8,Found,03 Feb 2021,19:14,https://www.youtube.com/watch?v=vHBf9rZNl3g,
606,Taarak Mehta Ka Ooltah Chashmah - Episode 606 - Full Episode,https://www.youtube.com/watch?v=4YHPR1VaVO8,Found,04 Feb 2021,20:33,https://www.youtube.com/watch?v=0qLJ1DmDP4c,
607,"Taarak Mehta Ka Ooltah Chashmah - Full Episode 607 - 22nd March, 2020",https://www.youtube.com/watch?v=27wsE_5s5yY,Found,22 Mar 2020,19:08,https://www.youtube.com/watch?v=n7ov1bEsLOg,
608,"Taarak Mehta Ka Ooltah Chashmah - Full Episode 608 - 22nd March, 2020",https://www.youtube.com/watch?v=9MPrDJNWrYU,Found,22 Mar 2020,21:15,https://www.youtube.com/watch?v=10gzZWZOuls,
609,Taarak Mehta Ka Ooltah Chashmah - Episode 609,https://www.youtube.com/watch?v=kQtQYGEo8QM,Found,09 Nov 2013,20:47,https://www.youtube.com/watch?v=8OHoIVdZ-gc,
610,Episode 610 - Taarak Mehta Ka Ooltah Chashmah - Full Episode | तारक मेहता का उल्टा चश्मा,https://www.youtube.com/watch?v=r-IbfA2ZXOM,Found,23 Mar 2020,21:53,https://www.youtube.com/watch?v=r-IbfA2ZXOM,
611,तारक मेहता का उल्टा चश्मा - एपिसोड 611,https://www.youtube.com/watch?v=a_WC5lBhBlY,Found,06 Dec 2013,21:37,https://www.youtube.com/watch?v=DGllhZt3p4Q,
612,"Taarak Mehta Ka Ooltah Chashmah - Full Episode 612 - 24th March, 2020",https://www.youtube.com/watch?v=apjONP90Fys,Found,24 Mar 2020,19:58,https://www.youtube.com/watch?v=fpfHtBkZpt8,
613,"Taarak Mehta Ka Ooltah Chashmah - Full Episode 613 - 25th March, 2020",https://www.youtube.com/watch?v=zU01v22HCcs,Found,25 Mar 2020,20:20,https://www.youtube.com/watch?v=cO-0znqvhjE,
614,"Taarak Mehta Ka Ooltah Chashmah - Full Episode 614 - 25th March, 2020",https://www.youtube.com/watch?v=cOnUqkCh7Xc,Found,25 Mar 2020,21:29,https://www.youtube.com/watch?v=3jTY1fJUyKI,
615,"Taarak Mehta Ka Ooltah Chashmah - Full Episode 615 - 26th March, 2020",https://www.youtube.com/watch?v=dX_-cRs5dAA,Found,26 Mar 2020,21:10,https://www.youtube.com/watch?v=8HIHmXOO_SU,
616,"Taarak Mehta Ka Ooltah Chashmah - Full Episode 616 - 26th March, 2020",https://www.youtube.com/watch?v=EtEc94qiixA,Found,26 Mar 2020,19:53,https://www.youtube.com/watch?v=mpurcocPeI4,
617,Taarak Mehta Ka Ooltah Chashmah | तारक मेहता का उल्टा चश्मा | Episode 617 | Full Episode,https://www.youtube.com/watch?v=o7S_4n3lcL4,Found,18 Aug 2020,20:10,https://www.youtube.com/watch?v=Mr0eJBNrRX0,
618,"Taarak Mehta Ka Ooltah Chashmah | तारक मेहता का उल्टा चश्मा | Episode 618 | 19th August, 2020",https://www.youtube.com/watch?v=5n2s_Trm50c,Found,19 Aug 2020,21:28,https://www.youtube.com/watch?v=SoKqCC30Apw,
619,तारक मेहता का उल्टा चश्मा - एपिसोड 619,https://www.youtube.com/watch?v=G6UPCj3tiec,Found,06 Dec 2013,19:25,https://www.youtube.com/watch?v=G1M9RAtE3HU,
620,तारक मेहता का उल्टा चश्मा - एपिसोड 620,https://www.youtube.com/watch?v=WS86X3Mpqmg,Found,09 Nov 2013,20:11,https://www.youtube.com/watch?v=HVX0Uxc5fvw,
621,तारक मेहता का उल्टा चश्मा - एपिसोड 621,https://www.youtube.com/watch?v=9sRH3GgNAn4,Found,09 Nov 2013,17:11,https://www.youtube.com/watch?v=4K1_vuOSUiA,
622,"Taarak Mehta Ka Ooltah Chashmah | तारक मेहता का उल्टा चश्मा | Episode 622 | 14th October, 2020",https://www.youtube.com/watch?v=ieOX5qraaAE,Found,14 Oct 2020,21:09,https://www.youtube.com/watch?v=ZnXoPcZnjuw,
623,तारक मेहता का उल्टा चश्मा - एपिसोड 623,https://www.youtube.com/watch?v=nax1r7IAWaY,Found,06 Dec 2013,20:14,https://www.youtube.com/watch?v=vdMGjQg6y-g,
624,"Taarak Mehta Ka Ooltah Chashmah | तारक मेहता का उल्टा चश्मा | Episode 624 | 15th October, 2020",https://www.youtube.com/watch?v=skVAUi-9_jo,Found,15 Oct 2020,21:33,https://www.youtube.com/watch?v=SCeliffla_k,
625,तारक मेहता का उल्टा चश्मा - एपिसोड 625,https://www.youtube.com/watch?v=Lf01MrPmNik,Found,09 Nov 2013,21:42,https://www.youtube.com/watch?v=1viCO46B7uU,
626,तारक मेहता का उल्टा चश्मा - एपिसोड 626,https://www.youtube.com/watch?v=4Ouxf5ByKnE,Found,22 Aug 2014,21:56,https://www.youtube.com/watch?v=vVB1saoU1zU,
627,तारक मेहता का उल्टा चश्मा - एपिसोड 627,https://www.youtube.com/watch?v=1gHJf28SAEg,Found,09 Nov 2013,22:01,https://www.youtube.com/watch?v=LFhcZ4bBl1g,
628,तारक मेहता का उल्टा चश्मा - एपिसोड 628,https://www.youtube.com/watch?v=Kb2X3vURkTk,Found,06 Dec 2013,21:13,https://www.youtube.com/watch?v=yB7zArjnhkY,
629,तारक मेहता का उल्टा चश्मा - एपिसोड 629,https://www.youtube.com/watch?v=oW6MHJoSE1g,Found,09 Nov 2013,22:42,https://www.youtube.com/watch?v=SKA8UkZyfPk,
630,तारक मेहता का उल्टा चश्मा - एपिसोड 630,https://www.youtube.com/watch?v=z2NvgU0dVx0,Found,06 Dec 2013,23:05,https://www.youtube.com/watch?v=5SQ6Ars3nCg,
631,तारक मेहता का उल्टा चश्मा - एपिसोड 631,https://www.youtube.com/watch?v=1FIHHCqoG08,Found,30 Oct 2013,20:57,https://www.youtube.com/watch?v=7DbgRwCFt0Q,
632,Episode 632 - Taarak Mehta Ka Ooltah Chashmah - Full Episode | तारक मेहता का उल्टा चश्मा,https://www.youtube.com/watch?v=94VVpr-snZE,Found,23 Dec 2022,22:55,https://www.youtube.com/watch?v=Vasu0fbxsR4,
633,Episode 633 - Taarak Mehta Ka Ooltah Chashmah - Full Episode | तारक मेहता का उल्टा चश्मा,https://www.youtube.com/watch?v=-sVAj9qys64,Found,23 Dec 2022,21:51,https://www.youtube.com/watch?v=OrENPjRXIoY,
634,तारक मेहता का उल्टा चश्मा - एपिसोड 634,https://www.youtube.com/watch?v=C2MCyzhIbm8,Found,30 Oct 2013,21:00,https://www.youtube.com/watch?v=13v3i61O9uo,
635,Episode 635 - Taarak Mehta Ka Ooltah Chashmah - Full Episode | तारक मेहता का उल्टा चश्मा,https://www.youtube.com/watch?v=QNHv50jynTY,Found,24 Dec 2022,21:16,https://www.youtube.com/watch?v=rFbG4_xS4zY,
636,Taarak Mehta Ka Ooltah Chashmah - Episode 636 - Full Episode,https://www.youtube.com/watch?v=WCYpeu_HD1M,Found,08 Feb 2021,21:32,https://www.youtube.com/watch?v=4ZK8IB6Odiw,
637,तारक मेहता का उल्टा चश्मा - एपिसोड 637,https://www.youtube.com/watch?v=RgJNnvUprbA,Found,30 Oct 2013,21:11,https://www.youtube.com/watch?v=ytmPUbFgRZI,
638,"Taarak Mehta Ka Ooltah Chashmah | तारक मेहता का उल्टा चश्मा | Episode 638 | 5th October, 2020",https://www.youtube.com/watch?v=BH3U4gIPRpU,Found,05 Oct 2020,18:18,https://www.youtube.com/watch?v=oduBua_dyyw,
639,"Taarak Mehta Ka Ooltah Chashmah | तारक मेहता का उल्टा चश्मा | Episode 639 | 5th October, 2020",https://www.youtube.com/watch?v=MrwIvdprWJQ,Found,05 Oct 2020,19:49,https://www.youtube.com/watch?v=NSeePcplsX0,
640,तारक मेहता का उल्टा चश्मा - एपिसोड 640,https://www.youtube.com/watch?v=0oKLrou1VVw,Found,30 Oct 2013,20:09,https://www.youtube.com/watch?v=_wm_shIELIA,
641,तारक मेहता का उल्टा चश्मा - एपिसोड 641,https://www.youtube.com/watch?v=A3yLo6LHwNw,Found,30 Oct 2013,19:36,https://www.youtube.com/watch?v=no2iD9-glbY,
642,"Taarak Mehta Ka Ooltah Chashmah | तारक मेहता का उल्टा चश्मा | Episode 642 | 7th October, 2020",https://www.youtube.com/watch?v=MCl9edmcRS4,Found,07 Oct 2020,19:07,https://www.youtube.com/watch?v=5mZ6DpDgj-k,
643,तारक मेहता का उल्टा चश्मा - एपिसोड 643,https://www.youtube.com/watch?v=-07LrDE5pLU,Found,30 Oct 2013,18:22,https://www.youtube.com/watch?v=oBJOWAsD9_w,
644,"Taarak Mehta Ka Ooltah Chashmah | तारक मेहता का उल्टा चश्मा | Episode 644 | 8th October, 2020",https://www.youtube.com/watch?v=D9COdbjA2TE,Found,08 Oct 2020,20:12,https://www.youtube.com/watch?v=wQvQYRgfPoE,
645,तारक मेहता का उल्टा चश्मा - एपिसोड 645,https://www.youtube.com/watch?v=XCIaYPNhnjY,Found,30 Oct 2013,20:09,https://www.youtube.com/watch?v=KoCcMq44MdA,
646,तारक मेहता का उल्टा चश्मा - एपिसोड 646,https://www.youtube.com/watch?v=SFuHREole14,Found,30 Oct 2013,22:00,https://www.youtube.com/watch?v=_AWNJseBbx4,
647,तारक मेहता का उल्टा चश्मा - एपिसोड 647,https://www.youtube.com/watch?v=P_2NPXR373w,Found,30 Oct 2013,20:35,https://www.youtube.com/watch?v=tmGL-3wkHnI,
648,तारक मेहता का उल्टा चश्मा - एपिसोड 648,https://www.youtube.com/watch?v=W7TiNpfjGCI,Found,30 Oct 2013,21:00,https://www.youtube.com/watch?v=08F2gBPpzvQ,
649,तारक मेहता का उल्टा चश्मा - एपिसोड 649,https://www.youtube.com/watch?v=_-MiJxZwoYY,Found,30 Oct 2013,20:29,https://www.youtube.com/watch?v=zVAOwmjt5Jk,
650,तारक मेहता का उल्टा चश्मा - एपिसोड 650,https://www.youtube.com/watch?v=syh6jQmGQHE,Found,30 Oct 2013,19:25,https://www.youtube.com/watch?v=p43V1bTZ12I,
651,तारक मेहता का उल्टा चश्मा - एपिसोड 651,https://www.youtube.com/watch?v=hLfn4P4ARM4,Found,30 Oct 2013,20:04,https://www.youtube.com/watch?v=xSoEDC9Lx50,
652,तारक मेहता का उल्टा चश्मा - एपिसोड 652,https://www.youtube.com/watch?v=I3IlNEmom2Q,Found,30 Oct 2013,19:10,https://www.youtube.com/watch?v=GeuOGRdgW-Y,
653,तारक मेहता का उल्टा चश्मा - एपिसोड 653,https://www.youtube.com/watch?v=HDP6Mp_nEoQ,Found,30 Oct 2013,22:06,https://www.youtube.com/watch?v=bhva517IQZ8,
654,Taarak Mehta Ka Ooltah Chashmah | तारक मेहता का उल्टा चश्मा | Episode 654 | Full Episode,https://www.youtube.com/watch?v=0Dx_pq_Wnrs,Found,30 Jul 2020,18:10,https://www.youtube.com/watch?v=NRsFHPCkN5w,https://www.youtube.com/watch?v=khm_VrWf6RM
655,Episode 655 - Taarak Mehta Ka Ooltah Chashmah - Full Episode | तारक मेहता का उल्टा चश्मा,https://www.youtube.com/watch?v=xxpVCA_d0q8,Found,28 Dec 2022,21:34,https://www.youtube.com/watch?v=RL5xrQiiWOE,
656,तारक मेहता का उल्टा चश्मा - एपिसोड 656,https://www.youtube.com/watch?v=scW4QoF210I,Found,30 Oct 2013,21:27,https://www.youtube.com/watch?v=XGicBssfQfU,
657,तारक मेहता का उल्टा चश्मा - एपिसोड 657,https://www.youtube.com/watch?v=VJsTl4WmLpI,Found,30 Oct 2013,20:55,https://www.youtube.com/watch?v=lQH-3-KqoYM,
658,तारक मेहता का उल्टा चश्मा - एपिसोड 658,https://www.youtube.com/watch?v=XlWKGEFov_U,Found,30 Oct 2013,22:01,https://www.youtube.com/watch?v=88IiZqVcSuU,
659,तारक मेहता का उल्टा चश्मा - एपिसोड 659,https://www.youtube.com/watch?v=Xl65J8Fzj04,Found,30 Oct 2013,19:46,https://www.youtube.com/watch?v=t8PheY0NzWE,
660,Taarak Mehta Ka Ooltah Chashmah - Episode 660 - Full Episode,https://www.youtube.com/watch?v=mjdKIym95iQ,Found,11 Feb 2021,21:24,https://www.youtube.com/watch?v=Wnl8akTorCk,
661,तारक मेहता का उल्टा चश्मा - एपिसोड 661,https://www.youtube.com/watch?v=30nhws0YJ7c,Found,30 Oct 2013,19:25,https://www.youtube.com/watch?v=RqMp8n-H98c,
662,तारक मेहता का उल्टा चश्मा - एपिसोड 662,https://www.youtube.com/watch?v=Al16kQdpx8o,Found,30 Oct 2013,18:45,https://www.youtube.com/watch?v=h7CDu759i4A,
663,तारक मेहता का उल्टा चश्मा - एपिसोड 663,https://www.youtube.com/watch?v=zfZH081YFD4,Found,30 Oct 2013,19:45,https://www.youtube.com/watch?v=IAhkzknILEg,
664,तारक मेहता का उल्टा चश्मा - एपिसोड 664,https://www.youtube.com/watch?v=9BhqDBcKDHU,Found,30 Oct 2013,20:03,https://www.youtube.com/watch?v=793j9n8p-LI,
665,तारक मेहता का उल्टा चश्मा - एपिसोड 665,https://www.youtube.com/watch?v=rO0t0KKPrkg,Found,30 Oct 2013,22:30,https://www.youtube.com/watch?v=xutIYSnU-V4,
666,तारक मेहता का उल्टा चश्मा - एपिसोड 666,https://www.youtube.com/watch?v=xTD9qw5Pwek,Found,30 Oct 2013,21:52,https://www.youtube.com/watch?v=Gz8y4lVv1D8,
667,तारक मेहता का उल्टा चश्मा - एपिसोड 667,https://www.youtube.com/watch?v=23SQGvtNdJs,Found,30 Oct 2013,21:43,https://www.youtube.com/watch?v=H1usdx65xLU,
668,तारक मेहता का उल्टा चश्मा - एपिसोड 668,https://www.youtube.com/watch?v=qU52g55hqXg,Found,30 Oct 2013,20:29,https://www.youtube.com/watch?v=esMPVHPDURE,
669,Taarak Mehta Ka Ooltah Chashmah - Episode 669 - Full Episode,https://www.youtube.com/watch?v=lKR4BCSDv2g,Found,12 Feb 2021,23:07,https://www.youtube.com/watch?v=ANNqDHhKq_s,
670,Taarak Mehta Ka Ooltah Chashmah - Episode 670 - Full Episode,https://www.youtube.com/watch?v=he_m-p6s9Q4,Found,13 Feb 2021,19:43,https://www.youtube.com/watch?v=xKhqnnrMIHE,
671,तारक मेहता का उल्टा चश्मा - एपिसोड 671,https://www.youtube.com/watch?v=0kheG55cEfE,Found,06 Dec 2013,20:48,https://www.youtube.com/watch?v=c9GqFrCosgo,
672,तारक मेहता का उल्टा चश्मा - एपिसोड 672,https://www.youtube.com/watch?v=01AZS2Ra2Vw,Found,30 Oct 2013,21:16,https://www.youtube.com/watch?v=cNebEbTenQ4,
673,तारक मेहता का उल्टा चश्मा - एपिसोड 673,https://www.youtube.com/watch?v=C2oRYVZhezg,Found,30 Oct 2013,20:22,https://www.youtube.com/watch?v=37lvSr-IVrM,
674,Taarak Mehta Ka Ooltah Chashmah - Episode 674 - Full Episode,https://www.youtube.com/watch?v=lydxCTdeAHE,Found,14 Feb 2021,21:13,https://www.youtube.com/watch?v=t9RjiX_0bGE,https://www.youtube.com/watch?v=GqIPQYSgxl4
675,तारक मेहता का उल्टा चश्मा - एपिसोड 675,https://www.youtube.com/watch?v=bO_uHG3W5lc,Found,30 Oct 2013,21:04,https://www.youtube.com/watch?v=GhJGpIiGYaI,
676,Taarak Mehta Ka Ooltah Chashmah - Episode 676 - Full Episode,https://www.youtube.com/watch?v=ISulb1DAGVo,Found,15 Feb 2021,20:39,https://www.youtube.com/watch?v=y-LqcGsa530,
677,Taarak Mehta Ka Ooltah Chashmah - Episode 677,https://www.youtube.com/watch?v=3s8W1xU78No,Found,30 Oct 2013,20:34,https://www.youtube.com/watch?v=G5QjVT3DFUE,
678,Taarak Mehta Ka Ooltah Chashmah | तारक मेहता का उल्टा चश्मा | Episode 678 | Full Episode,https://www.youtube.com/watch?v=74Wt2kN5AXI,Found,01 Sep 2020,20:21,https://www.youtube.com/watch?v=Iw6QpyhdT5E,
679,Taarak Mehta Ka Ooltah Chashmah - Episode 679 - Full Episode,https://www.youtube.com/watch?v=n908yc61wBU,Found,16 Feb 2021,21:50,https://www.youtube.com/watch?v=g1d_ZqJiSik,
680,तारक मेहता का उल्टा चश्मा - एपिसोड 680,https://www.youtube.com/watch?v=bTdYu3F4WLs,Found,30 Oct 2013,19:38,https://www.youtube.com/watch?v=rodze-T5ZHk,
681,Episode 681 - Taarak Mehta Ka Ooltah Chashmah - Full Episode | तारक मेहता का उल्टा चश्मा,https://www.youtube.com/watch?v=vnD6Qw63XzQ,Found,06 Jan 2023,20:46,https://www.youtube.com/watch?v=qvJ3c_oijaQ,
682,Taarak Mehta Ka Ooltah Chashmah | तारक मेहता का उल्टा चश्मा | Episode 682 | Full Episode,https://www.youtube.com/watch?v=7qYcGX88qhE,Found,04 Sep 2020,20:07,https://www.youtube.com/watch?v=3BFju7F8YoQ,
683,तारक मेहता का उल्टा चश्मा - एपिसोड 683,https://www.youtube.com/watch?v=SL5f9Uw-QZU,Found,30 Oct 2013,20:39,https://www.youtube.com/watch?v=XDt6lJVOAWs,
684,Taarak Mehta Ka Ooltah Chashmah | तारक मेहता का उल्टा चश्मा | Episode 684 | Full Episode,https://www.youtube.com/watch?v=bNgZKaLfOiU,Found,07 Sep 2020,19:24,https://www.youtube.com/watch?v=gKkof5rmdsw,
685,तारक मेहता का उल्टा चश्मा - एपिसोड 685,https://www.youtube.com/watch?v=Axs2WfvcISg,Found,30 Oct 2013,20:53,https://www.youtube.com/watch?v=H9bTAOQLKLk,
686,तारक मेहता का उल्टा चश्मा - एपिसोड 686,https://www.youtube.com/watch?v=u4daAehs35o,Found,30 Oct 2013,19:07,https://www.youtube.com/watch?v=q06rnHoiC10,
687,Taarak Mehta Ka Ooltah Chashmah | तारक मेहता का उल्टा चश्मा | Episode 687 | Full Episode,https://www.youtube.com/watch?v=Bzouj0iE7GM,Found,10 Sep 2020,21:12,https://www.youtube.com/watch?v=2a3qyYGTRT8,
688,तारक मेहता का उल्टा चश्मा - एपिसोड 688,https://www.youtube.com/watch?v=ZIMjIP78aMY,Found,30 Oct 2013,21:03,https://www.youtube.com/watch?v=vyvYdYDamck,
689,तारक मेहता का उल्टा चश्मा - एपिसोड 689,https://www.youtube.com/watch?v=nO8FW2i7TZc,Found,30 Oct 2013,20:17,https://www.youtube.com/watch?v=VbskqBBZp_E,
690,तारक मेहता का उल्टा चश्मा - एपिसोड 690,https://www.youtube.com/watch?v=7PQCLQVGEPQ,Found,30 Oct 2013,21:03,https://www.youtube.com/watch?v=DuFpks3O1uY,
691,Taarak Mehta Ka Ooltah Chashmah | तारक मेहता का उल्टा चश्मा | Episode 691 | Full Episode,https://www.youtube.com/watch?v=U_4hsUoK3tY,Found,16 Sep 2020,21:14,https://www.youtube.com/watch?v=wFa8Nca2uuQ,https://www.youtube.com/watch?v=Wl7atNLi7lI
692,तारक मेहता का उल्टा चश्मा - एपिसोड 692,https://www.youtube.com/watch?v=CTR2PQ5wqrI,Found,30 Oct 2013,21:21,https://www.youtube.com/watch?v=Am2l2Ei13tE,https://www.youtube.com/watch?v=baUjkZXavIo
693,तारक मेहता का उल्टा चश्मा - एपिसोड 693,https://www.youtube.com/watch?v=8KdtYJjY2AY,Found,30 Oct 2013,21:14,https://www.youtube.com/watch?v=OoUqGkkLATM,https://www.youtube.com/watch?v=Z2kdF8YtAhQ
694,Taarak Mehta Ka Ooltah Chashmah | तारक मेहता का उल्टा चश्मा | Episode 694 | Full Episode,https://www.youtube.com/watch?v=zLsuF2kquPY,Found,19 Sep 2020,21:11,https://www.youtube.com/watch?v=4Bo--mbMONE,
695,Episode 695 - Taarak Mehta Ka Ooltah Chashmah - Full Episode | तारक मेहता का उल्टा चश्मा,https://www.youtube.com/watch?v=NDXNFAJYYWA,Found,09 Jan 2023,20:38,https://www.youtube.com/watch?v=X5EwDS7OY54,
696,तारक मेहता का उल्टा चश्मा - एपिसोड 696,https://www.youtube.com/watch?v=xcPVpHDHhwY,Found,30 Oct 2013,20:40,https://www.youtube.com/watch?v=eMoUag2hLyE,
697,"Taarak Mehta Ka Ooltah Chashmah | तारक मेहता का उल्टा चश्मा | Episode 697 | 21st September, 2020",https://www.youtube.com/watch?v=RLn04vDBq7U,Found,21 Sep 2020,21:09,https://www.youtube.com/watch?v=6yV-W8nj01w,
698,तारक मेहता का उल्टा चश्मा - एपिसोड 698,https://www.youtube.com/watch?v=mFQ-Eo2Kwnk,Found,30 Oct 2013,19:44,https://www.youtube.com/watch?v=-ARTCWhlnRE,
699,तारक मेहता का उल्टा चश्मा - एपिसोड 699,https://www.youtube.com/watch?v=6e83ZFoaQvc,Found,30 Oct 2013,21:25,https://www.youtube.com/watch?v=MOOH-Bby1KA,
700,तारक मेहता का उल्टा चश्मा - एपिसोड 700,https://www.youtube.com/watch?v=tSDDI25UFo8,Found,30 Oct 2013,21:36,https://www.youtube.com/watch?v=ajR6TD0qT00,
701,तारक मेहता का उल्टा चश्मा - एपिसोड 701,https://www.youtube.com/watch?v=mUxzDsDghho,Found,30 Oct 2013,22:26,https://www.youtube.com/watch?v=SvPH4EZcOuA,
702,तारक मेहता का उल्टा चश्मा - एपिसोड 702,https://www.youtube.com/watch?v=6MNc4SBNDCw,Found,30 Oct 2013,21:12,https://www.youtube.com/watch?v=q-YHgOA9cQ8,
703,तारक मेहता का उल्टा चश्मा - एपिसोड 703,https://www.youtube.com/watch?v=MOmRM3v8t24,Found,30 Oct 2013,21:36,https://www.youtube.com/watch?v=POgjTfrpODo,
704,तारक मेहता का उल्टा चश्मा - एपिसोड 704,https://www.youtube.com/watch?v=1ZuUcsgSKzk,Found,30 Oct 2013,20:30,https://www.youtube.com/watch?v=KEJXjgTWufo,
705,तारक मेहता का उल्टा चश्मा - एपिसोड 705,https://www.youtube.com/watch?v=TbjfF0BBJyY,Found,30 Oct 2013,19:07,https://www.youtube.com/watch?v=Agv0C-HTCg0,
706,Taarak Mehta Ka Ooltah Chashmah - Episode 706 - Full Episode,https://www.youtube.com/watch?v=RU06cMGds2M,Found,20 Feb 2021,20:32,https://www.youtube.com/watch?v=XtGvoJwTQNY,https://www.youtube.com/watch?v=RMOJtEj86I0
707,तारक मेहता का उल्टा चश्मा - एपिसोड 707,https://www.youtube.com/watch?v=Vg5Dbc_4TsM,Found,30 Oct 2013,20:19,https://www.youtube.com/watch?v=8dz4sR6b3_g,
708,"Taarak Mehta Ka Ooltah Chashmah | तारक मेहता का उल्टा चश्मा | Episode 708 | 30th September, 2020",https://www.youtube.com/watch?v=5WkYjd1UCyg,Found,30 Sep 2020,20:08,https://www.youtube.com/watch?v=I9j26zdptIw,https://www.youtube.com/watch?v=B8-UMFKgwCo
709,तारक मेहता का उल्टा चश्मा - 709 एपिसोड,https://www.youtube.com/watch?v=RIbYgZbjoHs,Found,30 Oct 2013,18:19,https://www.youtube.com/watch?v=TZXfPcILsE8,
710,तारक मेहता का उल्टा चश्मा - एपिसोड 710,https://www.youtube.com/watch?v=60zif2_W7Ak,Found,30 Oct 2013,20:39,https://www.youtube.com/watch?v=GbrDr8CKdd0,
711,Episode 711 - Taarak Mehta Ka Ooltah Chashmah - Full Episode | तारक मेहता का उल्टा चश्मा,https://www.youtube.com/watch?v=ZftsM53ul8c,Found,12 Jan 2023,20:42,https://www.youtube.com/watch?v=gLVnyZG7gKs,
712,तारक मेहता का उल्टा चश्मा - एपिसोड 712,https://www.youtube.com/watch?v=pEYWghSAfLY,Found,30 Oct 2013,20:05,https://www.youtube.com/watch?v=J9_Po7IiRLw,https://www.youtube.com/watch?v=wJ-xTOcfGIs
713,तारक मेहता का उल्टा चश्मा - एपिसोड 713,https://www.youtube.com/watch?v=xe0_B7UtDUc,Found,30 Oct 2013,19:41,https://www.youtube.com/watch?v=JedZkPZrVL8,
714,Taarak Mehta Ka Ooltah Chashmah - Episode 714 - Full Episode,https://www.youtube.com/watch?v=QYB1ZetgzUY,Found,21 Feb 2021,19:44,https://www.youtube.com/watch?v=4z4tWFRfMkw,https://www.youtube.com/watch?v=rI2L1cVLIIQ
715,तारक मेहता का उल्टा चश्मा - एपिसोड 715,https://www.youtube.com/watch?v=QG7iyJM535c,Found,30 Oct 2013,20:43,,
716,Naina Ke Aashiq - Maddam Sir - Ep 716 - Full Episode - 20 Jan 2023,https://www.youtube.com/watch?v=EF8if1YCDlg,Found,20 Aug 2023,22:01,,
717,तारक मेहता का उल्टा चश्मा - एपिसोड 717,https://www.youtube.com/watch?v=lW8vW4eOS1w,Found,30 Oct 2013,21:06,https://www.youtube.com/watch?v=Qt0JJHPEA2k,
718,Episode 718 - Taarak Mehta Ka Ooltah Chashmah - Full Episode | तारक मेहता का उल्टा चश्मा,https://www.youtube.com/watch?v=HQlHLnJp_1A,Found,13 Jan 2023,20:26,https://www.youtube.com/watch?v=RbZKvtydtHs,
719,तारक मेहता का उल्टा चश्मा - एपिसोड 719,https://www.youtube.com/watch?v=Q6l06bhn5_8,Found,30 Oct 2013,19:04,https://www.youtube.com/watch?v=a4KtEm8PijI,
720,तारक मेहता का उल्टा चश्मा - एपिसोड 720,https://www.youtube.com/watch?v=w9B1xjA3Vu8,Found,06 Dec 2013,20:14,https://www.youtube.com/watch?v=WOM6bkMW4mg,
721,Taarak Mehta Ka Ooltah Chashmah - Episode 721 - Full Episode,https://www.youtube.com/watch?v=02bnHYSgZTo,Found,23 Feb 2021,20:18,https://www.youtube.com/watch?v=Nto5zpApDGE,
722,तारक मेहता का उल्टा चश्मा - एपिसोड 722,https://www.youtube.com/watch?v=ZkmWfXecEyU,Found,30 Oct 2013,20:02,https://www.youtube.com/watch?v=8r3ntIKuzLI,
723,तारक मेहता का उल्टा चश्मा - एपिसोड 723,https://www.youtube.com/watch?v=7cwp6lNa5Tw,Found,30 Oct 2013,20:30,https://www.youtube.com/watch?v=CZsKnHQBZuA,
724,तारक मेहता का उल्टा चश्मा - एपिसोड 724,https://www.youtube.com/watch?v=4XX8wk0vALQ,Found,30 Oct 2013,17:51,https://www.youtube.com/watch?v=x5-nBR-at8Q,
725,तारक मेहता का उल्टा चश्मा - एपिसोड 725,https://www.youtube.com/watch?v=wX1kVd6_mH0,Found,30 Oct 2013,21:04,https://www.youtube.com/watch?v=Yyyc3A7rcYw,
726,तारक मेहता का उल्टा चश्मा - एपिसोड 726,https://www.youtube.com/watch?v=seDcusc41AM,Found,30 Oct 2013,21:40,https://www.youtube.com/watch?v=M80dGwG7NNU,
727,तारक मेहता का उल्टा चश्मा - एपिसोड 727,https://www.youtube.com/watch?v=jWzKq8lZArw,Found,30 Oct 2013,21:47,https://www.youtube.com/watch?v=8isxi8f_72Q,
728,Taarak Mehta Ka Ooltah Chashmah - Episode 728 - Full Episode,https://www.youtube.com/watch?v=6A-qZ_JCV3o,Found,24 Feb 2021,21:16,https://www.youtube.com/watch?v=8XigoJkNOnc,
729,Taarak Mehta Ka Ooltah Chashmah - Episode 729 - Full Episode,https://www.youtube.com/watch?v=w-aVXeC4Kpw,Found,25 Feb 2021,20:26,https://www.youtube.com/watch?v=3Yd14gAXgkI,
730,Taarak Mehta Ka Ooltah Chashmah - Episode 730 - Full Episode,https://www.youtube.com/watch?v=MCurTPaKgrk,Found,26 Feb 2021,20:32,https://www.youtube.com/watch?v=ZwnMJDW_bmE,
731,Taarak Mehta Ka Ooltah Chashmah - Episode 731 - Full Episode,https://www.youtube.com/watch?v=inEC9fWUwBE,Found,27 Feb 2021,20:55,https://www.youtube.com/watch?v=QgAG8IOldt0,
732,Taarak Mehta Ka Ooltah Chashmah - Episode 732 - Full Episode,https://www.youtube.com/watch?v=HmnG35THPeA,Found,28 Feb 2021,18:45,https://www.youtube.com/watch?v=131JvTqgqzE,
733,Taarak Mehta Ka Ooltah Chashmah - Episode 733 - Full Episode,https://www.youtube.com/watch?v=OrSbSedUIDE,Found,01 Mar 2021,19:56,https://www.youtube.com/watch?v=PH5KpYU83pU,
734,Taarak Mehta Ka Ooltah Chashmah - Episode 734 - Full Episode,https://www.youtube.com/watch?v=NY_zZF8EAls,Found,02 Mar 2021,20:01,https://www.youtube.com/watch?v=_g_rb6IlSB4,
735,तारक मेहता का उल्टा चश्मा - एपिसोड 735,https://www.youtube.com/watch?v=ivr6GhlX060,Found,21 Nov 2013,20:45,https://www.youtube.com/watch?v=miXardO6Cc0,
736,Taarak Mehta Ka Ooltah Chashmah - Episode 736 - Full Episode,https://www.youtube.com/watch?v=InooFx7G1ig,Found,03 Mar 2021,20:48,https://www.youtube.com/watch?v=rGX6jKXlm48,
737,Taarak Mehta Ka Ooltah Chashmah - Episode 737 - Full Episode,https://www.youtube.com/watch?v=FxBsM5Z7THQ,Found,04 Mar 2021,20:37,https://www.youtube.com/watch?v=XGcxlUY4Y3Q,
738,Taarak Mehta Ka Ooltah Chashmah - Episode 738 - Full Episode,https://www.youtube.com/watch?v=FEpZ80m-BOw,Found,05 Mar 2021,20:45,https://www.youtube.com/watch?v=1gCHHgvE3gI,
739,Taarak Mehta Ka Ooltah Chashmah - Episode 739 - Full Episode,https://www.youtube.com/watch?v=HQILD72Qlds,Found,06 Mar 2021,19:24,https://www.youtube.com/watch?v=7Jt184BW8ng,
740,Taarak Mehta Ka Ooltah Chashmah - Episode 740 - Full Episode,https://www.youtube.com/watch?v=Y14HWGcavF4,Found,07 Mar 2021,18:55,https://www.youtube.com/watch?v=I-A13sKLPE4,
741,Taarak Mehta Ka Ooltah Chashmah - Episode 741 - Full Episode,https://www.youtube.com/watch?v=uMaCKhDLkj0,Found,08 Jan 2021,21:03,https://www.youtube.com/watch?v=uT40KhGB_AQ,https://www.youtube.com/watch?v=cn6YG0Ku2zI
742,Taarak Mehta Ka Ooltah Chashmah - Episode 742 - Full Episode,https://www.youtube.com/watch?v=RV04Mo1mhVg,Found,08 Jan 2021,21:15,,https://www.youtube.com/watch?v=_CRKNkyqUM0
743,Taarak Mehta Ka Ooltah Chashmah - Episode 743 - Full Episode,https://www.youtube.com/watch?v=ffIxwSXpob4,Found,08 Jan 2021,16:54,,https://www.youtube.com/watch?v=WpBNmErhDUw
744,Taarak Mehta Ka Ooltah Chashmah - Episode 744 - Full Episode,https://www.youtube.com/watch?v=ok64VV7kYkc,Found,11 Mar 2021,18:53,https://www.youtube.com/watch?v=Lmw8O307iG4,
745,Taarak Mehta Ka Ooltah Chashmah - Episode 745 - Full Episode,https://www.youtube.com/watch?v=3f1dkKSHTaQ,Found,12 Mar 2021,20:07,https://www.youtube.com/watch?v=bMD-yF9ZHJo,
746,Taarak Mehta Ka Ooltah Chashmah - Episode 746 - Full Episode,https://www.youtube.com/watch?v=3R3n2AcRwvE,Found,13 Mar 2021,19:27,https://www.youtube.com/watch?v=dZGQkEFJTuc,
747,Taarak Mehta Ka Ooltah Chashmah - Episode 747 - Full Episode,https://www.youtube.com/watch?v=3sKRQU-q8Ik,Found,14 Mar 2021,19:02,https://www.youtube.com/watch?v=H4cYG_EWHPw,
748,Taarak Mehta Ka Ooltah Chashmah - तारक मेहता का उल्टा चशमाह - Episode 748 - Full Episode,https://www.youtube.com/watch?v=RA3Kwx34HoA,Found,15 Mar 2021,21:01,https://www.youtube.com/watch?v=WlRQjJiG368,
749,Taarak Mehta Ka Ooltah Chashmah - तारक मेहता का उल्टा चशमाह - Episode 749 - Full Episode,https://www.youtube.com/watch?v=5iabBV4xim4,Found,16 Mar 2021,19:52,https://www.youtube.com/watch?v=XLMYI8JTJaE,
750,Taarak Mehta Ka Ooltah Chashmah - तारक मेहता का उल्टा चशमाह - Episode 750 - Full Episode,https://www.youtube.com/watch?v=howHsVzGVc4,Found,17 Mar 2021,20:53,https://www.youtube.com/watch?v=GjL_yIOAlHg,
751,Taarak Mehta Ka Ooltah Chashmah - तारक मेहता का उल्टा चशमाह - Episode 751 - Full Episode,https://www.youtube.com/watch?v=wV_lCrKqLEU,Found,18 Mar 2021,19:59,https://www.youtube.com/watch?v=tMD0gkJTXeg,
752,Taarak Mehta Ka Ooltah Chashmah - तारक मेहता का उल्टा चशमाह - Episode 752 - Full Episode,https://www.youtube.com/watch?v=wp4pa0Kqpig,Found,19 Mar 2021,18:26,https://www.youtube.com/watch?v=I3_b8hOskTE,
753,Taarak Mehta Ka Ooltah Chashmah - तारक मेहता का उल्टा चशमाह - Episode 753 - Full Episode,https://www.youtube.com/watch?v=yJuCqERv6TM,Found,20 Mar 2021,20:47,https://www.youtube.com/watch?v=KPukola_os8,
754,Taarak Mehta Ka Ooltah Chashmah - तारक मेहता का उल्टा चशमाह - Episode 754 - Full Episode,https://www.youtube.com/watch?v=QEVCs-M5sHE,Found,21 Mar 2021,20:29,https://www.youtube.com/watch?v=b9K7gXm5IF8,
755,Taarak Mehta Ka Ooltah Chashmah - तारक मेहता का उल्टा चशमाह - Episode 755 - Full Episode,https://www.youtube.com/watch?v=p80kqtq_-2U,Found,22 Mar 2021,20:24,https://www.youtube.com/watch?v=UPKtoZ6l2IE,
756,Taarak Mehta Ka Ooltah Chashmah - तारक मेहता का उल्टा चशमाह - Episode 756 - Full Episode,https://www.youtube.com/watch?v=nRwz52QCsfQ,Found,23 Mar 2021,20:26,https://www.youtube.com/watch?v=V1pXlCghx8k,
757,Taarak Mehta Ka Ooltah Chashmah - तारक मेहता का उल्टा चशमाह - Episode 757 - Full Episode,https://www.youtube.com/watch?v=kZJISbK3bu0,Found,24 Mar 2021,19:32,https://www.youtube.com/watch?v=IiYlBzdz6iY,
758,Taarak Mehta Ka Ooltah Chashmah - तारक मेहता का उल्टा चशमाह - Episode 758 - Full Episode,https://www.youtube.com/watch?v=VszfB0xhpcw,Found,25 Mar 2021,20:56,https://www.youtube.com/watch?v=4NuV8Ie1sD8,https://www.youtube.com/watch?v=yf1s1Ec2GBE
759,Taarak Mehta Ka Ooltah Chashmah - तारक मेहता का उल्टा चशमाह - Episode 759 - Full Episode,https://www.youtube.com/watch?v=X7fFq9an5RY,Found,26 Mar 2021,20:37,https://www.youtube.com/watch?v=3w2jEYS5Hv4,
760,Taarak Mehta Ka Ooltah Chashmah - तारक मेहता का उल्टा चशमाह - Episode 760 - Full Episode,https://www.youtube.com/watch?v=paRW-1kmIPg,Found,27 Mar 2021,21:03,https://www.youtube.com/watch?v=3wvTMlf-Rv4,
761,Taarak Mehta Ka Ooltah Chashmah - तारक मेहता का उल्टा चशमाह - Episode 761 - Full Episode,https://www.youtube.com/watch?v=dzmHU7FIit4,Found,28 Mar 2021,19:41,https://www.youtube.com/watch?v=7KyeH398afo,
762,Taarak Mehta Ka Ooltah Chashmah - तारक मेहता का उल्टा चशमाह - Episode 762 - Full Episode,https://www.youtube.com/watch?v=bgF08Y2-6UI,Found,29 Mar 2021,19:15,https://www.youtube.com/watch?v=NpG7gl0PESY,
763,Taarak Mehta Ka Ooltah Chashmah - तारक मेहता का उल्टा चशमाह - Episode 763 - Full Episode,https://www.youtube.com/watch?v=i_Y9vXWKwXU,Found,30 Mar 2021,21:09,https://www.youtube.com/watch?v=g6AI4kGOVrg,
764,Taarak Mehta Ka Ooltah Chashmah - तारक मेहता का उल्टा चशमाह - Episode 764 - Full Episode,https://www.youtube.com/watch?v=r9eIDxDKS9c,Found,31 Mar 2021,20:02,https://www.youtube.com/watch?v=BzV1t4IATk0,
765,Taarak Mehta Ka Ooltah Chashmah - तारक मेहता का उल्टा चशमाह - Episode 765 - Full Episode,https://www.youtube.com/watch?v=H4lyWSycH-Y,Found,01 Apr 2021,20:13,,
766,Taarak Mehta Ka Ooltah Chashmah - Episode 766 - Full Episode,https://www.youtube.com/watch?v=aKWFgq0wGHg,Found,24 Sep 2021,15:51,,https://www.youtube.com/watch?v=S4_x5MuJ-d0
767,Taarak Mehta Ka Ooltah Chashmah - तारक मेहता का उल्टा चशमाह - Episode 767 - Full Episode,https://www.youtube.com/watch?v=6Df9L5hWIaw,Found,03 Apr 2021,20:51,https://www.youtube.com/watch?v=MT1F-IbL1wc,
768,Taarak Mehta Ka Ooltah Chashmah - तारक मेहता का उल्टा चशमाह - Episode 768 - Full Episode,https://www.youtube.com/watch?v=gOzZd3yeQFw,Found,04 Apr 2021,19:57,https://www.youtube.com/watch?v=dYxAb2BtYMo,
769,Taarak Mehta Ka Ooltah Chashmah - तारक मेहता का उल्टा चशमाह - Episode 769 - Full Episode,https://www.youtube.com/watch?v=VVnAmvMi9yU,Found,05 Apr 2021,20:17,https://www.youtube.com/watch?v=8cyx61i_1Kg,
770,Taarak Mehta Ka Ooltah Chashmah - तारक मेहता का उल्टा चशमाह - Episode 770 - Full Episode,https://www.youtube.com/watch?v=glcZah918M4,Found,06 Apr 2021,20:39,https://www.youtube.com/watch?v=zuf7nWv7b6w,
771,Taarak Mehta Ka Ooltah Chashmah - तारक मेहता का उल्टा चशमाह - Episode 771 - Full Episode,https://www.youtube.com/watch?v=UTOtzEWyYCM,Found,07 Apr 2021,19:45,https://www.youtube.com/watch?v=vBWNCae47I0,
772,Taarak Mehta Ka Ooltah Chashmah - तारक मेहता का उल्टा चशमाह - Episode 772 - Full Episode,https://www.youtube.com/watch?v=NoJJHzfpCgg,Found,08 Apr 2021,18:01,https://www.youtube.com/watch?v=r5lru6nlxI8,
773,Taarak Mehta Ka Ooltah Chashmah - तारक मेहता का उल्टा चशमाह - Episode 773 - Full Episode,https://www.youtube.com/watch?v=iQgaoTcOl04,Found,09 Apr 2021,16:27,https://www.youtube.com/watch?v=36H0c3Yo3p4,
774,Episode 774 - Taarak Mehta Ka Ooltah Chashmah - Full Episode | तारक मेहता का उल्टा चश्मा,https://www.youtube.com/watch?v=Je7cwyr1il4,Found,20 Jan 2023,20:07,https://www.youtube.com/watch?v=uf4eK5-QbRQ,
775,Episode 775 - Taarak Mehta Ka Ooltah Chashmah - Full Episode | तारक मेहता का उल्टा चश्मा,https://www.youtube.com/watch?v=zCJpsBC7eCA,Found,20 Jan 2023,20:37,https://www.youtube.com/watch?v=smZLUiZubx8,
776,"Taarak Mehta Ka Ooltah Chashmah | तारक मेहता का उल्टा चश्मा | Episode 776 | 2nd November, 2020",https://www.youtube.com/watch?v=pUolg3tJd28,Found,02 Nov 2020,18:15,https://www.youtube.com/watch?v=ze_C8IiZtVA,
777,Taarak Mehta Ka Ooltah Chashmah - तारक मेहता का उल्टा चशमाह - Episode 777 - Full Episode,https://www.youtube.com/watch?v=DGIFLxdo8nU,Found,13 Apr 2021,19:06,https://www.youtube.com/watch?v=Y9u2-L93wis,
778,"Taarak Mehta Ka Ooltah Chashmah | तारक मेहता का उल्टा चश्मा | Episode 778 | 2nd November, 2020",https://www.youtube.com/watch?v=hgiHCt_V6N8,Found,02 Nov 2020,18:40,https://www.youtube.com/watch?v=LaKy8qemd5U,
779,Taarak Mehta Ka Ooltah Chashmah - तारक मेहता का उल्टा चशमाह - Episode 779 - Full Episode,https://www.youtube.com/watch?v=WWuLy5vwJuo,Found,15 Apr 2021,18:21,https://www.youtube.com/watch?v=kRZ9_G7M3TQ,
780,Episode 780 - Taarak Mehta Ka Ooltah Chashmah - Full Episode | तारक मेहता का उल्टा चश्मा,https://www.youtube.com/watch?v=lbljsgsj890,Found,21 Jan 2023,20:54,https://www.youtube.com/watch?v=5NC5XBtT8BM,
781,Taarak Mehta Ka Ooltah Chashmah - तारक मेहता का उल्टा चशमाह - Episode 781 - Full Episode,https://www.youtube.com/watch?v=wNrWUEA27GA,Found,17 Apr 2021,19:38,https://www.youtube.com/watch?v=bQ7jOIkR6mI,
782,Taarak Mehta Ka Ooltah Chashmah - तारक मेहता का उल्टा चशमाह - Episode 782 - Full Episode,https://www.youtube.com/watch?v=INOGLShdIco,Found,18 Apr 2021,20:25,https://www.youtube.com/watch?v=XCY-ta7pJKU,
783,Taarak Mehta Ka Ooltah Chashmah - तारक मेहता का उल्टा चशमाह - Episode 783 - Full Episode,https://www.youtube.com/watch?v=KDl6lQHTU7U,Found,19 Apr 2021,19:30,https://www.youtube.com/watch?v=-O11RJDrjL0,
784,Taarak Mehta Ka Ooltah Chashmah - तारक मेहता का उल्टा चशमाह - Episode 784 - Full Episode,https://www.youtube.com/watch?v=y1KdgmjPFLc,Found,20 Apr 2021,20:29,https://www.youtube.com/watch?v=gnsrxhGs93s,
785,Taarak Mehta Ka Ooltah Chashmah - तारक मेहता का उल्टा चशमाह - Episode 785 - Full Episode,https://www.youtube.com/watch?v=GdwjE7bqQkY,Found,21 Apr 2021,20:47,https://www.youtube.com/watch?v=_2yqRB8xF6o,https://www.youtube.com/watch?v=-sBjT4IIc_w
786,"Taarak Mehta Ka Ooltah Chashmah | तारक मेहता का उल्टा चश्मा | Episode 786 | 7th December, 2020",https://www.youtube.com/watch?v=bVQLXTAtlP4,Found,07 Dec 2020,19:31,https://www.youtube.com/watch?v=jKWYRemD7gs,https://www.youtube.com/watch?v=W9Q0qlT9k8M
787,Taarak Mehta Ka Ooltah Chashmah - तारक मेहता का उल्टा चशमाह - Episode 787 - Full Episode,https://www.youtube.com/watch?v=hq_8Iqk1bCc,Found,23 Apr 2021,17:33,https://www.youtube.com/watch?v=5AL_4qYN-TE,
788,Taarak Mehta Ka Ooltah Chashmah - तारक मेहता का उल्टा चशमाह - Episode 788 - Full Episode,https://www.youtube.com/watch?v=BtvFcrn3CEY,Found,24 Apr 2021,19:07,https://www.youtube.com/watch?v=ucyfkvqcyj4,
789,Taarak Mehta Ka Ooltah Chashmah - तारक मेहता का उल्टा चशमाह - Episode 789 - Full Episode,https://www.youtube.com/watch?v=B_I-JMKzAHA,Found,25 Apr 2021,20:01,https://www.youtube.com/watch?v=gWKtqGf5kCU,
790,Taarak Mehta Ka Ooltah Chashmah - तारक मेहता का उल्टा चशमाह - Episode 790 - Full Episode,https://www.youtube.com/watch?v=HaF2lAGk9x8,Found,20 Aug 2021,18:22,https://www.youtube.com/watch?v=KzBVglVKVEg,
791,"Taarak Mehta Ka Ooltah Chashmah | तारक मेहता का उल्टा चश्मा | Episode 791 | 14th December, 2020",https://www.youtube.com/watch?v=dQ7sjWJYKvY,Found,14 Dec 2020,19:50,https://www.youtube.com/watch?v=cwAZ3EDs5sc,
792,Taarak Mehta Ka Ooltah Chashmah - तारक मेहता का उल्टा चशमाह - Episode 792 - Full Episode,https://www.youtube.com/watch?v=kXDHBNg6uSE,Found,28 Apr 2021,19:04,https://www.youtube.com/watch?v=jTu5aMH-lm8,
793,Jethalal's Trip To Kutch! | FULL MOVIE | Part 2 | Taarak Mehta Ka Ooltah Chashmah Ep 793 to 795,https://www.youtube.com/watch?v=kNpR-qkn4EY,Found,20 Aug 2021,51:11,https://www.youtube.com/watch?v=TJa-jJ-kCeg,
794,Taarak Mehta Ka Ooltah Chashmah - तारक मेहता का उल्टा चशमाह - Episode 794 - Full Episode,https://www.youtube.com/watch?v=eKKWFu0R4wA,Found,30 Apr 2021,18:25,https://www.youtube.com/watch?v=3ddoM5p2Tik,https://www.youtube.com/watch?v=L2-Wm71-OJQ
795,Taarak Mehta Ka Ooltah Chashmah - तारक मेहता का उल्टा चशमाह - Episode 795 - Full Episode,https://www.youtube.com/watch?v=8WVlGASnP58,Found,01 May 2021,17:46,https://www.youtube.com/watch?v=EtNqs-jrNL0,https://www.youtube.com/watch?v=UI3tnCu7f68
796,Taarak Mehta Ka Ooltah Chashmah - तारक मेहता का उल्टा चशमाह - Episode 796 - Full Episode,https://www.youtube.com/watch?v=4rHiUKi6jIA,Found,02 May 2021,17:20,https://www.youtube.com/watch?v=DhVVjgLbOtg,
797,Taarak Mehta Ka Ooltah Chashmah - तारक मेहता का उल्टा चशमाह - Episode 797 - Full Episode,https://www.youtube.com/watch?v=P3dVw9ckmn0,Found,03 May 2021,16:58,https://www.youtube.com/watch?v=xgo-m8ZImAU,https://www.youtube.com/watch?v=q4xYDs6f0uI
798,"Taarak Mehta Ka Ooltah Chashmah | तारक मेहता का उल्टा चश्मा | Episode 798 | 23rd December, 2020",https://www.youtube.com/watch?v=o7vrr3iPDlQ,Found,23 Dec 2020,18:17,https://www.youtube.com/watch?v=--vv8pjfYmE,
799,Episode 799 - Taarak Mehta Ka Ooltah Chashmah - Full Episode | तारक मेहता का उल्टा चश्मा,https://www.youtube.com/watch?v=rGg0854ztrY,Found,23 Jan 2023,20:17,https://www.youtube.com/watch?v=vS24NhWPcw8,https://www.youtube.com/watch?v=xicMsjb5l38
800,Episode 800 - Taarak Mehta Ka Ooltah Chashmah - Full Episode | तारक मेहता का उल्टा चश्मा,https://www.youtube.com/watch?v=har1fvFYoSg,Found,23 Jan 2023,21:25,https://www.youtube.com/watch?v=3ItxCDroLJM,
801,Taarak Mehta Ka Ooltah Chashmah - तारक मेहता का उल्टा चशमाह - Episode 801 - Full Episode,https://www.youtube.com/watch?v=TIfMNmG6Sj0,Found,07 May 2021,20:02,https://www.youtube.com/watch?v=9c-ceYtlPgs,
802,Taarak Mehta Ka Ooltah Chashmah - तारक मेहता का उल्टा चशमाह - Episode 802 - Full Episode,https://www.youtube.com/watch?v=Gx5BskNQKv4,Found,08 May 2021,19:40,https://www.youtube.com/watch?v=9SukaGp2h5E,
803,Episode 803 - Taarak Mehta Ka Ooltah Chashmah - Full Episode | तारक मेहता का उल्टा चश्मा,https://www.youtube.com/watch?v=bHRr2PuVsrk,Found,24 Jan 2023,17:54,https://www.youtube.com/watch?v=eapALA5P2KQ,https://www.youtube.com/watch?v=gjZpuzqqAUU
804,Taarak Mehta Ka Ooltah Chashmah - तारक मेहता का उल्टा चशमाह - Episode 804 - Full Episode,https://www.youtube.com/watch?v=GBzwsuKFjOk,Found,10 May 2021,17:00,https://www.youtube.com/watch?v=KgGqloz5JoQ,
805,Taarak Mehta Ka Ooltah Chashmah - तारक मेहता का उल्टा चशमाह - Episode 805 - Full Episode,https://www.youtube.com/watch?v=Gi2FoFb5TA8,Found,11 May 2021,17:03,https://www.youtube.com/watch?v=bAKIjAy4pKs,https://www.youtube.com/watch?v=DTZaM0gobfs
806,Taarak Mehta Ka Ooltah Chashmah - तारक मेहता का उल्टा चशमाह - Episode 806 - Full Episode,https://www.youtube.com/watch?v=HE3J7_JmwLE,Found,12 May 2021,20:47,https://www.youtube.com/watch?v=fYrCw4AQf5Q,
807,Taarak Mehta Ka Ooltah Chashmah - तारक मेहता का उल्टा चशमाह - Episode 807 - Full Episode,https://www.youtube.com/watch?v=ymECErwdpg8,Found,13 May 2021,19:00,https://www.youtube.com/watch?v=RDfDa83Bxl0,https://www.youtube.com/watch?v=1juoBZr--jY
808,Taarak Mehta Ka Ooltah Chashmah - तारक मेहता का उल्टा चशमाह - Episode 808 - Full Episode,https://www.youtube.com/watch?v=0QidsQ7_4HI,Found,14 May 2021,17:56,https://www.youtube.com/watch?v=iiMcGXUySyw,https://www.youtube.com/watch?v=tTgWSdDlumM
809,Episode 809 - Taarak Mehta Ka Ooltah Chashmah - Full Episode | तारक मेहता का उल्टा चश्मा,https://www.youtube.com/watch?v=k87F2_SpTSY,Found,25 Jan 2023,19:45,,https://www.youtube.com/watch?v=urQeLwf9kAw
810,Taarak Mehta Ka Ooltah Chashmah - तारक मेहता का उल्टा चशमाह - Episode 810 - Full Episode,https://www.youtube.com/watch?v=lEEkhLAIbeQ,Found,16 May 2021,18:40,https://www.youtube.com/watch?v=yvzksDiXVK4,https://www.youtube.com/watch?v=A9r6uCKUEyU
811,Taarak Mehta Ka Ooltah Chashmah - तारक मेहता का उल्टा चशमाह - Episode 811 - Full Episode,https://www.youtube.com/watch?v=aROZ5O23sWs,Found,17 May 2021,20:20,https://www.youtube.com/watch?v=KQ9FJxn5-uE,
812,Taarak Mehta Ka Ooltah Chashmah - तारक मेहता का उल्टा चशमाह - Episode 812 - Full Episode,https://www.youtube.com/watch?v=dyb7koNB7kI,Found,18 May 2021,20:54,https://www.youtube.com/watch?v=BPdQuZkfdsE,
813,Taarak Mehta Ka Ooltah Chashmah - तारक मेहता का उल्टा चशमाह - Episode 813 - Full Episode,https://www.youtube.com/watch?v=MxkBbpCMJkM,Found,19 May 2021,20:23,https://www.youtube.com/watch?v=nvScr4w5k0o,
814,Taarak Mehta Ka Ooltah Chashmah - तारक मेहता का उल्टा चशमाह - Episode 814 - Full Episode,https://www.youtube.com/watch?v=h6ep3TFTBNw,Found,20 May 2021,19:46,https://www.youtube.com/watch?v=oUvx0dvkgrc,https://www.youtube.com/watch?v=NA2AsQrpYGY
815,Taarak Mehta Ka Ooltah Chashmah - तारक मेहता का उल्टा चशमाह - Episode 815 - Full Episode,https://www.youtube.com/watch?v=kvHfS65mcZA,Found,21 May 2021,19:45,https://www.youtube.com/watch?v=LLwyvu7ETic,https://www.youtube.com/watch?v=8euzTK3GEVU
816,Taarak Mehta Ka Ooltah Chashmah - तारक मेहता का उल्टा चशमाह - Episode 816 - Full Episode,https://www.youtube.com/watch?v=tMMqAZS1SJs,Found,22 May 2021,18:13,https://www.youtube.com/watch?v=qdT3ndDm65k,
817,Taarak Mehta Ka Ooltah Chashmah - तारक मेहता का उल्टा चशमाह - Episode 817 - Full Episode,https://www.youtube.com/watch?v=alviYrmn0L8,Found,23 May 2021,19:35,https://www.youtube.com/watch?v=vl218Swfgqc,
818,Episode 818 - Taarak Mehta Ka Ooltah Chashmah - Full Episode | तारक मेहता का उल्टा चश्मा,https://www.youtube.com/watch?v=AaJ-6YACUIM,Found,28 Jan 2023,20:12,https://www.youtube.com/watch?v=AhCXZgrbm54,
819,"Taarak Mehta Ka Ooltah Chashmah - तारक मेहता - Episode 819 - 21st October, 2017",https://www.youtube.com/watch?v=aaXuUKYUv5w,Found,21 Oct 2017,20:44,https://www.youtube.com/watch?v=0cJyG8-c3GE,https://www.youtube.com/watch?v=rV2bT_sVgFU
820,Episode 820 - Taarak Mehta Ka Ooltah Chashmah - Full Episode | तारक मेहता का उल्टा चश्मा,https://www.youtube.com/watch?v=k-ksK3TO8L4,Found,29 Jan 2023,20:41,https://www.youtube.com/watch?v=ifsRI95yNzA,
821,Taarak Mehta Ka Ooltah Chashmah - तारक मेहता का उल्टा चशमाह - Episode 821 - Full Episode,https://www.youtube.com/watch?v=2vvndTwNEMM,Found,27 May 2021,19:52,https://www.youtube.com/watch?v=m39GGJrB8wE,
822,Taarak Mehta Ka Ooltah Chashmah - तारक मेहता का उल्टा चशमाह - Episode 822 - Full Episode,https://www.youtube.com/watch?v=OGxETTXp5-g,Found,28 May 2021,19:06,https://www.youtube.com/watch?v=KlaR5psyRuE,https://www.youtube.com/watch?v=VlxaDJr1lqQ
823,Taarak Mehta Ka Ooltah Chashmah - तारक मेहता का उल्टा चशमाह - Episode 823 - Full Episode,https://www.youtube.com/watch?v=1Udxeh6r2ws,Found,29 May 2021,19:30,https://www.youtube.com/watch?v=GDmKN4TiAuU,
824,Episode 824 - Taarak Mehta Ka Ooltah Chashmah - Full Episode | तारक मेहता का उल्टा चश्मा,https://www.youtube.com/watch?v=teAbxSO2Odw,Found,29 Jan 2023,19:52,https://www.youtube.com/watch?v=Axkdu90Mj5w,https://www.youtube.com/watch?v=FQ9fBc2EtDA
825,Taarak Mehta Ka Ooltah Chashmah - तारक मेहता का उल्टा चशमाह - Episode 825 - Full Episode,https://www.youtube.com/watch?v=mU-odbZGY94,Found,31 May 2021,20:24,https://www.youtube.com/watch?v=zAxseqwJ5VA,
826,Taarak Mehta Ka Ooltah Chashmah - तारक मेहता का उल्टा चशमाह - Episode 826 - Full Episode,https://www.youtube.com/watch?v=QIK6iiN7Dnc,Found,02 Jun 2021,20:41,https://www.youtube.com/watch?v=AqQ4A4KuRSg,
827,Taarak Mehta Ka Ooltah Chashmah - तारक मेहता का उल्टा चशमाह - Episode 827 - Full Episode,https://www.youtube.com/watch?v=2F90tHQE4z4,Found,02 Jun 2021,19:56,https://www.youtube.com/watch?v=JECeckDUKBw,
828,Taarak Mehta Ka Ooltah Chashmah - तारक मेहता का उल्टा चशमाह - Episode 828 - Full Episode,https://www.youtube.com/watch?v=u8Dfuha2_7s,Found,03 Jun 2021,19:16,https://www.youtube.com/watch?v=UKDO8S_kiTA,
829,Taarak Mehta Ka Ooltah Chashmah - तारक मेहता का उल्टा चशमाह - Episode 829 - Full Episode,https://www.youtube.com/watch?v=cuMLUURJrEA,Found,04 Jun 2021,19:27,https://www.youtube.com/watch?v=SsqelonQqKA,
830,Taarak Mehta Ka Ooltah Chashmah - तारक मेहता का उल्टा चशमाह - Episode 830 - Full Episode,https://www.youtube.com/watch?v=iEi6EfNHFCA,Found,05 Jun 2021,20:03,https://www.youtube.com/watch?v=4cSY3vAU6cA,
831,Taarak Mehta Ka Ooltah Chashmah - तारक मेहता का उल्टा चशमाह - Episode 831 - Full Episode,https://www.youtube.com/watch?v=v5qTnV_hYl4,Found,06 Jun 2021,19:29,https://www.youtube.com/watch?v=WUvGgyXZydU,
832,Taarak Mehta Ka Ooltah Chashmah - तारक मेहता का उल्टा चशमाह - Episode 832 - Full Episode,https://www.youtube.com/watch?v=5mOY6FL0OoQ,Found,08 Jun 2021,20:31,https://www.youtube.com/watch?v=-3PPGT5hjQM,
833,Taarak Mehta Ka Ooltah Chashmah - तारक मेहता का उल्टा चशमाह - Episode 833 - Full Episode,https://www.youtube.com/watch?v=ZGK-AtM8Tp4,Found,09 Jun 2021,20:03,https://www.youtube.com/watch?v=GAo6QMkzScM,
834,Taarak Mehta Ka Ooltah Chashmah - तारक मेहता का उल्टा चशमाह - Episode 834 - Full Episode,https://www.youtube.com/watch?v=zoC-UjQK1tY,Found,10 Jun 2021,19:24,https://www.youtube.com/watch?v=8EClhdzv16k,
835,"Taarak Mehta Ka Ooltah Chashmah | तारक मेहता का उल्टा चश्मा | Episode 835 | 5th February, 2021",https://www.youtube.com/watch?v=_K2PucG9lvM,Found,05 Feb 2021,19:03,https://www.youtube.com/watch?v=Ep4Y9VH2cvk,
836,Episode 836 - Taarak Mehta Ka Ooltah Chashmah - Full Episode | तारक मेहता का उल्टा चश्मा,https://www.youtube.com/watch?v=elkYx8V4iDs,Found,01 Feb 2023,21:09,https://www.youtube.com/watch?v=PsvIGc0HsG4,
837,"Taarak Mehta Ka Ooltah Chashmah | तारक मेहता का उल्टा चश्मा | Episode 837 | 9th February, 2021",https://www.youtube.com/watch?v=c1rxofu43Ts,Found,09 Feb 2021,18:34,https://www.youtube.com/watch?v=ljHHTYuOspM,
838,Taarak Mehta Ka Ooltah Chashmah - तारक मेहता का उल्टा चशमाह - Episode 838 - Full Episode,https://www.youtube.com/watch?v=Z63MskmI9lM,Found,14 Jun 2021,18:14,https://www.youtube.com/watch?v=ydQk2u3ciQU,
839,Taarak Mehta Ka Ooltah Chashmah - तारक मेहता का उल्टा चशमाह - Episode 839 - Full Episode,https://www.youtube.com/watch?v=FrSYobsJ55k,Found,15 Jun 2021,19:04,https://www.youtube.com/watch?v=TEoXXPCdolY,
840,Episode 840 - Taarak Mehta Ka Ooltah Chashmah - Full Episode,https://www.youtube.com/watch?v=RVZm92ymHfA,Found,21 Sep 2023,20:25,https://www.youtube.com/watch?v=Brw38meASSE,
841,Episode 841 - Taarak Mehta Ka Ooltah Chashmah - Full Episode | तारक मेहता का उल्टा चश्मा,https://www.youtube.com/watch?v=qw97jUDvlvA,Found,02 Feb 2023,21:05,https://www.youtube.com/watch?v=ch1TBWsugXM,https://www.youtube.com/watch?v=TD7IMEO62gw
842,Episode 842 - Taarak Mehta Ka Ooltah Chashmah - Full Episode | तारक मेहता का उल्टा चश्मा,https://www.youtube.com/watch?v=6oqXASiwuNE,Found,02 Feb 2023,19:34,,https://www.youtube.com/watch?v=Sov0QzE3L74
843,Episode 843 - Taarak Mehta Ka Ooltah Chashmah - Full Episode | तारक मेहता का उल्टा चश्मा,https://www.youtube.com/watch?v=rn-04JEC3-g,Found,03 Feb 2023,20:56,https://www.youtube.com/watch?v=Hki5ov6cs2s,https://www.youtube.com/watch?v=DHxEp3TTpa4
844,Episode 844 - Taarak Mehta Ka Ooltah Chashmah - Full Episode | तारक मेहता का उल्टा चश्मा,https://www.youtube.com/watch?v=u_XtjE-ZA1o,Found,03 Feb 2023,21:06,https://www.youtube.com/watch?v=HMGlK9RkKAg,https://www.youtube.com/watch?v=6oIBKZ_4hHk
845,Episode 845 - Taarak Mehta Ka Ooltah Chashmah - Full Episode | तारक मेहता का उल्टा चश्मा,https://www.youtube.com/watch?v=O0Dm6UZFEts,Found,03 Feb 2023,19:21,https://www.youtube.com/watch?v=ZY7EPWKH_Nc,https://www.youtube.com/watch?v=un33cTwIC0w
846,Episode 846 - Taarak Mehta Ka Ooltah Chashmah - Full Episode | तारक मेहता का उल्टा चश्मा,https://www.youtube.com/watch?v=vPPJXwH86is,Found,03 Feb 2023,17:29,https://www.youtube.com/watch?v=zvb1Z0T01Vc,https://www.youtube.com/watch?v=nYLL5j8CxZk
847,Episode 847 - Taarak Mehta Ka Ooltah Chashmah - Full Episode | तारक मेहता का उल्टा चश्मा,https://www.youtube.com/watch?v=QhxQuRf4TKQ,Found,04 Feb 2023,20:11,https://www.youtube.com/watch?v=z6i-t31oGPg,
848,Taarak Mehta Ka Ooltah Chashmah - तारक मेहता का उल्टा चशमाह - Episode 848 - Full Episode,https://www.youtube.com/watch?v=kGIRule0QBE,Found,24 Jun 2021,19:49,https://www.youtube.com/watch?v=a945ghGEqNs,
849,"Taarak Mehta Ka Ooltah Chashmah | तारक मेहता का उल्टा चश्मा | Episode 849 | 24th February, 2021",https://www.youtube.com/watch?v=oxk3gWznyI8,Found,24 Feb 2021,19:40,https://www.youtube.com/watch?v=i_ctItDqOvQ,
850,Taarak Mehta Ka Ooltah Chashmah - तारक मेहता का उल्टा चशमाह - Episode 850 - Full Episode,https://www.youtube.com/watch?v=ZXBWguAq3sw,Found,26 Jun 2021,20:52,https://www.youtube.com/watch?v=r7DdI7Hpvc0,
851,Taarak Mehta Ka Ooltah Chashmah - तारक मेहता का उल्टा चशमाह - Episode 851 - Full Episode,https://www.youtube.com/watch?v=CDKSGe5X7wo,Found,27 Jun 2021,20:07,https://www.youtube.com/watch?v=X6K8_iWOGr8,
852,Taarak Mehta Ka Ooltah Chashmah - तारक मेहता का उल्टा चशमाह - Episode 852 - Full Episode,https://www.youtube.com/watch?v=SpYxIL_MKDI,Found,28 Jun 2021,19:03,https://www.youtube.com/watch?v=3lvprrpk0Qs,
853,"Taarak Mehta Ka Ooltah Chashmah | तारक मेहता का उल्टा चश्मा | Episode 853 | 2nd March, 2021",https://www.youtube.com/watch?v=_BkiogCH9Wk,Found,02 Mar 2021,20:35,https://www.youtube.com/watch?v=bzJ6Us8vJkM,
854,Taarak Mehta Ka Ooltah Chashmah - तारक मेहता का उल्टा चशमाह - Episode 854 - Full Episode,https://www.youtube.com/watch?v=07FAqaSx5i8,Found,30 Jun 2021,19:12,https://www.youtube.com/watch?v=9j45npDnJ3U,
855,Episode 855 - Taarak Mehta Ka Ooltah Chashmah - Full Episode | तारक मेहता का उल्टा चश्मा,https://www.youtube.com/watch?v=gDTsXPLnhk4,Found,05 Feb 2023,19:48,https://www.youtube.com/watch?v=IjhpOyXBMxQ,
856,Episode 856 - Taarak Mehta Ka Ooltah Chashmah - Full Episode | तारक मेहता का उल्टा चश्मा,https://www.youtube.com/watch?v=6G1UG121aj4,Found,05 Feb 2023,19:17,https://www.youtube.com/watch?v=pBsEXkL49LU,
857,Taarak Mehta Ka Ooltah Chashmah - तारक मेहता का उल्टा चशमाह - Episode 857 - Full Episode,https://www.youtube.com/watch?v=NDEousIlqQk,Found,03 Jul 2021,19:45,https://www.youtube.com/watch?v=rOQ9i1ABt2g,
858,Taarak Mehta Ka Ooltah Chashmah - तारक मेहता का उल्टा चशमाह - Episode 858 - Full Episode,https://www.youtube.com/watch?v=YwCW7odgw0s,Found,04 Jul 2021,18:08,https://www.youtube.com/watch?v=QByyMG9JAUc,
859,"Taarak Mehta Ka Ooltah Chashmah | तारक मेहता का उल्टा चश्मा | Episode 859 | 10th March, 2021",https://www.youtube.com/watch?v=8qlyhDTbpQE,Found,10 Mar 2021,20:09,https://www.youtube.com/watch?v=E5_b8uTizxk,
860,Taarak Mehta Ka Ooltah Chashmah - तारक मेहता का उल्टा चशमाह - Episode 860- Full Episode,https://www.youtube.com/watch?v=8BglQ2GVEbw,Found,06 Jul 2021,21:29,https://www.youtube.com/watch?v=caZbGPOPYcU,
861,Taarak Mehta Ka Ooltah Chashmah - तारक मेहता का उल्टा चशमाह - Episode 861- Full Episode,https://www.youtube.com/watch?v=BwyAI_DlTFs,Found,07 Jul 2021,20:29,,
862,"Taarak Mehta Ka Ooltah Chashmah | तारक मेहता का उल्टा चश्मा | Episode 862 | 15th March, 2021",https://www.youtube.com/watch?v=RPROWui7R30,Found,15 Mar 2021,21:20,https://www.youtube.com/watch?v=RzKUcNXmLv4,
863,Taarak Mehta Ka Ooltah Chashmah - तारक मेहता का उल्टा चशमाह - Episode 863- Full Episode,https://www.youtube.com/watch?v=yacpq846wOI,Found,09 Jul 2021,20:22,https://www.youtube.com/watch?v=oRvylnh3kmY,
864,Taarak Mehta Ka Ooltah Chashmah - तारक मेहता का उल्टा चशमाह - Episode 864- Full Episode,https://www.youtube.com/watch?v=0wl3NwxIaGM,Found,10 Jul 2021,20:41,https://www.youtube.com/watch?v=g3E8aHgSVN8,
865,"Taarak Mehta Ka Ooltah Chashmah - तारक मेहता - Episode 865 - Part 2 - 7th December, 2017",https://www.youtube.com/watch?v=hcCVIVgm5dg,Found,21 Aug 2018,23:24,https://www.youtube.com/watch?v=uAok2WyiSN4,
866,"Taarak Mehta Ka Ooltah Chashmah | तारक मेहता का उल्टा चश्मा | Episode 866 | 22nd March, 2021",https://www.youtube.com/watch?v=Fn37tVKOwtY,Found,23 Mar 2021,20:40,https://www.youtube.com/watch?v=u9SxO2E_rSE,
867,Taarak Mehta Ka Ooltah Chashmah - तारक मेहता का उल्टा चशमाह - Episode 867- Full Episode,https://www.youtube.com/watch?v=3s8Fa9ElSCM,Found,14 Jul 2021,19:49,https://www.youtube.com/watch?v=8FPoxMtG6fQ,
868,Taarak Mehta Ka Ooltah Chashmah - तारक मेहता का उल्टा चशमाह - Episode 868- Full Episode,https://www.youtube.com/watch?v=pcrxzKVp5QU,Found,15 Jul 2021,20:34,https://www.youtube.com/watch?v=iofyVLqipxQ,
869,Episode 869 - Taarak Mehta Ka Ooltah Chashmah - Full Episode | तारक मेहता का उल्टा चश्मा,https://www.youtube.com/watch?v=UsTr4hcxWks,Found,08 Feb 2023,20:43,https://www.youtube.com/watch?v=EuU4M_4AFLU,
870,Episode 870 - Taarak Mehta Ka Ooltah Chashmah - Full Episode | तारक मेहता का उल्टा चश्मा,https://www.youtube.com/watch?v=DKyZWzs1Q98,Found,09 Feb 2023,20:35,https://www.youtube.com/watch?v=aQcf5-PT-wE,
871,"Taarak Mehta Ka Ooltah Chashmah | तारक मेहता का उल्टा चश्मा | Episode 871 | 29th March, 2021",https://www.youtube.com/watch?v=IqLivLY91lQ,Found,29 Mar 2021,20:27,https://www.youtube.com/watch?v=CDbxIOBTR-w,
872,Taarak Mehta Ka Ooltah Chashmah - तारक मेहता का उल्टा चशमाह - Episode 872- Full Episode,https://www.youtube.com/watch?v=ghKXAdcgI1w,Found,19 Jul 2021,16:11,https://www.youtube.com/watch?v=n_VgZN2TeMM,
873,Taarak Mehta Ka Ooltah Chashmah - तारक मेहता का उल्टा चशमाह - Episode 873 - Full Episode,https://www.youtube.com/watch?v=_0ShkYe_Olo,Found,20 Jul 2021,18:31,https://www.youtube.com/watch?v=ctv145jgqMg,
874,Taarak Mehta Ka Ooltah Chashmah - तारक मेहता का उल्टा चशमाह - Episode 874 - Full Episode,https://www.youtube.com/watch?v=BNUfeT6YiPc,Found,21 Jul 2021,20:30,https://www.youtube.com/watch?v=Bdseiu-rWWw,
875,"Taarak Mehta Ka Ooltah Chashmah - Full Episode Ep 875 - 17th December, 2017",https://www.youtube.com/watch?v=kklJWWaGoKs,Found,18 Dec 2017,20:54,https://www.youtube.com/watch?v=5etTnHBzAJw,
876,Taarak Mehta Ka Ooltah Chashmah - तारक मेहता का उल्टा चशमाह - Episode 876 - Full Episode,https://www.youtube.com/watch?v=8z1rvk09GOo,Found,23 Jul 2021,17:42,https://www.youtube.com/watch?v=b55z4KTsGH0,
877,Taarak Mehta Ka Ooltah Chashmah - तारक मेहता का उल्टा चशमाह - Episode 877 - Full Episode,https://www.youtube.com/watch?v=uPjSp8Ovqfw,Found,24 Jul 2021,20:14,https://www.youtube.com/watch?v=PefSWVUOVK8,
878,Taarak Mehta Ka Ooltah Chashmah - तारक मेहता का उल्टा चशमाह - Episode 878 - Full Episode,https://www.youtube.com/watch?v=F-bAsoUDDDQ,Found,25 Jul 2021,19:52,https://www.youtube.com/watch?v=G5o_dxdMYvs,
879,Episode 879 - Taarak Mehta Ka Ooltah Chashmah - Full Episode | तारक मेहता का उल्टा चश्मा,https://www.youtube.com/watch?v=KRmDQmZrZZU,Found,10 Feb 2023,19:22,https://www.youtube.com/watch?v=GVxeAB0LRCo,
880,Taarak Mehta Ka Ooltah Chashmah - तारक मेहता का उल्टा चशमाह - Episode 880 - Full Episode,https://www.youtube.com/watch?v=V0QGhVWNrKw,Found,27 Jul 2021,17:09,https://www.youtube.com/watch?v=ox4AWjXokXM,
881,Episode 881 - Taarak Mehta Ka Ooltah Chashmah - Full Episode | तारक मेहता का उल्टा चश्मा,https://www.youtube.com/watch?v=dUFvgIbdZrY,Found,20 Aug 2023,19:56,https://www.youtube.com/watch?v=4a2bi7MqOUs,
882,Taarak Mehta Ka Ooltah Chashmah - तारक मेहता का उल्टा चशमाह - Episode 882 - Full Episode,https://www.youtube.com/watch?v=nyyCLiK3Tl4,Found,29 Jul 2021,19:22,https://www.youtube.com/watch?v=tKWnEvOo_ZU,
883,Taarak Mehta Ka Ooltah Chashmah - तारक मेहता का उल्टा चशमाह - Episode 883 - Full Episode,https://www.youtube.com/watch?v=ojj7VLL0YJ8,Found,30 Jul 2021,19:13,https://www.youtube.com/watch?v=1qPHCUzYW7I,
884,Taarak Mehta Ka Ooltah Chashmah - तारक मेहता का उल्टा चशमाह - Episode 884 - Full Episode,https://www.youtube.com/watch?v=9kiVHJEw54A,Found,31 Jul 2021,19:32,https://www.youtube.com/watch?v=eWGxEBA8eyY,
885,Taarak Mehta Ka Ooltah Chashmah - तारक मेहता का उल्टा चशमाह - Episode 885 - Full Episode,https://www.youtube.com/watch?v=ygSJ3-_ke1Q,Found,01 Aug 2021,19:41,https://www.youtube.com/watch?v=5VuQREBijlI,
886,Taarak Mehta Ka Ooltah Chashmah - तारक मेहता का उल्टा चशमाह - Episode 886 - Full Episode,https://www.youtube.com/watch?v=ettJMJdndAU,Found,02 Aug 2021,20:27,https://www.youtube.com/watch?v=aKMKvvspvxM,
887,Taarak Mehta Ka Ooltah Chashmah - तारक मेहता का उल्टा चशमाह - Episode 887 - Full Episode,https://www.youtube.com/watch?v=9l6OO-FsqNo,Found,03 Aug 2021,20:00,https://www.youtube.com/watch?v=gHqeiUNKdzY,
888,"Taarak Mehta Ka Ooltah Chashmah - Full Episode 888 - 30th December, 2017",https://www.youtube.com/watch?v=DkmCtp1leEs,Found,30 Dec 2017,20:43,https://www.youtube.com/watch?v=_nbqxSDFxf8,
889,Taarak Mehta Ka Ooltah Chashmah - तारक मेहता का उल्टा चशमाह - Episode 889 - Full Episode,https://www.youtube.com/watch?v=96nrOZK2Tsk,Found,05 Aug 2021,19:13,https://www.youtube.com/watch?v=3UZ__v5pISY,
890,Taarak Mehta Ka Ooltah Chashmah - तारक मेहता का उल्टा चशमाह - Episode 890 - Full Episode,https://www.youtube.com/watch?v=w5h4QLDkPw4,Found,06 Aug 2021,18:40,https://www.youtube.com/watch?v=59LD1u35Wnw,
891,Episode 891 - Taarak Mehta Ka Ooltah Chashmah - Full Episode | तारक मेहता का उल्टा चश्मा,https://www.youtube.com/watch?v=cRaDLf0cRqs,Found,12 Feb 2023,20:11,https://www.youtube.com/watch?v=IpZiIB9tgOc,
892,Taarak Mehta Ka Ooltah Chashmah - तारक मेहता का उल्टा चशमाह - Episode 892 - Full Episode,https://www.youtube.com/watch?v=48G-dfe8wws,Found,08 Aug 2021,18:43,https://www.youtube.com/watch?v=LZ3WxtKUd0I,
893,Taarak Mehta Ka Ooltah Chashmah - तारक मेहता का उल्टा चशमाह - Episode 893 - Full Episode,https://www.youtube.com/watch?v=iC5136gApS0,Found,09 Aug 2021,19:30,https://www.youtube.com/watch?v=-EAUNDgIVnQ,
894,Taarak Mehta Ka Ooltah Chashmah - तारक मेहता का उल्टा चशमाह - Episode 894 - Full Episode,https://www.youtube.com/watch?v=rEPZcQdHHYI,Found,10 Aug 2021,18:12,https://www.youtube.com/watch?v=Y9tntK3Amqk,
895,Taarak Mehta Ka Ooltah Chashmah - तारक मेहता का उल्टा चशमाह - Episode 895 - Full Episode,https://www.youtube.com/watch?v=GXGrh25jlfU,Found,11 Aug 2021,19:08,https://www.youtube.com/watch?v=fSxfgE_hDTg,
896,"Taarak Mehta Ka Ooltah Chashmah | तारक मेहता का उल्टा चश्मा | Episode 896 | 13th April, 2021",https://www.youtube.com/watch?v=V5wzhnLb2bk,Found,13 Apr 2021,19:44,https://www.youtube.com/watch?v=ERL-xPG3zW8,
897,Episode 897 - Taarak Mehta Ka Ooltah Chashmah - Full Episode | तारक मेहता का उल्टा चश्मा,https://www.youtube.com/watch?v=s6fV5EQXal0,Found,14 Feb 2023,20:17,https://www.youtube.com/watch?v=SyG0Ks80Bsw,
898,Taarak Mehta Ka Ooltah Chashmah - तारक मेहता का उल्टा चशमाह - Episode 898 - Full Episode,https://www.youtube.com/watch?v=uzNRGLRiZys,Found,14 Aug 2021,19:28,https://www.youtube.com/watch?v=WPOBGZNctJY,
899,Taarak Mehta Ka Ooltah Chashmah - तारक मेहता का उल्टा चशमाह - Episode 899 - Full Episode,https://www.youtube.com/watch?v=1jNEkWzF9Cs,Found,15 Aug 2021,19:46,https://www.youtube.com/watch?v=R---exaGMCg,
900,"Taarak Mehta Ka Ooltah Chashmah - Full Episode 900 - 11th January, 2018",https://www.youtube.com/watch?v=TiX7TCGfbcw,Found,11 Jan 2018,20:16,https://www.youtube.com/watch?v=eTly0keSD40,
901,"Taarak Mehta Ka Ooltah Chashmah - Full Episode 901 - Part 2 - 13th January, 2018",https://www.youtube.com/watch?v=ONF4U4znvf0,Found,21 Aug 2018,22:55,https://www.youtube.com/watch?v=rxDnTVYYm28,
902,Episode 902 - Taarak Mehta Ka Ooltah Chashmah - Full Episode | तारक मेहता का उल्टा चश्मा,https://www.youtube.com/watch?v=nwSGRsI9bk4,Found,15 Feb 2023,22:26,https://www.youtube.com/watch?v=VB6fGaN9Ywc,
903,Taarak Mehta Ka Ooltah Chashmah - तारक मेहता का उल्टा चशमाह - Episode 903 - Full Episode,https://www.youtube.com/watch?v=iqtCihjNuzI,Found,19 Aug 2021,19:46,https://www.youtube.com/watch?v=Y2J0l8BqgKk,
904,Taarak Mehta Ka Ooltah Chashmah - तारक मेहता का उल्टा चशमाह - Episode 904 - Full Episode,https://www.youtube.com/watch?v=x86ivk2Sgo0,Found,20 Aug 2021,19:39,https://www.youtube.com/watch?v=tdg5HzQ5TEA,
905,Taarak Mehta Ka Ooltah Chashmah - तारक मेहता का उल्टा चशमाह - Episode 905 - Full Episode,https://www.youtube.com/watch?v=ZJdBSPBkf38,Found,21 Aug 2021,20:15,https://www.youtube.com/watch?v=rAZ1lE-2CDw,
906,Taarak Mehta Ka Ooltah Chashmah - तारक मेहता का उल्टा चशमाह - Episode 906- Full Episode,https://www.youtube.com/watch?v=G410lS4AHIU,Found,22 Aug 2021,17:29,https://www.youtube.com/watch?v=6rnPDh_pXG8,
907,Taarak Mehta Ka Ooltah Chashmah - तारक मेहता का उल्टा चशमाह - Episode 907 - Full Episode,https://www.youtube.com/watch?v=56qsPlhUkXg,Found,23 Aug 2021,19:45,https://www.youtube.com/watch?v=KgYtcyd_62s,
908,Taarak Mehta Ka Ooltah Chashmah - तारक मेहता का उल्टा चशमाह - Episode 908 - Full Episode,https://www.youtube.com/watch?v=CcQWpD5Ndas,Found,24 Aug 2021,19:38,https://www.youtube.com/watch?v=Ems2LlvnqmM,
909,Episode 909 - Taarak Mehta Ka Ooltah Chashmah - Full Episode | तारक मेहता का उल्टा चश्मा,https://www.youtube.com/watch?v=2k8nml7X-rQ,Found,17 Feb 2023,21:53,https://www.youtube.com/watch?v=O4HXDuXJI4E,
910,Episode 910 - Taarak Mehta Ka Ooltah Chashmah - Full Episode | तारक मेहता का उल्टा चश्मा,https://www.youtube.com/watch?v=OcbOqm3vRK0,Found,17 Feb 2023,19:48,https://www.youtube.com/watch?v=b7kZE7V8oWE,
911,Episode 911 - Taarak Mehta Ka Ooltah Chashmah - Full Episode | तारक मेहता का उल्टा चश्मा,https://www.youtube.com/watch?v=NaJwg7IUXlA,Found,18 Feb 2023,21:35,https://www.youtube.com/watch?v=nTR__G8K7oQ,
912,Taarak Mehta Ka Ooltah Chashmah - तारक मेहता का उल्टा चशमाह - Episode 912 - Full Episode,https://www.youtube.com/watch?v=nOIfk6Lx0tU,Found,28 Aug 2021,19:55,https://www.youtube.com/watch?v=kNtoPDSFUjM,
913,Episode 913 - Taarak Mehta Ka Ooltah Chashmah - Full Episode | तारक मेहता का उल्टा चश्मा,https://www.youtube.com/watch?v=6rGlS31yRZ0,Found,18 Feb 2023,20:38,https://www.youtube.com/watch?v=lf-tlZwK5LU,
914,Episode 914 - Taarak Mehta Ka Ooltah Chashmah - Full Episode | तारक मेहता का उल्टा चश्मा,https://www.youtube.com/watch?v=HC8nc9K--pw,Found,18 Feb 2023,20:44,https://www.youtube.com/watch?v=4l-udUIxXEM,
915,Taarak Mehta Ka Ooltah Chashmah - तारक मेहता का उल्टा चशमाह - Episode 915 - Full Episode,https://www.youtube.com/watch?v=xLOmGB_NEf8,Found,31 Aug 2021,20:21,https://www.youtube.com/watch?v=anyKEa-U1n4,
916,Taarak Mehta Ka Ooltah Chashmah - तारक मेहता का उल्टा चशमाह - Episode 916 - Full Episode,https://www.youtube.com/watch?v=bFfQ6znzdzs,Found,01 Sep 2021,19:42,https://www.youtube.com/watch?v=sL88B62fNBA,
917,Episode 917 - Taarak Mehta Ka Ooltah Chashmah - Full Episode | तारक मेहता का उल्टा चश्मा,https://www.youtube.com/watch?v=s5rmJAm-Obo,Found,19 Feb 2023,20:47,https://www.youtube.com/watch?v=BCv-TRxcDxs,
918,Taarak Mehta Ka Ooltah Chashmah - तारक मेहता का उल्टा चशमाह - Episode 918 - Full Episode,https://www.youtube.com/watch?v=6gSFtuFsOJE,Found,03 Sep 2021,18:43,https://www.youtube.com/watch?v=tZi5nNwF1rY,
919,Taarak Mehta Ka Ooltah Chashmah - तारक मेहता का उल्टा चशमाह - Episode 919 - Full Episode,https://www.youtube.com/watch?v=1dogZuRItmY,Found,04 Sep 2021,17:46,https://www.youtube.com/watch?v=Kx8zS5ai9sg,
920,Taarak Mehta Ka Ooltah Chashmah - तारक मेहता का उल्टा चशमाह - Episode 920 - Full Episode,https://www.youtube.com/watch?v=CLXyq6k2s4Y,Found,05 Sep 2021,18:44,https://www.youtube.com/watch?v=u8xbDPjxV_0,
921,Episode 921 - Taarak Mehta Ka Ooltah Chashmah - Full Episode | तारक मेहता का उल्टा चश्मा,https://www.youtube.com/watch?v=qYfT8fR3J1o,Found,20 Feb 2023,19:02,https://www.youtube.com/watch?v=uVDnz7k03BI,
922,Taarak Mehta Ka Ooltah Chashmah - तारक मेहता का उल्टा चशमाह - Episode 922 - Full Episode,https://www.youtube.com/watch?v=mrYWWAPOK18,Found,07 Sep 2021,19:47,https://www.youtube.com/watch?v=383JiTizEAY,
923,Episode 923 - Taarak Mehta Ka Ooltah Chashmah - Full Episode | तारक मेहता का उल्टा चश्मा,https://www.youtube.com/watch?v=VDlM7P-LSBQ,Found,20 Feb 2023,18:55,https://www.youtube.com/watch?v=rlBN3tdGrWE,
924,Taarak Mehta Ka Ooltah Chashmah - तारक मेहता का उल्टा चशमाह - Episode 924 - Full Episode,https://www.youtube.com/watch?v=0pMXJi9-Ahs,Found,09 Sep 2021,19:30,https://www.youtube.com/watch?v=ZTEkimI-RBM,
925,Taarak Mehta Ka Ooltah Chashmah - तारक मेहता का उल्टा चशमाह - Episode 925 - Full Episode,https://www.youtube.com/watch?v=rp4qkdeVP_g,Found,10 Sep 2021,20:13,https://www.youtube.com/watch?v=4DQgsdwdH7M,
926,Episode 926 - Taarak Mehta Ka Ooltah Chashmah - Full Episode | तारक मेहता का उल्टा चश्मा,https://www.youtube.com/watch?v=L5VluA30ngM,Found,21 Feb 2023,18:24,https://www.youtube.com/watch?v=sF32M1SxxdA,https://www.youtube.com/watch?v=OPe6MGNvfhY
927,Taarak Mehta Ka Ooltah Chashmah | तारक मेहता का उल्टा चश्मा | Episode 927 | 25th  May 2021,https://www.youtube.com/watch?v=T2aJOwBANAs,Found,25 May 2021,19:39,https://www.youtube.com/watch?v=7y5cDnfN0Fg,
928,Taarak Mehta Ka Ooltah Chashmah - तारक मेहता का उल्टा चशमाह - Episode 928 - Full Episode,https://www.youtube.com/watch?v=BCDwBok2zFI,Found,13 Sep 2021,19:42,https://www.youtube.com/watch?v=iVDbLHChbRk,
929,Taarak Mehta Ka Ooltah Chashmah - तारक मेहता का उल्टा चशमाह - Episode 929 - Full Episode,https://www.youtube.com/watch?v=svKJvGy-Zdc,Found,14 Sep 2021,20:46,https://www.youtube.com/watch?v=wWQr7yeAAjc,
930,Taarak Mehta Ka Ooltah Chashmah - तारक मेहता का उल्टा चशमाह - Episode 930 - Full Episode,https://www.youtube.com/watch?v=ndoeImqq_jQ,Found,15 Sep 2021,16:36,https://www.youtube.com/watch?v=pHgl8GC-Pl4,
931,Episode 931 - Taarak Mehta Ka Ooltah Chashmah - Full Episode | तारक मेहता का उल्टा चश्मा,https://www.youtube.com/watch?v=oBL9NnDwPjM,Found,22 Feb 2023,20:15,https://www.youtube.com/watch?v=KzgJBVSfeAU,https://www.youtube.com/watch?v=jU0QenESzeg
932,Taarak Mehta Ka Ooltah Chashmah - तारक मेहता का उल्टा चशमाह - Episode 932 - Full Episode,https://www.youtube.com/watch?v=Vg0DHv_i_H4,Found,20 Aug 2022,20:45,https://www.youtube.com/watch?v=OA_AVtgVqyo,
933,"Taarak Mehta Ka Ooltah Chashmah - Full Episode 933 - 31st January, 2018",https://www.youtube.com/watch?v=cBjVZOYPArg,Found,31 Jan 2018,20:50,https://www.youtube.com/watch?v=3fZrU9Vv7ds,
934,"Taarak Mehta Ka Ooltah Chashmah - Full Episode  934 - 01st February , 2018",https://www.youtube.com/watch?v=OyfU4tycxvo,Found,01 Feb 2018,20:41,https://www.youtube.com/watch?v=G3DypiB7evs,
935,Taarak Mehta Ka Ooltah Chashmah - तारक मेहता का उल्टा चशमाह - Episode 935 - Full Episode,https://www.youtube.com/watch?v=2wA36Xr1WSU,Found,20 Sep 2021,16:18,https://www.youtube.com/watch?v=cmupSNg8V70,
936,Episode 936 - Taarak Mehta Ka Ooltah Chashmah - Full Episode | तारक मेहता का उल्टा चश्मा,https://www.youtube.com/watch?v=vOd6_i2ixkk,Found,23 Feb 2023,21:09,https://www.youtube.com/watch?v=p7_OzE1-7Fg,https://www.youtube.com/watch?v=JB9KTv7yiqc
937,Taarak Mehta Ka Ooltah Chashmah - तारक मेहता का उल्टा चशमाह - Episode 937 - Full Episode,https://www.youtube.com/watch?v=gPxG_WOJ0jE,Found,22 Sep 2021,20:15,https://www.youtube.com/watch?v=f7vSDE6yEOo,
938,Taarak Mehta Ka Ooltah Chashmah - तारक मेहता का उल्टा चशमाह - Episode 938 - Full Episode,https://www.youtube.com/watch?v=Z5VQ_fXJbbY,Found,23 Sep 2021,20:10,https://www.youtube.com/watch?v=XMsCPV3gbC4,
939,Taarak Mehta Ka Ooltah Chashmah - तारक मेहता का उल्टा चशमाह - Episode 939 - Full Episode,https://www.youtube.com/watch?v=5uLKGTFlezc,Found,24 Sep 2021,19:10,https://www.youtube.com/watch?v=ZptIdMzrWnI,
940,Taarak Mehta Ka Ooltah Chashmah - तारक मेहता का उल्टा चशमाह - Episode 940 - Full Episode,https://www.youtube.com/watch?v=PlpDnaJhaR8,Found,25 Sep 2021,17:37,https://www.youtube.com/watch?v=atp0VCzPUiI,
941,Taarak Mehta Ka Ooltah Chashmah - तारक मेहता का उल्टा चशमाह - Episode 941 - Full Episode,https://www.youtube.com/watch?v=GK6B-M0nEh0,Found,26 Sep 2021,17:07,https://www.youtube.com/watch?v=G642db6kTGw,
942,Taarak Mehta Ka Ooltah Chashmah - तारक मेहता का उल्टा चशमाह - Episode 942 - Full Episode,https://www.youtube.com/watch?v=rUNLyqgoqMU,Found,27 Sep 2021,21:05,https://www.youtube.com/watch?v=yNv_0FXSsuA,
943,Taarak Mehta Ka Ooltah Chashmah - तारक मेहता का उल्टा चशमाह - Episode 943 - Full Episode,https://www.youtube.com/watch?v=xGxi4qMSSVc,Found,28 Sep 2021,18:17,https://www.youtube.com/watch?v=cScSrXMXrpU,
944,Episode 944 - Taarak Mehta Ka Ooltah Chashmah - Full Episode | तारक मेहता का उल्टा चश्मा,https://www.youtube.com/watch?v=xo8d5EGyTNA,Found,25 Feb 2023,22:13,https://www.youtube.com/watch?v=fB26ZGPpjt0,https://www.youtube.com/watch?v=9I3OxicphB0
945,Episode 945 - Taarak Mehta Ka Ooltah Chashmah - Full Episode | तारक मेहता का उल्टा चश्मा,https://www.youtube.com/watch?v=KEkF9DOoOlg,Found,25 Feb 2023,22:24,https://www.youtube.com/watch?v=z-1_DSDaxRM,https://www.youtube.com/watch?v=IafNJPKrjdI
946,Taarak Mehta Ka Ooltah Chashmah - तारक मेहता का उल्टा चशमाह - Episode 946 - Full Episode,https://www.youtube.com/watch?v=clzHRU8gQcQ,Found,01 Oct 2021,20:35,https://www.youtube.com/watch?v=YTdoRmnEYss,
947,"Taarak Mehta Ka Ooltah Chashmah - Full Episode  947 - 07th February , 2018",https://www.youtube.com/watch?v=Yj2RLSJyNKU,Found,07 Feb 2018,18:16,https://www.youtube.com/watch?v=W8pXaAo9kv8,
948,Taarak Mehta Ka Ooltah Chashmah - तारक मेहता का उल्टा चशमाह - Episode 948 - Full Episode,https://www.youtube.com/watch?v=Sn077lAU5Fg,Found,03 Oct 2021,20:44,https://www.youtube.com/watch?v=C3fnIxwkLyU,
949,Taarak Mehta Ka Ooltah Chashmah - तारक मेहता का उल्टा चशमाह - Episode 949 - Full Episode,https://www.youtube.com/watch?v=fFYeGivYB_o,Found,04 Oct 2021,20:30,https://www.youtube.com/watch?v=Js_D6mSa9-s,
950,Taarak Mehta Ka Ooltah Chashmah - तारक मेहता का उल्टा चशमाह - Episode 950 - Full Episode,https://www.youtube.com/watch?v=QX8S5UhVIjM,Found,05 Oct 2021,21:45,https://www.youtube.com/watch?v=UMBQD39SZoE,
951,Taarak Mehta Ka Ooltah Chashmah - तारक मेहता का उल्टा चशमाह - Episode 951 - Full Episode,https://www.youtube.com/watch?v=lwecXjQ0MP0,Found,06 Oct 2021,20:36,https://www.youtube.com/watch?v=vW5a6Wjd-C0,
952,Taarak Mehta Ka Ooltah Chashmah - तारक मेहता का उल्टा चशमाह - Episode 952 - Full Episode,https://www.youtube.com/watch?v=RUf98tnXBoA,Found,07 Oct 2021,19:27,https://www.youtube.com/watch?v=oz-ncD1c-q4,
953,Taarak Mehta Ka Ooltah Chashmah - तारक मेहता का उल्टा चशमाह - Episode 953 - Full Episode,https://www.youtube.com/watch?v=rtDhEurlHGk,Found,08 Oct 2021,20:20,https://www.youtube.com/watch?v=obaL6jBeW04,
954,Taarak Mehta Ka Ooltah Chashmah - तारक मेहता का उल्टा चशमाह - Episode 954 - Full Episode,https://www.youtube.com/watch?v=I60p6nwR6X0,Found,09 Oct 2021,20:16,https://www.youtube.com/watch?v=9rhsxFJ5agQ,
955,Taarak Mehta Ka Ooltah Chashmah - तारक मेहता का उल्टा चशमाह - Episode 955 - Full Episode,https://www.youtube.com/watch?v=CCjAkQIYcqA,Found,10 Oct 2021,20:35,https://www.youtube.com/watch?v=VhRkSwWdOIY,
956,Taarak Mehta Ka Ooltah Chashmah - तारक मेहता का उल्टा चशमाह - Episode 956 - Full Episode,https://www.youtube.com/watch?v=3RB6k1Dcpg8,Found,11 Oct 2021,19:50,https://www.youtube.com/watch?v=NMOEFx4eOtc,
957,Taarak Mehta Ka Ooltah Chashmah - तारक मेहता का उल्टा चशमाह - Episode 957 - Full Episode,https://www.youtube.com/watch?v=WdumRsdwDi4,Found,12 Oct 2021,18:29,https://www.youtube.com/watch?v=nAJBACtxxBY,
958,Taarak Mehta Ka Ooltah Chashmah - तारक मेहता का उल्टा चशमाह - Episode 958 - Full Episode,https://www.youtube.com/watch?v=rmCTuVyBtes,Found,13 Oct 2021,18:41,https://www.youtube.com/watch?v=Q4jZHlHu6MI,
959,Taarak Mehta Ka Ooltah Chashmah - तारक मेहता का उल्टा चशमाह - Episode 959 - Full Episode,https://www.youtube.com/watch?v=SoiBOt9gm9s,Found,14 Oct 2021,17:47,https://www.youtube.com/watch?v=qLFOcI997oo,
960,Episode 960 - Taarak Mehta Ka Ooltah Chashmah - Full Episode | तारक मेहता का उल्टा चश्मा,https://www.youtube.com/watch?v=Php5hCil5RQ,Found,01 Mar 2023,21:15,https://www.youtube.com/watch?v=WhZc7CEMwGY,https://www.youtube.com/watch?v=X1fHJUsy4dA
961,Taarak Mehta Ka Ooltah Chashmah - तारक मेहता का उल्टा चशमाह - Episode 961 - Full Episode,https://www.youtube.com/watch?v=Ko7890LNa3A,Found,16 Oct 2021,20:09,https://www.youtube.com/watch?v=DhLGmL0jPRY,
962,"Taarak Mehta Ka Ooltah Chashmah - Full Episode 962 - 15th February , 2018",https://www.youtube.com/watch?v=H1t-Nuv2JSo,Found,15 Feb 2018,19:08,https://www.youtube.com/watch?v=lBtZsr6Vxro,
963,Taarak Mehta Ka Ooltah Chashmah - तारक मेहता का उल्टा चशमाह - Episode 963 - Full Episode,https://www.youtube.com/watch?v=tVNsU6jwvLk,Found,18 Oct 2021,18:28,https://www.youtube.com/watch?v=aZ7yzFUzCRk,
964,Taarak Mehta Ka Ooltah Chashmah - तारक मेहता का उल्टा चशमाह - Episode 964 - Full Episode,https://www.youtube.com/watch?v=Yfb0B4rhoqY,Found,19 Oct 2021,19:03,https://www.youtube.com/watch?v=qBr_sQksCew,
965,Taarak Mehta Ka Ooltah Chashmah - तारक मेहता का उल्टा चशमाह - Episode 965 - Full Episode,https://www.youtube.com/watch?v=HK4gXNji5QI,Found,20 Oct 2021,20:16,https://www.youtube.com/watch?v=lgZZubb3Sgo,
966,Episode 966 - Taarak Mehta Ka Ooltah Chashmah - Full Episode | तारक मेहता का उल्टा चश्मा,https://www.youtube.com/watch?v=lBQkxBsoQV8,Found,02 Mar 2023,20:53,https://www.youtube.com/watch?v=OToilCB1jXU,
967,Taarak Mehta Ka Ooltah Chashmah - तारक मेहता का उल्टा चशमाह - Episode 967 - Full Episode,https://www.youtube.com/watch?v=kHD-Z8oAouk,Found,22 Oct 2021,17:10,https://www.youtube.com/watch?v=xnuvHdBD5Vs,
968,Taarak Mehta Ka Ooltah Chashmah - तारक मेहता का उल्टा चशमाह - Episode 968 - Full Episode,https://www.youtube.com/watch?v=vD9AhIfwj6w,Found,23 Oct 2021,19:59,https://www.youtube.com/watch?v=L9ZAYYc_VIA,
969,Taarak Mehta Ka Ooltah Chashmah - तारक मेहता का उल्टा चशमाह - Episode 969 - Full Episode,https://www.youtube.com/watch?v=qZAxvAxCLas,Found,24 Oct 2021,20:18,https://www.youtube.com/watch?v=mg5dYoC4Xfg,https://www.youtube.com/watch?v=wZU3w_9kNYA
970,Taarak Mehta Ka Ooltah Chashmah - तारक मेहता का उल्टा चशमाह - Episode 970 - Full Episode,https://www.youtube.com/watch?v=zUW0dLtCPI4,Found,25 Oct 2021,20:36,https://www.youtube.com/watch?v=96q6CcuUD68,
971,Taarak Mehta Ka Ooltah Chashmah - तारक मेहता का उल्टा चशमाह - Episode 971 - Full Episode,https://www.youtube.com/watch?v=XWBhkwIm5oA,Found,26 Oct 2021,20:39,https://www.youtube.com/watch?v=2N_OgvG2wCg,
972,Taarak Mehta Ka Ooltah Chashmah - तारक मेहता का उल्टा चशमाह - Episode 972 - Full Episode,https://www.youtube.com/watch?v=pH2EfQ3MInc,Found,27 Oct 2021,18:04,https://www.youtube.com/watch?v=jlukhYkaWd8,
973,Taarak Mehta Ka Ooltah Chashmah - तारक मेहता का उल्टा चशमाह - Episode 973 - Full Episode,https://www.youtube.com/watch?v=IAEU8HArxdE,Found,28 Oct 2021,20:10,https://www.youtube.com/watch?v=Mrn4PW1jZbw,
974,Taarak Mehta Ka Ooltah Chashmah - तारक मेहता का उल्टा चशमाह - Episode 974 - Full Episode,https://www.youtube.com/watch?v=3IHbaIPMG-4,Found,29 Oct 2021,20:51,https://www.youtube.com/watch?v=GYdMt7Pk_vI,
975,"Taarak Mehta Ka Ooltah Chashmah - Full Episode 975  - 21st February , 2018",https://www.youtube.com/watch?v=3pTpa49LJYY,Found,21 Feb 2018,22:05,https://www.youtube.com/watch?v=Ym8oVwUzZQA,
976,"Taarak Mehta Ka Ooltah Chashmah - Full Episode  976 - 22nd  February , 2018",https://www.youtube.com/watch?v=V8XjAAuKNIc,Found,22 Feb 2018,19:54,,https://www.youtube.com/watch?v=XOob7Em6LBQ
977,"Taarak Mehta Ka Ooltah Chashmah - Full Episode 977 - 22nd  February , 2018",https://www.youtube.com/watch?v=fXl2bNGvJvQ,Found,22 Feb 2018,20:20,https://www.youtube.com/watch?v=3t0TDsGqjhA,
978,Taarak Mehta Ka Ooltah Chashmah - तारक मेहता का उल्टा चशमाह - Episode 978 - Full Episode,https://www.youtube.com/watch?v=w8Fc3MrjaFs,Found,02 Nov 2021,27:45,https://www.youtube.com/watch?v=TgZzccdhabM,
979,Taarak Mehta Ka Ooltah Chashmah - तारक मेहता का उल्टा चशमाह - Episode 979 - Full Episode,https://www.youtube.com/watch?v=s1REaI4SLyQ,Found,03 Nov 2021,17:50,https://www.youtube.com/watch?v=hpeA54dycl0,
980,"Taarak Mehta Ka Ooltah Chashmah - Full Episode 980 - 24th February , 2018",https://www.youtube.com/watch?v=Lerc19Jm0cs,Found,24 Feb 2018,20:29,,https://www.youtube.com/watch?v=JS-E1USlTd0
981,Taarak Mehta Ka Ooltah Chashmah - तारक मेहता का उल्टा चशमाह - Episode 981 - Full Episode,https://www.youtube.com/watch?v=cQ0iL9Pszzc,Found,05 Nov 2021,16:43,https://www.youtube.com/watch?v=zk1j_a89Ujw,
982,Taarak Mehta Ka Ooltah Chashmah - तारक मेहता का उल्टा चशमाह - Episode 982 - Full Episode,https://www.youtube.com/watch?v=R3I7iXShosU,Found,06 Nov 2021,20:44,https://www.youtube.com/watch?v=tIPGsHKp9es,
983,Taarak Mehta Ka Ooltah Chashmah - तारक मेहता का उल्टा चशमाह - Episode 983 - Full Episode,https://www.youtube.com/watch?v=dgcgeEuFkgk,Found,07 Nov 2021,19:19,https://www.youtube.com/watch?v=f2mhhjYX3bM,
984,Taarak Mehta Ka Ooltah Chashmah - तारक मेहता का उल्टा चशमाह - Episode 984 - Full Episode,https://www.youtube.com/watch?v=FwA3tWZB4Uw,Found,08 Nov 2021,21:10,https://www.youtube.com/watch?v=-Ha2DwYg5BE,
985,Episode 985 - Taarak Mehta Ka Ooltah Chashmah - Full Episode | तारक मेहता का उल्टा चश्मा,https://www.youtube.com/watch?v=pqe3eaQvjHs,Found,05 Mar 2023,19:19,https://www.youtube.com/watch?v=kxfNTmyYaeI,
986,Taarak Mehta Ka Ooltah Chashmah - तारक मेहता का उल्टा चशमाह - Episode 986 - Full Episode,https://www.youtube.com/watch?v=o094u0f21-U,Found,10 Nov 2021,20:27,https://www.youtube.com/watch?v=cZiO85R6bsw,
987,"Taarak Mehta Ka Ooltah Chashmah - Full Episode 987 - 05th  March , 2018",https://www.youtube.com/watch?v=memaNh3awWM,Found,05 Mar 2018,20:35,https://www.youtube.com/watch?v=Qd42aUKyHGo,
988,Taarak Mehta Ka Ooltah Chashmah - तारक मेहता का उल्टा चशमाह - Episode 988 - Full Episode,https://www.youtube.com/watch?v=WQmDAVN4748,Found,12 Nov 2021,19:25,https://www.youtube.com/watch?v=erlg-kvoW2s,
989,Taarak Mehta Ka Ooltah Chashmah - तारक मेहता का उल्टा चशमाह - Episode 989 - Full Episode,https://www.youtube.com/watch?v=FerFol7Few4,Found,13 Nov 2021,20:58,https://www.youtube.com/watch?v=2k7LLF98WoM,
990,Taarak Mehta Ka Ooltah Chashmah - तारक मेहता का उल्टा चशमाह - Episode 990 - Full Episode,https://www.youtube.com/watch?v=rLR3D29bu7E,Found,14 Nov 2021,20:49,https://www.youtube.com/watch?v=wX9aRQAsoe4,
991,Taarak Mehta Ka Ooltah Chashmah - तारक मेहता का उल्टा चशमाह - Episode 991 - Full Episode,https://www.youtube.com/watch?v=TMCAe852nXM,Found,15 Nov 2021,17:16,https://www.youtube.com/watch?v=X_aLrNCKyFY,
992,Taarak Mehta Ka Ooltah Chashmah - तारक मेहता का उल्टा चशमाह - Episode 992 - Full Episode,https://www.youtube.com/watch?v=QKU9qXOV7Jw,Found,16 Nov 2021,20:25,https://www.youtube.com/watch?v=QoS3zlwYV2Y,
993,Taarak Mehta Ka Ooltah Chashmah - तारक मेहता का उल्टा चशमाह - Episode 993 - Full Episode,https://www.youtube.com/watch?v=SE_KQD9MTi8,Found,17 Nov 2021,20:16,https://www.youtube.com/watch?v=WSUXerv62dw,
994,Taarak Mehta Ka Ooltah Chashmah - तारक मेहता का उल्टा चशमाह - Episode 994 - Full Episode,https://www.youtube.com/watch?v=pBFAyYDoH8U,Found,18 Nov 2021,18:36,https://www.youtube.com/watch?v=tRdUDvspwVw,
995,Episode 995 - Taarak Mehta Ka Ooltah Chashmah - Full Episode | तारक मेहता का उल्टा चश्मा,https://www.youtube.com/watch?v=IP78V5kcGjU,Found,07 Mar 2023,18:57,https://www.youtube.com/watch?v=nwvcoV2lXIQ,https://www.youtube.com/watch?v=0VYmGk9ePbc
996,Episode 996 - Taarak Mehta Ka Ooltah Chashmah - Full Episode | तारक मेहता का उल्टा चश्मा,https://www.youtube.com/watch?v=odYpYy0mJqQ,Found,07 Mar 2023,19:52,https://www.youtube.com/watch?v=ns9nxadhZIk,
997,Taarak Mehta Ka Ooltah Chashmah - तारक मेहता का उल्टा चशमाह - Episode 997 - Full Episode,https://www.youtube.com/watch?v=BERdhRRNYFE,Found,21 Nov 2021,19:43,https://www.youtube.com/watch?v=I36R2DAbMb8,
998,Taarak Mehta Ka Ooltah Chashmah - तारक मेहता का उल्टा चशमाह - Episode 998 - Full Episode,https://www.youtube.com/watch?v=tu68uAN7GmU,Found,22 Nov 2021,19:40,https://www.youtube.com/watch?v=_A_NPCiZTzU,
999,Episode 999 - Taarak Mehta Ka Ooltah Chashmah - Full Episode | तारक मेहता का उल्टा चश्मा,https://www.youtube.com/watch?v=fh1TJ96L6iw,Found,08 Mar 2023,19:04,https://www.youtube.com/watch?v=PvuL5097tMs,
1000,Taarak Mehta Ka Ooltah Chashmah - तारक मेहता का उल्टा चशमाह - Episode 1000 - Full Episode,https://www.youtube.com/watch?v=p7JfUn5AvH8,Found,24 Nov 2021,19:33,https://www.youtube.com/watch?v=ZlFIp0b5iCQ,
1001,"Taarak Mehta Ka Ooltah Chashmah - Full Episode 1001 - 12th  March, 2018",https://www.youtube.com/watch?v=Kgx5bb9qpFQ,Found,13 Mar 2018,19:09,https://www.youtube.com/watch?v=fCC1UXltNPw,
1002,Taarak Mehta Ka Ooltah Chashmah - तारक मेहता का उल्टा चशमाह - Episode 1002 - Full Episode,https://www.youtube.com/watch?v=zoke4D8LsMM,Found,26 Nov 2021,19:06,https://www.youtube.com/watch?v=-uw8A_CGdoM,
1003,Taarak Mehta Ka Ooltah Chashmah - तारक मेहता का उल्टा चशमाह - Episode 1003 - Full Episode,https://www.youtube.com/watch?v=juf39sK9hIY,Found,27 Nov 2021,17:52,https://www.youtube.com/watch?v=vDbvpjny660,
1004,Taarak Mehta Ka Ooltah Chashmah - तारक मेहता का उल्टा चशमाह - Episode 1004 - Full Episode,https://www.youtube.com/watch?v=0MEYAPkKGqk,Found,28 Nov 2021,18:55,https://www.youtube.com/watch?v=7_PL9vne9nA,
1005,Taarak Mehta Ka Ooltah Chashmah - तारक मेहता का उल्टा चशमाह - Episode 1005 - Full Episode,https://www.youtube.com/watch?v=gShrlh4wREw,Found,29 Nov 2021,19:44,https://www.youtube.com/watch?v=iZcHP67oO2Q,
1006,"Taarak Mehta Ka Ooltah Chashmah | तारक मेहता का उल्टा चश्मा | Episode 1006 | 3rd September, 2021",https://www.youtube.com/watch?v=8UVoJ_hQJxA,Found,03 Sep 2021,19:10,https://www.youtube.com/watch?v=ejLazkpOdEo,
1007,Episode 1007 - Taarak Mehta Ka Ooltah Chashmah - Full Episode | तारक मेहता का उल्टा चश्मा,https://www.youtube.com/watch?v=9dQ_06jQHTM,Found,10 Mar 2023,20:58,https://www.youtube.com/watch?v=P9tGjZIPgRM,
1008,Episode 1008 - Taarak Mehta Ka Ooltah Chashmah - Full Episode | तारक मेहता का उल्टा चश्मा,https://www.youtube.com/watch?v=sVzs-qu3m5w,Found,10 Mar 2023,19:18,https://www.youtube.com/watch?v=ajbU74TEoUI,
1009,Episode 1009 - Taarak Mehta Ka Ooltah Chashmah - Full Episode | तारक मेहता का उल्टा चश्मा,https://www.youtube.com/watch?v=n35q-gAadWA,Found,10 Mar 2023,20:47,https://www.youtube.com/watch?v=gB32yT1dnQc,
1010,"Taarak Mehta Ka Ooltah Chashmah - Full Episode 1010 - 17th  March, 2018",https://www.youtube.com/watch?v=hDzq3DjDc0s,Found,17 Mar 2018,18:58,https://www.youtube.com/watch?v=0-orZIvyKcc,
1011,Taarak Mehta Ka Ooltah Chashmah - तारक मेहता का उल्टा चशमाह - Episode 1011 - Full Episode,https://www.youtube.com/watch?v=safnuYuhH9g,Found,05 Dec 2021,20:54,https://www.youtube.com/watch?v=8oRWAyocA9w,
1012,Taarak Mehta Ka Ooltah Chashmah - तारक मेहता का उल्टा चशमाह - Episode 1012 - Full Episode,https://www.youtube.com/watch?v=6YSTXVQ7YDc,Found,06 Dec 2021,17:54,https://www.youtube.com/watch?v=yjIQpYWBQP0,
1013,Taarak Mehta Ka Ooltah Chashmah - तारक मेहता का उल्टा चशमाह - Episode 1013 - Full Episode,https://www.youtube.com/watch?v=M3_ZJfzwf6M,Found,07 Dec 2021,19:05,https://www.youtube.com/watch?v=iCrRWNk-9Y0,
1014,Taarak Mehta Ka Ooltah Chashmah - तारक मेहता का उल्टा चशमाह - Episode 1014 - Full Episode,https://www.youtube.com/watch?v=Y0ak4EBp3_w,Found,08 Dec 2021,19:39,https://www.youtube.com/watch?v=sEdAE6yyEHw,
1015,Taarak Mehta Ka Ooltah Chashmah - तारक मेहता का उल्टा चशमाह - Episode 1015 - Full Episode,https://www.youtube.com/watch?v=yNMSzCvqnwc,Found,09 Dec 2021,21:03,https://www.youtube.com/watch?v=gBXEFCJqffo,
1016,Taarak Mehta Ka Ooltah Chashmah - तारक मेहता का उल्टा चशमाह - Episode 1016 - Full Episode,https://www.youtube.com/watch?v=B3vzx5wqAK0,Found,10 Dec 2021,18:58,https://www.youtube.com/watch?v=a-Hykr5N2Ew,
1017,Taarak Mehta Ka Ooltah Chashmah - तारक मेहता का उल्टा चशमाह - Episode 1017 - Full Episode,https://www.youtube.com/watch?v=MjwWxS1hMd4,Found,11 Dec 2021,16:11,https://www.youtube.com/watch?v=YL-InhCxtic,
1018,"Taarak Mehta Ka Ooltah Chashmah -  Full Episode 1018  - 21st  March , 2018",https://www.youtube.com/watch?v=VI6AgeX10q0,Found,21 Mar 2018,19:29,https://www.youtube.com/watch?v=LsSatJ-CdcY,
1019,Taarak Mehta Ka Ooltah Chashmah - तारक मेहता का उल्टा चशमाह - Episode 1019 - Full Episode,https://www.youtube.com/watch?v=2AULzR34XNE,Found,13 Dec 2021,19:15,https://www.youtube.com/watch?v=bpXw5azYuJc,
1020,Taarak Mehta Ka Ooltah Chashmah - तारक मेहता का उल्टा चशमाह - Episode 1020 - Full Episode,https://www.youtube.com/watch?v=L-NZXy5zQno,Found,14 Dec 2021,20:42,https://www.youtube.com/watch?v=uVF1hir35pg,
1021,Taarak Mehta Ka Ooltah Chashmah - तारक मेहता का उल्टा चशमाह - Episode 1021 - Full Episode,https://www.youtube.com/watch?v=o7zknDwWASI,Found,15 Dec 2021,20:05,https://www.youtube.com/watch?v=WlPT9kkSoYw,
1022,Taarak Mehta Ka Ooltah Chashmah - तारक मेहता का उल्टा चशमाह - Episode 1022 - Full Episode,https://www.youtube.com/watch?v=zbxNf7CLI84,Found,16 Dec 2021,19:49,https://www.youtube.com/watch?v=szqoMEbt48g,
1023,Taarak Mehta Ka Ooltah Chashmah - तारक मेहता का उल्टा चशमाह - Episode 1023 - Full Episode,https://www.youtube.com/watch?v=WyVtEA5zgYY,Found,17 Dec 2021,19:24,https://www.youtube.com/watch?v=qQ17InlOntE,
1024,Taarak Mehta Ka Ooltah Chashmah - तारक मेहता का उल्टा चशमाह - Episode 1024 - Full Episode,https://www.youtube.com/watch?v=Aq4Q_AURoTg,Found,18 Dec 2021,19:10,https://www.youtube.com/watch?v=TV7Fn9jqucE,
1025,Taarak Mehta Ka Ooltah Chashmah - तारक मेहता का उल्टा चशमाह - Episode 1025 - Full Episode,https://www.youtube.com/watch?v=oR3Yo8cYiEc,Found,19 Dec 2021,16:28,https://www.youtube.com/watch?v=YlNv_BJgVq4,
1026,Taarak Mehta Ka Ooltah Chashmah - तारक मेहता का उल्टा चशमाह - Episode 1026 - Full Episode,https://www.youtube.com/watch?v=0YOvHsELr78,Found,20 Dec 2021,20:25,https://www.youtube.com/watch?v=atJBXK8_9Q0,
1027,Taarak Mehta Ka Ooltah Chashmah - तारक मेहता का उल्टा चशमाह - Episode 1027 - Full Episode,https://www.youtube.com/watch?v=zYwdOxODEpM,Found,21 Dec 2021,19:48,https://www.youtube.com/watch?v=w6TsYlfcVHQ,
1028,Taarak Mehta Ka Ooltah Chashmah - तारक मेहता का उल्टा चशमाह - Episode 1028 - Full Episode,https://www.youtube.com/watch?v=HdaDN-NYYZk,Found,22 Dec 2021,18:14,https://www.youtube.com/watch?v=01v3MWL_87M,
1029,Ep 1029 - Taarak Mehta Ka Ooltah Chashmah - Full Episode | तारक मेहता का उल्टा चश्मा,https://www.youtube.com/watch?v=idFlk-CAHP4,Found,09 Apr 2023,19:10,https://www.youtube.com/watch?v=_QGJHyrfhXA,
1030,Ep 1030 - Taarak Mehta Ka Ooltah Chashmah - Full Episode | तारक मेहता का उल्टा चश्मा,https://www.youtube.com/watch?v=RyOyazIE7ow,Found,09 Apr 2023,20:28,https://www.youtube.com/watch?v=a90n8gtRwh4,
1031,Ep 1031 - Taarak Mehta Ka Ooltah Chashmah - Full Episode | तारक मेहता का उल्टा चश्मा,https://www.youtube.com/watch?v=C352sR6ZxVI,Found,09 Apr 2023,20:54,https://www.youtube.com/watch?v=rAxCLQlcJH0,
1032,Ep 1032 - Taarak Mehta Ka Ooltah Chashmah - Full Episode | तारक मेहता का उल्टा चश्मा,https://www.youtube.com/watch?v=xomyXCNxTEQ,Found,10 Apr 2023,21:09,https://www.youtube.com/watch?v=KVeraYzEM3A,
1033,Ep 1033 - Taarak Mehta Ka Ooltah Chashmah - Full Episode | तारक मेहता का उल्टा चश्मा,https://www.youtube.com/watch?v=wpHveWeD4NQ,Found,10 Apr 2023,21:03,https://www.youtube.com/watch?v=Z5GT_LPe5lE,
1034,Ep 1034 - Taarak Mehta Ka Ooltah Chashmah - Full Episode | तारक मेहता का उल्टा चश्मा,https://www.youtube.com/watch?v=SldkdOZPYuI,Found,10 Apr 2023,21:27,https://www.youtube.com/watch?v=YnoiR2QdMvI,
1035,Ep 1035 - Taarak Mehta Ka Ooltah Chashmah - Full Episode | तारक मेहता का उल्टा चश्मा,https://www.youtube.com/watch?v=-lf68W1kZjE,Found,11 Apr 2023,20:49,https://www.youtube.com/watch?v=y7H8Su2LCHk,
1036,"Taarak Mehta Ka Ooltah Chashmah - Full Episode 1036 - 30th  March , 2018",https://www.youtube.com/watch?v=4O9RklUyUpQ,Found,30 Mar 2018,19:26,https://www.youtube.com/watch?v=uXbd1GhNVE8,
1037,Ep 1037 - Taarak Mehta Ka Ooltah Chashmah - Full Episode | तारक मेहता का उल्टा चश्मा,https://www.youtube.com/watch?v=l-cI-tJfyEI,Found,11 Apr 2023,21:13,https://www.youtube.com/watch?v=qCeLiip6ZAs,
1038,Ep 1038 - Taarak Mehta Ka Ooltah Chashmah - Full Episode | तारक मेहता का उल्टा चश्मा,https://www.youtube.com/watch?v=miw8CycqUBE,Found,12 Apr 2023,20:55,https://www.youtube.com/watch?v=fZqUFQ3xYsA,
1039,Ep 1039 - Taarak Mehta Ka Ooltah Chashmah - Full Episode | तारक मेहता का उल्टा चश्मा,https://www.youtube.com/watch?v=tQ8JzWcX1gk,Found,12 Apr 2023,20:15,https://www.youtube.com/watch?v=0b_NFMygWBY,
1040,Ep 1040 - Taarak Mehta Ka Ooltah Chashmah - Full Episode | तारक मेहता का उल्टा चश्मा,https://www.youtube.com/watch?v=EMlANtbPRhY,Found,12 Apr 2023,20:22,https://www.youtube.com/watch?v=1_9bpVUnUcg,
1041,Ep 1041 - Taarak Mehta Ka Ooltah Chashmah - Full Episode | तारक मेहता का उल्टा चश्मा,https://www.youtube.com/watch?v=clTgIuGbgdE,Found,13 Apr 2023,20:45,https://www.youtube.com/watch?v=kGLtN66uMEI,
1042,Taarak Mehta Ka Ooltah Chashmah - Episode 1042 - 3rd January 2013,https://www.youtube.com/watch?v=wlpNh5t_1rM,Found,09 Jan 2013,19:49,https://www.youtube.com/watch?v=Jzrpwk_UePY,
1043,Ep 1043 - Taarak Mehta Ka Ooltah Chashmah - Full Episode | तारक मेहता का उल्टा चश्मा,https://www.youtube.com/watch?v=NEx8t36gthk,Found,13 Apr 2023,21:31,https://www.youtube.com/watch?v=SI6vfbdMNEs,
1044,तारक मेहता का उल्टा चश्मा - एपिसोड 1044 - 7 जनवरी 2012,https://www.youtube.com/watch?v=u7uCG16DGIk,Found,09 Jan 2013,18:45,https://www.youtube.com/watch?v=gZCb2n0iK-s,
1045,Ep 1045 - Taarak Mehta Ka Ooltah Chashmah - Full Episode | तारक मेहता का उल्टा चश्मा,https://www.youtube.com/watch?v=u1NJKuNvk6Q,Found,14 Apr 2023,20:56,https://www.youtube.com/watch?v=iXyff5HsT3Y,
1046,Ep 1046 - Taarak Mehta Ka Ooltah Chashmah - Full Episode | तारक मेहता का उल्टा चश्मा,https://www.youtube.com/watch?v=vm0w12IXvlg,Found,14 Apr 2023,20:10,https://www.youtube.com/watch?v=FxiaqAM9Nmg,
1047,"Taarak Mehta Ka Ooltah Chashmah - Full Episode  1047  - 04th  April  , 2018",https://www.youtube.com/watch?v=umn45w0SooQ,Found,04 Apr 2018,20:32,https://www.youtube.com/watch?v=_y08Z5duPao,
1048,Ep 1048 - Taarak Mehta Ka Ooltah Chashmah - Full Episode | तारक मेहता का उल्टा चश्मा,https://www.youtube.com/watch?v=Qtf7e7PTMZE,Found,15 Apr 2023,21:09,https://www.youtube.com/watch?v=1nbWi6pJoVQ,
1049,Ep 1049 - Taarak Mehta Ka Ooltah Chashmah - Full Episode | तारक मेहता का उल्टा चश्मा,https://www.youtube.com/watch?v=nWT2n82E4pM,Found,15 Apr 2023,21:07,https://www.youtube.com/watch?v=NHbzmFtYZ0g,
1050,Ep 1050 - Taarak Mehta Ka Ooltah Chashmah - Full Episode | तारक मेहता का उल्टा चश्मा,https://www.youtube.com/watch?v=6VPt0ZBKhRQ,Found,16 Apr 2023,21:09,https://www.youtube.com/watch?v=Ix6D5wuB604,
1051,Ep 1051 - Taarak Mehta Ka Ooltah Chashmah - Full Episode | तारक मेहता का उल्टा चश्मा,https://www.youtube.com/watch?v=zdEB6zKSPbg,Found,16 Apr 2023,20:29,https://www.youtube.com/watch?v=aRYOvkL82mA,
1052,Ep 1052 - Taarak Mehta Ka Ooltah Chashmah - Full Episode | तारक मेहता का उल्टा चश्मा,https://www.youtube.com/watch?v=OtZGyxX9QTk,Found,16 Apr 2023,20:50,https://www.youtube.com/watch?v=5dxAChYm8Ks,
1053,Ep 1053 - Taarak Mehta Ka Ooltah Chashmah - Full Episode | तारक मेहता का उल्टा चश्मा,https://www.youtube.com/watch?v=yPKa9xewjKc,Found,16 Apr 2023,21:35,https://www.youtube.com/watch?v=fMx8FQd1SEQ,
1054,Taarak Mehta Ka Ooltah Chashmah - Episode 1054 - Full Episode,https://www.youtube.com/watch?v=oxM2Wp70wbs,Found,06 Feb 2021,19:45,https://www.youtube.com/watch?v=H1ZUpbzl5qI,https://www.youtube.com/watch?v=Vn6BA3XeI5U
1055,Ep 1055 - Taarak Mehta Ka Ooltah Chashmah - Full Episode | तारक मेहता का उल्टा चश्मा,https://www.youtube.com/watch?v=aYITkTfir98,Found,16 Apr 2023,19:25,https://www.youtube.com/watch?v=lGQ_FP3dF3s,
1056,Ep 1056 - Taarak Mehta Ka Ooltah Chashmah - Full Episode | तारक मेहता का उल्टा चश्मा,https://www.youtube.com/watch?v=55G527fnPlQ,Found,17 Apr 2023,21:07,https://www.youtube.com/watch?v=uQCEYOCVzBk,
1057,Ep 1057 - Taarak Mehta Ka Ooltah Chashmah - Full Episode | तारक मेहता का उल्टा चश्मा,https://www.youtube.com/watch?v=5Y4kBnt2YYE,Found,17 Apr 2023,20:54,https://www.youtube.com/watch?v=WY9fggDE0Ps,
1058,"Taarak Mehta Ka Ooltah Chashmah - Full Episode 1058 - 10th  April  , 2018",https://www.youtube.com/watch?v=g0ARkYfWnrw,Found,10 Apr 2018,20:59,https://www.youtube.com/watch?v=wZZNgFjh1EQ,
1059,"Taarak Mehta Ka Ooltah Chashmah - Full Episode 1059 - 10th  April  , 2018",https://www.youtube.com/watch?v=uP9HL0ZfrA8,Found,21 Aug 2018,22:00,https://www.youtube.com/watch?v=wRnJtTWUXfY,
1060,Ep 1060 - Taarak Mehta Ka Ooltah Chashmah - Full Episode | तारक मेहता का उल्टा चश्मा,https://www.youtube.com/watch?v=gfP6qo65drU,Found,18 Apr 2023,21:02,https://www.youtube.com/watch?v=Fl8xf4_aPUw,
1061,"Taarak Mehta Ka Ooltah Chashmah - Full Episode 1061 - 12th  April  , 2018",https://www.youtube.com/watch?v=l9ZO_m7v5j8,Found,12 Apr 2018,21:50,https://www.youtube.com/watch?v=zXbopNes7PA,
1062,Ep 1062 - Taarak Mehta Ka Ooltah Chashmah - Full Episode | तारक मेहता का उल्टा चश्मा,https://www.youtube.com/watch?v=IhT7y-sSWns,Found,19 Apr 2023,20:49,https://www.youtube.com/watch?v=_Ey3kJXtPoo,
1063,Taarak Mehta Ka Ooltah Chashmah - तारक मेहता - Throwback - Episode 1063 - Full Episode,https://www.youtube.com/watch?v=mDM_H8d7i5U,Found,12 Oct 2021,20:31,https://www.youtube.com/watch?v=Awzaav8OckI,
1064,Ep 1064 - Taarak Mehta Ka Ooltah Chashmah - Full Episode | तारक मेहता का उल्टा चश्मा,https://www.youtube.com/watch?v=GiJqhk171oM,Found,19 Apr 2023,20:43,https://www.youtube.com/watch?v=0U_GxKoD1Uo,
1065,Ep 1065 - Taarak Mehta Ka Ooltah Chashmah - Full Episode | तारक मेहता का उल्टा चश्मा,https://www.youtube.com/watch?v=1TkdFxuYF8A,Found,19 Apr 2023,20:47,https://www.youtube.com/watch?v=waeDnGvrcgo,
1066,Ep 1066 - Taarak Mehta Ka Ooltah Chashmah - Full Episode | तारक मेहता का उल्टा चश्मा,https://www.youtube.com/watch?v=9Tv1sXzBUKE,Found,20 Apr 2023,21:32,https://www.youtube.com/watch?v=0_iJuiI9a3A,
1067,Ep 1067 - Taarak Mehta Ka Ooltah Chashmah - Full Episode | तारक मेहता का उल्टा चश्मा,https://www.youtube.com/watch?v=nMQSCXAENQ8,Found,20 Apr 2023,20:45,https://www.youtube.com/watch?v=vU4qlbC0c_s,
1068,Ep 1068 - Taarak Mehta Ka Ooltah Chashmah - Full Episode | तारक मेहता का उल्टा चश्मा,https://www.youtube.com/watch?v=yRE2Z1eeQoA,Found,20 Apr 2023,20:57,https://www.youtube.com/watch?v=zzP0gxB0fZU,
1069,"Taarak Mehta Ka Ooltah Chashmah - Full Episode  1069 - 16th  April  , 2018",https://www.youtube.com/watch?v=G637_FOEwnQ,Found,16 Apr 2018,20:23,https://www.youtube.com/watch?v=FGVg9tV9agE,
1070,"Taarak Mehta Ka Ooltah Chashmah - Full Episode  1070 - 16th  April  , 2018",https://www.youtube.com/watch?v=uOdxvz_NG44,Found,16 Apr 2018,20:24,https://www.youtube.com/watch?v=__04VyeTzr0,
1071,"Taarak Mehta Ka Ooltah Chashmah - Full Episode  1071 - 17th  April  , 2018",https://www.youtube.com/watch?v=WVe0sqASgS8,Found,17 Apr 2018,20:08,https://www.youtube.com/watch?v=cC5T1k62UzE,
1072,Ep 1072 - Taarak Mehta Ka Ooltah Chashmah - Full Episode | तारक मेहता का उल्टा चश्मा,https://www.youtube.com/watch?v=TXvKaST7R80,Found,22 Apr 2023,20:06,https://www.youtube.com/watch?v=qp1FI8EIbIk,
1073,Ep 1073 - Taarak Mehta Ka Ooltah Chashmah - Full Episode | तारक मेहता का उल्टा चश्मा,https://www.youtube.com/watch?v=mMmY8Brula0,Found,22 Apr 2023,19:59,https://www.youtube.com/watch?v=GstHXoHuyek,
1074,Ep 1074 - Taarak Mehta Ka Ooltah Chashmah - Full Episode | तारक मेहता का उल्टा चश्मा,https://www.youtube.com/watch?v=RE99NNhY1gE,Found,22 Apr 2023,20:12,https://www.youtube.com/watch?v=lkyS8RiajsU,
1075,Ep 1075 - Taarak Mehta Ka Ooltah Chashmah - Full Episode | तारक मेहता का उल्टा चश्मा,https://www.youtube.com/watch?v=Lu2cU1yiyTs,Found,23 Apr 2023,20:16,https://www.youtube.com/watch?v=uLRKTTFNGUw,
1076,Ep 1076 - Taarak Mehta Ka Ooltah Chashmah - Full Episode | तारक मेहता का उल्टा चश्मा,https://www.youtube.com/watch?v=JYJimTd7MXk,Found,23 Apr 2023,20:18,https://www.youtube.com/watch?v=sCWz4QxE7_w,
1077,"Taarak Mehta Ka Ooltah Chashmah - Full Episode 1077 - 20th  April  , 2018",https://www.youtube.com/watch?v=DqYkD2q_5ng,Found,20 Apr 2018,20:29,https://www.youtube.com/watch?v=oTu6zTjWLuI,
1078,"Taarak Mehta Ka Ooltah Chashmah - Full Episode 1078 - 20th  April  , 2018",https://www.youtube.com/watch?v=v65fOnQKx0c,Found,20 Apr 2018,19:47,https://www.youtube.com/watch?v=X0FW37_j7yE,
1079,Taarak Mehta Ka Ooltah Chashmah | तारक मेहता का उल्टा चश्मा | Episode 1079 | Full Episode,https://www.youtube.com/watch?v=Rtdh5BQNV3U,Found,04 Sep 2020,20:09,https://www.youtube.com/watch?v=kPW2nSo5Cm0,
1080,Ep 1080 - Taarak Mehta Ka Ooltah Chashmah - Full Episode | तारक मेहता का उल्टा चश्मा,https://www.youtube.com/watch?v=WUDI0_9y4NU,Found,23 Apr 2023,20:26,https://www.youtube.com/watch?v=xj2EsHGHMpY,
1081,"Taarak Mehta Ka Ooltah Chashmah | तारक मेहता का उल्टा चश्मा | Episode 1081 | 17th December, 2021",https://www.youtube.com/watch?v=URxP9yaYzfY,Found,17 Dec 2021,19:19,https://www.youtube.com/watch?v=Fru4OP8OtiI,
1082,Ep 1082 - Taarak Mehta Ka Ooltah Chashmah - Full Episode | तारक मेहता का उल्टा चश्मा,https://www.youtube.com/watch?v=DStbQQlf6Dc,Found,24 Apr 2023,19:08,https://www.youtube.com/watch?v=YxpDSEXrmIw,
1083,"Taarak Mehta Ka Ooltah Chashmah - Full Episode 1083 - 23rd  April  , 2018",https://www.youtube.com/watch?v=4aF6vclsZW4,Found,23 Apr 2018,20:12,https://www.youtube.com/watch?v=RUoTvlttjRU,
1084,"Taarak Mehta Ka Ooltah Chashmah - Full Episode  1084 - 23rd  April  , 2018",https://www.youtube.com/watch?v=fY5hrsZt2w8,Found,23 Apr 2018,20:00,https://www.youtube.com/watch?v=hJNGcrTrT28,
1085,"Taarak Mehta Ka Ooltah Chashmah - Full Episode 1085 - 24th  April  , 2018",https://www.youtube.com/watch?v=VbKY5eUGSJU,Found,24 Apr 2018,20:29,https://www.youtube.com/watch?v=35STOwHPPf4,
1086,Ep 1086 - Taarak Mehta Ka Ooltah Chashmah - Full Episode | तारक मेहता का उल्टा चश्मा,https://www.youtube.com/watch?v=O_rBdiZoEiQ,Found,25 Apr 2023,19:26,https://www.youtube.com/watch?v=iLN16RKmvbA,
1087,Ep 1087 - Taarak Mehta Ka Ooltah Chashmah - Full Episode | तारक मेहता का उल्टा चश्मा,https://www.youtube.com/watch?v=HwDfpfyZxr0,Found,26 Apr 2023,18:54,https://www.youtube.com/watch?v=QvvrPXbdLQA,
1088,"Taarak Mehta Ka Ooltah Chashmah | तारक मेहता का उल्टा चश्मा | Episode 1088 | 28th December, 2021",https://www.youtube.com/watch?v=ok_rvNlA7uk,Found,28 Dec 2021,19:16,https://www.youtube.com/watch?v=VyedZY3Z_Is,
1089,"Taarak Mehta Ka Ooltah Chashmah - Full Episode 1089 - 26th April, 2018",https://www.youtube.com/watch?v=JW6ubqvWSX4,Found,26 Apr 2018,18:51,https://www.youtube.com/watch?v=H9BIZZi6cKM,
1090,Ep 1090 - Taarak Mehta Ka Ooltah Chashmah - Full Episode | तारक मेहता का उल्टा चश्मा,https://www.youtube.com/watch?v=DMbTATKwvNA,Found,27 Apr 2023,19:56,https://www.youtube.com/watch?v=kXWJeelcjFs,
1091,Ep 1091 - Taarak Mehta Ka Ooltah Chashmah - Full Episode | तारक मेहता का उल्टा चश्मा,https://www.youtube.com/watch?v=8LpxwThGdf0,Found,27 Apr 2023,20:22,https://www.youtube.com/watch?v=xGUTxqXy84E,
1092,Ep 1092 - Taarak Mehta Ka Ooltah Chashmah - Full Episode | तारक मेहता का उल्टा चश्मा,https://www.youtube.com/watch?v=ZnNIZ50S-i8,Found,27 Apr 2023,20:37,https://www.youtube.com/watch?v=KrhJ9lnZiiQ,
1093,Ep 1093 - Taarak Mehta Ka Ooltah Chashmah - Full Episode | तारक मेहता का उल्टा चश्मा,https://www.youtube.com/watch?v=Jy1e6k9mkts,Found,28 Apr 2023,20:06,https://www.youtube.com/watch?v=KQHvWwqyx9M,
1094,Ep 1094 - Taarak Mehta Ka Ooltah Chashmah - Full Episode | तारक मेहता का उल्टा चश्मा,https://www.youtube.com/watch?v=0lGUcy2wn3I,Found,28 Apr 2023,19:54,https://www.youtube.com/watch?v=FMNn54F_WPM,
1095,Ep 1095 - Taarak Mehta Ka Ooltah Chashmah - Full Episode | तारक मेहता का उल्टा चश्मा,https://www.youtube.com/watch?v=Qs4Pmhl8qcw,Found,28 Apr 2023,20:50,https://www.youtube.com/watch?v=fB41uUNPrWw,
1096,"Taarak Mehta Ka Ooltah Chashmah | तारक मेहता का उल्टा चश्मा | Episode 1096 | 15th December, 2020",https://www.youtube.com/watch?v=sH5nLu0UDLY,Found,15 Dec 2020,19:09,https://www.youtube.com/watch?v=KwbxHc_zpvU,
1097,"Taarak Mehta Ka Ooltah Chashmah -  Full Episode 1097 - 30th  April, 2018",https://www.youtube.com/watch?v=cY3OxAH8bpY,Found,30 Apr 2018,20:06,https://www.youtube.com/watch?v=ZjMaNY8i8WA,
1098,"Taarak Mehta Ka Ooltah Chashmah -  Full Episode 1098 - 30th  April, 2018",https://www.youtube.com/watch?v=zW_OmJU4yK0,Found,30 Apr 2018,20:28,https://www.youtube.com/watch?v=B77274gkFWI,
1099,"Taarak Mehta Ka Ooltah Chashmah - Full Episode  1099 -1st May, 2018",https://www.youtube.com/watch?v=lvWJREzT4k4,Found,01 May 2018,19:26,https://www.youtube.com/watch?v=YksLAR9266o,
1100,Ep 1100 - Taarak Mehta Ka Ooltah Chashmah - Full Episode | तारक मेहता का उल्टा चश्मा,https://www.youtube.com/watch?v=T3pvLq4vx6U,Found,30 Apr 2023,20:35,https://www.youtube.com/watch?v=vNLwAmIW5xM,
1101,Ep 1101 - Taarak Mehta Ka Ooltah Chashmah - Full Episode | तारक मेहता का उल्टा चश्मा,https://www.youtube.com/watch?v=p9RIHdYXC6M,Found,30 Apr 2023,19:53,https://www.youtube.com/watch?v=ymywyumT9uw,
1102,Ep 1102 - Taarak Mehta Ka Ooltah Chashmah - Full Episode | तारक मेहता का उल्टा चश्मा,https://www.youtube.com/watch?v=P3_-Bpi0LDI,Found,30 Apr 2023,20:02,https://www.youtube.com/watch?v=GXr6iPZ_Dk8,
1103,Ep 1103 - Taarak Mehta Ka Ooltah Chashmah - Full Episode | तारक मेहता का उल्टा चश्मा,https://www.youtube.com/watch?v=dO1cPYb8h7w,Found,30 Apr 2023,20:12,https://www.youtube.com/watch?v=4yuPn4aa1do,
1104,Ep 1104 - Taarak Mehta Ka Ooltah Chashmah - Full Episode | तारक मेहता का उल्टा चश्मा,https://www.youtube.com/watch?v=PX3X2Yw1gxk,Found,30 Apr 2023,20:02,https://www.youtube.com/watch?v=kQSxor1UAd8,
1105,Ep 1105 - Taarak Mehta Ka Ooltah Chashmah - Full Episode | तारक मेहता का उल्टा चश्मा,https://www.youtube.com/watch?v=FMsgxBA-BDs,Found,01 May 2023,19:25,https://www.youtube.com/watch?v=gKOHw_FAguM,
1106,"Taarak Mehta Ka Ooltah Chashmah -  Full Episode  1106 - 4th  May, 2018",https://www.youtube.com/watch?v=hQuLmJZyzFk,Found,04 May 2018,17:54,https://www.youtube.com/watch?v=elAmkvmAbIM,
1107,Ep 1107 - Taarak Mehta Ka Ooltah Chashmah - Full Episode | तारक मेहता का उल्टा चश्मा,https://www.youtube.com/watch?v=mbS-m28WPyk,Found,01 May 2023,19:27,https://www.youtube.com/watch?v=OwRlOWAgb8c,
1108,Ep 1108 - Taarak Mehta Ka Ooltah Chashmah - Full Episode | तारक मेहता का उल्टा चश्मा,https://www.youtube.com/watch?v=p4teQMQzdJI,Found,02 May 2023,19:15,https://www.youtube.com/watch?v=gGU9qDWQTYQ,
1109,"Taarak Mehta Ka Ooltah Chashmah | तारक मेहता का उल्टा चश्मा | Episode 1109 | 18th December, 2020",https://www.youtube.com/watch?v=JbS3IJIRKAQ,Found,18 Dec 2020,18:27,https://www.youtube.com/watch?v=57VxS0UwJ7k,
1110,Ep 1110 - Taarak Mehta Ka Ooltah Chashmah - Full Episode | तारक मेहता का उल्टा चश्मा,https://www.youtube.com/watch?v=e9hpgzlUJbo,Found,02 May 2023,19:56,https://www.youtube.com/watch?v=W05fJh7wTUU,
1111,Ep 1111 - Taarak Mehta Ka Ooltah Chashmah - Full Episode | तारक मेहता का उल्टा चश्मा,https://www.youtube.com/watch?v=8oRWAyocA9w,Found,03 May 2023,19:55,https://www.youtube.com/watch?v=cKVUQ7tsQuA,
1112,Ep 1112 - Taarak Mehta Ka Ooltah Chashmah - Full Episode | तारक मेहता का उल्टा चश्मा,https://www.youtube.com/watch?v=GJwWpFfUJG8,Found,03 May 2023,18:30,https://www.youtube.com/watch?v=zbySvxknSqY,
1113,Ep 1113 - Taarak Mehta Ka Ooltah Chashmah - Full Episode | तारक मेहता का उल्टा चश्मा,https://www.youtube.com/watch?v=vIq5L-Be9-M,Found,03 May 2023,20:25,https://www.youtube.com/watch?v=aUKNQeXFwU8,
1114,Ep 1114 - Taarak Mehta Ka Ooltah Chashmah - Full Episode | तारक मेहता का उल्टा चश्मा,https://www.youtube.com/watch?v=epNBAqpr7Pw,Found,04 May 2023,18:24,https://www.youtube.com/watch?v=1MjIMOmRnlI,
1115,Ep 1115 - Taarak Mehta Ka Ooltah Chashmah - Full Episode | तारक मेहता का उल्टा चश्मा,https://www.youtube.com/watch?v=BqZh4WQVTUM,Found,04 May 2023,19:57,https://www.youtube.com/watch?v=1oS5EC1LYJM,
1116,"Taarak Mehta Ka Ooltah Chashmah - Full Episode 1116 -  9th  May, 2018",https://www.youtube.com/watch?v=WZULRiVmMg8,Found,09 May 2018,18:30,https://www.youtube.com/watch?v=MQ0LIKcX6Zw,
1117,"Taarak Mehta Ka Ooltah Chashmah | तारक मेहता का उल्टा चश्मा | Episode 1117 | 3rd October, 2020",https://www.youtube.com/watch?v=Dk5ZMr6JXDc,Found,03 Oct 2020,20:41,https://www.youtube.com/watch?v=nCyfZS07mfE,
1118,Ep 1118 - Taarak Mehta Ka Ooltah Chashmah - Full Episode | तारक मेहता का उल्टा चश्मा,https://www.youtube.com/watch?v=C-BaSoJjbms,Found,05 May 2023,20:25,https://www.youtube.com/watch?v=s1sau-IyHss,
1119,Ep 1119 - Taarak Mehta Ka Ooltah Chashmah - Full Episode | तारक मेहता का उल्टा चश्मा,https://www.youtube.com/watch?v=ElvXvC3BRp0,Found,05 May 2023,20:25,https://www.youtube.com/watch?v=5rRdw21Li8o,
1120,Ep 1120 - Taarak Mehta Ka Ooltah Chashmah - Full Episode | तारक मेहता का उल्टा चश्मा,https://www.youtube.com/watch?v=oo427ajouJk,Found,06 May 2023,20:15,https://www.youtube.com/watch?v=1GnhDw8q4s4,
1121,Ep 1121 - Taarak Mehta Ka Ooltah Chashmah - Full Episode | तारक मेहता का उल्टा चश्मा,https://www.youtube.com/watch?v=Mcvs0KZqNas,Found,06 May 2023,20:17,https://www.youtube.com/watch?v=-SJEv9lJ_pM,
1122,Ep 1122 - Taarak Mehta Ka Ooltah Chashmah - Full Episode | तारक मेहता का उल्टा चश्मा,https://www.youtube.com/watch?v=42gRSMIeivk,Found,06 May 2023,19:14,https://www.youtube.com/watch?v=pSarLcyYu54,
1123,Ep 1123 - Taarak Mehta Ka Ooltah Chashmah - Full Episode | तारक मेहता का उल्टा चश्मा,https://www.youtube.com/watch?v=kZcXoFULw_A,Found,07 May 2023,18:46,https://www.youtube.com/watch?v=brxn82g1ghU,
1124,Ep 1124 - Taarak Mehta Ka Ooltah Chashmah - Full Episode | तारक मेहता का उल्टा चश्मा,https://www.youtube.com/watch?v=CVBFubs3Hpw,Found,07 May 2023,20:04,https://www.youtube.com/watch?v=0a65Aa8THkU,
1125,Ep 1125 - Taarak Mehta Ka Ooltah Chashmah - Full Episode | तारक मेहता का उल्टा चश्मा,https://www.youtube.com/watch?v=77RSKjSEnDI,Found,07 May 2023,20:53,https://www.youtube.com/watch?v=Tvvjj9Jd1hw,
1126,Ep 1126 - Taarak Mehta Ka Ooltah Chashmah - Full Episode | तारक मेहता का उल्टा चश्मा,https://www.youtube.com/watch?v=kGK_4akNkzs,Found,07 May 2023,20:23,https://www.youtube.com/watch?v=hISFJ8q_uyk,
1127,Ep 1127 - Taarak Mehta Ka Ooltah Chashmah - Full Episode | तारक मेहता का उल्टा चश्मा,https://www.youtube.com/watch?v=mDLweC13UZY,Found,07 May 2023,20:20,https://www.youtube.com/watch?v=HHUg_dDZaHw,
1128,Ep 1128 - Taarak Mehta Ka Ooltah Chashmah - Full Episode | तारक मेहता का उल्टा चश्मा,https://www.youtube.com/watch?v=PobOcKXoK_A,Found,07 May 2023,20:26,https://www.youtube.com/watch?v=iZgzWP_Kvag,
1129,Ep 1129 - Taarak Mehta Ka Ooltah Chashmah - Full Episode | तारक मेहता का उल्टा चश्मा,https://www.youtube.com/watch?v=rXyYRDNDXx0,Found,08 May 2023,21:34,https://www.youtube.com/watch?v=pQ10xYSFij8,
1130,Ep 1130 - Taarak Mehta Ka Ooltah Chashmah - Full Episode | तारक मेहता का उल्टा चश्मा,https://www.youtube.com/watch?v=C6UI0DjZJjI,Found,08 May 2023,20:48,https://www.youtube.com/watch?v=3yzrUdclHpE,
1131,"Taarak Mehta Ka Ooltah Chashmah - Full Episode  1131 -  17th  May, 2018",https://www.youtube.com/watch?v=FqdssbFpxSI,Found,17 May 2018,17:49,https://www.youtube.com/watch?v=MVotUSc7NYw,
1132,Ep 1132 - Taarak Mehta Ka Ooltah Chashmah - Full Episode | तारक मेहता का उल्टा चश्मा,https://www.youtube.com/watch?v=ttlvSunmhTM,Found,09 May 2023,20:20,https://www.youtube.com/watch?v=vG7hG_ZcpO4,
1133,Ep 1133 - Taarak Mehta Ka Ooltah Chashmah - Full Episode | तारक मेहता का उल्टा चश्मा,https://www.youtube.com/watch?v=w29v9w7pqr0,Found,09 May 2023,19:11,https://www.youtube.com/watch?v=Mfcm7qeOFoM,
1134,Ep 1134 - Taarak Mehta Ka Ooltah Chashmah - Full Episode | तारक मेहता का उल्टा चश्मा,https://www.youtube.com/watch?v=FQUuCRNcgSY,Found,09 May 2023,20:35,https://www.youtube.com/watch?v=KhKsV3CELKw,
1135,Ep 1135 - Taarak Mehta Ka Ooltah Chashmah - Full Episode | तारक मेहता का उल्टा चश्मा,https://www.youtube.com/watch?v=ye0K4V1f3qc,Found,10 May 2023,20:33,https://www.youtube.com/watch?v=PcmF2rblBo8,
1136,Ep 1136 - Taarak Mehta Ka Ooltah Chashmah - Full Episode | तारक मेहता का उल्टा चश्मा,https://www.youtube.com/watch?v=9_n3nl2Nfnk,Found,10 May 2023,19:09,https://www.youtube.com/watch?v=rzvzXuExxq4,
1137,"Taarak Mehta Ka Ooltah Chashmah - Full Episode 1137 - 20th May, 2018",https://www.youtube.com/watch?v=77FxTERpJvM,Found,20 May 2018,21:20,https://www.youtube.com/watch?v=HgYYNto06_s,
1138,Ep 1138 - Taarak Mehta Ka Ooltah Chashmah - Full Episode | तारक मेहता का उल्टा चश्मा,https://www.youtube.com/watch?v=rr-0CtsaByA,Found,11 May 2023,20:05,https://www.youtube.com/watch?v=PcEAUWfgk5A,
1139,"Taarak Mehta Ka Ooltah Chashmah - Full Episode  1139 -  21st  May, 2018",https://www.youtube.com/watch?v=fNJSB4pyDCw,Found,21 May 2018,20:00,https://www.youtube.com/watch?v=Gn2pEdA2e6s,
1140,Ep 1140 - Taarak Mehta Ka Ooltah Chashmah - Full Episode | तारक मेहता का उल्टा चश्मा,https://www.youtube.com/watch?v=EsYTW_kOpgU,Found,11 May 2023,20:55,https://www.youtube.com/watch?v=ol7qs9R0XOQ,
1141,Ep 1141 - Taarak Mehta Ka Ooltah Chashmah - Full Episode | तारक मेहता का उल्टा चश्मा,https://www.youtube.com/watch?v=Q0edu7PeFTw,Found,12 May 2023,20:28,https://www.youtube.com/watch?v=fWx2Nb1bRuE,
1142,Ep 1142 - Taarak Mehta Ka Ooltah Chashmah - Full Episode | तारक मेहता का उल्टा चश्मा,https://www.youtube.com/watch?v=dTHNKqbeorA,Found,22 May 2018,20:21,https://www.youtube.com/watch?v=dTHNKqbeorA,
1143,Ep 1143 - Taarak Mehta Ka Ooltah Chashmah - Full Episode | तारक मेहता का उल्टा चश्मा,https://www.youtube.com/watch?v=Atxcgc8NNnA,Found,12 May 2023,20:28,https://www.youtube.com/watch?v=4FEcWlPZINQ,
1144,Ep 1144 - Taarak Mehta Ka Ooltah Chashmah - Full Episode | तारक मेहता का उल्टा चश्मा,https://www.youtube.com/watch?v=gbe4nOc-j5g,Found,13 May 2023,20:13,https://www.youtube.com/watch?v=KljXFkaNMKQ,
1145,Ep 1145 - Taarak Mehta Ka Ooltah Chashmah - Full Episode | तारक मेहता का उल्टा चश्मा,https://www.youtube.com/watch?v=ljNzZFev2HU,Found,13 May 2023,20:19,https://www.youtube.com/watch?v=XVBSJ1EZqPg,
1146,Ep 1146 - Taarak Mehta Ka Ooltah Chashmah - Full Episode | तारक मेहता का उल्टा चश्मा,https://www.youtube.com/watch?v=4omz81-KlDc,Found,13 May 2023,19:49,https://www.youtube.com/watch?v=BPKorpMIzk0,
1147,Ep 1147 - Taarak Mehta Ka Ooltah Chashmah - Full Episode | तारक मेहता का उल्टा चश्मा,https://www.youtube.com/watch?v=iaX6lkjrd6c,Found,14 May 2023,20:32,https://www.youtube.com/watch?v=_w2XHQ_9RbU,
1148,Ep 1148 - Taarak Mehta Ka Ooltah Chashmah - Full Episode | तारक मेहता का उल्टा चश्मा,https://www.youtube.com/watch?v=vsKkLooWtB0,Found,14 May 2023,19:57,https://www.youtube.com/watch?v=tIEoARplNmg,
1149,Ep 1149 - Taarak Mehta Ka Ooltah Chashmah - Full Episode | तारक मेहता का उल्टा चश्मा,https://www.youtube.com/watch?v=COl16bxG72Q,Found,14 May 2023,19:04,https://www.youtube.com/watch?v=nuoOZhlOHQs,
1150,"Taarak Mehta Ka Ooltah Chashmah - Full Episode 1150 - 26th May, 2018",https://www.youtube.com/watch?v=DUR24sTLqBk,Found,21 Aug 2018,20:13,,
1151,Ep 1151 - Taarak Mehta Ka Ooltah Chashmah - Full Episode | तारक मेहता का उल्टा चश्मा,https://www.youtube.com/watch?v=wHHzjtJWGSk,Found,14 May 2023,20:36,https://www.youtube.com/watch?v=dikUe09Q08o,
1152,Ep 1152 - Taarak Mehta Ka Ooltah Chashmah - Full Episode | तारक मेहता का उल्टा चश्मा,https://www.youtube.com/watch?v=HB7hyz3jgUQ,Found,14 May 2023,20:26,https://www.youtube.com/watch?v=jtDVHupszRs,
1153,Ep 1153 - Taarak Mehta Ka Ooltah Chashmah - Full Episode | तारक मेहता का उल्टा चश्मा,https://www.youtube.com/watch?v=LgKb5RYHx4U,Found,15 May 2023,20:14,https://www.youtube.com/watch?v=Q0vSguwNbeQ,
1154,Taarak Mehta Ka Ooltah Chashmah - Episode 1154 - 6th June 2013,https://www.youtube.com/watch?v=QzFPHdnR53w,Found,07 Jun 2013,19:43,https://www.youtube.com/watch?v=0IqXhBFSX9Q,
1155,Ep 1155 - Taarak Mehta Ka Ooltah Chashmah - Full Episode | तारक मेहता का उल्टा चश्मा,https://www.youtube.com/watch?v=keXdYmbk7iI,Found,15 May 2023,20:33,https://www.youtube.com/watch?v=0tZSbMPStaU,
1156,"Taarak Mehta Ka Ooltah Chashmah | तारक मेहता का उल्टा चश्मा | Episode 1156 | 4th December, 2021",https://www.youtube.com/watch?v=CbXEk1e3H38,Found,04 Dec 2021,18:46,https://www.youtube.com/watch?v=sRP7cHAhBBE,
1157,Ep 1157 - Taarak Mehta Ka Ooltah Chashmah - Full Episode | तारक मेहता का उल्टा चश्मा,https://www.youtube.com/watch?v=gfJYTzuFMPY,Found,16 May 2023,20:01,https://www.youtube.com/watch?v=Jk_IyIC6Utg,
1158,Ep 1158 - Taarak Mehta Ka Ooltah Chashmah - Full Episode | तारक मेहता का उल्टा चश्मा,https://www.youtube.com/watch?v=vZR-i2R1zOE,Found,16 May 2023,19:30,https://www.youtube.com/watch?v=mhAlspYTRFU,
1159,Ep 1159 - Taarak Mehta Ka Ooltah Chashmah - Full Episode | तारक मेहता का उल्टा चश्मा,https://www.youtube.com/watch?v=AcS9VS6MSNU,Found,16 May 2023,16:26,https://www.youtube.com/watch?v=AAciMIlmnK0,
1160,Ep 1160 - Taarak Mehta Ka Ooltah Chashmah - Full Episode | तारक मेहता का उल्टा चश्मा,https://www.youtube.com/watch?v=dmkLdm5DE9Q,Found,16 May 2023,19:40,,
1161,Ep 1161 - Taarak Mehta Ka Ooltah Chashmah - Full Episode | तारक मेहता का उल्टा चश्मा,https://www.youtube.com/watch?v=Oy3IJaECL-E,Found,17 May 2023,19:38,https://www.youtube.com/watch?v=DSoSe2jkiK8,
1162,Ep 1162 - Taarak Mehta Ka Ooltah Chashmah - Full Episode | तारक मेहता का उल्टा चश्मा,https://www.youtube.com/watch?v=snud57hj5C4,Found,17 May 2023,19:53,https://www.youtube.com/watch?v=uHcTzmrsMBY,
1163,Ep 1163 - Taarak Mehta Ka Ooltah Chashmah - Full Episode | तारक मेहता का उल्टा चश्मा,https://www.youtube.com/watch?v=H7sTHUGdSf8,Found,17 May 2023,19:41,,
1164,Ep 1164 - Taarak Mehta Ka Ooltah Chashmah - Full Episode | तारक मेहता का उल्टा चश्मा,https://www.youtube.com/watch?v=dpLVuhwTJF8,Found,17 May 2023,19:51,https://www.youtube.com/watch?v=jyB_AnGLXE0,
1165,तारक मेहता का उल्टा चश्मा - एपिसोड 1165 - 21 जून 2013,https://www.youtube.com/watch?v=7UrSC_o5jBE,Found,22 Jun 2013,20:04,https://www.youtube.com/watch?v=ah90y6v593I,
1166,Ep 1166 - Taarak Mehta Ka Ooltah Chashmah - Full Episode | तारक मेहता का उल्टा चश्मा,https://www.youtube.com/watch?v=-fR4vgXJb4U,Found,20 Aug 2023,17:45,https://www.youtube.com/watch?v=pwSiGp_3Bx8,
1167,Ep 1167 - Taarak Mehta Ka Ooltah Chashmah - Full Episode | तारक मेहता का उल्टा चश्मा,https://www.youtube.com/watch?v=jENehOg7p0Y,Found,18 May 2023,20:14,https://www.youtube.com/watch?v=lM7YMTFvuxM,
1168,Ep 1168 - Taarak Mehta Ka Ooltah Chashmah - Full Episode | तारक मेहता का उल्टा चश्मा,https://www.youtube.com/watch?v=siXyke3-bcY,Found,18 May 2023,20:26,https://www.youtube.com/watch?v=2KVsnvFZJQI,
1169,Jackson Hathi In The House- Taarak Mehta Ka Ooltah Chashmah - Throwback,https://www.youtube.com/watch?v=6u5g78ska8Y,Found,20 Dec 2022,19:42,https://www.youtube.com/watch?v=g_3j72V7Yl8,
1170,Jetha's Detective Plan - Taarak Mehta Ka Ooltah Chashmah - Throwback,https://www.youtube.com/watch?v=dEtSyN6ioC4,Found,15 Feb 2023,16:15,https://www.youtube.com/watch?v=84p_EJ24TDk,
1171,Ep 1171 - Taarak Mehta Ka Ooltah Chashmah - Full Episode | तारक मेहता का उल्टा चश्मा,https://www.youtube.com/watch?v=38gb2NJLwxo,Found,19 May 2023,20:58,https://www.youtube.com/watch?v=mpZSxmjaRqY,
1172,Taarak Mehta Ka Ooltah Chashmah - Episode 1172 - 2nd July 2013,https://www.youtube.com/watch?v=FuIxPsPN6Us,Found,03 Jul 2013,19:46,https://www.youtube.com/watch?v=PkMtq_yncJk,
1173,तारक मेहता का उल्टा चश्मा - एपिसोड 1173 - 3 जुलाई 2013,https://www.youtube.com/watch?v=4oX7S6eDUxY,Found,04 Jul 2013,21:00,https://www.youtube.com/watch?v=JmWPAcLLajM,
1174,Ep 1174 - Taarak Mehta Ka Ooltah Chashmah - Full Episode | तारक मेहता का उल्टा चश्मा,https://www.youtube.com/watch?v=iGRJl6kRSdE,Found,20 May 2023,20:32,https://www.youtube.com/watch?v=wcCr6PWFCjA,
1175,Ep 1175 - Taarak Mehta Ka Ooltah Chashmah - Full Episode | तारक मेहता का उल्टा चश्मा,https://www.youtube.com/watch?v=kWUjfn2b_Ik,Found,20 May 2023,19:55,https://www.youtube.com/watch?v=Qnv103hNACs,
1176,Ep 1176 - Taarak Mehta Ka Ooltah Chashmah - Full Episode | तारक मेहता का उल्टा चश्मा,https://www.youtube.com/watch?v=9w8HirEQlYU,Found,20 May 2023,21:09,https://www.youtube.com/watch?v=_ToXYv4YYzg,
1177,Ep 1177 - Taarak Mehta Ka Ooltah Chashmah - Full Episode | तारक मेहता का उल्टा चश्मा,https://www.youtube.com/watch?v=Xp7Vv-ljTpo,Found,21 May 2023,21:03,https://www.youtube.com/watch?v=63QjheRdKs0,
1178,"Taarak Mehta Ka Ooltah Chashmah - Full Episode 1178 - 30th May, 2018",https://www.youtube.com/watch?v=_qfnGgk_5sU,Found,21 Aug 2018,22:01,https://www.youtube.com/watch?v=wbWyKEzrrbM,
1179,Ep 1179 - Taarak Mehta Ka Ooltah Chashmah - Full Episode | तारक मेहता का उल्टा चश्मा,https://www.youtube.com/watch?v=TX_ltXbmG0Q,Found,21 May 2023,21:00,https://www.youtube.com/watch?v=YarelrUt6RY,
1180,Ep 1180 - Taarak Mehta Ka Ooltah Chashmah - Full Episode | तारक मेहता का उल्टा चश्मा,https://www.youtube.com/watch?v=sQ1_b_szq2g,Found,21 May 2023,19:27,https://www.youtube.com/watch?v=YRkK4EwvVfs,
1181,Ep 1181 - Taarak Mehta Ka Ooltah Chashmah - Full Episode | तारक मेहता का उल्टा चश्मा,https://www.youtube.com/watch?v=GJW6twiApJQ,Found,21 May 2023,20:51,https://www.youtube.com/watch?v=kyWykuwptiE,
1182,Ep 1182 - Taarak Mehta Ka Ooltah Chashmah - Full Episode | तारक मेहता का उल्टा चश्मा,https://www.youtube.com/watch?v=6Wn_gF9WLH4,Found,21 May 2023,20:53,https://www.youtube.com/watch?v=IM87RcWVsr4,
1183,Ep 1183 - Taarak Mehta Ka Ooltah Chashmah - Full Episode | तारक मेहता का उल्टा चश्मा,https://www.youtube.com/watch?v=KPl-z3vNstI,Found,22 May 2023,19:46,https://www.youtube.com/watch?v=9_48sJmr5Po,
1184,Ep 1184 - Taarak Mehta Ka Ooltah Chashmah - Full Episode | तारक मेहता का उल्टा चश्मा,https://www.youtube.com/watch?v=st9XkNzZJCg,Found,22 May 2023,21:19,https://www.youtube.com/watch?v=BjcZ2WUrWMk,
1185,Ep 1185 - Taarak Mehta Ka Ooltah Chashmah - Full Episode | तारक मेहता का उल्टा चश्मा,https://www.youtube.com/watch?v=uZj4898e7as,Found,22 May 2023,19:54,https://www.youtube.com/watch?v=oHGfWTrykDs,
1186,Ep 1186 - Taarak Mehta Ka Ooltah Chashmah - Full Episode | तारक मेहता का उल्टा चश्मा,https://www.youtube.com/watch?v=5QXaEU1nWNs,Found,22 May 2023,20:56,https://www.youtube.com/watch?v=pvL2ncoD7GM,
1187,Ep 1187 - Taarak Mehta Ka Ooltah Chashmah - Full Episode | तारक मेहता का उल्टा चश्मा,https://www.youtube.com/watch?v=2RelnZnpPL0,Found,23 May 2023,19:47,https://www.youtube.com/watch?v=S56v3MInDU4,
1188,Ep 1188 - Taarak Mehta Ka Ooltah Chashmah - Full Episode | तारक मेहता का उल्टा चश्मा,https://www.youtube.com/watch?v=TMIOeIoBsk4,Found,23 May 2023,20:06,https://www.youtube.com/watch?v=0I9iC0dkttM,
1189,Ep 1189 - Taarak Mehta Ka Ooltah Chashmah - Full Episode | तारक मेहता का उल्टा चश्मा,https://www.youtube.com/watch?v=sUZbnJxf9ug,Found,23 May 2023,19:29,https://www.youtube.com/watch?v=gsSxzktabTA,
1190,"Taarak Mehta Ka Ooltah Chashmah - Full Episode 1190 - 05thJune, 2018",https://www.youtube.com/watch?v=ohccOFG6ICA,Found,05 Jun 2018,21:43,https://www.youtube.com/watch?v=_YkXgR8i3ls,
1191,London Jaane Ke Plans | Wagle Ki Duniya | Ep 1191 | Full Episode | 22 Jan 2025,https://www.youtube.com/watch?v=ICfqzGLTIaY,Found,20 Aug 2025,29:57,,
1192,Ep 1192 - Taarak Mehta Ka Ooltah Chashmah - Full Episode | तारक मेहता का उल्टा चश्मा,https://www.youtube.com/watch?v=Fzc84Ii5qVQ,Found,24 May 2023,21:14,https://www.youtube.com/watch?v=BESfbkmnufE,
1193,"Taarak Mehta Ka Ooltah Chashmah - Full Episode 1193 - 07th June, 2018",https://www.youtube.com/watch?v=KBThxerLwI0,Found,07 Jun 2018,22:57,,
1194,Ep 1194 - Taarak Mehta Ka Ooltah Chashmah - Full Episode | तारक मेहता का उल्टा चश्मा,https://www.youtube.com/watch?v=XdPGog-5Eeo,Found,24 May 2023,21:52,https://www.youtube.com/watch?v=z66vBgl3UhY,
1195,तारक मेहता का उल्टा चश्मा - एपिसोड 1195 - 1 अगस्त 2013,https://www.youtube.com/watch?v=hkOygYlktIo,Found,02 Aug 2013,22:06,https://www.youtube.com/watch?v=7yPR9RWaVa8,
1196,Ep 1196 - Taarak Mehta Ka Ooltah Chashmah - Full Episode | तारक मेहता का उल्टा चश्मा,https://www.youtube.com/watch?v=FBLi4X6MmkU,Found,25 May 2023,19:24,,
1197,तारक मेहता का उल्टा चश्मा - एपिसोड 1197 - 5 अगस्त 2013,https://www.youtube.com/watch?v=2UFAce9v1Z0,Found,06 Aug 2013,20:26,https://www.youtube.com/watch?v=_dtgv6kYwAs,
1198,Ep 1198 - Taarak Mehta Ka Ooltah Chashmah - Full Episode | तारक मेहता का उल्टा चश्मा,https://www.youtube.com/watch?v=LGTPI6dKIZ4,Found,25 May 2023,20:23,https://www.youtube.com/watch?v=Qjth70_QB1Y,
1199,Ep 1199 - Taarak Mehta Ka Ooltah Chashmah - Full Episode | तारक मेहता का उल्टा चश्मा,https://www.youtube.com/watch?v=IVp9DLmmVdI,Found,25 May 2023,21:02,,
1200,Ep 1200 - Taarak Mehta Ka Ooltah Chashmah - Full Episode | तारक मेहता का उल्टा चश्मा,https://www.youtube.com/watch?v=ziMisFsi8XY,Found,26 May 2023,20:23,https://www.youtube.com/watch?v=do6i36Z4c2Y,
1201,Taarak Mehta Ka Ooltah Chashmah -Throwback - Episode 1201 - Full Episode,https://www.youtube.com/watch?v=jqG3xOthwiw,Found,12 Dec 2020,19:23,https://www.youtube.com/watch?v=fYjxdrM2v4E,
1202,Taarak Mehta Ka Ooltah Chashmah - Episode 1202 - 12th August 2013,https://www.youtube.com/watch?v=jz_i0loQPb8,Found,13 Aug 2013,20:30,https://www.youtube.com/watch?v=glrGEzN1qm8,
1203,"Taarak Mehta Ka Ooltah Chashmah - Full Episode 1203 - 14th August, 2018",https://www.youtube.com/watch?v=B0NMBlgY8Oc,Found,14 Aug 2018,20:45,https://www.youtube.com/watch?v=3MBHAU33SVI,
1204,"Taarak Mehta Ka Ooltah Chashmah - Full Episode 1204 - 14th August, 2018",https://www.youtube.com/watch?v=cKUFCocZjc0,Found,14 Aug 2018,20:56,https://www.youtube.com/watch?v=bxkBkYgVoZU,https://www.youtube.com/watch?v=iarDWMtcEYM
1205,"Taarak Mehta Ka Ooltah Chashmah - Full Episode 1205 - 15th August, 2018",https://www.youtube.com/watch?v=Knsvl69zHw8,Found,15 Aug 2018,20:08,https://www.youtube.com/watch?v=PvMSOTFcT2Q,
1206,Taarak Mehta Ka Ooltah Chashmah - Episode 1206 - Full Episode,https://www.youtube.com/watch?v=F8W2AUcE5Zg,Found,09 Feb 2021,20:19,https://www.youtube.com/watch?v=sz4JWhwWk4c,https://www.youtube.com/watch?v=PfUf6-ZCk0g
1207,"Taarak Mehta Ka Ooltah Chashmah - Full Episode 1207 - 25th  August, 2018",https://www.youtube.com/watch?v=CUV3HrNSVzU,Found,25 Aug 2018,21:23,https://www.youtube.com/watch?v=d1OsmrWP3qA,
1208,"Taarak Mehta Ka Ooltah Chashmah - Full Episode 1208 - 26th  August, 2018",https://www.youtube.com/watch?v=NnkagfXqCA8,Found,26 Aug 2018,19:55,https://www.youtube.com/watch?v=QDZnu8ho0dw,
1209,"Taarak Mehta Ka Ooltah Chashmah  - Full Episode 1209 -  26th August, 2018",https://www.youtube.com/watch?v=3GLQjCp_ylY,Found,26 Aug 2018,19:02,https://www.youtube.com/watch?v=5penXLrxSGo,
1210,Ep 1210 - Taarak Mehta Ka Ooltah Chashmah - Full Episode | तारक मेहता का उल्टा चश्मा,https://www.youtube.com/watch?v=_YxQqH6Ni4E,Found,27 May 2023,20:33,https://www.youtube.com/watch?v=ZBrOHcqWnCQ,
1211,Ep 1211 - Taarak Mehta Ka Ooltah Chashmah - Full Episode | तारक मेहता का उल्टा चश्मा,https://www.youtube.com/watch?v=2YsYcFtI7Ow,Found,27 May 2023,21:36,https://www.youtube.com/watch?v=PnZa0yWWA0c,
1212,Ep 1212 - Taarak Mehta Ka Ooltah Chashmah - Full Episode | तारक मेहता का उल्टा चश्मा,https://www.youtube.com/watch?v=7vjdk24edvc,Found,28 May 2023,20:47,https://www.youtube.com/watch?v=8Wb1lcqppPo,
1213,"Taarak Mehta Ka Ooltah Chashmah - Full Episode 1213 - 31st  August, 2018",https://www.youtube.com/watch?v=XdzvDd4F3Dk,Found,31 Aug 2018,20:44,https://www.youtube.com/watch?v=aQgaq4I2e3A,
1214,Ep 1214 - Taarak Mehta Ka Ooltah Chashmah - Full Episode | तारक मेहता का उल्टा चश्मा,https://www.youtube.com/watch?v=LFfz4QuNG48,Found,28 May 2023,20:41,https://www.youtube.com/watch?v=uOAROkmjt80,
1215,Ep 1215 - Taarak Mehta Ka Ooltah Chashmah - Full Episode | तारक मेहता का उल्टा चश्मा,https://www.youtube.com/watch?v=ps_XAT_XdMc,Found,28 May 2023,22:14,https://www.youtube.com/watch?v=4JfNC5Hkf2A,
1216,Ep 1216 - Taarak Mehta Ka Ooltah Chashmah - Full Episode | तारक मेहता का उल्टा चश्मा,https://www.youtube.com/watch?v=JjeOFDYxawg,Found,28 May 2023,19:13,https://www.youtube.com/watch?v=MX1b80VnxDU,
1217,तारक मेहता का उल्टा चश्मा - एपिसोड 1217 - 2 सितंबर 2013,https://www.youtube.com/watch?v=AYhqVUtSDxU,Found,03 Sep 2013,20:01,https://www.youtube.com/watch?v=_LqQwnCKQsA,
1218,तारक मेहता का उल्टा चश्मा - एपिसोड 1218 - 3 सितंबर 2013,https://www.youtube.com/watch?v=wgecYHVNHns,Found,04 Sep 2013,20:26,https://www.youtube.com/watch?v=CZd_s5ju-VE,
1219,तारक मेहता का उल्टा चश्मा - एपिसोड 1219 - 4 सितंबर 2013,https://www.youtube.com/watch?v=lLA2fRW7lmM,Found,21 Sep 2013,20:19,https://www.youtube.com/watch?v=MuOzapwSpc8,
1220,Ep 1220 - Taarak Mehta Ka Ooltah Chashmah - Full Episode | तारक मेहता का उल्टा चश्मा,https://www.youtube.com/watch?v=PJmpm9vBxig,Found,29 May 2023,21:46,https://www.youtube.com/watch?v=w_BnCY_uUGY,
1221,Ep 1221 - Taarak Mehta Ka Ooltah Chashmah - Full Episode | तारक मेहता का उल्टा चश्मा,https://www.youtube.com/watch?v=8N1yWB2LEdE,Found,29 May 2023,21:20,https://www.youtube.com/watch?v=z1QUYQe6SKQ,
1222,Ep 1222 - Taarak Mehta Ka Ooltah Chashmah - Full Episode | तारक मेहता का उल्टा चश्मा,https://www.youtube.com/watch?v=HmOLdfWlzFw,Found,29 May 2023,21:25,https://www.youtube.com/watch?v=igRQaCM4kLg,
1223,Ep 1223 - Taarak Mehta Ka Ooltah Chashmah - Full Episode | तारक मेहता का उल्टा चश्मा,https://www.youtube.com/watch?v=lEOKl-C0T5k,Found,29 May 2023,21:21,https://www.youtube.com/watch?v=4oLkINxrpKk,
1224,Ep 1224 - Taarak Mehta Ka Ooltah Chashmah - Full Episode | तारक मेहता का उल्टा चश्मा,https://www.youtube.com/watch?v=NviBiNOBAgw,Found,30 May 2023,21:27,https://www.youtube.com/watch?v=tvhKyGwl2sI,
1225,Ep 1225 - Taarak Mehta Ka Ooltah Chashmah - Full Episode | तारक मेहता का उल्टा चश्मा,https://www.youtube.com/watch?v=bR59Sj-Eiik,Found,30 May 2023,20:45,https://www.youtube.com/watch?v=Vdp8d4bVjh8,
1226,Ep 1226 - Taarak Mehta Ka Ooltah Chashmah - Full Episode | तारक मेहता का उल्टा चश्मा,https://www.youtube.com/watch?v=XI-DEmC__Uc,Found,30 May 2023,20:10,https://www.youtube.com/watch?v=q8st13kyf_E,
1227,Ep 1227 - Taarak Mehta Ka Ooltah Chashmah - Full Episode | तारक मेहता का उल्टा चश्मा,https://www.youtube.com/watch?v=zzFoYjpCy98,Found,30 May 2023,20:54,https://www.youtube.com/watch?v=XB0gAuLFn9w,
1228,Ep 1228 - Taarak Mehta Ka Ooltah Chashmah - Full Episode | तारक मेहता का उल्टा चश्मा,https://www.youtube.com/watch?v=HXc_MitpYUY,Found,31 May 2023,21:42,https://www.youtube.com/watch?v=ivO44_sWjoQ,
1229,Taarak Mehta Ka Ooltah Chashmah - Episode 1229 - Full Episode,https://www.youtube.com/watch?v=aXwZyCNiGyg,Found,09 Feb 2021,21:56,https://www.youtube.com/watch?v=wNl3CpfNeEY,
1230,Ep 1230 - Taarak Mehta Ka Ooltah Chashmah - Full Episode | तारक मेहता का उल्टा चश्मा,https://www.youtube.com/watch?v=pFta6YOUb20,Found,31 May 2023,20:16,https://www.youtube.com/watch?v=9liSxHUhCHw,
1231,Ep 1231 - Taarak Mehta Ka Ooltah Chashmah - Full Episode | तारक मेहता का उल्टा चश्मा,https://www.youtube.com/watch?v=EyKkymuNzBQ,Found,31 May 2023,20:37,https://www.youtube.com/watch?v=SfuIo5l30dI,
1232,Ep 1232 - Taarak Mehta Ka Ooltah Chashmah - Full Episode | तारक मेहता का उल्टा चश्मा,https://www.youtube.com/watch?v=WDpDq5LmXLk,Found,31 May 2023,22:08,https://www.youtube.com/watch?v=f7go8b35_ac,
1233,Ep 1233 - Taarak Mehta Ka Ooltah Chashmah - Full Episode | तारक मेहता का उल्टा चश्मा,https://www.youtube.com/watch?v=saCs3sAoq7I,Found,01 Jun 2023,21:36,https://www.youtube.com/watch?v=18lw2lMoXfk,
1234,Ep 1234 - Taarak Mehta Ka Ooltah Chashmah - Full Episode | तारक मेहता का उल्टा चश्मा,https://www.youtube.com/watch?v=OQudgU2UAAU,Found,01 Jun 2023,17:24,https://www.youtube.com/watch?v=mY0f368XO8Q,
1235,Ep 1235 - Taarak Mehta Ka Ooltah Chashmah - Full Episode | तारक मेहता का उल्टा चश्मा,https://www.youtube.com/watch?v=fU2pdHPPpec,Found,01 Jun 2023,20:01,https://www.youtube.com/watch?v=tp0imMyC1TY,
1236,Ep 1236 - Taarak Mehta Ka Ooltah Chashmah - Full Episode | तारक मेहता का उल्टा चश्मा,https://www.youtube.com/watch?v=dhqejdDSAUA,Found,01 Jun 2023,21:19,https://www.youtube.com/watch?v=J7X7V_cu-O0,
1237,Ep 1237 - Taarak Mehta Ka Ooltah Chashmah - Full Episode | तारक मेहता का उल्टा चश्मा,https://www.youtube.com/watch?v=l_iHyjUJ7_4,Found,02 Jun 2023,20:15,https://www.youtube.com/watch?v=QIi4InSQgzc,
1238,Ep 1238 - Taarak Mehta Ka Ooltah Chashmah - Full Episode | तारक मेहता का उल्टा चश्मा,https://www.youtube.com/watch?v=sOvRos09c3s,Found,02 Jun 2023,21:48,https://www.youtube.com/watch?v=StaTySXba6s,
1239,"Taarak Mehta Ka Ooltah Chashmah - Full Episode 1239 - 17th June, 2018",https://www.youtube.com/watch?v=FnzFdlhL7Dg,Found,17 Jun 2018,21:12,https://www.youtube.com/watch?v=OmfA91-xefA,
1240,Ep 1240 - Dr Haathi पर पेड़ गिरा ?! | Taarak Mehta Ka Ooltah Chashmah - Full Episode | तारक मेहता,https://www.youtube.com/watch?v=afAuSESzg0s,Found,02 Jun 2023,20:21,https://www.youtube.com/watch?v=_RNvDJDoLpg,
1241,Ep 1241 - Dr Haathi पर पेड़ गिरा ?! | Taarak Mehta Ka Ooltah Chashmah - Full Episode | तारक मेहता,https://www.youtube.com/watch?v=E-mTUKa6nLE,Found,03 Jun 2023,21:25,https://www.youtube.com/watch?v=n7HGY0hdrOY,
1242,Ep 1242 - Dr Haathi पर पेड़ गिरा ?! | Taarak Mehta Ka Ooltah Chashmah - Full Episode | तारक मेहता,https://www.youtube.com/watch?v=k6ljjhBHsCI,Found,03 Jun 2023,19:37,https://www.youtube.com/watch?v=9BLfKXlu8kQ,
1243,"Taarak Mehta Ka Ooltah Chashmah - Full Episode 1243 - 19th June, 2018",https://www.youtube.com/watch?v=Wf5Ev9xojCU,Found,19 Jun 2018,21:54,,
1244,Ep 1244 - Dr Haathi पर पेड़ गिरा ?! | Taarak Mehta Ka Ooltah Chashmah - Full Episode | तारक मेहता,https://www.youtube.com/watch?v=T2b7ELUCPFo,Found,03 Jun 2023,19:10,https://www.youtube.com/watch?v=KA5OiH4N7Ls,
1245,Ep 1245 - Dr Haathi पर पेड़ गिरा ?! | Taarak Mehta Ka Ooltah Chashmah - Full Episode | तारक मेहता,https://www.youtube.com/watch?v=LzLKl-bYt2s,Found,04 Jun 2023,20:46,https://www.youtube.com/watch?v=jp5n5Tm_d1Q,
1246,Ep 1246 - Dr Haathi पर पेड़ गिरा ?! | Taarak Mehta Ka Ooltah Chashmah - Full Episode | तारक मेहता,https://www.youtube.com/watch?v=K9yW4styftc,Found,04 Jun 2023,21:11,https://www.youtube.com/watch?v=dvZTnNtiTi8,
1247,"Taarak Mehta Ka Ooltah Chashmah - Full Episode 1247 - 21st June, 2018",https://www.youtube.com/watch?v=6GYhyIJF9dU,Found,21 Jun 2018,21:03,https://www.youtube.com/watch?v=b30-vdx0vWA,
1248,Ep 1248 - Taarak Mehta Ka Ooltah Chashmah - Full Episode | तारक मेहता का उल्टा चश्मा,https://www.youtube.com/watch?v=Big3MI1kEUA,Found,04 Jun 2023,19:16,https://www.youtube.com/watch?v=QoJgFG1NBdw,
1249,Ep 1249 - Taarak Mehta Ka Ooltah Chashmah - Full Episode | तारक मेहता का उल्टा चश्मा,https://www.youtube.com/watch?v=b32sDDQr0XI,Found,04 Jun 2023,21:19,https://www.youtube.com/watch?v=AR87oiaYW2M,
1250,Ep 1250 - Taarak Mehta Ka Ooltah Chashmah - Full Episode | तारक मेहता का उल्टा चश्मा,https://www.youtube.com/watch?v=3r3or_q_Mb8,Found,04 Jun 2023,20:18,,https://www.youtube.com/watch?v=WiKcvuT-7Gg
1251,Ep 1251 - Cash Wala Envelope | Taarak Mehta Ka Ooltah Chashmah - Full Episode | तारक मेहता,https://www.youtube.com/watch?v=9K5fLrAAmmQ,Found,05 Jun 2023,21:16,https://www.youtube.com/watch?v=4iqGnWQgDB8,https://www.youtube.com/watch?v=AIv4ikqXhZw
1252,Ep 1252 - Cash Wala Envelope | Taarak Mehta Ka Ooltah Chashmah - Full Episode | तारक मेहता,https://www.youtube.com/watch?v=cwlKcQEvwxc,Found,05 Jun 2023,21:37,https://www.youtube.com/watch?v=13rDiDx8nlA,
1253,Ep 1253 - Cash Wala Envelope | Taarak Mehta Ka Ooltah Chashmah - Full Episode | तारक मेहता,https://www.youtube.com/watch?v=r2NtOuKFiW4,Found,05 Jun 2023,20:18,https://www.youtube.com/watch?v=JnJmxsRFM2o,
1254,"Taarak Mehta Ka Ooltah Chashmah - Full Episode 1254 - 21st June, 2018",https://www.youtube.com/watch?v=36hHGM2IbVA,Found,21 Jun 2018,20:28,https://www.youtube.com/watch?v=thikf2-VJSw,
1255,Ep 1255 - Champaklal's Hiccups | Taarak Mehta Ka Ooltah Chashmah - Full Episode | तारक मेहता,https://www.youtube.com/watch?v=IWJhDgkrbxs,Found,06 Jun 2023,21:41,https://www.youtube.com/watch?v=K34ZTEjcFKY,
1256,Ep 1256 - Champaklal's Hiccups | Taarak Mehta Ka Ooltah Chashmah - Full Episode | तारक मेहता,https://www.youtube.com/watch?v=_5EQTlJFJ2Q,Found,06 Jun 2023,21:32,https://www.youtube.com/watch?v=6ObYupOIIuU,
1257,Ep 1257 - Champaklal's Hiccups | Taarak Mehta Ka Ooltah Chashmah - Full Episode | तारक मेहता,https://www.youtube.com/watch?v=Ps-NT6z_RMA,Found,07 Jun 2023,21:38,https://www.youtube.com/watch?v=4KL_ZlfkAMg,
1258,Ep 1258 - Champaklal's Hiccups | Taarak Mehta Ka Ooltah Chashmah - Full Episode | तारक मेहता,https://www.youtube.com/watch?v=sfDHfcUrpfQ,Found,07 Jun 2023,20:45,https://www.youtube.com/watch?v=LVOpPx3IilI,
1259,Ep 1259 - Bhide Ka Purana Radio | Taarak Mehta Ka Ooltah Chashmah - Full Episode | तारक मेहता,https://www.youtube.com/watch?v=srKNw2nJIVw,Found,07 Jun 2023,21:01,https://www.youtube.com/watch?v=xoW8PGURqss,
1260,Ep 1260 - Bhide Ka Purana Radio | Taarak Mehta Ka Ooltah Chashmah - Full Episode | तारक मेहता,https://www.youtube.com/watch?v=sCA2kynzvyQ,Found,08 Jun 2023,22:44,https://www.youtube.com/watch?v=LWMEe0hYyZ4,
1261,Ep 1261 - Bhide Ka Purana Radio | Taarak Mehta Ka Ooltah Chashmah - Full Episode | तारक मेहता,https://www.youtube.com/watch?v=CschlETLOig,Found,08 Jun 2023,22:01,https://www.youtube.com/watch?v=7sCMQfUkzAg,
1262,The Haunted Radio | Taarak Mehta Ka Ooltah Chashmah | Full Episode 1262 | 4 July 2022,https://www.youtube.com/watch?v=-vwsx1z91k8,Found,04 Jul 2022,22:24,https://www.youtube.com/watch?v=IbBU0uiHmsc,
1263,तारक मेहता का उल्टा चश्मा - एपिसोड 1263 - 1 नवंबर 2013,https://www.youtube.com/watch?v=YlNadW0ZcUU,Found,02 Nov 2013,21:37,https://www.youtube.com/watch?v=CdMNishiKdw,
1264,Ep 1264 - Taarak Mehta Ka Ooltah Chashmah - Full Episode | तारक मेहता का उल्टा चश्मा,https://www.youtube.com/watch?v=3LkcVhwnMfU,Found,09 Jun 2023,21:05,https://www.youtube.com/watch?v=3a0ieM5Yr7E,
1265,Ep 1265 - Cricket Team Selection | Taarak Mehta Ka Ooltah Chashmah - Full Episode | तारक मेहता,https://www.youtube.com/watch?v=yvBs-Juc3ns,Found,09 Jun 2023,19:53,https://www.youtube.com/watch?v=8tAvElN5wyc,
1266,Ep 1266 - Cricket Team Selection | Taarak Mehta Ka Ooltah Chashmah - Full Episode | तारक मेहता,https://www.youtube.com/watch?v=CXutXpz_X_M,Found,10 Jun 2023,20:10,https://www.youtube.com/watch?v=Bz73iqvsckc,
1267,तारक मेहता का उल्टा चश्मा - एपिसोड 1267 - 7 नवंबर 2013,https://www.youtube.com/watch?v=POOr_13RB1Y,Found,08 Nov 2013,20:58,https://www.youtube.com/watch?v=NQcXRDsn0UE,
1268,Ep 1268 - Cricket Team Selection | Taarak Mehta Ka Ooltah Chashmah - Full Episode | तारक मेहता,https://www.youtube.com/watch?v=xadVdxM-reg,Found,10 Jun 2023,21:05,https://www.youtube.com/watch?v=wru3FLZSqgg,
1269,Duplicate Tickets | Taarak Mehta Ka Ooltah Chashmah |Full Episode 1269 | 9 July 2022,https://www.youtube.com/watch?v=537DFFJ2jpY,Found,09 Jul 2022,17:39,,
1270,Taarak Mehta Ka Ooltah Chashmah - Throwback - Episode 1270 - Full Episode,https://www.youtube.com/watch?v=VyBfaw5zGwA,Found,06 Feb 2021,19:34,https://www.youtube.com/watch?v=9KHY5z9cfsY,
1271,Ep 1271 - Fraud With Ladies | Taarak Mehta Ka Ooltah Chashmah - Full Episode | तारक मेहता,https://www.youtube.com/watch?v=Vsp_Wmph2kE,Found,11 Jun 2023,20:37,,
1272,Ep 1272 - Fraud With Ladies | Taarak Mehta Ka Ooltah Chashmah - Full Episode | तारक मेहता,https://www.youtube.com/watch?v=JL7Hk665RFc,Found,11 Jun 2023,21:49,https://www.youtube.com/watch?v=bL9w8GgZw58,
1273,Ep 1273 - Fraud With Ladies | Taarak Mehta Ka Ooltah Chashmah - Full Episode | तारक मेहता,https://www.youtube.com/watch?v=ts33j8Hc3so,Found,11 Jun 2023,21:03,https://www.youtube.com/watch?v=salr7Su2bFQ,
1274,Ep 1274 - Fraud With Ladies | Taarak Mehta Ka Ooltah Chashmah - Full Episode | तारक मेहता,https://www.youtube.com/watch?v=dGoEZgN-66o,Found,11 Jun 2023,21:51,https://www.youtube.com/watch?v=zlMD_VVWvCw,
1275,Ep 1275 - Fraud With Ladies | Taarak Mehta Ka Ooltah Chashmah - Full Episode | तारक मेहता,https://www.youtube.com/watch?v=LqqT94uTB24,Found,12 Jun 2023,20:35,https://www.youtube.com/watch?v=IYaZR9vl2Js,
1276,Ep 1276 - Fraud With Ladies | Taarak Mehta Ka Ooltah Chashmah - Full Episode | तारक मेहता,https://www.youtube.com/watch?v=iPcserZdCLY,Found,12 Jun 2023,21:02,https://www.youtube.com/watch?v=AntzkQ2x2KY,
1277,Ep 1277 - Fraud With Ladies | Taarak Mehta Ka Ooltah Chashmah - Full Episode | तारक मेहता,https://www.youtube.com/watch?v=jhGU1rTSCrY,Found,12 Jun 2023,20:48,https://www.youtube.com/watch?v=BSi_K5_OEdE,
1278,Ep 1278 - Fraud With Ladies | Taarak Mehta Ka Ooltah Chashmah - Full Episode | तारक मेहता,https://www.youtube.com/watch?v=RBq5lHd4KVY,Found,13 Jun 2023,19:58,https://www.youtube.com/watch?v=3zoETwudaTE,
1279,Ep 1279 - Taarak Mehta Ka Ooltah Chashmah - Full Episode | तारक मेहता का उल्टा चश्मा,https://www.youtube.com/watch?v=1kwSOSfqF9w,Found,13 Jun 2023,21:24,https://www.youtube.com/watch?v=0JtlNro2SBM,
1280,Ep 1280 - Taarak Mehta Ka Ooltah Chashmah - Full Episode | तारक मेहता का उल्टा चश्मा,https://www.youtube.com/watch?v=HGVPA1SKhlM,Found,13 Jun 2023,21:59,https://www.youtube.com/watch?v=d3uhHNPz7J0,
1281,Ep 1281 - Taarak Mehta Ka Ooltah Chashmah - Full Episode | तारक मेहता का उल्टा चश्मा,https://www.youtube.com/watch?v=ctFdAQGWWIg,Found,14 Jun 2023,20:53,https://www.youtube.com/watch?v=Q8oCXsALuOo,
1282,Ep 1282 - Taarak Mehta Ka Ooltah Chashmah - Full Episode | तारक मेहता का उल्टा चश्मा,https://www.youtube.com/watch?v=7ZqJJT37vxc,Found,14 Jun 2023,21:05,https://www.youtube.com/watch?v=lm2H3qQOzXs,
1283,Ep 1283 - Taarak Mehta Ka Ooltah Chashmah - Full Episode | तारक मेहता का उल्टा चश्मा,https://www.youtube.com/watch?v=U0Duki7Lu0k,Found,14 Jun 2023,20:03,https://www.youtube.com/watch?v=DyzsBEbO97c,
1284,Ep 1284 - Taarak Mehta Ka Ooltah Chashmah - Full Episode | तारक मेहता का उल्टा चश्मा,https://www.youtube.com/watch?v=XpV8Cs5v31E,Found,15 Jun 2023,21:51,https://www.youtube.com/watch?v=QIMyI9KLXkQ,
1285,तारक मेहता का उल्टा चश्मा - एपिसोड 1285 - 3 दिसंबर 2013,https://www.youtube.com/watch?v=_4tkSWVMm80,Found,04 Dec 2013,20:44,https://www.youtube.com/watch?v=i5Ms1bHSpg8,
1286,Ep 1286 - Taarak Mehta Ka Ooltah Chashmah - Full Episode | तारक मेहता का उल्टा चश्मा,https://www.youtube.com/watch?v=LduKTP8yhkg,Found,15 Jun 2023,20:33,https://www.youtube.com/watch?v=NIsjT3o40Oc,
1287,Ep 1287 - Taarak Mehta Ka Ooltah Chashmah - Full Episode | तारक मेहता का उल्टा चश्मा,https://www.youtube.com/watch?v=RzcijXOnq7s,Found,16 Jun 2023,20:48,https://www.youtube.com/watch?v=dPYOR1HW9JQ,
1288,Ep 1288 - Popatlal Aur Bulbul | Taarak Mehta Ka Ooltah Chashmah - Full Episode | तारक मेहता,https://www.youtube.com/watch?v=ZGkije4XKM0,Found,16 Jun 2023,21:40,https://www.youtube.com/watch?v=YaO1GQGduzk,
1289,Ep 1289 - Popatlal Aur Bulbul | Taarak Mehta Ka Ooltah Chashmah - Full Episode | तारक मेहता,https://www.youtube.com/watch?v=LS2WEpo2OWE,Found,16 Jun 2023,21:41,https://www.youtube.com/watch?v=a4xnemqD2KA,
1290,Ep 1290 - Popatlal Aur Bulbul | Taarak Mehta Ka Ooltah Chashmah - Full Episode | तारक मेहता,https://www.youtube.com/watch?v=km26CS4O15o,Found,17 Jun 2023,19:33,https://www.youtube.com/watch?v=02y1YBH72D4,
1291,Ep 1291 - Popatlal Aur Bulbul | Taarak Mehta Ka Ooltah Chashmah - Full Episode | तारक मेहता,https://www.youtube.com/watch?v=iSBIDQyhFj8,Found,17 Jun 2023,21:16,https://www.youtube.com/watch?v=RWEy9EUpGd0,
1292,Ep 1292 - Popatlal Aur Bulbul | Taarak Mehta Ka Ooltah Chashmah - Full Episode | तारक मेहता,https://www.youtube.com/watch?v=dFa5Uqi9sck,Found,17 Jun 2023,20:45,https://www.youtube.com/watch?v=gSjXvyngAms,
1293,Ep 1293 - Popatlal Aur Bulbul | Taarak Mehta Ka Ooltah Chashmah - Full Episode | तारक मेहता,https://www.youtube.com/watch?v=cHiAoBzKcVY,Found,18 Jun 2023,20:05,https://www.youtube.com/watch?v=14wYrzcCFgc,
1294,Ep 1294 - Popatlal Aur Bulbul | Taarak Mehta Ka Ooltah Chashmah - Full Episode | तारक मेहता,https://www.youtube.com/watch?v=iER_UGyZzcA,Found,18 Jun 2023,20:38,https://www.youtube.com/watch?v=rj_L4mUC3ps,
1295,Ep 1295 - Popatlal Aur Bulbul | Taarak Mehta Ka Ooltah Chashmah - Full Episode | तारक मेहता,https://www.youtube.com/watch?v=jLTk8V-MWKs,Found,18 Jun 2023,20:16,https://www.youtube.com/watch?v=yJsYDz3hKpo,
1296,Ep 1296 - Popatlal Aur Bulbul | Taarak Mehta Ka Ooltah Chashmah - Full Episode | तारक मेहता,https://www.youtube.com/watch?v=Y-4LZmtc7Wo,Found,18 Jun 2023,21:24,https://www.youtube.com/watch?v=pEZaDgdDppg,
1297,Ep 1297 - Popatlal Aur Bulbul | Taarak Mehta Ka Ooltah Chashmah - Full Episode | तारक मेहता,https://www.youtube.com/watch?v=KjsO_D42mBA,Found,18 Jun 2023,21:43,https://www.youtube.com/watch?v=5dtU2hXU5Xo,
1298,"Taarak Mehta Ka Ooltah Chashmah - Full Episode 1298 - 10th  July, 2018",https://www.youtube.com/watch?v=XU6kFty1Vv0,Found,10 Jul 2018,22:05,https://www.youtube.com/watch?v=_3WeMwvztxM,
1299,Ep 1299 - Popatlal Aur Bulbul | Taarak Mehta Ka Ooltah Chashmah - Full Episode | तारक मेहता,https://www.youtube.com/watch?v=dr_p5Z3RRvw,Found,18 Jun 2023,21:41,https://www.youtube.com/watch?v=cNq25qn_y9g,
1300,"Taarak Mehta Ka Ooltah Chashmah | तारक मेहता का उल्टा चश्मा | Episode 1300 | 2nd January, 2021",https://www.youtube.com/watch?v=YBmkKZp8nJM,Found,02 Jan 2021,22:04,https://www.youtube.com/watch?v=fR3U-dCEaZA,
1301,Ep 1301 - Popatlal Aur Bulbul | Taarak Mehta Ka Ooltah Chashmah - Full Episode | तारक मेहता,https://www.youtube.com/watch?v=vPNR04NW5Uk,Found,19 Jun 2023,20:01,https://www.youtube.com/watch?v=AgHEzwV0Cgs,
1302,"Taarak Mehta Ka Ooltah Chashmah - Full Episode 1302 - 12th  July, 2018",https://www.youtube.com/watch?v=bK9GLN9xjqo,Found,12 Jul 2018,22:16,https://www.youtube.com/watch?v=PzCbY5cKIm8,
1303,Ep 1303 - Popatlal Aur Bulbul | Taarak Mehta Ka Ooltah Chashmah - Full Episode | तारक मेहता,https://www.youtube.com/watch?v=0GxS4IESaPE,Found,19 Jun 2023,21:32,https://www.youtube.com/watch?v=XNWRRvIbvGw,
1304,Ep 1304 - Popatlal Aur Bulbul | Taarak Mehta Ka Ooltah Chashmah - Full Episode | तारक मेहता,https://www.youtube.com/watch?v=o1EuEa-hD2I,Found,20 Jun 2023,21:02,https://www.youtube.com/watch?v=QKGJOlPk4Ls,
1305,Ep 1305 - Popatlal Aur Bulbul | Taarak Mehta Ka Ooltah Chashmah - Full Episode | तारक मेहता,https://www.youtube.com/watch?v=mC7TSkR5xYc,Found,20 Jun 2023,21:03,https://www.youtube.com/watch?v=iTCtd8vKtZs,
1306,Ep 1306 - Popatlal Aur Bulbul | Taarak Mehta Ka Ooltah Chashmah - Full Episode | तारक मेहता,https://www.youtube.com/watch?v=AWMgUwqGjAg,Found,20 Jun 2023,20:57,https://www.youtube.com/watch?v=XntESE7-j6A,
1307,तारक मेहता का उल्टा चश्मा - एपिसोड 1307 - 2 जनवरी 2014,https://www.youtube.com/watch?v=oz0k9ZN9Qos,Found,03 Jan 2014,22:23,https://www.youtube.com/watch?v=P8XFSfo1LNI,
1308,Ep 1308 - Popatlal Aur Bulbul | Taarak Mehta Ka Ooltah Chashmah - Full Episode | तारक मेहता,https://www.youtube.com/watch?v=ZmfZtPmX9CQ,Found,21 Jun 2023,21:48,https://www.youtube.com/watch?v=1Ch60A3KNhM,
1309,Ep 1309 - Sunder Ki Jalsa Party | Taarak Mehta Ka Ooltah Chashmah - Full Episode | तारक मेहता,https://www.youtube.com/watch?v=IxQo_Rqu1DQ,Found,21 Jun 2023,21:33,https://www.youtube.com/watch?v=3pDoBkTC37k,
1310,तारक मेहता का उल्टा चश्मा - एपिसोड 1310 - 7 जनवरी 2014,https://www.youtube.com/watch?v=UHMg6D126Xs,Found,08 Jan 2014,21:30,https://www.youtube.com/watch?v=1gXuO0qOE-g,
1311,तारक मेहता का उल्टा चश्मा - एपिसोड 1311 - 8 जनवरी 2014,https://www.youtube.com/watch?v=xepxUVEDJag,Found,09 Jan 2014,20:29,https://www.youtube.com/watch?v=5-Q3W-PfC6s,
1312,"Taarak Mehta Ka Ooltah Chashmah | तारक मेहता का उल्टा चश्मा | Episode 1312 | 14th September, 2020",https://www.youtube.com/watch?v=Ty5_xBHT_KE,Found,14 Sep 2020,21:29,https://www.youtube.com/watch?v=ebXDK5EMtaA,
1313,"Taarak Mehta Ka Ooltah Chashmah | तारक मेहता का उल्टा चश्मा | Episode 1313 | 15th September, 2020",https://www.youtube.com/watch?v=P0BwaLCdU4w,Found,15 Sep 2020,21:13,https://www.youtube.com/watch?v=5McIhtNkPsY,
1314,Taarak Mehta Ka Ooltah Chashmah - Throwback - Episode 1314 - Full Episode,https://www.youtube.com/watch?v=-5HLv15C64A,Found,07 Feb 2021,21:27,https://www.youtube.com/watch?v=DsLxzRIE0Iw,
1315,"Taarak Mehta Ka Ooltah Chashmah | तारक मेहता का उल्टा चश्मा | Episode 1315 | 15th September, 2020",https://www.youtube.com/watch?v=fyEgnMygOpM,Found,15 Sep 2020,21:36,https://www.youtube.com/watch?v=5Owpz5ILMeQ,
1316,"Taarak Mehta Ka Ooltah Chashmah | तारक मेहता का उल्टा चश्मा | Episode 1316 | 15th September, 2020",https://www.youtube.com/watch?v=9cwSYWdPNgM,Found,15 Sep 2020,19:48,,https://www.youtube.com/watch?v=QZChCoils2g
1317,"Taarak Mehta Ka Ooltah Chashmah | तारक मेहता का उल्टा चश्मा | Episode 1317 | 16th September, 2020",https://www.youtube.com/watch?v=skynvA_a84w,Found,16 Sep 2020,21:09,,
1318,"Taarak Mehta Ka Ooltah Chashmah | तारक मेहता का उल्टा चश्मा | Episode 1318 | 16th September, 2020",https://www.youtube.com/watch?v=RC6MT8sFcBQ,Found,16 Sep 2020,20:11,https://www.youtube.com/watch?v=S2w3dusorF4,
1319,Ep 1319 - Pressure Cooker Ka Confusion | Taarak Mehta Ka Ooltah Chashmah - Full Episode | तारक मेहता,https://www.youtube.com/watch?v=dScN6BcEObE,Found,23 Jun 2023,21:56,https://www.youtube.com/watch?v=i0ARKcaC2zA,
1320,"Taarak Mehta Ka Ooltah Chashmah | तारक मेहता का उल्टा चश्मा | Episode 1320 | 7th January, 2021",https://www.youtube.com/watch?v=u9KEHst0y-4,Found,07 Jan 2021,20:45,https://www.youtube.com/watch?v=eTqyK9xo160,
1321,Ep 1321 - Pressure Cooker Ka Confusion | Taarak Mehta Ka Ooltah Chashmah - Full Episode | तारक मेहता,https://www.youtube.com/watch?v=1T91xO7fhAc,Found,24 Jun 2023,21:03,https://www.youtube.com/watch?v=1YpfTjMimSE,
1322,"Taarak Mehta Ka Ooltah Chashmah | तारक मेहता का उल्टा चश्मा | Episode 1322 | 8th January, 2021",https://www.youtube.com/watch?v=mDNPuq0AtYg,Found,08 Jan 2021,21:08,https://www.youtube.com/watch?v=3bLmgHcCbv8,
1323,Ep 1323 - Pressure Cooker Ka Confusion | Taarak Mehta Ka Ooltah Chashmah - Full Episode | तारक मेहता,https://www.youtube.com/watch?v=RK56Xb_vEMg,Found,25 Jun 2023,21:35,https://www.youtube.com/watch?v=4ZtKfWI3P7Y,
1324,"Taarak Mehta Ka Ooltah Chashmah - Full Episode 1324 - 18th July, 2018",https://www.youtube.com/watch?v=MS42Vv3gNCw,Found,18 Jul 2018,21:54,https://www.youtube.com/watch?v=_c1u4tytbAA,
1325,Ep 1325 - Pressure Cooker Ka Confusion | Taarak Mehta Ka Ooltah Chashmah - Full Episode | तारक मेहता,https://www.youtube.com/watch?v=Yn3-lwwNgpc,Found,25 Jun 2023,19:13,https://www.youtube.com/watch?v=uYQBgFrMzr0,
1326,Ep 1326 - Pressure Cooker Ka Confusion | Taarak Mehta Ka Ooltah Chashmah - Full Episode | तारक मेहता,https://www.youtube.com/watch?v=14bDSOxxxqM,Found,25 Jun 2023,20:04,https://www.youtube.com/watch?v=gs0ke_w0NYY,
1327,"Taarak Mehta Ka Ooltah Chashmah | तारक मेहता का उल्टा चश्मा | Episode 1327 | 28th September, 2021",https://www.youtube.com/watch?v=nai5bvLLLus,Found,28 Sep 2021,19:07,https://www.youtube.com/watch?v=Wv2EEFd_UMo,
1328,"Taarak Mehta Ka Ooltah Chashmah - Full Episode 1328 - 20th July, 2018",https://www.youtube.com/watch?v=FTebggAvwBU,Found,20 Jul 2018,21:08,https://www.youtube.com/watch?v=R84itIf4hNk,
1329,Ep 1329 - Fitness Camp In Gokuldham | Taarak Mehta Ka Ooltah Chashmah - Full Episode | तारक मेहता,https://www.youtube.com/watch?v=PFgL9Wxq_yI,Found,26 Jun 2023,22:00,https://www.youtube.com/watch?v=ab5k_JvGUMM,
1330,Ep 1330 - Fitness Camp In Gokuldham | Taarak Mehta Ka Ooltah Chashmah - Full Episode | तारक मेहता,https://www.youtube.com/watch?v=ZIi6L5EtnXA,Found,26 Jun 2023,21:11,https://www.youtube.com/watch?v=yG3FCGOYpSk,
1331,Yoga Day Special!!  Part 1: Ep 1331 - Fitness Camp in Gokuldham | Taarak Mehta Ka Ooltah Chashmah,https://www.youtube.com/watch?v=Dor_jAZ7Mwg,Found,21 Jun 2023,21:29,https://www.youtube.com/watch?v=ExYynFPBkCc,
1332,Yoga Day Special Part 2 I Ep 1332 | Taarak Mehta Ka Ooltah Chashmah - Full Episode | तारक मेहता,https://www.youtube.com/watch?v=npXWqc32K_E,Found,21 Jun 2023,21:28,https://www.youtube.com/watch?v=sx74CKfjWQU,
1333,Yoga Day Special Part 3 I Ep: 1333 I Taarak Mehta Ka Ooltah Chashmah | TMKOC Comedy,https://www.youtube.com/watch?v=-VNVeLtLddI,Found,21 Jun 2023,21:08,https://www.youtube.com/watch?v=SKxGZBQ6E_w,
1334,Ep 1334 - Fitness Camp In Gokuldham | Taarak Mehta Ka Ooltah Chashmah - Full Episode | तारक मेहता,https://www.youtube.com/watch?v=WjNEHhW7Vp8,Found,26 Jun 2023,21:15,https://www.youtube.com/watch?v=5hmHgvbA0n0,
1335,Ep 1335 - Fitness Camp In Gokuldham | Taarak Mehta Ka Ooltah Chashmah - Full Episode | तारक मेहता,https://www.youtube.com/watch?v=iHQvZ4DrSBU,Found,27 Jun 2023,21:01,https://www.youtube.com/watch?v=v0v_JKCGWJ8,
1336,Ep 1336 - Fitness Camp In Gokuldham | Taarak Mehta Ka Ooltah Chashmah - Full Episode | तारक मेहता,https://www.youtube.com/watch?v=qiCppajXhO8,Found,27 Jun 2023,22:01,https://www.youtube.com/watch?v=TQVtARuBiV8,
1337,Ep 1337 - Fitness Camp In Gokuldham | Taarak Mehta Ka Ooltah Chashmah - Full Episode | तारक मेहता,https://www.youtube.com/watch?v=SM6Syg6-1C8,Found,27 Jun 2023,21:21,https://www.youtube.com/watch?v=FfATvCplDOg,
1338,Ep 1338 - Fitness Camp In Gokuldham | Taarak Mehta Ka Ooltah Chashmah - Full Episode | तारक मेहता,https://www.youtube.com/watch?v=nC08tkNCeb4,Found,28 Jun 2023,19:57,https://www.youtube.com/watch?v=KKqXobLmGIM,
1339,Ep 1339 - Fitness Camp In Gokuldham | Taarak Mehta Ka Ooltah Chashmah - Full Episode | तारक मेहता,https://www.youtube.com/watch?v=LOaiznC29B8,Found,28 Jun 2023,22:06,https://www.youtube.com/watch?v=3_jTd2FC0nw,
1340,Ep 1340 - Fitness Camp In Gokuldham | Taarak Mehta Ka Ooltah Chashmah - Full Episode | तारक मेहता,https://www.youtube.com/watch?v=T521TRbxzMc,Found,28 Jun 2023,20:40,https://www.youtube.com/watch?v=tzwjUShSyI0,
1341,Ep 1341 - Fitness Camp In Gokuldham | Taarak Mehta Ka Ooltah Chashmah - Full Episode | तारक मेहता,https://www.youtube.com/watch?v=O_ei7OGB1kM,Found,29 Jun 2023,21:35,https://www.youtube.com/watch?v=fN6QU7ZbZko,
1342,Ep 1342 - Fitness Camp In Gokuldham | Taarak Mehta Ka Ooltah Chashmah - Full Episode | तारक मेहता,https://www.youtube.com/watch?v=Chdxf_FI0eU,Found,29 Jun 2023,21:04,https://www.youtube.com/watch?v=7LJulBaMHMw,
1343,Ep 1343 - Surprise Gift For Anjali | Taarak Mehta Ka Ooltah Chashmah - Full Episode | तारक मेहता,https://www.youtube.com/watch?v=1vbyE47a_J0,Found,29 Jun 2023,21:37,https://www.youtube.com/watch?v=Y7V3Rk80lhQ,
1344,"Taarak Mehta Ka Ooltah Chashmah - Full Episode 1344 - 28th July, 2018",https://www.youtube.com/watch?v=PcmKejS1i-s,Found,28 Jul 2018,21:29,https://www.youtube.com/watch?v=YEKx1xqAkoY,
1345,Ep 1345 - Surprise Gift For Anjali | Taarak Mehta Ka Ooltah Chashmah - Full Episode | तारक मेहता,https://www.youtube.com/watch?v=2hWPg53U5sI,Found,30 Jun 2023,20:27,https://www.youtube.com/watch?v=tv3TxA0pHzs,
1346,Ep 1346 - Surprise Gift For Anjali | Taarak Mehta Ka Ooltah Chashmah - Full Episode | तारक मेहता,https://www.youtube.com/watch?v=xNgplTf8B0E,Found,30 Jun 2023,21:23,https://www.youtube.com/watch?v=iScEJpD9qIo,
1347,Taarak Mehta Ka Ooltah Chashmah - Episode 1347 - Full Episode,https://www.youtube.com/watch?v=LOocw7hzV2k,Found,16 Aug 2021,19:58,https://www.youtube.com/watch?v=wYg0bqAYJJo,
1348,Taarak Mehta Ka Ooltah Chashmah - Episode 1348 - Full Episode,https://www.youtube.com/watch?v=8mcc_Hcpzyo,Found,16 Aug 2021,19:58,https://www.youtube.com/watch?v=Mh7Wp1jMAPA,
1349,Taarak Mehta Ka Ooltah Chashmah - Episode 1349 - Full Episode,https://www.youtube.com/watch?v=wo9GzrjvShY,Found,12 Feb 2021,19:33,https://www.youtube.com/watch?v=K0sQ8dJZSeg,
1350,Taarak Mehta Ka Ooltah Chashmah - Episode 1350 - Full Episode,https://www.youtube.com/watch?v=sfnM17W2520,Found,16 Aug 2021,19:06,https://www.youtube.com/watch?v=t9htGRy0FXw,
1351,Taarak Mehta Ka Ooltah Chashmah - Episode 1351 - Full Episode,https://www.youtube.com/watch?v=3HqVNvNEPD8,Found,12 Feb 2021,20:55,https://www.youtube.com/watch?v=RYvd-YloEOU,
1352,तारक मेहता का उल्टा चश्मा - एपिसोड 1352 - 3 मार्च 2014,https://www.youtube.com/watch?v=F2NrNCVQGCA,Found,03 Mar 2014,21:03,https://www.youtube.com/watch?v=6TjWNS4XgKg,
1353,Taarak Mehta Ka Ooltah Chashmah - Episode 1353 - Full Episode,https://www.youtube.com/watch?v=JeEoaa_x-Rs,Found,16 Aug 2021,20:45,https://www.youtube.com/watch?v=8O6ZqMoxcrE,
1354,Taarak Mehta Ka Ooltah Chashmah - Episode 1354 - Full Episode,https://www.youtube.com/watch?v=rPiBBd05thk,Found,12 Feb 2021,20:12,https://www.youtube.com/watch?v=1t6aa1mSp8w,
1355,तारक मेहता का उल्टा चश्मा - एपिसोड 1355 - 6 मार्च 2014,https://www.youtube.com/watch?v=CLulkg5zKeY,Found,06 Mar 2014,21:11,https://www.youtube.com/watch?v=tcgCISnBfyM,
1356,Ep 1356 - Bhide & Madhavi's Anniversary | Taarak Mehta Ka Ooltah Chashmah -Full Episode | तारक मेहता,https://www.youtube.com/watch?v=EHbon9UvPYE,Found,03 Jul 2023,20:57,https://www.youtube.com/watch?v=XaVmKjJ3RMQ,
1357,Ep 1357 - Bhide & Madhavi's Anniversary | Taarak Mehta Ka Ooltah Chashmah -Full Episode | तारक मेहता,https://www.youtube.com/watch?v=JhTTgt0qsUE,Found,03 Jul 2023,21:36,https://www.youtube.com/watch?v=32mfS_AiU9w,
1358,Ep 1358 - Bhide & Madhavi's Anniversary | Taarak Mehta Ka Ooltah Chashmah -Full Episode | तारक मेहता,https://www.youtube.com/watch?v=J-IncNwur3s,Found,03 Jul 2023,20:39,https://www.youtube.com/watch?v=ahZXsYIS3UQ,
1359,Ep 1359 - Bhide & Madhavi's Anniversary | Taarak Mehta Ka Ooltah Chashmah -Full Episode | तारक मेहता,https://www.youtube.com/watch?v=xYvx4Lcp028,Found,04 Jul 2023,21:32,https://www.youtube.com/watch?v=rpXd9xwEuow,
1360,Ep 1360 - Bhide & Madhavi's Anniversary | Taarak Mehta Ka Ooltah Chashmah -Full Episode | तारक मेहता,https://www.youtube.com/watch?v=-cDwCeDI9Do,Found,04 Jul 2023,21:48,https://www.youtube.com/watch?v=A5J8nvFaA1c,
1361,Ep 1361 - Bhide & Madhavi's Anniversary | Taarak Mehta Ka Ooltah Chashmah -Full Episode | तारक मेहता,https://www.youtube.com/watch?v=DlKSFTGRC14,Found,04 Jul 2023,21:32,https://www.youtube.com/watch?v=QssP6V5ymkA,
1362,"Taarak Mehta Ka Ooltah Chashmah - Full Episode 1362 - 01st  March , 2018",https://www.youtube.com/watch?v=uJ6S-4UuTEU,Found,01 Mar 2018,18:45,https://www.youtube.com/watch?v=DsjUAUew9c4,
1363,Ep 1363 - Popatlal Cancels Holi?! | Taarak Mehta Ka Ooltah Chashmah -Full Episode | तारक मेहता,https://www.youtube.com/watch?v=xDy2m4Evmu0,Found,05 Jul 2023,21:06,https://www.youtube.com/watch?v=6Bq4Ar8wU7Q,
1364,Ep 1364 - Popatlal Cancels Holi?! | Taarak Mehta Ka Ooltah Chashmah -Full Episode | तारक मेहता,https://www.youtube.com/watch?v=WwA2NXL61oc,Found,05 Jul 2023,20:15,https://www.youtube.com/watch?v=jX2U_eKrjAI,https://www.youtube.com/watch?v=HuBmlnczFrI
1365,Ep 1365 - Popatlal Cancels Holi?! | Taarak Mehta Ka Ooltah Chashmah -Full Episode | तारक मेहता,https://www.youtube.com/watch?v=8xX9yfsixXQ,Found,06 Jul 2023,21:36,https://www.youtube.com/watch?v=QAMYYz8ko2A,
1366,Ep 1366 - Nashila Dhaba | Taarak Mehta Ka Ooltah Chashmah - Full Episode | तारक मेहता,https://www.youtube.com/watch?v=-aK1XA_OIc8,Found,06 Jul 2023,20:17,https://www.youtube.com/watch?v=8i25rTPXY3I,
1367,Ep 1367 - Nashila Dhaba | Taarak Mehta Ka Ooltah Chashmah - Full Episode | तारक मेहता,https://www.youtube.com/watch?v=GaRgtfTqf1k,Found,06 Jul 2023,21:53,,
1368,Ep 1368 - Nashila Dhaba | Taarak Mehta Ka Ooltah Chashmah - Full Episode | तारक मेहता,https://www.youtube.com/watch?v=lbasPXH41gY,Found,07 Jul 2023,21:45,https://www.youtube.com/watch?v=6YXACQokqhw,
1369,"Taarak Mehta Ka Ooltah Chashmah - Full Episode 1369 - 08th August, 2018",https://www.youtube.com/watch?v=4eCbyKdl1m8,Found,08 Aug 2018,20:28,https://www.youtube.com/watch?v=yygwDrUw8O4,
1370,Ep 1370 - Sodhi Kidnapped?! | Taarak Mehta Ka Ooltah Chashmah - Full Episode | तारक मेहता,https://www.youtube.com/watch?v=EpvSTqux5Ig,Found,07 Jul 2023,20:40,https://www.youtube.com/watch?v=_eSSHqd5_Ls,
1371,Ep 1371 - Sodhi Kidnapped?! | Taarak Mehta Ka Ooltah Chashmah - Full Episode | तारक मेहता,https://www.youtube.com/watch?v=sMPYv8X5hbw,Found,08 Jul 2023,20:48,https://www.youtube.com/watch?v=fa5UKPZtmBo,
1372,Ep 1372 - Sodhi Kidnapped?! | Taarak Mehta Ka Ooltah Chashmah - Full Episode | तारक मेहता,https://www.youtube.com/watch?v=yB4_dYxdwHQ,Found,08 Jul 2023,21:00,https://www.youtube.com/watch?v=6CPlny38eik,
1373,Ep 1373 - Sodhi Kidnapped?! | Taarak Mehta Ka Ooltah Chashmah - Full Episode | तारक मेहता,https://www.youtube.com/watch?v=XM4YZwKNAmg,Found,08 Jul 2023,20:57,https://www.youtube.com/watch?v=zkUZAks3YPI,
1374,Ep 1374 - Sodhi Kidnapped?! | Taarak Mehta Ka Ooltah Chashmah - Full Episode | तारक मेहता,https://www.youtube.com/watch?v=opNCEpiNLA0,Found,09 Jul 2023,20:27,https://www.youtube.com/watch?v=zVVZWgh5ywQ,
1375,Ep 1375 - Sodhi Kidnapped?! | Taarak Mehta Ka Ooltah Chashmah - Full Episode | तारक मेहता,https://www.youtube.com/watch?v=05yQ8168mmo,Found,09 Jul 2023,20:33,https://www.youtube.com/watch?v=XDJvGzA7rdk,
1376,Ep 1376 - Sodhi Kidnapped?! | Taarak Mehta Ka Ooltah Chashmah - Full Episode | तारक मेहता,https://www.youtube.com/watch?v=wQL9wlA-QYg,Found,09 Jul 2023,20:57,https://www.youtube.com/watch?v=CteN_jdB_Ow,
1377,तारक मेहता का उल्टा चश्मा - एपिसोड 1377 - 1 अप्रैल 2014,https://www.youtube.com/watch?v=OaSTdmdmjQw,Found,01 Apr 2014,19:51,https://www.youtube.com/watch?v=fHxbllDkIW4,
1378,Ep 1378 - Sodhi Kidnapped?! | Taarak Mehta Ka Ooltah Chashmah - Full Episode | तारक मेहता,https://www.youtube.com/watch?v=Z7rgG4ByiRs,Found,09 Jul 2023,21:48,https://www.youtube.com/watch?v=iE00wMW6eDI,
1379,Ep 1379 - Sodhi Kidnapped?! | Taarak Mehta Ka Ooltah Chashmah - Full Episode | तारक मेहता,https://www.youtube.com/watch?v=MjKB-2wDN0k,Found,09 Jul 2023,22:02,https://www.youtube.com/watch?v=CALIbsSPQa8,
1380,Ep 1380 - Ghost Mystery | Taarak Mehta Ka Ooltah Chashmah - Full Episode | तारक मेहता,https://www.youtube.com/watch?v=CR5ulrMp7QI,Found,10 Jul 2023,20:39,https://www.youtube.com/watch?v=_82umAr94Nc,
1381,Ep 1381 - Ghost Mystery | Taarak Mehta Ka Ooltah Chashmah - Full Episode | तारक मेहता,https://www.youtube.com/watch?v=Lx2WTDD_Qr8,Found,10 Jul 2023,21:21,https://www.youtube.com/watch?v=XtqpYO1PnnQ,https://www.youtube.com/watch?v=CLusGMLLAp0
1382,Ep 1382 - Ghost Mystery | Taarak Mehta Ka Ooltah Chashmah - Full Episode | तारक मेहता,https://www.youtube.com/watch?v=ElOTBuvdIqY,Found,10 Jul 2023,20:33,https://www.youtube.com/watch?v=AczY8Kr7qec,https://www.youtube.com/watch?v=kJneiOn7aaU
1383,Ep 1383 - Ghost Mystery | Taarak Mehta Ka Ooltah Chashmah - Full Episode | तारक मेहता,https://www.youtube.com/watch?v=DGmwqHN6mw8,Found,11 Jul 2023,21:42,https://www.youtube.com/watch?v=DWrJFJ8YOw8,
1384,तारक मेहता का उल्टा चश्मा - एपिसोड 1384 - 9 अप्रैल 2014,https://www.youtube.com/watch?v=d0ybW2TB4P0,Found,09 Apr 2014,21:32,https://www.youtube.com/watch?v=MJ47DN9ZLeE,
1385,Ep 1385 - Ghost Mystery | Taarak Mehta Ka Ooltah Chashmah - Full Episode | तारक मेहता,https://www.youtube.com/watch?v=Hq24c762BiE,Found,11 Jul 2023,21:38,https://www.youtube.com/watch?v=siyc-UI15Tw,https://www.youtube.com/watch?v=TwtjnoCetkY
1386,Ep 1386 - Ghost Mystery | Taarak Mehta Ka Ooltah Chashmah - Full Episode | तारक मेहता,https://www.youtube.com/watch?v=yN8EJVQA4bA,Found,12 Jul 2023,19:46,https://www.youtube.com/watch?v=8ylXNijjdRU,https://www.youtube.com/watch?v=l8jFgnZoqok
1387,Ep 1387 - Ghost Mystery | Taarak Mehta Ka Ooltah Chashmah - Full Episode | तारक मेहता,https://www.youtube.com/watch?v=LnRl6EQDZZE,Found,12 Jul 2023,20:44,https://www.youtube.com/watch?v=RoufksJ_kNk,https://www.youtube.com/watch?v=RcuIwghhwJo
1388,Ep 1388 - Ghost Mystery | Taarak Mehta Ka Ooltah Chashmah - Full Episode | तारक मेहता,https://www.youtube.com/watch?v=gLedqqVdYEU,Found,12 Jul 2023,20:34,https://www.youtube.com/watch?v=vM560dSUKUM,
1389,Taarak Mehta Ka Ooltah Chashmah - Episode 1389 - 15th April 2014,https://www.youtube.com/watch?v=DOQ_RNdl_0w,Found,15 Apr 2014,18:57,https://www.youtube.com/watch?v=BYaU-dBnVZA,
1390,Ep 1390 - Ghost Mystery | Taarak Mehta Ka Ooltah Chashmah - Full Episode | तारक मेहता,https://www.youtube.com/watch?v=LAxUB00P_7o,Found,13 Jul 2023,22:45,https://www.youtube.com/watch?v=BL82ewqazKQ,
1391,Taarak Mehta Ka Ooltah Chashmah - Episode 1391 - 17th April 2014,https://www.youtube.com/watch?v=UbU9Py0zYl8,Found,17 Apr 2014,20:02,https://www.youtube.com/watch?v=eDGWvuyL8IE,https://www.youtube.com/watch?v=6NmKY59IEaU
1392,Ep 1392 - Daya Ki Mannat | Taarak Mehta Ka Ooltah Chashmah - Full Episode | तारक मेहता,https://www.youtube.com/watch?v=dzyiMQZBpMQ,Found,14 Jul 2023,21:23,https://www.youtube.com/watch?v=8wjiKodr7Us,
1393,Ep 1393 - Daya Ki Mannat | Taarak Mehta Ka Ooltah Chashmah - Full Episode | तारक मेहता,https://www.youtube.com/watch?v=kwS93u81iXg,Found,14 Jul 2023,21:40,https://www.youtube.com/watch?v=_jRg7MR160E,https://www.youtube.com/watch?v=pNPjajs42sc
1394,Ep 1394 - Daya Ki Mannat | Taarak Mehta Ka Ooltah Chashmah - Full Episode | तारक मेहता,https://www.youtube.com/watch?v=hzn9Dnu2gEU,Found,14 Jul 2023,21:15,https://www.youtube.com/watch?v=-QxAEn2bVOc,https://www.youtube.com/watch?v=pPVGSs4-LhE
1395,Ep 1395 - Daya Ki Mannat | Taarak Mehta Ka Ooltah Chashmah - Full Episode | तारक मेहता,https://www.youtube.com/watch?v=kS_VaKlb3AQ,Found,15 Jul 2023,21:26,https://www.youtube.com/watch?v=iSDhuHMwduY,
1396,Ep 1396 - Daya Ki Mannat | Taarak Mehta Ka Ooltah Chashmah - Full Episode | तारक मेहता,https://www.youtube.com/watch?v=menpikQDb9c,Found,15 Jul 2023,21:19,https://www.youtube.com/watch?v=nQU6kh2eHd4,https://www.youtube.com/watch?v=zyKis4mHw_c
1397,Ep 1397 - Support Sunderlal! | Taarak Mehta Ka Ooltah Chashmah - Full Episode | तारक मेहता,https://www.youtube.com/watch?v=6REd5oghxhY,Found,15 Jul 2023,20:50,https://www.youtube.com/watch?v=Yfzpj3m0w8s,https://www.youtube.com/watch?v=FWctaZ6BINE
1398,Ep 1398 - Support Sunderlal! | Taarak Mehta Ka Ooltah Chashmah - Full Episode | तारक मेहता,https://www.youtube.com/watch?v=b77LchRGUy4,Found,16 Jul 2023,21:28,https://www.youtube.com/watch?v=kcgbXlVlap8,https://www.youtube.com/watch?v=AxUBnXZlDGc
1399,Ep 1399 - Support Sunderlal! | Taarak Mehta Ka Ooltah Chashmah - Full Episode | तारक मेहता,https://www.youtube.com/watch?v=FCLmlOIJ26E,Found,16 Jul 2023,20:56,https://www.youtube.com/watch?v=8eNNpGy51T0,
1400,Ep 1400 - Support Sunderlal! | Taarak Mehta Ka Ooltah Chashmah - Full Episode | तारक मेहता,https://www.youtube.com/watch?v=i-eMSBl8vME,Found,16 Jul 2023,21:37,https://www.youtube.com/watch?v=N3g1d8QQRP0,
1401,Taarak Mehta Ka Ooltah Chashmah - Episode 1401 - 1st May 2014,https://www.youtube.com/watch?v=Pkr855MOVYg,Found,01 May 2014,20:44,https://www.youtube.com/watch?v=agNayhEFysU,
1402,Ep 1402 - Support Sunderlal! | Taarak Mehta Ka Ooltah Chashmah - Full Episode | तारक मेहता,https://www.youtube.com/watch?v=OmDGjtYEios,Found,16 Jul 2023,19:54,https://www.youtube.com/watch?v=rfsGpQdtOi8,https://www.youtube.com/watch?v=WTCFWtw1dwQ
1403,"Taarak Mehta Ka Ooltah Chashmah - Full Episode 1403 - 20th August, 2018",https://www.youtube.com/watch?v=GskReeXebFg,Found,20 Aug 2018,22:10,https://www.youtube.com/watch?v=yBB2KyV6nuI,https://www.youtube.com/watch?v=7vDDs7vzCGM
1404,Ep 1404 - Pandit Lajawab | Taarak Mehta Ka Ooltah Chashmah - Full Episode | तारक मेहता,https://www.youtube.com/watch?v=GYH83R6KcwI,Found,17 Jul 2023,22:15,https://www.youtube.com/watch?v=q0Rex0f7L3E,
1405,तारक मेहता का उल्टा चश्मा - एपिसोड 1405 - 7 मई 2014,https://www.youtube.com/watch?v=bl2XsBKzkJA,Found,07 May 2014,21:37,https://www.youtube.com/watch?v=mEcPSZaWvys,https://www.youtube.com/watch?v=8HL6ri9KLTs
1406,Ep 1406 - Pandit Lajawab | Taarak Mehta Ka Ooltah Chashmah - Full Episode | तारक मेहता,https://www.youtube.com/watch?v=MpazPw9b1iw,Found,17 Jul 2023,21:56,https://www.youtube.com/watch?v=CHMo1K7pYPw,
1407,"Taarak Mehta Ka Ooltah Chashmah - Full Episode 1407 - 22nd   August, 2018",https://www.youtube.com/watch?v=jSF20LQlZtA,Found,22 Aug 2018,22:05,https://www.youtube.com/watch?v=x5znosmD2lE,https://www.youtube.com/watch?v=ujgcOjFmO8s
1408,Taarak Mehta Ka Ooltah Chashmah - Episode 1408 - 12th May 2014,https://www.youtube.com/watch?v=YXF7k_jQeIQ,Found,12 May 2014,21:06,https://www.youtube.com/watch?v=x5znosmD2lE,https://www.youtube.com/watch?v=UzenNC3m5LU
1409,Taarak Mehta Ka Ooltah Chashmah - तारक मेहता - Throwback - Episode 1409 - Full Episode,https://www.youtube.com/watch?v=uwjVCy35Wj4,Found,13 May 2021,22:22,https://www.youtube.com/watch?v=LT7ykrrN9CU,
1410,"Taarak Mehta Ka Ooltah Chashmah | तारक मेहता का उल्टा चश्मा | Episode 1410 | 5th October, 2021",https://www.youtube.com/watch?v=vHUPjk0fqiM,Found,05 Oct 2021,20:49,https://www.youtube.com/watch?v=ZCMQwhh_2gA,
1411,Taarak Mehta Ka Ooltah Chashmah - Episode 1411 - Full Episode,https://www.youtube.com/watch?v=sqHfM3o0IoM,Found,13 Feb 2021,21:05,https://www.youtube.com/watch?v=1VB5EotNrX0,https://www.youtube.com/watch?v=zRrvJA0U3CQ
1412,Taarak Mehta Ka Ooltah Chashmah - Episode 1412 - 16th May 2014,https://www.youtube.com/watch?v=6MhnA3HKeXs,Found,16 May 2014,22:24,https://www.youtube.com/watch?v=WXa2QbwlFbE,https://www.youtube.com/watch?v=aeSHh6_I1ao
1413,"Taarak Mehta Ka Ooltah Chashmah - Full Episode 1413 - 05th September, 2018",https://www.youtube.com/watch?v=p_aXYHL9mt0,Found,05 Sep 2018,21:11,https://www.youtube.com/watch?v=rSQNWNxHoIM,https://www.youtube.com/watch?v=UyLolZnNiDg
1414,"Taarak Mehta Ka Ooltah Chashmah - Full Episode 1414 - 06th September, 2018",https://www.youtube.com/watch?v=pdjcXkL_USA,Found,06 Sep 2018,21:24,https://www.youtube.com/watch?v=-4pM9Zk8nQs,https://www.youtube.com/watch?v=oB2aW8Yyly4
1415,"Taarak Mehta Ka Ooltah Chashmah | तारक मेहता का उल्टा चश्मा | Episode 1415 |  3rd July, 2021",https://www.youtube.com/watch?v=rcFLGsylTpk,Found,03 Jul 2021,20:13,https://www.youtube.com/watch?v=Dm3K4Y3bvDs,https://www.youtube.com/watch?v=6lL5glmN0Y0
1416,Ep 1416 - Adventure Park | Taarak Mehta Ka Ooltah Chashmah - Full Episode | तारक मेहता,https://www.youtube.com/watch?v=WnlpH4zbTcM,Found,18 Jul 2023,21:45,https://www.youtube.com/watch?v=pMR3em0wUYY,https://www.youtube.com/watch?v=ijdM3E5MDl0
1417,Taarak Mehta Ka Ooltah Chashmah - Episode 1417 - Full Episode,https://www.youtube.com/watch?v=eajKFM55H1M,Found,13 Feb 2021,21:06,https://www.youtube.com/watch?v=9o0Ek7bnueY,https://www.youtube.com/watch?v=hjrOcZrQQHI
1418,Taarak Mehta Ka Ooltah Chashmah - Episode 1418 - Full Episode,https://www.youtube.com/watch?v=J3LBluVvr_k,Found,13 Feb 2021,20:26,https://www.youtube.com/watch?v=qXksNXRJIMs,https://www.youtube.com/watch?v=QXzxMqI2X24
1419,Taarak Mehta Ka Ooltah Chashmah - Episode 1419 - Full Episode,https://www.youtube.com/watch?v=CSpfXyaHQ7A,Found,16 Aug 2021,19:19,https://www.youtube.com/watch?v=FPTXkpNOuM4,https://www.youtube.com/watch?v=2rZFXHw0TVI
1420,Taarak Mehta Ka Ooltah Chashmah - Episode 1420 - Full Episode,https://www.youtube.com/watch?v=_ykUnldPKeo,Found,16 Aug 2021,20:09,https://www.youtube.com/watch?v=qbZMOU0iooM,https://www.youtube.com/watch?v=jIiyPlRN-bo
1421,"Taarak Mehta Ka Ooltah Chashmah - Full Episode 1421 - 17th September, 2018",https://www.youtube.com/watch?v=zRHwIb1EpEI,Found,17 Sep 2018,20:26,https://www.youtube.com/watch?v=IfuTCxGOZCA,https://www.youtube.com/watch?v=-qozh__ZL5I
1422,Taarak Mehta Ka Ooltah Chashmah - Episode 1422 - Full Episode,https://www.youtube.com/watch?v=6ikOUBur8X4,Found,13 Feb 2021,18:36,https://www.youtube.com/watch?v=9PSUy4DrjrM,https://www.youtube.com/watch?v=IqsLFfJDkR0
1423,Taarak Mehta Ka Ooltah Chashmah - Episode 1423 - Full Episode,https://www.youtube.com/watch?v=7Q7Gjp8woEM,Found,16 Aug 2021,20:08,https://www.youtube.com/watch?v=anBauQLmBhU,https://www.youtube.com/watch?v=lIFTCskus_g
1424,Taarak Mehta Ka Ooltah Chashmah - Episode 1424 - 3rd June 2014,https://www.youtube.com/watch?v=LoRE_1Vla5Y,Found,03 Jun 2014,19:22,https://www.youtube.com/watch?v=FocYPpaA4aI,
1425,Taarak Mehta Ka Ooltah Chashmah - Episode 1425 - Full Episode,https://www.youtube.com/watch?v=0PhtT2c4YAs,Found,16 Aug 2021,20:03,https://www.youtube.com/watch?v=N88fCXQyNwY,
1426,Taarak Mehta Ka Ooltah Chashmah - Episode 1426 - Full Episode,https://www.youtube.com/watch?v=ZuFo0-MsJEQ,Found,16 Aug 2021,20:17,https://www.youtube.com/watch?v=IlL5xn9E4YM,https://www.youtube.com/watch?v=H5hYtzAirV0
1427,"Taarak Mehta Ka Ooltah Chashmah - Full Episode 1427 - 20th September, 2018",https://www.youtube.com/watch?v=70m7oBfzYUM,Found,20 Sep 2018,21:01,,https://www.youtube.com/watch?v=i7tgXXuQh74
1428,"Taarak Mehta Ka Ooltah Chashmah - Full Episode 1428 - 21st September, 2018",https://www.youtube.com/watch?v=JcoHyDGEpG0,Found,21 Sep 2018,20:15,https://www.youtube.com/watch?v=pMwY33gov1U,https://www.youtube.com/watch?v=bI9PA2Tu2Y4
1429,Ep 1429 - GPL 3 | Taarak Mehta Ka Ooltah Chashmah - Full Episode | तारक मेहता,https://www.youtube.com/watch?v=bNF5yt0xHVc,Found,22 Jul 2023,20:35,https://www.youtube.com/watch?v=qNyYpO61VGM,https://www.youtube.com/watch?v=VUwfpgOMo3k
1430,Ep 1430 - GPL 3 | Taarak Mehta Ka Ooltah Chashmah - Full Episode | तारक मेहता,https://www.youtube.com/watch?v=idE3t5egFEw,Found,22 Jul 2023,20:33,https://www.youtube.com/watch?v=7reDum4_bQg,https://www.youtube.com/watch?v=qw5KFerXCvg
1431,Ep 1431 - GPL 3 | Taarak Mehta Ka Ooltah Chashmah - Full Episode | तारक मेहता,https://www.youtube.com/watch?v=l4tzYotZt8I,Found,22 Jul 2023,19:53,https://www.youtube.com/watch?v=FNj6J4QsjJM,
1432,Ep 1432 - GPL 3 | Taarak Mehta Ka Ooltah Chashmah - Full Episode | तारक मेहता,https://www.youtube.com/watch?v=B96oua6fH1w,Found,23 Jul 2023,20:35,https://www.youtube.com/watch?v=nroNZkRH3Pg,https://www.youtube.com/watch?v=U3hZF383-xk
1433,"Taarak Mehta Ka Ooltah Chashmah | तारक मेहता का उल्टा चश्मा | Episode 1433 |  26th June, 2021",https://www.youtube.com/watch?v=dHP1Wiv96lU,Found,26 Jun 2021,20:41,https://www.youtube.com/watch?v=URaCE5eHySk,https://www.youtube.com/watch?v=zPP0J60O5dY
1434,Ep 1434 - GPL 3 | Taarak Mehta Ka Ooltah Chashmah - Full Episode | तारक मेहता,https://www.youtube.com/watch?v=eP3GDZ_BJDw,Found,23 Jul 2023,22:42,https://www.youtube.com/watch?v=QOFeujpXyP4,https://www.youtube.com/watch?v=wJBCKsc7Bv8
1435,Ep 1435 - GPL 3 | Taarak Mehta Ka Ooltah Chashmah - Full Episode | तारक मेहता,https://www.youtube.com/watch?v=z1bJsce-kFs,Found,23 Jul 2023,21:12,https://www.youtube.com/watch?v=RH0EwT7M3jM,
1436,"Taarak Mehta Ka Ooltah Chashmah - तारक मेहता का उल्टा चश्मा - Episode 1436 - 6th July, 2020",https://www.youtube.com/watch?v=eTEB5jcq_jY,Found,06 Jul 2020,20:35,https://www.youtube.com/watch?v=vSaCYC33MBU,
1437,"Taarak Mehta Ka Ooltah Chashmah - Full Episode 1437 - 25th September, 2018",https://www.youtube.com/watch?v=2fn4gwu2P6M,Found,25 Sep 2018,21:02,https://www.youtube.com/watch?v=oRYaucvgnfY,
1438,Ep 1438 - GPL 3 | Taarak Mehta Ka Ooltah Chashmah - Full Episode | तारक मेहता,https://www.youtube.com/watch?v=vqffvY2ecl4,Found,23 Jul 2023,21:24,https://www.youtube.com/watch?v=F5C_ZFgWfvY,
1439,Ep 1439 - GPL 3 | Taarak Mehta Ka Ooltah Chashmah - Full Episode | तारक मेहता,https://www.youtube.com/watch?v=xhrucn_f1TU,Found,23 Jul 2023,20:35,https://www.youtube.com/watch?v=Nbjk2y8gTOk,
1440,Ep 1440 - GPL 3 | Taarak Mehta Ka Ooltah Chashmah - Full Episode | तारक मेहता,https://www.youtube.com/watch?v=RQww1B-JXM8,Found,24 Jul 2023,21:03,https://www.youtube.com/watch?v=GVmzm7uJZvk,
1441,Ep 1441 - GPL 3 | Taarak Mehta Ka Ooltah Chashmah - Full Episode | तारक मेहता,https://www.youtube.com/watch?v=QQR1Rp6FQxI,Found,24 Jul 2023,21:09,https://www.youtube.com/watch?v=4esnQmHQCjQ,https://www.youtube.com/watch?v=acgsaKwS43o
1442,Ep 1442 - GPL 3 | Taarak Mehta Ka Ooltah Chashmah - Full Episode | तारक मेहता,https://www.youtube.com/watch?v=9VaIzkMTrA0,Found,24 Jul 2023,21:14,https://www.youtube.com/watch?v=VFCgRFDiYYg,
1443,Ep 1443 - GPL 3 | Taarak Mehta Ka Ooltah Chashmah - Full Episode | तारक मेहता,https://www.youtube.com/watch?v=PExbgoKQ86Q,Found,25 Jul 2023,20:32,https://www.youtube.com/watch?v=oA8svK0Kuiw,
1444,Ep 1444 - GPL 3 | Taarak Mehta Ka Ooltah Chashmah - Full Episode | तारक मेहता,https://www.youtube.com/watch?v=08Tqyur96M8,Found,25 Jul 2023,21:11,https://www.youtube.com/watch?v=_Lx3BZpp9Io,
1445,Ep 1445 - GPL 3 | Taarak Mehta Ka Ooltah Chashmah - Full Episode | तारक मेहता,https://www.youtube.com/watch?v=ikMLbsV7-v0,Found,25 Jul 2023,20:31,https://www.youtube.com/watch?v=VaKMxZH52Bs,
1446,Ep 1446 - CID - Taarak Mehta Ka Ooltah Chashmah | Full Episode | तारक मेहता,https://www.youtube.com/watch?v=n0NyKz4VcTc,Found,26 Jul 2023,21:05,https://www.youtube.com/watch?v=zP1A23h_p4c,
1447,Ep 1447 - CID - Taarak Mehta Ka Ooltah Chashmah | Full Episode | तारक मेहता,https://www.youtube.com/watch?v=r2QhVLK-CxM,Found,26 Jul 2023,20:47,https://www.youtube.com/watch?v=M3PL4N61gwA,
1448,Ep 1448 - CID - Taarak Mehta Ka Ooltah Chashmah | Full Episode | तारक मेहता,https://www.youtube.com/watch?v=lry9eKuJWZs,Found,26 Jul 2023,21:00,https://www.youtube.com/watch?v=gXCZaxftMIQ,
1449,"Taarak Mehta Ka Ooltah Chashmah | तारक मेहता का उल्टा चश्मा | Episode 1449 | 11th January, 2021",https://www.youtube.com/watch?v=fRSFKlVFMjs,Found,11 Jan 2021,20:48,https://www.youtube.com/watch?v=rd8_n4MABOc,
1450,Ep 1450 - CID - Taarak Mehta Ka Ooltah Chashmah | Full Episode | तारक मेहता,https://www.youtube.com/watch?v=_t0xABRDNBw,Found,27 Jul 2023,21:33,https://www.youtube.com/watch?v=FjY9DKnRM5Y,
1451,Ep 1451 - CID - Taarak Mehta Ka Ooltah Chashmah | Full Episode | तारक मेहता,https://www.youtube.com/watch?v=o10NKST1yDk,Found,27 Jul 2023,19:50,https://www.youtube.com/watch?v=tGjN4xsLNcM,https://www.youtube.com/watch?v=FR4R6Mqizdk
1452,Ep 1452 - CID - Taarak Mehta Ka Ooltah Chashmah | Full Episode | तारक मेहता,https://www.youtube.com/watch?v=kQcs0GXoXVY,Found,28 Jul 2023,23:18,https://www.youtube.com/watch?v=KjfUQqEANh8,
1453,Ep 1453 - CID - Taarak Mehta Ka Ooltah Chashmah | Full Episode | तारक मेहता,https://www.youtube.com/watch?v=RMhbPXcoDLs,Found,28 Jul 2023,20:46,https://www.youtube.com/watch?v=BToeuz6PI64,
1454,Ep 1454 - CID - Taarak Mehta Ka Ooltah Chashmah | Full Episode | तारक मेहता,https://www.youtube.com/watch?v=oIrKyevXPss,Found,28 Jul 2023,20:39,https://www.youtube.com/watch?v=OwJuKFerPhw,
1455,Ep 1455 - CID - Taarak Mehta Ka Ooltah Chashmah | Full Episode | तारक मेहता,https://www.youtube.com/watch?v=95DU_0FEaMc,Found,29 Jul 2023,21:26,https://www.youtube.com/watch?v=-zzrvMZcES4,
1456,Ep 1456 - CID - Taarak Mehta Ka Ooltah Chashmah | Full Episode | तारक मेहता,https://www.youtube.com/watch?v=qL0OgAZhJkc,Found,29 Jul 2023,21:03,https://www.youtube.com/watch?v=66GbyLqq5M8,
1457,Ep 1457 - CID - Taarak Mehta Ka Ooltah Chashmah | Full Episode | तारक मेहता,https://www.youtube.com/watch?v=g8bj_AOVM1Q,Found,29 Jul 2023,20:29,https://www.youtube.com/watch?v=8zn81CUioMU,
1458,Ep 1458 - CID - Taarak Mehta Ka Ooltah Chashmah | Full Episode | तारक मेहता,https://www.youtube.com/watch?v=daISs1p8xu0,Found,30 Jul 2023,20:21,https://www.youtube.com/watch?v=jhWN_9ePFak,
1459,Ep 1459 - CID - Taarak Mehta Ka Ooltah Chashmah | Full Episode | तारक मेहता,https://www.youtube.com/watch?v=J0qV-wj56t4,Found,30 Jul 2023,20:07,https://www.youtube.com/watch?v=Yti9gVLBcJc,
1460,Ep 1460 - CID - Taarak Mehta Ka Ooltah Chashmah | Full Episode | तारक मेहता,https://www.youtube.com/watch?v=FWgQxp7hN-I,Found,30 Jul 2023,20:59,https://www.youtube.com/watch?v=xqgnFj9SQoA,
1461,"Taarak Mehta Ka Ooltah Chashmah - Full Episode 1461  - 7th October, 2018",https://www.youtube.com/watch?v=t1QcRtggFQQ,Found,07 Oct 2018,19:43,https://www.youtube.com/watch?v=oCho0PHLIoY,
1462,Ep 1462 - CID - Taarak Mehta Ka Ooltah Chashmah | Full Episode | तारक मेहता,https://www.youtube.com/watch?v=smAhHlL08ko,Found,30 Jul 2023,19:30,https://www.youtube.com/watch?v=0HcCDy-AgCM,https://www.youtube.com/watch?v=crh4wiL3t1k
1463,Ep 1463 - CID - Taarak Mehta Ka Ooltah Chashmah | Full Episode | तारक मेहता,https://www.youtube.com/watch?v=Mzh6SvoUw5s,Found,30 Jul 2023,21:04,https://www.youtube.com/watch?v=6KhpGaMPodU,
1464,Ep 1464 - CID - Taarak Mehta Ka Ooltah Chashmah | Full Episode | तारक मेहता,https://www.youtube.com/watch?v=JKv2jwTnIkI,Found,31 Jul 2023,20:14,https://www.youtube.com/watch?v=kRoscF6s0EM,
1465,Ep 1465 - Hong Kong Disneyland - Taarak Mehta Ka Ooltah Chashmah | Full Episode | तारक मेहता,https://www.youtube.com/watch?v=30kWe1wOdXY,Found,31 Jul 2023,21:12,https://www.youtube.com/watch?v=ssyBxEJltps,https://www.youtube.com/watch?v=hkEGVOT5YKQ
1466,"Taarak Mehta Ka Ooltah Chashmah - Full Episode 1466 - 18th October, 2018",https://www.youtube.com/watch?v=ck5E0sbCMbs,Found,18 Oct 2018,19:55,https://www.youtube.com/watch?v=05Vu3pxCRXw,
1467,तारक मेहता का उल्टा चश्मा - एपिसोड 1467 - 1 अगस्त 2014,https://www.youtube.com/watch?v=0BGoObCkPgg,Found,01 Aug 2014,19:59,https://www.youtube.com/watch?v=CX8xJYGdOT4,
1468,Ep 1468 - Hong Kong Disneyland - Taarak Mehta Ka Ooltah Chashmah | Full Episode | तारक मेहता,https://www.youtube.com/watch?v=1uEe720ereQ,Found,01 Aug 2023,20:48,https://www.youtube.com/watch?v=pO93dvVlybM,
1469,तारक मेहता का उल्टा चश्मा - एपिसोड 1469 - 5 अगस्त 2014,https://www.youtube.com/watch?v=iP2DdVrXLvo,Found,05 Aug 2014,19:41,,
1470,तारक मेहता का उल्टा चश्मा - एपिसोड 1470 - 6 अगस्त 2014,https://www.youtube.com/watch?v=Yj0RNIiBj2E,Found,06 Aug 2014,19:46,https://www.youtube.com/watch?v=2G95E0yV4uI,https://www.youtube.com/watch?v=Sf0sPdICfwg
1471,तारक मेहता का उल्टा चश्मा - एपिसोड 1471 - 7 अगस्त 2014,https://www.youtube.com/watch?v=2YvdDjy6fCg,Found,07 Aug 2014,20:37,https://www.youtube.com/watch?v=dYafXIEIRi0,
1472,तारक मेहता का उल्टा चश्मा - एपिसोड 1472 - 8 अगस्त 2014,https://www.youtube.com/watch?v=ph5jZ3g8BUE,Found,10 Aug 2014,19:18,https://www.youtube.com/watch?v=VmKOBEX5wL4,
1473,Ep 1473 - Hong Kong Disneyland - Taarak Mehta Ka Ooltah Chashmah | Full Episode | तारक मेहता,https://www.youtube.com/watch?v=ww3vkz11m-k,Found,02 Aug 2023,20:49,https://www.youtube.com/watch?v=zOjfnRoVGhY,
1474,Ep 1474 - Hong Kong Disneyland - Taarak Mehta Ka Ooltah Chashmah | Full Episode | तारक मेहता,https://www.youtube.com/watch?v=2CXHIpXMofE,Found,03 Aug 2023,20:51,https://www.youtube.com/watch?v=8BnCzO3AkeA,https://www.youtube.com/watch?v=d26XjzCZID4
1475,Ep 1475 - Hong Kong Disneyland - Taarak Mehta Ka Ooltah Chashmah | Full Episode | तारक मेहता,https://www.youtube.com/watch?v=69zSlIQ68LM,Found,03 Aug 2023,20:46,https://www.youtube.com/watch?v=AxPEPG7UOq0,
1476,"Taarak Mehta Ka Ooltah Chashmah - Full Episode 1476 - 23rd October, 2018",https://www.youtube.com/watch?v=Q6T08Oo7mxQ,Found,23 Oct 2018,19:58,https://www.youtube.com/watch?v=6utaG8nbYhA,
1477,Taarak Mehta Ka Ooltah Chashmah - Episode 1477 - Full Episode,https://www.youtube.com/watch?v=TXgTqTUG1w8,Found,16 Aug 2021,18:19,https://www.youtube.com/watch?v=mEkPaqotjMk,
1478,"Taarak Mehta Ka Ooltah Chashmah | तारक मेहता का उल्टा चश्मा | Episode 1478 | 4th March, 2021",https://www.youtube.com/watch?v=f9k-AIxWWVY,Found,04 Mar 2021,20:02,https://www.youtube.com/watch?v=h0O8cHtrhvA,
1479,Ep 1479 - Hong Kong Disneyland - Taarak Mehta Ka Ooltah Chashmah | Full Episode | तारक मेहता,https://www.youtube.com/watch?v=GaITWlijkWg,Found,04 Aug 2023,20:55,https://www.youtube.com/watch?v=EVeUfVTCeBo,
1480,Ep 1480 - Hong Kong Disneyland - Taarak Mehta Ka Ooltah Chashmah | Full Episode | Taarak Mehta,https://www.youtube.com/watch?v=teZV64-1ikU,Found,07 Apr 2023,20:30,https://www.youtube.com/watch?v=150AAM4BSV8,
1481,Ep 1481 - Taarak Ki Diet | Taarak Mehta Ka Ooltah Chashmah | Full Episode | तारक मेहता,https://www.youtube.com/watch?v=hDmHtvx02I8,Found,05 Aug 2023,20:37,https://www.youtube.com/watch?v=RXcZty28LR0,
1482,Ep 1482 - Taarak Ki Diet | Taarak Mehta Ka Ooltah Chashmah | Full Episode | तारक मेहता,https://www.youtube.com/watch?v=leZTvegrV3o,Found,07 Aug 2023,20:37,https://www.youtube.com/watch?v=pqq5xUZROOI,
1483,Ep 1483 - Taarak Ki Diet | Taarak Mehta Ka Ooltah Chashmah | Full Episode | तारक मेहता,https://www.youtube.com/watch?v=SydfoNJYu2w,Found,07 Aug 2023,20:46,,
1484,Ep 1484 - Taarak Ki Diet | Taarak Mehta Ka Ooltah Chashmah | Full Episode | तारक मेहता,https://www.youtube.com/watch?v=5l80ckism6g,Found,08 Aug 2023,20:14,https://www.youtube.com/watch?v=5t1hSRW8fdU,https://www.youtube.com/watch?v=KXQGtEafF-Y
1485,Taarak Mehta Ka Ooltah Chashmah - Episode 1485 - 27th August 2014,https://www.youtube.com/watch?v=uFZHTk8qUeY,Found,27 Aug 2014,20:18,https://www.youtube.com/watch?v=Xc8A3CvoGqM,https://www.youtube.com/watch?v=WJvr9kj2oZw
1486,"Taarak Mehta Ka Ooltah Chashmah - Full Episode 1486 - 28th October, 2018",https://www.youtube.com/watch?v=4uQAqYymtHw,Found,28 Oct 2018,21:12,https://www.youtube.com/watch?v=B6sH29OM5Do,
1487,Taarak Mehta Ka Ooltah Chashmah - Episode 1487 - Full Episode,https://www.youtube.com/watch?v=W3N9MdTy2SE,Found,14 Feb 2021,19:11,https://www.youtube.com/watch?v=9tovst_1jVg,https://www.youtube.com/watch?v=S_dokp2h9qM
1488,तारक मेहता का उल्टा चश्मा - एपिसोड 1488 - 1 सितंबर 2014,https://www.youtube.com/watch?v=7n37bq9Qm3o,Found,01 Sep 2014,19:46,https://www.youtube.com/watch?v=j7Qofx0K5to,https://www.youtube.com/watch?v=Eom4mMhWQlQ
1489,तारक मेहता का उल्टा चश्मा - एपिसोड 1489 - 2 सितंबर 2014,https://www.youtube.com/watch?v=0Ktm5O9EORs,Found,02 Sep 2014,18:15,https://www.youtube.com/watch?v=WRtyQWYT_eo,
1490,क्या Tapu Sena को मिल पाएगा Loan? | Taarak Mehta Ka Ooltah Chashmah | FE 1490 | 21 Apr 2023,https://www.youtube.com/watch?v=vCRaTOQRZHA,Found,23 Apr 2023,19:02,,
1491,Ep 1491 - Taarak Mehta Ka Ooltah Chashmah | Full Episode | तारक मेहता,https://www.youtube.com/watch?v=tWupC6V3Q9c,Found,11 Aug 2023,20:25,,
1492,Ep 1492 - Taarak Mehta Ka Ooltah Chashmah | Full Episode | तारक मेहता,https://www.youtube.com/watch?v=mmwOgrnwgQ8,Found,11 Aug 2023,20:44,https://www.youtube.com/watch?v=6ZgvswDaUqk,https://www.youtube.com/watch?v=1LHDceirupM
1493,Ep 1493 - Taarak Mehta Ka Ooltah Chashmah | Full Episode | तारक मेहता,https://www.youtube.com/watch?v=JwwtPuUd9kY,Found,12 Aug 2023,20:30,https://www.youtube.com/watch?v=5eFzL6NyCzg,https://www.youtube.com/watch?v=aDpB7MUm3nY
1494,तारक मेहता का उल्टा चश्मा - एपिसोड 1494 - 9 सितंबर 2014,https://www.youtube.com/watch?v=fsM3JlRQUtg,Found,09 Sep 2014,17:45,https://www.youtube.com/watch?v=jARsBT2ub5A,
1495,Gokuldham में हुआ गणेश उत्सव का Celebration| Taarak Mehta Ka Ooltah Chashmah | FE 1495 | 28 Apr 2023,https://www.youtube.com/watch?v=qwA-SGl3PJA,Found,28 Apr 2023,18:19,https://www.youtube.com/watch?v=XS6Zvmaj2F4,
1496,Taarak Mehta Ka Ooltah Chashmah - Episode 1496 - Full Episode,https://www.youtube.com/watch?v=Ml0OT2DQS7M,Found,15 Feb 2021,20:51,https://www.youtube.com/watch?v=TxK7XPDDa_4,https://www.youtube.com/watch?v=O1rs8EDZXP0
1497,Taarak Mehta Ka Ooltah Chashmah - Episode 1497 - 12th September 2014,https://www.youtube.com/watch?v=yIuZAs8qkQ0,Found,12 Sep 2014,19:55,https://www.youtube.com/watch?v=eHUnSIWgxgM,
1498,Taarak Mehta Ka Ooltah Chashmah - Episode 1498 - Full Episode,https://www.youtube.com/watch?v=IrnsVecbNB8,Found,16 Aug 2021,20:20,https://www.youtube.com/watch?v=QTn2CuiyUPM,https://www.youtube.com/watch?v=j4NeaDEFrTk
1499,Jetha करता है Daya से प्यार भरी बातें | Taarak Mehta Ka Ooltah Chashmah | FE 1499 | 4 May 2023,https://www.youtube.com/watch?v=EsGc35aa10k,Found,04 May 2023,19:50,https://www.youtube.com/watch?v=rzo1Sn4Uulw,
1500,"Taarak Mehta Ka Ooltah Chashmah | तारक मेहता का उल्टा चश्मा | Episode 1500 | 8th July, 2021",https://www.youtube.com/watch?v=QWZlzDEHHPA,Found,08 Jul 2021,20:23,https://www.youtube.com/watch?v=SnigZH6odvE,
1501,Ep 1501 - Taarak Mehta Ka Ooltah Chashmah | Full Episode | तारक मेहता का उल्टा चश्मा,https://www.youtube.com/watch?v=xc7GMSLcKX4,Found,13 Aug 2023,22:04,https://www.youtube.com/watch?v=U_l8QVRTA0M,
1502,"Taarak Mehta Ka Ooltah Chashmah | तारक मेहता का उल्टा चश्मा | Episode 1502 |  9th July, 2021",https://www.youtube.com/watch?v=2N9Wxi4T2vE,Found,09 Jul 2021,19:35,https://www.youtube.com/watch?v=87g_5oZIMxI,
1503,Ep 1503 - Taarak Mehta Ka Ooltah Chashmah | Full Episode | तारक मेहता का उल्टा चश्मा,https://www.youtube.com/watch?v=4qvODksOnu4,Found,13 Aug 2023,19:24,https://www.youtube.com/watch?v=A76av9H6H04,
1504,Taarak Mehta Ka Ooltah Chashmah - Episode 1504 - Full Episode,https://www.youtube.com/watch?v=u3WtiXGJ6HU,Found,16 Aug 2021,20:35,https://www.youtube.com/watch?v=fbg_mo_eYm8,https://www.youtube.com/watch?v=BR7-CcFRpaw
1505,Taarak Mehta Ka Ooltah Chashmah - Episode 1505 - 24th September 2014,https://www.youtube.com/watch?v=I35lWZyqZKQ,Found,24 Sep 2014,18:50,https://www.youtube.com/watch?v=y7VMae59Hpg,
1506,"Taarak Mehta Ka Ooltah Chashmah - Full Episode 1506 - 31st October, 2018",https://www.youtube.com/watch?v=2YnIUZsNgd0,Found,31 Oct 2018,22:11,https://www.youtube.com/watch?v=MIDWBfjW2v4,
1507,Ep 1507 - Taarak Mehta Ka Ooltah Chashmah | Full Episode | तारक मेहता का उल्टा चश्मा,https://www.youtube.com/watch?v=xng7SL2qsO0,Found,13 Aug 2023,20:31,https://www.youtube.com/watch?v=1tYOUunkDn0,
1508,"Taarak Mehta Ka Ooltah Chashmah | तारक मेहता का उल्टा चश्मा | Episode 1508 | 13th January, 2021",https://www.youtube.com/watch?v=Tr-1iT0-90I,Found,13 Jan 2021,19:49,https://www.youtube.com/watch?v=zlaww6qVoRQ,
1509,Ep 1509 - Taarak Mehta Ka Ooltah Chashmah | Full Episode | तारक मेहता का उल्टा चश्मा,https://www.youtube.com/watch?v=XUg3C2mUnk0,Found,14 Aug 2023,20:31,https://www.youtube.com/watch?v=H0P39VqkB7Y,
1510,Ep 1510 - Taarak Mehta Ka Ooltah Chashmah | Full Episode | तारक मेहता का उल्टा चश्मा,https://www.youtube.com/watch?v=GN9E-DdeFiA,Found,15 Aug 2023,20:49,https://www.youtube.com/watch?v=bZX8K3k4ws4,
1511,Ep 1511 - Taarak Mehta Ka Ooltah Chashmah | Full Episode | तारक मेहता का उल्टा चश्मा,https://www.youtube.com/watch?v=n5peWG_sO2o,Found,15 Aug 2023,20:36,https://www.youtube.com/watch?v=HMFuWGRag6g,https://www.youtube.com/watch?v=8vk50P9Aizk
1512,Ep 1512 - Taarak Mehta Ka Ooltah Chashmah | Full Episode | तारक मेहता का उल्टा चश्मा,https://www.youtube.com/watch?v=DTjO7VhSt-o,Found,16 Aug 2023,20:24,https://www.youtube.com/watch?v=syrM3pIDg74,
1513,"Taarak Mehta Ka Ooltah Chashmah | तारक मेहता का उल्टा चश्मा | Episode 1513 | 15th January, 2021",https://www.youtube.com/watch?v=elrUupb2VBE,Found,15 Jan 2021,18:24,https://www.youtube.com/watch?v=GlA6j0A6z1c,
1514,Ep 1514 - Taarak Mehta Ka Ooltah Chashmah | Full Episode | तारक मेहता का उल्टा चश्मा,https://www.youtube.com/watch?v=aCpkf6PCq40,Found,17 Aug 2023,20:48,https://www.youtube.com/watch?v=GInoAO9VcLc,
1515,Ep 1515 - Taarak Mehta Ka Ooltah Chashmah | Full Episode | तारक मेहता का उल्टा चश्मा,https://www.youtube.com/watch?v=G6wjwThHPs4,Found,17 Aug 2023,21:14,https://www.youtube.com/watch?v=0z13cBgGMcE,
1516,Ep 1516 - Taarak Mehta Ka Ooltah Chashmah | Full Episode | तारक मेहता का उल्टा चश्मा,https://www.youtube.com/watch?v=fkMokWtPWyk,Found,18 Aug 2023,21:17,https://www.youtube.com/watch?v=kehZoOfNgvs,
1517,Ep 1517 - Taarak Mehta Ka Ooltah Chashmah | Full Episode | तारक मेहता का उल्टा चश्मा,https://www.youtube.com/watch?v=IVjJdzl0HfI,Found,18 Aug 2023,20:52,https://www.youtube.com/watch?v=DJ83I_7R9oE,
1518,Ep 1518 - Taarak Mehta Ka Ooltah Chashmah | Full Episode | तारक मेहता का उल्टा चश्मा,https://www.youtube.com/watch?v=YCeSHdmHq8E,Found,19 Aug 2023,21:23,https://www.youtube.com/watch?v=8nvGGa2_BMM,
1519,Ep 1519 - Taarak Mehta Ka Ooltah Chashmah | Full Episode | तारक मेहता का उल्टा चश्मा,https://www.youtube.com/watch?v=b1df7mJNxCY,Found,19 Aug 2023,21:00,https://www.youtube.com/watch?v=DJPMtyYICaE,
1520,Ep 1520 - Taarak Mehta Ka Ooltah Chashmah | Full Episode | तारक मेहता का उल्टा चश्मा,https://www.youtube.com/watch?v=BHIsTKdpslI,Found,20 Aug 2023,21:26,https://www.youtube.com/watch?v=Gg0xztaXoyU,
1521,Ep 1521 - Taarak Mehta Ka Ooltah Chashmah | Full Episode | तारक मेहता का उल्टा चश्मा,https://www.youtube.com/watch?v=kNJoL-3ZxzQ,Found,20 Aug 2023,20:07,https://www.youtube.com/watch?v=qFq6Pn0uQ5c,
1522,Ep 1522 - Taarak Mehta Ka Ooltah Chashmah | Full Episode | तारक मेहता का उल्टा चश्मा,https://www.youtube.com/watch?v=60kyKPfVMAM,Found,20 Aug 2023,20:46,https://www.youtube.com/watch?v=4rT3hiyLXpk,
1523,Ep 1523 - Taarak Mehta Ka Ooltah Chashmah | Full Episode | तारक मेहता का उल्टा चश्मा,https://www.youtube.com/watch?v=XmNcquHR-Z8,Found,20 Aug 2023,21:13,https://www.youtube.com/watch?v=xCI37hhf3P8,
1524,Ep 1524 - Taarak Mehta Ka Ooltah Chashmah | Full Episode | तारक मेहता का उल्टा चश्मा,https://www.youtube.com/watch?v=ooDhm3OJ34A,Found,20 Aug 2023,21:17,https://www.youtube.com/watch?v=nV5TIRpYHYY,
1525,Ep 1525 - Taarak Mehta Ka Ooltah Chashmah | Full Episode | तारक मेहता का उल्टा चश्मा,https://www.youtube.com/watch?v=MebGZWYM8xQ,Found,20 Aug 2023,20:44,https://www.youtube.com/watch?v=-0ixP4FP5Bs,
1526,Ep 1526 - Taarak Mehta Ka Ooltah Chashmah | Full Episode | तारक मेहता का उल्टा चश्मा,https://www.youtube.com/watch?v=WoprgtL3XCw,Found,21 Aug 2023,21:43,https://www.youtube.com/watch?v=MAcZ9F_bI9I,
1527,"Taarak Mehta Ka Ooltah Chashmah - Full Episode 1527 - 05th November, 2018",https://www.youtube.com/watch?v=NkWM_I7UvR0,Found,05 Nov 2018,20:10,https://www.youtube.com/watch?v=ZjO7ZS5skTs,
1528,Ep 1528 - Taarak Mehta Ka Ooltah Chashmah | Full Episode | तारक मेहता का उल्टा चश्मा,https://www.youtube.com/watch?v=gP87tkTzcm0,Found,22 Aug 2023,21:00,https://www.youtube.com/watch?v=v0NMW3dvJuI,
1529,Ep 1529 - Taarak Mehta Ka Ooltah Chashmah | Full Episode | तारक मेहता का उल्टा चश्मा,https://www.youtube.com/watch?v=noBR2IogcUw,Found,22 Aug 2023,22:19,https://www.youtube.com/watch?v=GIX6kZw2wW4,
1530,Ep 1530 - Taarak Mehta Ka Ooltah Chashmah | Full Episode | तारक मेहता का उल्टा चश्मा,https://www.youtube.com/watch?v=QVtEDXnUY20,Found,23 Aug 2023,21:19,https://www.youtube.com/watch?v=eVmFQtm8y2g,https://www.youtube.com/watch?v=8v8Uc4uXAHA
1531,Ep 1531 - Taarak Mehta Ka Ooltah Chashmah | Full Episode | तारक मेहता का उल्टा चश्मा,https://www.youtube.com/watch?v=lUwWhxwtFFc,Found,23 Aug 2023,21:19,https://www.youtube.com/watch?v=zme57P5jGy4,
1532,Ep 1532 - Taarak Mehta Ka Ooltah Chashmah | Full Episode | तारक मेहता का उल्टा चश्मा,https://www.youtube.com/watch?v=SOrH1qqJaGc,Found,24 Aug 2023,17:23,https://www.youtube.com/watch?v=A2oUZo1yD6w,https://www.youtube.com/watch?v=7DRMZ3EeyK8
1533,Ep 1533 - Popatlal Ka Naya Phone | Taarak Mehta Ka Ooltah Chashmah | Full Episode | तारक मेहता,https://www.youtube.com/watch?v=qnAGUuWTk98,Found,24 Aug 2023,21:00,https://www.youtube.com/watch?v=4IQBCMY9Z30,
1534,तारक मेहता का उल्टा चश्मा -एपिसोड 1534 - 4 नवंबर 2014,https://www.youtube.com/watch?v=gHk8zNCS0O8,Found,04 Nov 2014,19:24,https://www.youtube.com/watch?v=ibdB3R48jiA,https://www.youtube.com/watch?v=-hPGyWPhPwQ
1535,तारक मेहता का उल्टा चश्मा -एपिसोड 1535 - 5 नवंबर 2014,https://www.youtube.com/watch?v=ihb-VbTaigY,Found,05 Nov 2014,19:26,https://www.youtube.com/watch?v=xPT1fzcndgg,
1536,Ep 1536 - Popatlal Ka Naya Phone | Taarak Mehta Ka Ooltah Chashmah | Full Episode | तारक मेहता,https://www.youtube.com/watch?v=xWpr4w2a82w,Found,26 Aug 2023,20:44,https://www.youtube.com/watch?v=xhpsOWRMsbI,
1537,Ep 1537 - Popatlal Ka Naya Phone | Taarak Mehta Ka Ooltah Chashmah | Full Episode | तारक मेहता,https://www.youtube.com/watch?v=bLIuVqiHTMg,Found,26 Aug 2023,20:30,https://www.youtube.com/watch?v=qGAEBXY481U,https://www.youtube.com/watch?v=1x2TE3BKzxM
1538,Ep 1538 - Popatlal Ka Naya Phone | Taarak Mehta Ka Ooltah Chashmah | Full Episode | तारक मेहता,https://www.youtube.com/watch?v=hvk3nAK2NVg,Found,27 Aug 2023,21:23,https://www.youtube.com/watch?v=5ch63eVOmAk,https://www.youtube.com/watch?v=ZUV2VZOdx9Y
1539,Ep 1539 - Popatlal Ka Naya Phone | Taarak Mehta Ka Ooltah Chashmah | Full Episode | तारक मेहता,https://www.youtube.com/watch?v=BnG0vEPHOYY,Found,27 Aug 2023,21:47,https://www.youtube.com/watch?v=YxzAEYkczOI,https://www.youtube.com/watch?v=4-6TBbKR0P8
1540,Ep 1540 - Taarak Mehta Ka Ooltah Chashmah | Full Episode | तारक मेहता का उल्टा चश्मा,https://www.youtube.com/watch?v=odDaEqL8w4E,Found,27 Aug 2023,21:17,https://www.youtube.com/watch?v=znLwSEIhCWI,
1541,Ep 1541 - Taarak Mehta Ka Ooltah Chashmah | Full Episode | तारक मेहता का उल्टा चश्मा,https://www.youtube.com/watch?v=9FwSDVFIvzY,Found,27 Aug 2023,20:39,https://www.youtube.com/watch?v=6w019XiNtnw,
1542,"Taarak Mehta Ka Ooltah Chashmah - Full Episode 1542 - 08th September, 2018",https://www.youtube.com/watch?v=k8w_OUAiXKM,Found,08 Sep 2018,19:57,https://www.youtube.com/watch?v=mbcI9d_BhxU,
1543,Ep 1543 - Taarak Mehta Ka Ooltah Chashmah | Full Episode | तारक मेहता का उल्टा चश्मा,https://www.youtube.com/watch?v=iavLirlqWcE,Found,27 Aug 2023,20:44,https://www.youtube.com/watch?v=eQWnmuv83gs,
1544,Ep 1544 - Taarak Mehta Ka Ooltah Chashmah | Full Episode | तारक मेहता का उल्टा चश्मा,https://www.youtube.com/watch?v=SvvdGGM51-0,Found,28 Aug 2023,19:27,https://www.youtube.com/watch?v=JJae5NeqJQk,
1545,Ep 1545 - Taarak Mehta Ka Ooltah Chashmah | Full Episode | तारक मेहता का उल्टा चश्मा,https://www.youtube.com/watch?v=g69hE3q2lCU,Found,28 Aug 2023,21:18,https://www.youtube.com/watch?v=WdMFdBlCprs,
1546,Ep 1546 - Taarak Mehta Ka Ooltah Chashmah | Full Episode | तारक मेहता का उल्टा चश्मा,https://www.youtube.com/watch?v=4rjgMePVylA,Found,29 Aug 2023,21:30,https://www.youtube.com/watch?v=jAovqf_l2a4,
1547,Ep 1547 - Taarak Mehta Ka Ooltah Chashmah | Full Episode | तारक मेहता का उल्टा चश्मा,https://www.youtube.com/watch?v=mkjw5MSJpoE,Found,29 Aug 2023,21:20,https://www.youtube.com/watch?v=fgoUV3yqYaI,
1548,Ep 1548 - Taarak Mehta Ka Ooltah Chashmah | Full Episode | तारक मेहता का उल्टा चश्मा,https://www.youtube.com/watch?v=oqlNx0TDSy8,Found,30 Aug 2023,22:00,https://www.youtube.com/watch?v=drKP7uxRdog,
1549,Ep 1549 - Taarak Mehta Ka Ooltah Chashmah | Full Episode | तारक मेहता का उल्टा चश्मा,https://www.youtube.com/watch?v=gKCfssx6ESA,Found,31 Aug 2023,21:40,https://www.youtube.com/watch?v=iDpwYTqOfZ4,
1550,Ep 1550 - Taarak Mehta Ka Ooltah Chashmah | Full Episode | तारक मेहता का उल्टा चश्मा,https://www.youtube.com/watch?v=PZukjEeddes,Found,31 Aug 2023,20:48,https://www.youtube.com/watch?v=jcEVON3Ss5M,
1551,Ep 1551 - Taarak Mehta Ka Ooltah Chashmah | Full Episode | तारक मेहता का उल्टा चश्मा,https://www.youtube.com/watch?v=zkkmuM__Wco,Found,01 Sep 2023,21:45,https://www.youtube.com/watch?v=1TwEN0SZYgQ,
1552,Ep 1552 - Taarak Mehta Ka Ooltah Chashmah | Full Episode | तारक मेहता का उल्टा चश्मा,https://www.youtube.com/watch?v=0Kz4Z7b3pFM,Found,01 Sep 2023,21:01,https://www.youtube.com/watch?v=21IzQ1dr2Rw,
1553,Ep 1553 - Taarak Mehta Ka Ooltah Chashmah | Full Episode | तारक मेहता का उल्टा चश्मा,https://www.youtube.com/watch?v=xC6bSlQkQF0,Found,02 Sep 2023,21:19,https://www.youtube.com/watch?v=HxPBifuTCys,
1554,Ep 1554 - Taarak Mehta Ka Ooltah Chashmah | Full Episode | तारक मेहता का उल्टा चश्मा,https://www.youtube.com/watch?v=qj1_hXwUL4g,Found,02 Sep 2023,21:54,https://www.youtube.com/watch?v=CYOPk8vOV9I,
1555,Ep 1555 - Taarak Mehta Ka Ooltah Chashmah | Full Episode | तारक मेहता का उल्टा चश्मा,https://www.youtube.com/watch?v=F93Am1xvKLM,Found,03 Sep 2023,21:15,https://www.youtube.com/watch?v=E0s_T3dbnDA,
1556,Ep 1556 - Taarak Mehta Ka Ooltah Chashmah | Full Episode | तारक मेहता का उल्टा चश्मा,https://www.youtube.com/watch?v=4GsfSZ6oKf8,Found,03 Sep 2023,21:12,https://www.youtube.com/watch?v=a9XuNcdchts,
1557,Ep 1557 - Taarak Mehta Ka Ooltah Chashmah | Full Episode | तारक मेहता का उल्टा चश्मा,https://www.youtube.com/watch?v=YnwneUyCAac,Found,03 Sep 2023,21:51,https://www.youtube.com/watch?v=5bofB8bNu6I,
1558,तारक मेहता का उल्टा चश्मा - एपिसोड 1558 - 8 दिसंबर 2014,https://www.youtube.com/watch?v=EyAfmGTWaPI,Found,08 Dec 2014,21:31,https://www.youtube.com/watch?v=skyAbS8OFv4,
1559,Ep 1559 - Taarak Mehta Ka Ooltah Chashmah | Full Episode | तारक मेहता का उल्टा चश्मा,https://www.youtube.com/watch?v=QF4GmBStjRw,Found,03 Sep 2023,20:48,https://www.youtube.com/watch?v=aAzuELTZQWc,
1560,Ep 1560 - Taarak Mehta Ka Ooltah Chashmah | Full Episode | तारक मेहता का उल्टा चश्मा,https://www.youtube.com/watch?v=SxvL94lkKm4,Found,03 Sep 2023,20:53,https://www.youtube.com/watch?v=fJuCTIwS6To,
1561,Ep 1561 - Taarak Mehta Ka Ooltah Chashmah | Full Episode | तारक मेहता का उल्टा चश्मा,https://www.youtube.com/watch?v=wCikS7S_usY,Found,03 Sep 2023,21:32,https://www.youtube.com/watch?v=EASEODP0e4o,
1562,Ep 1562 - Taarak Mehta Ka Ooltah Chashmah | Full Episode | तारक मेहता का उल्टा चश्मा,https://www.youtube.com/watch?v=IRzTZGG_eDA,Found,04 Sep 2023,21:17,https://www.youtube.com/watch?v=TeVGgHxyGUw,
1563,Ep 1563 - Taarak Mehta Ka Ooltah Chashmah | Full Episode | तारक मेहता का उल्टा चश्मा,https://www.youtube.com/watch?v=uszizsij-oY,Found,04 Sep 2023,20:59,https://www.youtube.com/watch?v=tiKJoZfcWKk,
1564,Ep 1564 - Taarak Mehta Ka Ooltah Chashmah | Full Episode | तारक मेहता का उल्टा चश्मा,https://www.youtube.com/watch?v=aGiEwmaFmlY,Found,05 Sep 2023,20:18,https://www.youtube.com/watch?v=4Kx5Vh8dB88,
1565,"Taarak Mehta Ka Ooltah Chashmah - Full Episode 1565 - 24th  November, 2018",https://www.youtube.com/watch?v=EYzZxwo23-I,Found,24 Nov 2018,20:41,https://www.youtube.com/watch?v=32IeaSUe4kc,
1566,"Taarak Mehta Ka Ooltah Chashmah - Full Episode 1566 - 25th  November, 2018",https://www.youtube.com/watch?v=9YVB0tBlbO8,Found,25 Nov 2018,21:04,https://www.youtube.com/watch?v=f2PJ3tJhD04,
1567,Ep 1567 - Taarak Mehta Ka Ooltah Chashmah | Full Episode | तारक मेहता का उल्टा चश्मा,https://www.youtube.com/watch?v=KqskIbWhBdw,Found,06 Sep 2023,20:38,https://www.youtube.com/watch?v=qgHvugXlXo0,
1568,"Taarak Mehta Ka Ooltah Chashmah - Full Episode 1568 - 31st January, 2021",https://www.youtube.com/watch?v=n8dMyGw7q8k,Found,31 Jan 2021,19:37,https://www.youtube.com/watch?v=YX5pY6Hr7Ds,
1569,Ep 1569 - Taarak Mehta Ka Ooltah Chashmah | Full Episode | तारक मेहता का उल्टा चश्मा,https://www.youtube.com/watch?v=iQxVWjGru_M,Found,07 Sep 2023,21:16,https://www.youtube.com/watch?v=pvIH90a97G8,
1570,Ep 1570 - Taarak Mehta Ka Ooltah Chashmah | Full Episode | तारक मेहता का उल्टा चश्मा,https://www.youtube.com/watch?v=li9DDJarxFw,Found,07 Sep 2023,21:31,https://www.youtube.com/watch?v=1mdr2w5Ss14,
1571,Ep 1571 - Taarak Mehta Ka Ooltah Chashmah | Full Episode | तारक मेहता का उल्टा चश्मा,https://www.youtube.com/watch?v=EKxsrXKcJAc,Found,08 Sep 2023,21:34,https://www.youtube.com/watch?v=HWW0akdjKkk,
1572,Ep 1572 - Taarak Mehta Ka Ooltah Chashmah | Full Episode | तारक मेहता का उल्टा चश्मा,https://www.youtube.com/watch?v=daecwo-QIu8,Found,08 Sep 2023,20:39,https://www.youtube.com/watch?v=lrSFzU81tJY,
1573,Ep 1573 - Taarak Mehta Ka Ooltah Chashmah | Full Episode | तारक मेहता का उल्टा चश्मा,https://www.youtube.com/watch?v=qDnv4iOKcSs,Found,09 Sep 2023,21:44,https://www.youtube.com/watch?v=K_rU9MO1Xjw,
1574,"Taarak Mehta Ka Ooltah Chashmah - Full Episode 1574 - 18th January, 2019",https://www.youtube.com/watch?v=DgPCqC1dYuk,Found,18 Jan 2019,19:57,https://www.youtube.com/watch?v=She4nhEgSg0,
1575,Daya's Advice For The Party | Taarak Mehta Ka Ooltah Chashmah | Episode 1575 |Full EP| 26 March 2022,https://www.youtube.com/watch?v=-tysnlGLDT8,Found,26 Mar 2022,19:24,https://www.youtube.com/watch?v=8Gsg_lNy4tM,
1576,Ep 1576 - Taarak Mehta Ka Ooltah Chashmah | Full Episode | तारक मेहता का उल्टा चश्मा,https://www.youtube.com/watch?v=e9CBo9T0zMk,Found,10 Sep 2023,21:28,https://www.youtube.com/watch?v=yjkzwuhk2mU,
1577,Ep 1577 - Taarak Mehta Ka Ooltah Chashmah | Full Episode | तारक मेहता का उल्टा चश्मा,https://www.youtube.com/watch?v=ETwcY6QZfT8,Found,10 Sep 2023,21:00,https://www.youtube.com/watch?v=Lo3NBzYALh0,
1578,Ep 1578 - Taarak Mehta Ka Ooltah Chashmah | Full Episode | तारक मेहता का उल्टा चश्मा,https://www.youtube.com/watch?v=fECoOesjrq4,Found,10 Sep 2023,21:20,https://www.youtube.com/watch?v=5J0Jynzl3u0,
1579,Ep 1579 - Taarak Mehta Ka Ooltah Chashmah | Full Episode | तारक मेहता का उल्टा चश्मा,https://www.youtube.com/watch?v=SbixFPei9H4,Found,10 Sep 2023,20:42,https://www.youtube.com/watch?v=Lf5AclT1qJg,
1580,Ep 1580 - Taarak Mehta Ka Ooltah Chashmah | Full Episode | तारक मेहता का उल्टा चश्मा,https://www.youtube.com/watch?v=yhH5XuspECU,Found,10 Sep 2023,18:43,https://www.youtube.com/watch?v=5jn9ekCSlcg,
1581,Ep 1581 - Taarak Mehta Ka Ooltah Chashmah | Full Episode | तारक मेहता का उल्टा चश्मा,https://www.youtube.com/watch?v=jjsiF18s5EM,Found,11 Sep 2023,20:20,https://www.youtube.com/watch?v=2okLwfEDql4,
1582,Ep 1582 - Taarak Mehta Ka Ooltah Chashmah | Full Episode | तारक मेहता का उल्टा चश्मा,https://www.youtube.com/watch?v=T7g96CxUA5M,Found,11 Sep 2023,20:37,https://www.youtube.com/watch?v=wI1MaZNBW70,
1583,Ep 1583 - Taarak Mehta Ka Ooltah Chashmah | Full Episode | तारक मेहता का उल्टा चश्मा,https://www.youtube.com/watch?v=PC1JbLQVCX8,Found,12 Sep 2023,20:46,https://www.youtube.com/watch?v=RpP65ZByRP4,
1584,Ep 1584 - Taarak Mehta Ka Ooltah Chashmah | Full Episode | तारक मेहता का उल्टा चश्मा,https://www.youtube.com/watch?v=h8b0YNWCtaA,Found,12 Sep 2023,21:38,https://www.youtube.com/watch?v=pjtn1HuhrUs,
1585,Taarak Mehta Ka Ooltah Chashmah - तारक मेहता - Episode 1585 - 14th January 2015,https://www.youtube.com/watch?v=DpB9w1HmQ2A,Found,14 Jan 2015,22:24,https://www.youtube.com/watch?v=XV9cFPC50h4,
1586,Ep 1586 - Taarak Mehta Ka Ooltah Chashmah | Full Episode | तारक मेहता का उल्टा चश्मा,https://www.youtube.com/watch?v=50E-wbEzi3I,Found,13 Sep 2023,21:01,https://www.youtube.com/watch?v=W7snr2y6hhg,
1587,Ep 1587 - Taarak Mehta Ka Ooltah Chashmah | Full Episode | तारक मेहता का उल्टा चश्मा,https://www.youtube.com/watch?v=sDE6Ne8bLHU,Found,13 Sep 2023,21:44,https://www.youtube.com/watch?v=mpve2yBnld8,
1588,Ep 1588 - Taarak Mehta Ka Ooltah Chashmah | Full Episode | तारक मेहता का उल्टा चश्मा,https://www.youtube.com/watch?v=oaj9gdFAMGA,Found,14 Sep 2023,21:12,https://www.youtube.com/watch?v=tEB4AgBOkWg,
1589,Taarak Mehta Ka Ooltah Chashmah - तारक मेहता - Throwback - Episode 1589- Full Episode,https://www.youtube.com/watch?v=3Q6OGpUO6yU,Found,24 May 2021,20:50,https://www.youtube.com/watch?v=d_OWA4UBEZ0,
1590,"Taarak Mehta Ka Ooltah Chashmah - Full Episode 1590 - 30th November, 2018",https://www.youtube.com/watch?v=fRddWHYDxXk,Found,30 Nov 2018,21:42,https://www.youtube.com/watch?v=bIlgfCqjoXg,
1591,"Taarak Mehta Ka Ooltah Chashmah - Full Episode 1591 - 30th November, 2018",https://www.youtube.com/watch?v=LfazciHinMc,Found,30 Nov 2018,20:24,,https://www.youtube.com/watch?v=prcK4iY_aCA
1592,Ep 1592 - Taarak Mehta Ka Ooltah Chashmah | Full Episode | तारक मेहता का उल्टा चश्मा,https://www.youtube.com/watch?v=hPJCV96GsEc,Found,14 Sep 2023,20:12,https://www.youtube.com/watch?v=0G_dvf0IbB8,
1593,Ep 1593 - Taarak Mehta Ka Ooltah Chashmah | Full Episode | तारक मेहता का उल्टा चश्मा,https://www.youtube.com/watch?v=UjjL093tk0Q,Found,15 Sep 2023,20:45,https://www.youtube.com/watch?v=2rVTZqiZGrI,
1594,Taarak Mehta Ka Ooltah Chashmah - तारक मेहता - Throwback - Episode 1594- Full Episode,https://www.youtube.com/watch?v=hUf9a8BsJSs,Found,25 May 2021,19:33,https://www.youtube.com/watch?v=rO_Epa85CgE,
1595,"Taarak Mehta Ka Ooltah Chashmah - Full Episode 1595 - 2nd December, 2018",https://www.youtube.com/watch?v=dpE3t_qdzqY,Found,02 Dec 2018,20:32,https://www.youtube.com/watch?v=U4DnI-8bSTo,
1596,Ep 1596 - Taarak Mehta Ka Ooltah Chashmah | Full Episode | तारक मेहता का उल्टा चश्मा,https://www.youtube.com/watch?v=CwT20QY3CnE,Found,16 Sep 2023,20:41,https://www.youtube.com/watch?v=Q7AglH8c_Ss,
1597,"Taarak Mehta Ka Ooltah Chashmah - Full Episode 1597 - 3rd December, 2018",https://www.youtube.com/watch?v=-8c8fa4uFbg,Found,03 Dec 2018,20:21,https://www.youtube.com/watch?v=hNeWA1W7Dgc,
1598,"Taarak Mehta Ka Ooltah Chashmah | तारक मेहता का उल्टा चश्मा | Episode 1598 | 10th February, 2021",https://www.youtube.com/watch?v=w1aSn95tFQ8,Found,10 Feb 2021,19:09,https://www.youtube.com/watch?v=psIIRwCZfKk,
1599,Ep 1599 - Taarak Mehta Ka Ooltah Chashmah | Full Episode | तारक मेहता का उल्टा चश्मा,https://www.youtube.com/watch?v=9Ur_2xtgCv4,Found,17 Sep 2023,20:32,https://www.youtube.com/watch?v=pEOs4MQpez0,
1600,Ep 1600 - Taarak Mehta Ka Ooltah Chashmah | Full Episode | तारक मेहता का उल्टा चश्मा,https://www.youtube.com/watch?v=iEBjSnZu1dc,Found,17 Sep 2023,21:09,https://www.youtube.com/watch?v=UjJRomxGvYE,
1601,Ep 1601 - Taarak Mehta Ka Ooltah Chashmah | Full Episode | तारक मेहता का उल्टा चश्मा,https://www.youtube.com/watch?v=VAr5QPJCJmw,Found,17 Sep 2023,20:22,https://www.youtube.com/watch?v=3NvyyBxNAT8,
1602,"Taarak Mehta Ka Ooltah Chashmah | तारक मेहता का उल्टा चश्मा | Episode 1602 | 11th February, 2021",https://www.youtube.com/watch?v=N2Lo8Uq6Dc4,Found,11 Feb 2021,17:31,https://www.youtube.com/watch?v=QaKnyPuC5rk,
1603,Ep 1603 - Taarak Mehta Ka Ooltah Chashmah | Full Episode | तारक मेहता का उल्टा चश्मा,https://www.youtube.com/watch?v=pC_08Is46Ag,Found,17 Sep 2023,21:51,https://www.youtube.com/watch?v=cHXoFhISu5o,
1604,"Taarak Mehta Ka Ooltah Chashmah | तारक मेहता का उल्टा चश्मा | Episode 1604 | 11th February, 2021",https://www.youtube.com/watch?v=mYNxfX0cgU0,Found,11 Feb 2021,19:43,https://www.youtube.com/watch?v=Wesm7htYNvE,
1605,Ep 1605 - Taarak Mehta Ka Ooltah Chashmah | Full Episode | तारक मेहता का उल्टा चश्मा,https://www.youtube.com/watch?v=cLr6l7tzobE,Found,18 Sep 2023,20:55,https://www.youtube.com/watch?v=Y3SVdRrgIlw,
1606,Ep 1606 - Taarak Mehta Ka Ooltah Chashmah | Full Episode | तारक मेहता का उल्टा चश्मा,https://www.youtube.com/watch?v=FdcxaQ-rwA4,Found,19 Sep 2023,21:42,https://www.youtube.com/watch?v=DkxbZWMeQ1I,
1607,Ep 1607 - Taarak Mehta Ka Ooltah Chashmah | Full Episode | तारक मेहता का उल्टा चश्मा,https://www.youtube.com/watch?v=InaFG2tIccE,Found,19 Sep 2023,21:00,https://www.youtube.com/watch?v=x4W2vIwGLYs,
1608,Ep 1608 - Taarak Mehta Ka Ooltah Chashmah | Full Episode | तारक मेहता का उल्टा चश्मा,https://www.youtube.com/watch?v=gOzxQE5QeKM,Found,20 Sep 2023,20:53,https://www.youtube.com/watch?v=ZV_vEos1uHY,
1609,Ep 1609 - Taarak Mehta Ka Ooltah Chashmah | Full Episode | तारक मेहता का उल्टा चश्मा,https://www.youtube.com/watch?v=q_kNiwmJMbA,Found,20 Sep 2023,21:00,https://www.youtube.com/watch?v=XWQRvxwes_s,
1610,Ep 1610 - Taarak Mehta Ka Ooltah Chashmah | Full Episode | तारक मेहता का उल्टा चश्मा,https://www.youtube.com/watch?v=XFg7d8CCKds,Found,21 Sep 2023,20:58,https://www.youtube.com/watch?v=uwwHCKsX2oM,
1611,Ep 1611 - Taarak Mehta Ka Ooltah Chashmah | Full Episode | तारक मेहता का उल्टा चश्मा,https://www.youtube.com/watch?v=tBl_aFkkDVM,Found,21 Sep 2023,21:06,https://www.youtube.com/watch?v=mVG06tDw0Jo,
1612,Ep 1612 - Taarak Mehta Ka Ooltah Chashmah | Full Episode | तारक मेहता का उल्टा चश्मा,https://www.youtube.com/watch?v=_QX6TuCP4us,Found,22 Sep 2023,20:48,https://www.youtube.com/watch?v=RgefUi8ik4A,
1613,"Taarak Mehta Ka Ooltah Chashmah - Full Episode 1613 - 4th December, 2018",https://www.youtube.com/watch?v=qjag6uuR8u4,Found,04 Dec 2018,20:29,https://www.youtube.com/watch?v=IZD6PA4F7Qw,
1614,"Taarak Mehta Ka Ooltah Chashmah | तारक मेहता का उल्टा चश्मा | Episode 1614 | 25th February, 2021",https://www.youtube.com/watch?v=vBpdaHSouGk,Found,25 Feb 2021,19:54,https://www.youtube.com/watch?v=0HqYFgTAHHQ,
1615,"Taarak Mehta Ka Ooltah Chashmah - Full Episode 1615 - 5th December, 2018",https://www.youtube.com/watch?v=HU0PWgNrv9Y,Found,05 Dec 2018,20:04,https://www.youtube.com/watch?v=QndGgRogZPU,
1616,Ep 1616 - Taarak Mehta Ka Ooltah Chashmah | Full Episode | तारक मेहता का उल्टा चश्मा,https://www.youtube.com/watch?v=bAlgSUogCok,Found,24 Sep 2023,20:43,https://www.youtube.com/watch?v=Iw0DfFDfxx4,
1617,Ep 1617 - Taarak Mehta Ka Ooltah Chashmah | Full Episode | तारक मेहता का उल्टा चश्मा,https://www.youtube.com/watch?v=8dj4AqXpYNA,Found,19 Aug 2024,20:16,https://www.youtube.com/watch?v=3IWkDbfYfjY,
1618,"तारक मेहता का उल्टा चश्मा - एपिसोड 1618 - 2 मार्च, 2015",https://www.youtube.com/watch?v=mFlSdtJPHcI,Found,02 Mar 2015,20:00,https://www.youtube.com/watch?v=F8UFToheE_I,
1619,Ep 1619 - Taarak Mehta Ka Ooltah Chashmah | Full Episode | तारक मेहता का उल्टा चश्मा,https://www.youtube.com/watch?v=6WVE5gbBUJc,Found,24 Sep 2023,20:54,https://www.youtube.com/watch?v=kQKKQ3q0zoM,https://www.youtube.com/watch?v=J9kLYpxQQPA
1620,Ep 1620 - Taarak Mehta Ka Ooltah Chashmah | Full Episode | तारक मेहता का उल्टा चश्मा,https://www.youtube.com/watch?v=qaFRf_PcaE8,Found,24 Sep 2023,20:14,https://www.youtube.com/watch?v=LGwGs5cz5Yc,
1621,"तारक मेहता का उल्टा चश्मा - एपिसोड 1621 - 5 मार्च, 2015",https://www.youtube.com/watch?v=ZMUN2mWvVos,Found,05 Mar 2015,19:53,https://www.youtube.com/watch?v=I28WrQbcj3w,
1622,"तारक मेहता का उल्टा चश्मा - एपिसोड 1622 - 6 मार्च, 2015",https://www.youtube.com/watch?v=uxYRizMhBX8,Found,06 Mar 2015,20:10,https://www.youtube.com/watch?v=I2gOk8oLffk,
1623,Ep 1623 - Taarak Mehta Ka Ooltah Chashmah | Full Episode | तारक मेहता का उल्टा चश्मा,https://www.youtube.com/watch?v=yOg5S5xAPKs,Found,25 Sep 2023,21:14,https://www.youtube.com/watch?v=82QMDiNmvhI,
1624,Ep 1624 - Taarak Mehta Ka Ooltah Chashmah | Full Episode | तारक मेहता का उल्टा चश्मा,https://www.youtube.com/watch?v=GOpjTUNSSJc,Found,26 Sep 2023,21:09,https://www.youtube.com/watch?v=loqo6JTCJqs,
1625,Ep 1625 - Taarak Mehta Ka Ooltah Chashmah | Full Episode | तारक मेहता का उल्टा चश्मा,https://www.youtube.com/watch?v=a-z-VHhDb6k,Found,26 Sep 2023,20:47,https://www.youtube.com/watch?v=4LLxlyMgjqM,
1626,Ep 1626 - Taarak Mehta Ka Ooltah Chashmah | Full Episode | तारक मेहता का उल्टा चश्मा,https://www.youtube.com/watch?v=PyR_re4J358,Found,27 Sep 2023,21:03,https://www.youtube.com/watch?v=4GT0E6p4bjc,
1627,Ep 1627 - Taarak Mehta Ka Ooltah Chashmah | Full Episode | तारक मेहता का उल्टा चश्मा,https://www.youtube.com/watch?v=x2DkmOHK-KM,Found,27 Sep 2023,20:51,https://www.youtube.com/watch?v=ZB8XwKwdEkU,
1628,Ep 1628 - Taarak Mehta Ka Ooltah Chashmah | Full Episode | तारक मेहता का उल्टा चश्मा,https://www.youtube.com/watch?v=KnFiA-9EoFg,Found,28 Sep 2023,20:53,https://www.youtube.com/watch?v=WV5SMGtlFFM,
1629,Ep 1629 - Taarak Mehta Ka Ooltah Chashmah | Full Episode | तारक मेहता का उल्टा चश्मा,https://www.youtube.com/watch?v=jfLhcvf27Ag,Found,28 Sep 2023,20:19,https://www.youtube.com/watch?v=7dUpGlvOEPo,
1630,Ep 1630 - Bhide Ka Scooter Chori | Taarak Mehta Ka Ooltah Chashmah | Full Episode | तारक मेहता,https://www.youtube.com/watch?v=YlxN7Zc44WI,Found,29 Sep 2023,20:17,https://www.youtube.com/watch?v=xpiHoZg7Zrw,
1631,Ep 1631 - Bhide Ka Scooter Chori | Taarak Mehta Ka Ooltah Chashmah | Full Episode | तारक मेहता,https://www.youtube.com/watch?v=Rl-BJOkbrMI,Found,29 Sep 2023,21:29,https://www.youtube.com/watch?v=ZVou1WdlKcw,
1632,Ep 1632 - Bhide Ka Scooter Chori | Taarak Mehta Ka Ooltah Chashmah | Full Episode | तारक मेहता,https://www.youtube.com/watch?v=IHxZW8EbYsk,Found,30 Sep 2023,20:41,https://www.youtube.com/watch?v=RUG_CdQmTnA,
1633,Ep 1633 - Bhide Ka Scooter Chori | Taarak Mehta Ka Ooltah Chashmah | Full Episode | तारक मेहता,https://www.youtube.com/watch?v=aPSvFKVqCyo,Found,30 Sep 2023,20:59,https://www.youtube.com/watch?v=FVyX2d1Mhy0,
1634,Ep 1634 - Bhide Ka Scooter Chori | Taarak Mehta Ka Ooltah Chashmah | Full Episode | तारक मेहता,https://www.youtube.com/watch?v=z2zDZOgaSd4,Found,01 Oct 2023,21:21,https://www.youtube.com/watch?v=F6YBPVEsH3E,
1635,Ep 1635 - Taarak Mehta Ka Ooltah Chashmah | Full Episode | तारक मेहता का उल्टा चश्मा,https://www.youtube.com/watch?v=GS2gTMQfjQg,Found,01 Oct 2023,20:20,https://www.youtube.com/watch?v=7NRUW-gGPXg,
1636,Ep 1636 - Bhide Ka Scooter Chori | Taarak Mehta Ka Ooltah Chashmah | Full Episode | तारक मेहता,https://www.youtube.com/watch?v=HcwO_6W1oig,Found,01 Oct 2023,20:59,https://www.youtube.com/watch?v=Y93RYcKFrO0,https://www.youtube.com/watch?v=VTbHRV5xk60
1637,Ep 1637 - Daya Ki Beti | Taarak Mehta Ka Ooltah Chashmah | Full Episode | तारक मेहता का उल्टा चश्मा,https://www.youtube.com/watch?v=TasOiTaEvps,Found,01 Oct 2023,19:45,https://www.youtube.com/watch?v=Q9ETmhjYoJs,
1638,"Taarak Mehta Ka Ooltah Chashmah - Full Episode 1638 - 1st January, 2019",https://www.youtube.com/watch?v=lBWDMQ8L3rc,Found,01 Jan 2019,20:10,https://www.youtube.com/watch?v=5Sb-yMswN10,
1639,Ep 1639 - Daya Ki Beti | Taarak Mehta Ka Ooltah Chashmah | Full Episode | तारक मेहता का उल्टा चश्मा,https://www.youtube.com/watch?v=U5pL7-m57tM,Found,01 Oct 2023,20:53,https://www.youtube.com/watch?v=APNazkhRfXY,
1640,Ep 1640 - Daya Ki Beti | Taarak Mehta Ka Ooltah Chashmah | Full Episode | तारक मेहता का उल्टा चश्मा,https://www.youtube.com/watch?v=9bh3omlmzT0,Found,03 Oct 2023,21:31,https://www.youtube.com/watch?v=BX9NedrmhcI,
1641,Ep 1641 - Daya Ki Beti | Taarak Mehta Ka Ooltah Chashmah | Full Episode | तारक मेहता का उल्टा चश्मा,https://www.youtube.com/watch?v=-g_dk37bEwE,Found,03 Oct 2023,20:49,https://www.youtube.com/watch?v=3A0bZQB2W9M,
1642,Ep 1642 - Daya Ki Beti | Taarak Mehta Ka Ooltah Chashmah | Full Episode | तारक मेहता का उल्टा चश्मा,https://www.youtube.com/watch?v=fAPS8uQcDpw,Found,04 Oct 2023,21:03,https://www.youtube.com/watch?v=238YobkzX4M,
1643,Ep 1643 - Daya Ki Beti | Taarak Mehta Ka Ooltah Chashmah | Full Episode | तारक मेहता का उल्टा चश्मा,https://www.youtube.com/watch?v=4W-OdQYFiFg,Found,04 Oct 2023,19:24,https://www.youtube.com/watch?v=S03cRd1QNoY,
1644,"तारक मेहता का उल्टा चश्मा - एपिसोड 1644 - 6 अप्रैल, 2015",https://www.youtube.com/watch?v=nATcUJUTyVQ,Found,06 Apr 2015,19:02,https://www.youtube.com/watch?v=LxgJTgT501w,
1645,Ep 1645 - Daya Ki Beti | Taarak Mehta Ka Ooltah Chashmah | Full Episode | तारक मेहता का उल्टा चश्मा,https://www.youtube.com/watch?v=mtquNKY6AKk,Found,05 Oct 2023,20:12,https://www.youtube.com/watch?v=wccXTTrZpl4,
1646,"तारक मेहता का उल्टा चश्मा - एपिसोड 1646 - 8 अप्रैल, 2015",https://www.youtube.com/watch?v=PKfk3aknWZE,Found,08 Apr 2015,19:46,https://www.youtube.com/watch?v=1u7s2j9cm0M,
1647,Ep 1647 - Daya Ki Beti | Taarak Mehta Ka Ooltah Chashmah | Full Episode | तारक मेहता का उल्टा चश्मा,https://www.youtube.com/watch?v=2BmheoxAUoU,Found,05 Oct 2023,21:16,https://www.youtube.com/watch?v=AwMpbsSLiPg,
1648,Ep 1648 - Daya Ki Beti | Taarak Mehta Ka Ooltah Chashmah | Full Episode | तारक मेहता का उल्टा चश्मा,https://www.youtube.com/watch?v=SiaUyGVUl-Q,Found,06 Oct 2023,21:01,https://www.youtube.com/watch?v=23GxyDESvmA,
1649,Ep 1649 - Daya Ki Beti | Taarak Mehta Ka Ooltah Chashmah | Full Episode | तारक मेहता का उल्टा चश्मा,https://www.youtube.com/watch?v=UkzbLo35p2A,Found,06 Oct 2023,21:12,https://www.youtube.com/watch?v=17adUG3sbNQ,
1650,Ep 1650 - Daya Ki Beti | Taarak Mehta Ka Ooltah Chashmah | Full Episode | तारक मेहता का उल्टा चश्मा,https://www.youtube.com/watch?v=E7cnFFcit6M,Found,06 Oct 2023,18:24,,
1651,Taarak Mehta Ka Ooltah Chashmah - तारक मेहता का उल्टा चशमाह - Episode 1651 - Full Episode,https://www.youtube.com/watch?v=X5Mrtpb8Kpo,Found,09 Aug 2020,19:35,https://www.youtube.com/watch?v=eMmIGpjqttw,
1652,Ep 1652 - Daya Ki Beti | Taarak Mehta Ka Ooltah Chashmah | Full Episode | तारक मेहता का उल्टा चश्मा,https://www.youtube.com/watch?v=-9u1d-UKIvw,Found,07 Oct 2023,21:24,https://www.youtube.com/watch?v=kus1mMR3e50,
1653,Ep 1653 - Daya Ki Beti | Taarak Mehta Ka Ooltah Chashmah | Full Episode | तारक मेहता का उल्टा चश्मा,https://www.youtube.com/watch?v=ksoheyaJ_pA,Found,07 Oct 2023,21:03,https://www.youtube.com/watch?v=bCqel_uChI8,
1654,Ep 1654 - Daya Ki Beti | Taarak Mehta Ka Ooltah Chashmah | Full Episode | तारक मेहता का उल्टा चश्मा,https://www.youtube.com/watch?v=Ve_A4lPqtCk,Found,08 Oct 2023,20:45,https://www.youtube.com/watch?v=7uNlqlX1Uxc,
1655,Taarak Mehta Ka Ooltah Chashmah | Throwback | तारक मेहता का उल्टा चशमाह | Full Episode - 1655,https://www.youtube.com/watch?v=4HEI6aAb6zg,Found,19 Nov 2020,18:07,https://www.youtube.com/watch?v=6fFUHN2tKaY,
1656,Taarak Mehta Ka Ooltah Chashmah - तारक मेहता - Episode 1656 - 22nd April 2015,https://www.youtube.com/watch?v=RlheKfRoDP4,Found,22 Apr 2015,18:44,https://www.youtube.com/watch?v=4oO5cOca208,
1657,Ep 1657 - Daya Ki Beti | Taarak Mehta Ka Ooltah Chashmah | Full Episode | तारक मेहता का उल्टा चश्मा,https://www.youtube.com/watch?v=aUX_sIl-NcM,Found,08 Oct 2023,20:55,https://www.youtube.com/watch?v=3VYBVcAYwHA,
1658,Ep 1658 - Daya Ki Beti | Taarak Mehta Ka Ooltah Chashmah | Full Episode | तारक मेहता का उल्टा चश्मा,https://www.youtube.com/watch?v=4IsrFsctL6A,Found,08 Oct 2023,21:19,https://www.youtube.com/watch?v=TH0mUN0xQlg,
1659,Ep 1659 - Daya Ki Beti | Taarak Mehta Ka Ooltah Chashmah | Full Episode | तारक मेहता का उल्टा चश्मा,https://www.youtube.com/watch?v=q_3LXpdC034,Found,08 Oct 2023,21:16,https://www.youtube.com/watch?v=iGxEMPfVaxE,
1660,Ep 1660 - Daya Ki Beti | Taarak Mehta Ka Ooltah Chashmah | Full Episode | तारक मेहता का उल्टा चश्मा,https://www.youtube.com/watch?v=kNSEMwdNadg,Found,09 Oct 2023,20:55,https://www.youtube.com/watch?v=n6mXsapZ2QQ,
1661,Ep 1661 - Daya Ki Beti | Taarak Mehta Ka Ooltah Chashmah | Full Episode | तारक मेहता का उल्टा चश्मा,https://www.youtube.com/watch?v=wr5c3TW2bGI,Found,09 Oct 2023,20:13,https://www.youtube.com/watch?v=UcLf4EMGAM8,
1662,Ep 1662 - Daya Ki Beti | Taarak Mehta Ka Ooltah Chashmah | Full Episode | तारक मेहता का उल्टा चश्मा,https://www.youtube.com/watch?v=3t_jCqLySE4,Found,09 Oct 2023,21:11,https://www.youtube.com/watch?v=1s8KDLkASVc,
1663,Ep 1663 - Daya Ki Beti | Taarak Mehta Ka Ooltah Chashmah | Full Episode | तारक मेहता का उल्टा चश्मा,https://www.youtube.com/watch?v=3N1puCenGDo,Found,10 Oct 2023,21:01,https://www.youtube.com/watch?v=VQM-_tS0X8M,
1664,"तारक मेहता का उल्टा चश्मा -एपिसोड 1664 - 4 मई, 2015",https://www.youtube.com/watch?v=MPQY0IaRdCQ,Found,04 May 2015,19:44,https://www.youtube.com/watch?v=ZfAsvWfGNHY,
1665,Ep 1665 - Daya Ki Beti | Taarak Mehta Ka Ooltah Chashmah | Full Episode | तारक मेहता का उल्टा चश्मा,https://www.youtube.com/watch?v=qBaQ4kjgQmM,Found,10 Oct 2023,21:53,https://www.youtube.com/watch?v=k7awZTswCDs,
1666,"तारक मेहता का उल्टा चश्मा -एपिसोड 1666 - 6 मई, 2015",https://www.youtube.com/watch?v=MhgrZxmwJYU,Found,06 May 2015,18:22,https://www.youtube.com/watch?v=LlqteMC6sQ8,
1667,Ep 1667 - Daya Ki Beti | Taarak Mehta Ka Ooltah Chashmah | Full Episode | तारक मेहता का उल्टा चश्मा,https://www.youtube.com/watch?v=2P_zckheNo0,Found,11 Oct 2023,20:20,https://www.youtube.com/watch?v=4xNG58_Kt2w,
1668,Ep 1668 - Newspaper Chor | Taarak Mehta Ka Ooltah Chashmah | Full Episode| तारक मेहता का उल्टा चश्मा,https://www.youtube.com/watch?v=vC-KyapZxAY,Found,11 Oct 2023,19:49,https://www.youtube.com/watch?v=XcDFOOLSnDE,
1669,Taarak Mehta Ka Ooltah Chashmah - तारक मेहता - Episode 1669 - 11th May 2015,https://www.youtube.com/watch?v=la_QNr6XbHg,Found,11 May 2015,20:06,https://www.youtube.com/watch?v=Usu7F-MZQS4,
1670,Ep 1670 - Popatlal Ki Enquiry?! | Taarak Mehta Ka Ooltah Chashmah | Full Episode | तारक मेहता,https://www.youtube.com/watch?v=Q_BNEXw_8_4,Found,12 Oct 2023,20:49,https://www.youtube.com/watch?v=ePUJGyEaBoE,
1671,Ep 1671 - Popatlal Ke Rishtey Ki Baat | Taarak Mehta Ka Ooltah Chashmah | Full Episode | तारक मेहता,https://www.youtube.com/watch?v=2Vir0D8lYtg,Found,12 Oct 2023,21:18,https://www.youtube.com/watch?v=u0mYkgKWNQ0,
1672,Ep 1672 - Popatlal Ki Mushkil | Taarak Mehta Ka Ooltah Chashmah | Full Episode | तारक मेहता,https://www.youtube.com/watch?v=sXpOxWTBasE,Found,13 Oct 2023,21:15,https://www.youtube.com/watch?v=BXKYo40X7zE,
1673,Ep 1673 - Future Baba | Taarak Mehta Ka Ooltah Chashmah | Full Episode | तारक मेहता,https://www.youtube.com/watch?v=M7CIzbqeqYk,Found,13 Oct 2023,20:23,https://www.youtube.com/watch?v=7ZBhD1UZjs0,
1674,Ep 1674 - Popatlal Ki Hone Wali Biwi?! | Taarak Mehta Ka Ooltah Chashmah | Full Episode | तारक मेहता,https://www.youtube.com/watch?v=v4hK2daxWss,Found,13 Oct 2023,20:49,https://www.youtube.com/watch?v=zPYBF6TInYM,
1675,Ep 1675 - Popatlal Aur Sapna Ki Kundali | Taarak Mehta Ka Ooltah Chashmah | Full Episode| तारक मेहता,https://www.youtube.com/watch?v=MBgj2A6VbLs,Found,14 Oct 2023,21:21,https://www.youtube.com/watch?v=DHGWhoLBJYI,
1676,Ep 1676 - Popatlal Ki Shaadi Pakki?! | Taarak Mehta Ka Ooltah Chashmah | Full Episode| तारक मेहता,https://www.youtube.com/watch?v=uA9o-3Gx0OQ,Found,14 Oct 2023,20:50,https://www.youtube.com/watch?v=EgI8z9RPwL0,
1677,Ep 1677 - Popatlal की सगाई ?! | Taarak Mehta Ka Ooltah Chashmah | Full Episode| तारक मेहता,https://www.youtube.com/watch?v=xptUdTnGqJI,Found,14 Oct 2023,20:34,https://www.youtube.com/watch?v=cm170N2VLs8,
1678,Ep 1678 - Popatlal Ko Mili New Car ?! | Taarak Mehta Ka Ooltah Chashmah | Full Episode| तारक मेहता,https://www.youtube.com/watch?v=5UYyN2JeybI,Found,15 Oct 2023,21:10,https://www.youtube.com/watch?v=f-CzyQa1MtQ,
1679,"Taarak Mehta Ka Ooltah Chashmah - Full Episode 1679 - 19th December, 2018",https://www.youtube.com/watch?v=lsG6Y9t_9HI,Found,21 Aug 2019,23:01,https://www.youtube.com/watch?v=gYKbw5DTteo,
1680,Ep 1680 - Fraud Minty?! | Taarak Mehta Ka Ooltah Chashmah | Full Episode | तारक मेहता,https://www.youtube.com/watch?v=xq1LsAOCG5E,Found,16 Oct 2023,21:55,https://www.youtube.com/watch?v=oql01Ohb6bM,
1681,Ep 1681 - Popatlal Arranges 60 Lakh?! | Taarak Mehta Ka Ooltah Chashmah | Full Episode| तारक मेहता,https://www.youtube.com/watch?v=yh-0XzqCEVQ,Found,16 Oct 2023,20:00,https://www.youtube.com/watch?v=1xYSPMsYgS8,
1682,Ep 1682 - Popatlal Ke Saath Hua Fraud?! | Taarak Mehta Ka Ooltah Chashmah | Full Episode| तारक मेहता,https://www.youtube.com/watch?v=XDyMaP_FO3c,Found,16 Oct 2023,20:14,https://www.youtube.com/watch?v=gLjnnnysz_M,
1683,Ep 1683 - Sapna Ne Diya Dhoka ?! | Taarak Mehta Ka Ooltah Chashmah | Full Episode| तारक मेहता,https://www.youtube.com/watch?v=2bBqGd4D1Jo,Found,17 Oct 2023,22:51,https://www.youtube.com/watch?v=WN5oG5rfi7A,
1684,Ep 1684 -  Jethalal Ka Surprise?! | Taarak Mehta Ka Ooltah Chashmah | Full Episode| तारक मेहता,https://www.youtube.com/watch?v=QsPeo71gasc,Found,17 Oct 2023,20:35,https://www.youtube.com/watch?v=kDgU5WRDsEE,
1685,Ep 1685 -  Tapu Sena Ka Result | Taarak Mehta Ka Ooltah Chashmah | Full Episode | तारक मेहता,https://www.youtube.com/watch?v=do1QFiTVyvw,Found,17 Oct 2023,21:09,https://www.youtube.com/watch?v=2qo7WmhPW54,
1686,"Taarak Mehta Ka Ooltah Chashmah | तारक मेहता का उल्टा चश्मा | Episode 1686 | 2nd February, 2021",https://www.youtube.com/watch?v=Ymj0rQv5CFE,Found,02 Feb 2021,20:27,https://www.youtube.com/watch?v=IwPeuxeYt9s,
1687,Ep 1687 -  Tapu Sena Ka Result | Taarak Mehta Ka Ooltah Chashmah | Full Episode | तारक मेहता,https://www.youtube.com/watch?v=aWZx1uL5OdE,Found,18 Oct 2023,20:59,https://www.youtube.com/watch?v=__KcpRPU2BY,
1688,Ep 1688 -  Tapu Sena Ka Result | Taarak Mehta Ka Ooltah Chashmah | Full Episode | तारक मेहता,https://www.youtube.com/watch?v=aTv_vRAPiGk,Found,18 Oct 2023,20:45,https://www.youtube.com/watch?v=DUQU83k9sWM,
1689,Ep 1689 -  Tapu Sena Ka Result | Taarak Mehta Ka Ooltah Chashmah | Full Episode | तारक मेहता,https://www.youtube.com/watch?v=T2Bsa_u18M0,Found,19 Oct 2023,19:47,https://www.youtube.com/watch?v=v60brsntJDM,
1690,Ep 1690 -  Tapu Sena Ka Result | Taarak Mehta Ka Ooltah Chashmah | Full Episode | तारक मेहता,https://www.youtube.com/watch?v=SVuA2xOfQQs,Found,19 Oct 2023,21:20,https://www.youtube.com/watch?v=WiXJpqMm86U,
1691,Ep 1691 -  Tapu Sena Ka Result | Taarak Mehta Ka Ooltah Chashmah | Full Episode | तारक मेहता,https://www.youtube.com/watch?v=apPMoPZ56Tg,Found,19 Oct 2023,21:02,https://www.youtube.com/watch?v=5TtZuFilsKU,
1692,Ep 1692 -  Tapu Sena Ka Result | Taarak Mehta Ka Ooltah Chashmah | Full Episode | तारक मेहता,https://www.youtube.com/watch?v=WUK6haqcjTQ,Found,20 Oct 2023,21:09,https://www.youtube.com/watch?v=fvQP5V5an3A,
1693,Ep 1693 -  Tapu Sena Ka Result | Taarak Mehta Ka Ooltah Chashmah | Full Episode | तारक मेहता,https://www.youtube.com/watch?v=XrnPCacDphg,Found,20 Oct 2023,21:19,https://www.youtube.com/watch?v=IPrLfePkbRM,
1694,Ep 1694 -  Tapu Sena Ka Result | Taarak Mehta Ka Ooltah Chashmah | Full Episode | तारक मेहता,https://www.youtube.com/watch?v=MfIn9JSO7Kk,Found,20 Oct 2023,20:43,https://www.youtube.com/watch?v=XgneZ3mvwxc,
1695,Ep 1695 -  Tapu Sena Ka Result | Taarak Mehta Ka Ooltah Chashmah | Full Episode | तारक मेहता,https://www.youtube.com/watch?v=jRIagxGAkMY,Found,21 Oct 2023,20:25,https://www.youtube.com/watch?v=iWMX3EPx6p0,
1696,"Taarak Mehta Ka Ooltah Chashmah | तारक मेहता का उल्टा चश्मा | Episode 1696 | 7th February, 2021",https://www.youtube.com/watch?v=2NRrKtUrpi0,Found,07 Feb 2021,19:20,https://www.youtube.com/watch?v=HQWZUu--Rz8,
1697,Ep 1697 -  Tapu Sena Ka Result | Taarak Mehta Ka Ooltah Chashmah | Full Episode | तारक मेहता,https://www.youtube.com/watch?v=lav8rpploTo,Found,21 Oct 2023,20:52,https://www.youtube.com/watch?v=LuRfRokAeHw,
1698,Ep 1698 -  Tapu Sena Ka Result | Taarak Mehta Ka Ooltah Chashmah | Full Episode | तारक मेहता,https://www.youtube.com/watch?v=qAne27bOJgw,Found,22 Oct 2023,21:44,https://www.youtube.com/watch?v=9xm9UAxymhg,
1699,Ep 1699 -  Tapu Sena Ka Result | Taarak Mehta Ka Ooltah Chashmah | Full Episode | तारक मेहता,https://www.youtube.com/watch?v=ACwlq7F3LNA,Found,22 Oct 2023,21:48,https://www.youtube.com/watch?v=IgNVDyHKcvI,
1700,Ep 1700 -  Tapu Sena Ka Result | Taarak Mehta Ka Ooltah Chashmah | Full Episode | तारक मेहता,https://www.youtube.com/watch?v=WBUHTqKEBUs,Found,22 Oct 2023,21:40,https://www.youtube.com/watch?v=j-uU2oXi5HQ,
1701,Ep 1701 -  Tapu Sena Ka Result | Taarak Mehta Ka Ooltah Chashmah | Full Episode | तारक मेहता,https://www.youtube.com/watch?v=-3vgCpsYE_g,Found,22 Oct 2023,20:26,https://www.youtube.com/watch?v=19CwF1wZQWw,
1702,"Taarak Mehta Ka Ooltah Chashmah - तारक मेहता - Episode 1702 - 24th June, 2015",https://www.youtube.com/watch?v=dnbDYkojMDk,Found,24 Jun 2015,20:05,https://www.youtube.com/watch?v=bcfm2XtkAwg,
1703,Ep 1703 -  Tapu Sena Goes To College | Taarak Mehta Ka Ooltah Chashmah | Full Episode | तारक मेहता,https://www.youtube.com/watch?v=JdJHoXQUWOw,Found,22 Oct 2023,21:01,https://www.youtube.com/watch?v=ZTKYb0mAvQY,
1704,Ep 1704 -  Tapu Sena Goes To College | Taarak Mehta Ka Ooltah Chashmah | Full Episode | तारक मेहता,https://www.youtube.com/watch?v=EfZeV90Hf38,Found,23 Oct 2023,20:29,https://www.youtube.com/watch?v=TXhONpo--zM,
1705,Ep 1705 -  Tapu Sena Goes To College | Taarak Mehta Ka Ooltah Chashmah | Full Episode | तारक मेहता,https://www.youtube.com/watch?v=qzeMCeF5Fvs,Found,23 Oct 2023,20:54,https://www.youtube.com/watch?v=TrLifmF_qdA,
1706,Ep 1706 -  Tapu Sena Goes To College | Taarak Mehta Ka Ooltah Chashmah | Full Episode | तारक मेहता,https://www.youtube.com/watch?v=wGb5ci-xGrs,Found,23 Oct 2023,21:10,https://www.youtube.com/watch?v=Vg7vWzNihQo,
1707,"Taarak Mehta Ka Ooltah Chashmah - तारक मेहता - Episode 1707 - 1st July, 2015",https://www.youtube.com/watch?v=OljDXc0BbhM,Found,01 Jul 2015,19:49,https://www.youtube.com/watch?v=lezBF81UXKg,
1708,Ep 1708 -  Tapu Sena Goes To College | Taarak Mehta Ka Ooltah Chashmah | Full Episode | तारक मेहता,https://www.youtube.com/watch?v=8r2uveuKIP0,Found,24 Oct 2023,21:18,,
1709,Ep 1709 -  Tapu Sena Goes To College | Taarak Mehta Ka Ooltah Chashmah | Full Episode | तारक मेहता,https://www.youtube.com/watch?v=FRu6jqz_Y2w,Found,24 Oct 2023,20:46,https://www.youtube.com/watch?v=cXkDyaBxQgI,
1710,Ep 1710 -  Tapu Sena Goes To College | Taarak Mehta Ka Ooltah Chashmah | Full Episode | तारक मेहता,https://www.youtube.com/watch?v=YA3KWjvozJo,Found,25 Oct 2023,19:48,https://www.youtube.com/watch?v=CeTHevQMeuE,
1711,Ep 1711 -  Tapu Sena Goes To College | Taarak Mehta Ka Ooltah Chashmah | Full Episode | तारक मेहता,https://www.youtube.com/watch?v=hW4kiKv0zD8,Found,25 Oct 2023,20:43,https://www.youtube.com/watch?v=Dv0FWhDCMA4,
1712,Ep 1712 -  Tapu Sena Goes To College | Taarak Mehta Ka Ooltah Chashmah | Full Episode | तारक मेहता,https://www.youtube.com/watch?v=KOZEmHpOJP4,Found,25 Oct 2023,20:32,https://www.youtube.com/watch?v=znLcwJdMrkQ,
1713,Ep 1713 -  Tapu Sena Goes To College | Taarak Mehta Ka Ooltah Chashmah | Full Episode | तारक मेहता,https://www.youtube.com/watch?v=bF8fojIJ5mc,Found,26 Oct 2023,21:38,https://www.youtube.com/watch?v=qQawPeBz4lo,
1714,Ep 1714 -  Tapu Sena Goes To College | Taarak Mehta Ka Ooltah Chashmah | Full Episode | तारक मेहता,https://www.youtube.com/watch?v=RRvxWv8F6SI,Found,26 Oct 2023,19:55,https://www.youtube.com/watch?v=BGaBRseki2c,https://www.youtube.com/watch?v=AeCmqLxAoKg
1715,Ep 1715 -  Tapu Sena Goes To College | Taarak Mehta Ka Ooltah Chashmah | Full Episode | तारक मेहता,https://www.youtube.com/watch?v=90f736Hj3SI,Found,26 Oct 2023,21:08,https://www.youtube.com/watch?v=geUP2wewnYA,
1716,Ep 1716 -  Tapu Sena Goes To College | Taarak Mehta Ka Ooltah Chashmah | Full Episode | तारक मेहता,https://www.youtube.com/watch?v=RFT87gmRQ0M,Found,27 Oct 2023,20:34,https://www.youtube.com/watch?v=UptH0UH2t1c,
1717,Ep 1717 -  Tapu Sena Goes To College | Taarak Mehta Ka Ooltah Chashmah | Full Episode | तारक मेहता,https://www.youtube.com/watch?v=JdxtM5wbBnY,Found,27 Oct 2023,20:45,https://www.youtube.com/watch?v=vSsFx7538es,
1718,Ep 1718 -  Tapu Sena Goes To College | Taarak Mehta Ka Ooltah Chashmah | Full Episode | तारक मेहता,https://www.youtube.com/watch?v=RbZKvtydtHs,Found,27 Oct 2023,22:15,https://www.youtube.com/watch?v=5C2PuIfuPQA,
1719,Ep 1719 -  Tapu Sena Goes To College | Taarak Mehta Ka Ooltah Chashmah | Full Episode | तारक मेहता,https://www.youtube.com/watch?v=OC8DDMWemrU,Found,28 Oct 2023,20:56,https://www.youtube.com/watch?v=ITCbkoUFjyM,
1720,Ep 1720 -  Tapu Sena Goes To College | Taarak Mehta Ka Ooltah Chashmah | Full Episode | तारक मेहता,https://www.youtube.com/watch?v=HBkvHRa2KMk,Found,28 Oct 2023,21:09,https://www.youtube.com/watch?v=MJ47FFl_Jxg,
1721,Ep 1721 -  Tapu Sena Goes To College | Taarak Mehta Ka Ooltah Chashmah | Full Episode | तारक मेहता,https://www.youtube.com/watch?v=QStu90h4Cic,Found,28 Oct 2023,20:42,https://www.youtube.com/watch?v=FX4L10J3ifA,
1722,Ep 1722 -  Tapu Sena Goes To College | Taarak Mehta Ka Ooltah Chashmah | Full Episode | तारक मेहता,https://www.youtube.com/watch?v=xjrRsOULLIk,Found,29 Oct 2023,20:51,https://www.youtube.com/watch?v=EgI-p2X5Lis,
1723,Ep 1723 -  Tapu Sena Goes To College | Taarak Mehta Ka Ooltah Chashmah | Full Episode | तारक मेहता,https://www.youtube.com/watch?v=Ue-RPu2W9S0,Found,29 Oct 2023,20:36,https://www.youtube.com/watch?v=ZwTUy9_QiFw,
1724,"Taarak Mehta Ka Ooltah Chashmah | तारक मेहता का उल्टा चश्मा | Episode 1724 | 21th February, 2021",https://www.youtube.com/watch?v=dy7OQcWsdNk,Found,21 Feb 2021,20:16,https://www.youtube.com/watch?v=QYqV6vkPkAA,
1725,Ep 1725 -  Tapu Sena Goes To College | Taarak Mehta Ka Ooltah Chashmah | Full Episode | तारक मेहता,https://www.youtube.com/watch?v=k2bqnwWi2jg,Found,29 Oct 2023,21:00,https://www.youtube.com/watch?v=61ELMRYc8cI,
1726,Ep 1726 -  Tapu Sena Goes To College | Taarak Mehta Ka Ooltah Chashmah | Full Episode | तारक मेहता,https://www.youtube.com/watch?v=z7U2GLdsRIA,Found,29 Oct 2023,21:00,,
1727,Ep 1727 -  Tapu Sena Goes To College | Taarak Mehta Ka Ooltah Chashmah | Full Episode | तारक मेहता,https://www.youtube.com/watch?v=twJvG8rvPHQ,Found,29 Oct 2023,21:00,,
1728,Ep 1728 -  Tapu Sena Goes To College | Taarak Mehta Ka Ooltah Chashmah | Full Episode | तारक मेहता,https://www.youtube.com/watch?v=dvhMftucbc4,Found,30 Oct 2023,21:18,https://www.youtube.com/watch?v=NkwdQT1z46Y,
1729,Taarak Mehta Ka Ooltah Chashmah -Throwback - Episode 1729 - Full Episode,https://www.youtube.com/watch?v=3THJ5bFa0ck,Found,17 Dec 2020,18:34,https://www.youtube.com/watch?v=HltNeAdMGfk,
1730,Ep 1730 -  Bagha Bawri Ki Engagement | Taarak Mehta Ka Ooltah Chashmah | Full Episode | तारक मेहता,https://www.youtube.com/watch?v=qZNVGYYfvnk,Found,30 Oct 2023,20:37,https://www.youtube.com/watch?v=S1KYAVAyDbM,
1731,Ep 1731 -  Bagha Bawri Ki Engagement | Taarak Mehta Ka Ooltah Chashmah | Full Episode | तारक मेहता,https://www.youtube.com/watch?v=ZmdUGwULP6E,Found,31 Oct 2023,21:27,https://www.youtube.com/watch?v=o117_Crnxbo,
1732,Ep 1732 -  Bagha Bawri Ki Engagement | Taarak Mehta Ka Ooltah Chashmah | Full Episode | तारक मेहता,https://www.youtube.com/watch?v=Qzrf-VXebHY,Found,31 Oct 2023,20:11,https://www.youtube.com/watch?v=m4DUfMZyKN8,
1733,Ep 1733 -  Bagha Bawri Ki Engagement | Taarak Mehta Ka Ooltah Chashmah | Full Episode | तारक मेहता,https://www.youtube.com/watch?v=_jccfgtMeOc,Found,31 Oct 2023,21:34,https://www.youtube.com/watch?v=rUcjTHMhtZY,
1734,Ep 1734 -  Bagha Bawri Ki Engagement | Taarak Mehta Ka Ooltah Chashmah | Full Episode | तारक मेहता,https://www.youtube.com/watch?v=Uvrvn9IyrVk,Found,01 Nov 2023,20:44,https://www.youtube.com/watch?v=R_IodPYTaXg,
1735,Ep 1735 -  Bagha Bawri Ki Engagement | Taarak Mehta Ka Ooltah Chashmah | Full Episode | तारक मेहता,https://www.youtube.com/watch?v=mOxNZK5W0gg,Found,01 Nov 2023,20:57,https://www.youtube.com/watch?v=daFg_rAy7J8,
1736,"Taarak Mehta Ka Ooltah Chashmah - Full Episode 1736 - 27th January, 2019",https://www.youtube.com/watch?v=f3X4S4eoo2o,Found,27 Jan 2019,19:49,https://www.youtube.com/watch?v=Y0Z4h75mxQ8,
1737,Ep 1737 -  Bagha Bawri Ki Engagement | Taarak Mehta Ka Ooltah Chashmah | Full Episode | तारक मेहता,https://www.youtube.com/watch?v=Ov6YBDEu4z8,Found,02 Nov 2023,20:51,https://www.youtube.com/watch?v=XXBHxaoj3Vw,
1738,Ep 1738 -  Bagha Bawri Ki Engagement | Taarak Mehta Ka Ooltah Chashmah | Full Episode | तारक मेहता,https://www.youtube.com/watch?v=3vasw40P6sk,Found,02 Nov 2023,21:09,https://www.youtube.com/watch?v=1XbGnIWu8uA,
1739,Ep 1739 -  Bagha Bawri Ki Engagement | Taarak Mehta Ka Ooltah Chashmah | Full Episode | तारक मेहता,https://www.youtube.com/watch?v=ldPGf-plCuE,Found,02 Nov 2023,21:25,https://www.youtube.com/watch?v=JDLdfnB47bM,
1740,Ep 1740 -  Bagha Bawri Ki Engagement | Taarak Mehta Ka Ooltah Chashmah | Full Episode | तारक मेहता,https://www.youtube.com/watch?v=q3_4Hhf_DTc,Found,02 Nov 2023,20:05,https://www.youtube.com/watch?v=EHpxnNmgVDQ,
1741,Ep 1741 -  Bagha Bawri Ki Engagement | Taarak Mehta Ka Ooltah Chashmah | Full Episode | तारक मेहता,https://www.youtube.com/watch?v=lyrE-a_VNqI,Found,03 Nov 2023,21:49,https://www.youtube.com/watch?v=XB7ZywXHTeo,
1742,Ep 1742 - Popatlal का छाता | Taarak Mehta Ka Ooltah Chashmah | Full Episode | तारक मेहता,https://www.youtube.com/watch?v=5lCNMMaHsEw,Found,03 Nov 2023,21:10,https://www.youtube.com/watch?v=Z1q8HTl9bz8,
1743,"तारक मेहता का उल्टा चश्मा - एपिसोड 1743 - 20 अगस्त, 2015",https://www.youtube.com/watch?v=kA70GZ9N3kw,Found,20 Aug 2015,20:08,https://www.youtube.com/watch?v=OPRl4kDYQWs,
1744,Ep 1744 - Popatlal का छाता | Taarak Mehta Ka Ooltah Chashmah | Full Episode | तारक मेहता,https://www.youtube.com/watch?v=n6ERN9ya9LE,Found,04 Nov 2023,21:44,https://www.youtube.com/watch?v=6mu7FvhuBIM,
1745,Ep 1745 - Popatlal का छाता | Taarak Mehta Ka Ooltah Chashmah | Full Episode | तारक मेहता,https://www.youtube.com/watch?v=FJuDKnggg7c,Found,04 Nov 2023,20:33,https://www.youtube.com/watch?v=QREQxevoU6U,
1746,"Taarak Mehta Ka Ooltah Chashmah - तारक मेहता - Episode 1746 - 25th August, 2015",https://www.youtube.com/watch?v=6DRHZFakbz0,Found,25 Aug 2015,20:32,https://www.youtube.com/watch?v=lAUnK6dJ9aE,
1747,Ep 1747 - Popatlal का छाता | Taarak Mehta Ka Ooltah Chashmah | Full Episode | तारक मेहता,https://www.youtube.com/watch?v=mkxi-OGOE9c,Found,05 Nov 2023,21:14,https://www.youtube.com/watch?v=hEkJzgbrXPo,
1748,Ep 1748 - Taarak Mehta Ka Ooltah Chashmah | Full Episode | तारक मेहता का उल्टा चश्मा,https://www.youtube.com/watch?v=SmozjVlO_Yo,Found,05 Nov 2023,21:10,https://www.youtube.com/watch?v=rN0CcGtY8n0,
1749,Ep 1749 - Taarak Mehta Ka Ooltah Chashmah | Full Episode | तारक मेहता का उल्टा चश्मा,https://www.youtube.com/watch?v=lZpl7tQy784,Found,05 Nov 2023,21:12,https://www.youtube.com/watch?v=L5dYklaT0gY,
1750,Ep 1750 - Taarak Mehta Ka Ooltah Chashmah | Full Episode | तारक मेहता का उल्टा चश्मा,https://www.youtube.com/watch?v=EF5jQSBHLcc,Found,05 Nov 2023,43:46,,
1751,Ep 1751 - Taarak Mehta Ka Ooltah Chashmah | Full Episode | तारक मेहता का उल्टा चश्मा,https://www.youtube.com/watch?v=IPOi13C5RfY,Found,05 Nov 2023,21:28,https://www.youtube.com/watch?v=n9pC4Nez03s,
1752,Ep 1752 - Taarak Mehta Ka Ooltah Chashmah | Full Episode | तारक मेहता का उल्टा चश्मा,https://www.youtube.com/watch?v=nDRQTQnkiN4,Found,05 Nov 2023,20:05,https://www.youtube.com/watch?v=EVtdt69N8es,
1753,Ep 1753 - Taarak Mehta Ka Ooltah Chashmah | Full Episode | तारक मेहता का उल्टा चश्मा,https://www.youtube.com/watch?v=wryJ1K2JVHs,Found,06 Nov 2023,20:33,https://www.youtube.com/watch?v=ES5EZy1AVwQ,
1754,Ep 1754 - Taarak Mehta Ka Ooltah Chashmah | Full Episode | तारक मेहता का उल्टा चश्मा,https://www.youtube.com/watch?v=UCsV7nuqdcM,Found,06 Nov 2023,20:06,,
1755,Ep 1755 - Taarak Mehta Ka Ooltah Chashmah | Full Episode | तारक मेहता का उल्टा चश्मा,https://www.youtube.com/watch?v=ymHiBpQrosM,Found,06 Nov 2023,20:29,,
1756,Ep 1756 - Taarak Mehta Ka Ooltah Chashmah | Full Episode | तारक मेहता का उल्टा चश्मा,https://www.youtube.com/watch?v=njNfi_GmT8Q,Found,07 Nov 2023,21:45,https://www.youtube.com/watch?v=hSu1x3YlBbc,
1757,Ep 1757 - Taarak Mehta Ka Ooltah Chashmah | Full Episode | तारक मेहता का उल्टा चश्मा,https://www.youtube.com/watch?v=5oajAZzfAz0,Found,07 Nov 2023,20:40,https://www.youtube.com/watch?v=lTUaEmDYfOg,
1758,"तारक मेहता का उल्टा चश्मा - एपिसोड 1758 - 9 सितंबर, 2015",https://www.youtube.com/watch?v=a4bQYKgVUGc,Found,09 Sep 2015,19:28,https://www.youtube.com/watch?v=xMcY8kusG4Q,
1759,"Taarak Mehta Ka Ooltah Chashmah - Full Episode 1759 - 19th February, 2019",https://www.youtube.com/watch?v=dZosHcW3fGI,Found,19 Feb 2019,20:13,https://www.youtube.com/watch?v=NO_jH5BGHn0,
1760,"Taarak Mehta Ka Ooltah Chashmah - Full Episode 1760 - 19th February, 2019",https://www.youtube.com/watch?v=vyXgJjyMXu0,Found,19 Feb 2019,20:18,,
1761,Ep 1761 - Flats Ki Renovation | Taarak Mehta Ka Ooltah Chashmah | Full Episode | तारक मेहता,https://www.youtube.com/watch?v=jt_17wcZ37A,Found,07 Nov 2023,21:13,https://www.youtube.com/watch?v=-sbdZZoJyBU,
1762,"Taarak Mehta Ka Ooltah Chashmah - Full Episode 1762 - 20th February, 2019",https://www.youtube.com/watch?v=dmWDbeTYTLI,Found,20 Feb 2019,20:14,https://www.youtube.com/watch?v=GmT2zTWxOZg,
1763,Ep 1763 - Flats Ki Renovation | Taarak Mehta Ka Ooltah Chashmah | Full Episode | तारक मेहता,https://www.youtube.com/watch?v=-di8QdI_aUg,Found,08 Nov 2023,20:54,https://www.youtube.com/watch?v=m97Icji20XY,
1764,Ep 1764 - Flats Ki Renovation | Taarak Mehta Ka Ooltah Chashmah | Full Episode | तारक मेहता,https://www.youtube.com/watch?v=uiw6EX9ui8Q,Found,08 Nov 2023,21:15,https://www.youtube.com/watch?v=tAhtHyF8dVc,
1765,Ep 1765 - Flats Ki Renovation | Taarak Mehta Ka Ooltah Chashmah | Full Episode | तारक मेहता,https://www.youtube.com/watch?v=QOcoFHakgAw,Found,08 Nov 2023,20:31,https://www.youtube.com/watch?v=Snmo_1nvR80,
1766,"Taarak Mehta Ka Ooltah Chashmah - Full Episode 1766 - 22nd February, 2019",https://www.youtube.com/watch?v=adfnhrZOa7Q,Found,22 Feb 2019,20:46,https://www.youtube.com/watch?v=Lfqs0mfPhAk,
1767,Ep 1767 - Flats Ki Renovation | Taarak Mehta Ka Ooltah Chashmah | Full Episode | तारक मेहता,https://www.youtube.com/watch?v=6UMu-9pSbWk,Found,09 Nov 2023,21:43,https://www.youtube.com/watch?v=Nb7UtoSyiVY,
1768,Ep 1768 - Taarak Mehta Ka Ooltah Chashmah | Full Episode | तारक मेहता का उल्टा चश्मा,https://www.youtube.com/watch?v=hFjnYgJwYK0,Found,09 Nov 2023,21:05,https://www.youtube.com/watch?v=_Jr3lODQfSg,
1769,Ep 1769 - Taarak Mehta Ka Ooltah Chashmah | Full Episode | तारक मेहता का उल्टा चश्मा,https://www.youtube.com/watch?v=h8QgwoxpS1Y,Found,09 Nov 2023,21:41,,
1770,Ep 1770 - Taarak Mehta Ka Ooltah Chashmah | Full Episode | तारक मेहता का उल्टा चश्मा,https://www.youtube.com/watch?v=ZVApqWi416M,Found,10 Nov 2023,21:56,https://www.youtube.com/watch?v=72O8yWCxipY,
1771,Taarak Mehta Ka Ooltah Chashmah - Episode 1771 - Full Episode,https://www.youtube.com/watch?v=AwWWibULOzo,Found,21 Feb 2021,20:50,,https://www.youtube.com/watch?v=AaFNWMNanKY
1772,"Taarak Mehta Ka Ooltah Chashmah | तारक मेहता का उल्टा चश्मा | Episode 1772 | 25th February, 2021",https://www.youtube.com/watch?v=oIQ_oUX78dA,Found,25 Feb 2021,21:20,,
1773,"Taarak Mehta Ka Ooltah Chashmah | तारक मेहता का उल्टा चश्मा | Episode 1773 | 25th February, 2021",https://www.youtube.com/watch?v=DfKkSh__JyE,Found,25 Feb 2021,18:11,,
1774,"Taarak Mehta Ka Ooltah Chashmah | तारक मेहता का उल्टा चश्मा | Episode 1774 | 26th February, 2021",https://www.youtube.com/watch?v=FteuwHLDNgs,Found,26 Feb 2021,19:24,,
1775,Ep 1775 - Taarak Mehta Ka Ooltah Chashmah | Full Episode | तारक मेहता का उल्टा चश्मा,https://www.youtube.com/watch?v=6g9zZvKt9lw,Found,10 Nov 2023,20:25,https://www.youtube.com/watch?v=jSwbcloZCTw,
1776,"तारक मेहता का उल्टा चश्मा - एपिसोड 1776 - 5 अक्टूबर, 2015",https://www.youtube.com/watch?v=OczASBW9eT4,Found,05 Oct 2015,18:55,https://www.youtube.com/watch?v=GVmQseOyj7U,
1777,Ep 1777 - Flats Ki Renovation | Taarak Mehta Ka Ooltah Chashmah | Full Episode | तारक मेहता,https://www.youtube.com/watch?v=-YJPs0Ga_Xg,Found,10 Nov 2023,20:46,https://www.youtube.com/watch?v=mbOvvezt_kk,
1778,Ep 1778 - Flats Ki Renovation | Taarak Mehta Ka Ooltah Chashmah | Full Episode | तारक मेहता,https://www.youtube.com/watch?v=lSR8ocNnRdw,Found,11 Nov 2023,21:11,https://www.youtube.com/watch?v=RFJrKh7N48Q,
1779,Ep 1779 - Flats Ki Renovation | Taarak Mehta Ka Ooltah Chashmah | Full Episode | तारक मेहता,https://www.youtube.com/watch?v=ZVUOiTQRvZQ,Found,11 Nov 2023,20:09,https://www.youtube.com/watch?v=HGRlwQqCp_w,
1780,Ep 1780 - Flats Ki Renovation | Taarak Mehta Ka Ooltah Chashmah | Full Episode | तारक मेहता,https://www.youtube.com/watch?v=4sn-Im-ypeU,Found,11 Nov 2023,20:41,https://www.youtube.com/watch?v=Y2fIpda5VMI,
1781,Ep 1781 - Flats Ki Renovation | Taarak Mehta Ka Ooltah Chashmah | Full Episode | तारक मेहता,https://www.youtube.com/watch?v=m-2aFCLUm-s,Found,17 Nov 2023,21:05,https://www.youtube.com/watch?v=Fe89Mw_qdWY,
1782,Ep 1782 - Flats Ki Renovation | Taarak Mehta Ka Ooltah Chashmah | Full Episode | तारक मेहता,https://www.youtube.com/watch?v=wNB1ZwTgAOg,Found,12 Nov 2023,20:32,https://www.youtube.com/watch?v=pgI3yjkl4So,
1783,Ep 1783 - Flats Ki Renovation | Taarak Mehta Ka Ooltah Chashmah | Full Episode | तारक मेहता,https://www.youtube.com/watch?v=kHSf1gWDQdU,Found,12 Nov 2023,21:11,https://www.youtube.com/watch?v=VPqumMIVsRE,
1784,Ep 1784 - Flats Ki Renovation | Taarak Mehta Ka Ooltah Chashmah | Full Episode | तारक मेहता,https://www.youtube.com/watch?v=2qxnJxYEMtY,Found,12 Nov 2023,21:18,https://www.youtube.com/watch?v=LoXjHIE2IdA,
1785,Ep 1785 - Flats Ki Renovation | Taarak Mehta Ka Ooltah Chashmah | Full Episode | तारक मेहता,https://www.youtube.com/watch?v=lWbFbOiLYmc,Found,12 Nov 2023,21:38,https://www.youtube.com/watch?v=Rc4vDqK7M1k,
1786,Ep 1786 - Flats Ki Renovation | Taarak Mehta Ka Ooltah Chashmah | Full Episode | तारक मेहता,https://www.youtube.com/watch?v=bvpnJXtVlus,Found,12 Nov 2023,21:09,https://www.youtube.com/watch?v=fXBAaX4vcPE,
1787,Ep 1787 - Flats Ki Renovation | Taarak Mehta Ka Ooltah Chashmah | Full Episode | तारक मेहता,https://www.youtube.com/watch?v=rPIFtKM-Q3g,Found,12 Nov 2023,21:32,https://www.youtube.com/watch?v=HK1DaMgWTQM,
1788,Ep 1788 - Flats Ki Renovation | Taarak Mehta Ka Ooltah Chashmah | Full Episode | तारक मेहता,https://www.youtube.com/watch?v=GuC_C2IcUfM,Found,13 Nov 2023,19:47,https://www.youtube.com/watch?v=clbEm2SUtnU,
1789,Ep 1789 - Flats Ki Renovation | Taarak Mehta Ka Ooltah Chashmah | Full Episode | तारक मेहता,https://www.youtube.com/watch?v=AyIzRyiiMH4,Found,13 Nov 2023,20:59,https://www.youtube.com/watch?v=_HP2PQJJoVo,
1790,Ep 1790 - Flats Ki Renovation | Taarak Mehta Ka Ooltah Chashmah | Full Episode | तारक मेहता,https://www.youtube.com/watch?v=3mZDSmj90vE,Found,13 Nov 2023,21:37,https://www.youtube.com/watch?v=0Kw5ZsgAGLE,
1791,Ep 1791 - Flats Ki Renovation | Taarak Mehta Ka Ooltah Chashmah | Full Episode | तारक मेहता,https://www.youtube.com/watch?v=pJuC12PcgWM,Found,13 Nov 2023,21:19,https://www.youtube.com/watch?v=aaU1KrP13-I,
1792,Ep 1792 - Flats Ki Renovation | Taarak Mehta Ka Ooltah Chashmah | Full Episode | तारक मेहता,https://www.youtube.com/watch?v=Ls4vhrzutvA,Found,14 Nov 2023,22:16,https://www.youtube.com/watch?v=UjzcG0JIsFg,
1793,Ep 1793 - Flats Ki Renovation | Taarak Mehta Ka Ooltah Chashmah | Full Episode | तारक मेहता,https://www.youtube.com/watch?v=ifP5CNFPZbw,Found,14 Nov 2023,21:41,https://www.youtube.com/watch?v=IYVHg0hC_7s,
1794,Ep 1794 - Flats Ki Renovation | Taarak Mehta Ka Ooltah Chashmah | Full Episode | तारक मेहता,https://www.youtube.com/watch?v=G-a6Hi8NQSw,Found,14 Nov 2023,21:59,https://www.youtube.com/watch?v=rpj0UtkKGNc,
1795,Ep 1795 - Flats Ki Renovation | Taarak Mehta Ka Ooltah Chashmah | Full Episode | तारक मेहता,https://www.youtube.com/watch?v=S-hjyZmSoLg,Found,15 Nov 2023,20:57,https://www.youtube.com/watch?v=3dxksFE38w8,
1796,Ep 1796 - Flats Ki Renovation | Taarak Mehta Ka Ooltah Chashmah | Full Episode | तारक मेहता,https://www.youtube.com/watch?v=_bD_DW9rpXo,Found,15 Nov 2023,21:19,https://www.youtube.com/watch?v=3gT1XACZh8Q,
1797,Ep 1797 - Flats Ki Renovation | Taarak Mehta Ka Ooltah Chashmah | Full Episode | तारक मेहता,https://www.youtube.com/watch?v=l_zVHe90gAw,Found,15 Nov 2023,20:05,https://www.youtube.com/watch?v=7qg35ujeQzg,
1798,Ep 1798 - Flats Ki Renovation | Taarak Mehta Ka Ooltah Chashmah | Full Episode | तारक मेहता,https://www.youtube.com/watch?v=ccOQrHLDgO8,Found,16 Nov 2023,22:05,https://www.youtube.com/watch?v=ef1op2ZW1wM,
1799,Ep 1799 - Flats Ki Renovation | Taarak Mehta Ka Ooltah Chashmah | Full Episode | तारक मेहता,https://www.youtube.com/watch?v=B_SGaGN5hoo,Found,16 Nov 2023,20:48,https://www.youtube.com/watch?v=tD0iQVMMYXo,
1800,Ep 1800 - Flats Ki Renovation | Taarak Mehta Ka Ooltah Chashmah | Full Episode | तारक मेहता,https://www.youtube.com/watch?v=H7w8g_3-Oe8,Found,16 Nov 2023,20:16,https://www.youtube.com/watch?v=vePpuoxkT8w,
1801,"Taarak Mehta Ka Ooltah Chashmah - Full Episode 1801 - 7th March, 2019",https://www.youtube.com/watch?v=RJy28PWI1Lg,Found,21 Aug 2019,20:19,https://www.youtube.com/watch?v=gr7ABgA6UG8,
1802,Ep 1802 - Flats Ki Renovation | Taarak Mehta Ka Ooltah Chashmah | Full Episode | तारक मेहता,https://www.youtube.com/watch?v=CjUQ32XO03I,Found,17 Nov 2023,21:36,https://www.youtube.com/watch?v=UYkgO2GDoJE,
1803,Ep 1803 - Flats Ki Renovation | Taarak Mehta Ka Ooltah Chashmah | Full Episode | तारक मेहता,https://www.youtube.com/watch?v=Yi8qwttfMZw,Found,17 Nov 2023,23:00,https://www.youtube.com/watch?v=a_Ty7y5RhBM,
1804,Ep 1804 - Flats Ki Renovation | Taarak Mehta Ka Ooltah Chashmah | Full Episode | तारक मेहता,https://www.youtube.com/watch?v=x0r-y2kTjoY,Found,18 Nov 2023,21:17,https://www.youtube.com/watch?v=9FkHexugAhg,
1805,Ep 1805 - Flats Ki Renovation | Taarak Mehta Ka Ooltah Chashmah | Full Episode | तारक मेहता,https://www.youtube.com/watch?v=qjisfrnmQ3Q,Found,18 Nov 2023,21:36,https://www.youtube.com/watch?v=SroY2G6Ub58,
1806,Ep 1806 - Flats Ki Renovation | Taarak Mehta Ka Ooltah Chashmah | Full Episode | तारक मेहता,https://www.youtube.com/watch?v=yS3taRrl2Ms,Found,18 Nov 2023,21:35,https://www.youtube.com/watch?v=8ki2O98LQ5I,
1807,Ep 1807 - Ghar Pravesh | Taarak Mehta Ka Ooltah Chashmah | Full Episode | तारक मेहता,https://www.youtube.com/watch?v=hfQkWq4RFR4,Found,19 Nov 2023,20:29,,
1808,Ep 1808 - Flats Ki Renovation | Taarak Mehta Ka Ooltah Chashmah | Full Episode | तारक मेहता,https://www.youtube.com/watch?v=m7wXumJUn5U,Found,19 Nov 2023,21:14,https://www.youtube.com/watch?v=iWIk8S1jaOk,
1809,"Taarak Mehta Ka Ooltah Chashmah | तारक मेहता का उल्टा चश्मा | Episode 1809 | 12th March, 2021",https://www.youtube.com/watch?v=KHpYXlw14nk,Found,13 Mar 2021,20:23,https://www.youtube.com/watch?v=gcyJEg-x6Ug,
1810,Ep 1810 - Flats Ki Renovation | Taarak Mehta Ka Ooltah Chashmah | Full Episode | तारक मेहता,https://www.youtube.com/watch?v=A4y-xSlpdLI,Found,19 Nov 2023,20:33,,
1811,Ep 1811 - Theft In Gokuldham | Taarak Mehta Ka Ooltah Chashmah | Full Episode | तारक मेहता,https://www.youtube.com/watch?v=j0H5OFGkVog,Found,19 Aug 2024,21:41,,
1812,Ep 1812 - Theft In Gokuldham | Taarak Mehta Ka Ooltah Chashmah | Full Episode | तारक मेहता,https://www.youtube.com/watch?v=QU0Gnj3MGhY,Found,20 Nov 2023,21:48,,
1813,Ep 1813 - Theft In Gokuldham | Taarak Mehta Ka Ooltah Chashmah | Full Episode | तारक मेहता,https://www.youtube.com/watch?v=1qDOOt00pU0,Found,20 Nov 2023,20:58,,
1814,Ep 1814 - Theft In Gokuldham | Taarak Mehta Ka Ooltah Chashmah | Full Episode | तारक मेहता,https://www.youtube.com/watch?v=ur6_pZZ9ZtQ,Found,20 Nov 2023,22:17,,
1815,Ep 1815 - Theft In Gokuldham | Taarak Mehta Ka Ooltah Chashmah | Full Episode | तारक मेहता,https://www.youtube.com/watch?v=23g5QBF40WQ,Found,21 Nov 2023,21:54,,
1816,Ep 1816 - Theft In Gokuldham | Taarak Mehta Ka Ooltah Chashmah | Full Episode | तारक मेहता,https://www.youtube.com/watch?v=K_DJ_HcddOI,Found,21 Nov 2023,21:42,,
1817,Ep 1817 - Theft In Gokuldham | Taarak Mehta Ka Ooltah Chashmah | Full Episode | तारक मेहता,https://www.youtube.com/watch?v=HG9WL3qvIKI,Found,21 Nov 2023,21:58,,
1818,Ep 1818 - Theft In Gokuldham | Taarak Mehta Ka Ooltah Chashmah | Full Episode | तारक मेहता,https://www.youtube.com/watch?v=Qqxdw7lb3AE,Found,22 Nov 2023,21:49,,
1819,"तारक मेहता का उल्टा चश्मा -एपिसोड 1819 - 3 दिसंबर, 2015",https://www.youtube.com/watch?v=NIc0kZUyfts,Found,04 Dec 2015,20:14,https://www.youtube.com/watch?v=g3fmyfgV9Z8,
1820,Ep 1820 - Popatlal Bana Jethalal?! | Taarak Mehta Ka Ooltah Chashmah | Full Episode | तारक मेहता,https://www.youtube.com/watch?v=-Y_rVGymPY8,Found,22 Nov 2023,21:47,https://www.youtube.com/watch?v=KgSEOOUV7wY,
1821,Ep 1821 - Popatlal Bana Jethalal?! | Taarak Mehta Ka Ooltah Chashmah | Full Episode | तारक मेहता,https://www.youtube.com/watch?v=m39GGJrB8wE,Found,23 Nov 2023,22:12,https://www.youtube.com/watch?v=JufysW3JPuc,
1822,"तारक मेहता का उल्टा चश्मा - एपिसोड 1822 - 8 मार्च दिसंबर, 2015",https://www.youtube.com/watch?v=TD9Z4xn5HdM,Found,08 Dec 2015,21:01,https://www.youtube.com/watch?v=hBCMhKZ0DDU,
1823,Ep 1823 - Popatlal Bana Jethalal?! | Taarak Mehta Ka Ooltah Chashmah | Full Episode | तारक मेहता,https://www.youtube.com/watch?v=q1IUM0CofJ0,Found,23 Nov 2023,21:28,https://www.youtube.com/watch?v=PaWs9GcVVc0,
1824,Taarak Mehta Ka Ooltah Chashmah - Episode 1824 - Full Episode,https://www.youtube.com/watch?v=1MLgkjXe9GM,Found,22 Feb 2021,18:10,https://www.youtube.com/watch?v=ZvyiqJywMdw,
1825,Taarak Mehta Ka Ooltah Chashmah - Episode 1825 - Full Episode,https://www.youtube.com/watch?v=o6aIKDtR76s,Found,22 Feb 2021,21:00,https://www.youtube.com/watch?v=OKh0EmyQsm0,
1826,Ep 1826 - Popatlal Bana Jethalal?! | Taarak Mehta Ka Ooltah Chashmah | Full Episode | तारक मेहता,https://www.youtube.com/watch?v=r8RBgdkBpdo,Found,24 Nov 2023,19:11,,
1827,Ep 1827 - Taarak Mehta Ka Ooltah Chashmah | Full Episode | तारक मेहता का उल्टा चश्मा,https://www.youtube.com/watch?v=KKLmkJ5KOhA,Found,24 Nov 2023,20:21,https://www.youtube.com/watch?v=7zC45xZ7SHo,
1828,"Taarak Mehta Ka Ooltah Chashmah - Full Episode 1828 - 14th March, 2019",https://www.youtube.com/watch?v=WxvXh8USZXs,Found,14 Mar 2019,20:32,,
1829,"Taarak Mehta Ka Ooltah Chashmah - तारक मेहता - Episode 1829 - 17th December, 2015",https://www.youtube.com/watch?v=4s8NMSOATIE,Found,25 Nov 2023,18:23,https://www.youtube.com/watch?v=mOSQfcjDEH4,
1830,Ep 1830 - Babitaji Model?! | Taarak Mehta Ka Ooltah Chashmah | Full Episode | तारक मेहता,https://www.youtube.com/watch?v=jm3itl-VxWI,Found,25 Nov 2023,21:04,https://www.youtube.com/watch?v=WEMBidjcJdI,
1831,Ep 1831 - Babitaji Model?! | Taarak Mehta Ka Ooltah Chashmah | Full Episode | तारक मेहता,https://www.youtube.com/watch?v=zekDxUegTGI,Found,25 Nov 2023,21:02,https://www.youtube.com/watch?v=MkPJq2lS1IY,
1832,"Taarak Mehta Ka Ooltah Chashmah - Full Episode 1832 - 16th March, 2019",https://www.youtube.com/watch?v=e7ONcfyklKY,Found,16 Mar 2019,21:04,https://www.youtube.com/watch?v=l7v0OOMoJTY,
1833,Taarak Mehta Ka Ooltah Chashmah - Episode 1833 - Full Episode,https://www.youtube.com/watch?v=bTXC18h70Q4,Found,16 Aug 2021,19:54,https://www.youtube.com/watch?v=GVQNrYk2x_k,
1834,"Taarak Mehta Ka Ooltah Chashmah | तारक मेहता का उल्टा चश्मा | Episode 1834 | 18th January, 2021",https://www.youtube.com/watch?v=aq3mLe0KQT4,Found,19 Jan 2021,19:40,https://www.youtube.com/watch?v=sY8aXBkMRsM,
1835,"Taarak Mehta Ka Ooltah Chashmah - तारक मेहता - Episode 1835 - 25th December, 2015",https://www.youtube.com/watch?v=gQ8UZhHQU80,Found,26 Dec 2015,19:52,https://www.youtube.com/watch?v=nhyJ7udtQVY,
1836,Taarak Mehta Ka Ooltah Chashmah - Episode 1836 - Full Episode,https://www.youtube.com/watch?v=edPRROq3eZ8,Found,23 Feb 2021,18:50,https://www.youtube.com/watch?v=9CO9qPBYLzc,
1837,Ep 1837 - Babitaji Model?! | Taarak Mehta Ka Ooltah Chashmah | Full Episode | तारक मेहता,https://www.youtube.com/watch?v=NhooUM8bFFE,Found,26 Nov 2023,20:26,https://www.youtube.com/watch?v=7tQvdnusxNw,https://www.youtube.com/watch?v=ntOaSGXTjR4
1838,Ep 1838 - Babitaji Model?! | Taarak Mehta Ka Ooltah Chashmah | Full Episode | तारक मेहता,https://www.youtube.com/watch?v=SZ1xdefddAc,Found,26 Nov 2023,21:10,https://www.youtube.com/watch?v=0mfT2wtbC7o,
1839,"Taarak Mehta Ka Ooltah Chashmah - Full Episode 1839 - 19th March, 2019",https://www.youtube.com/watch?v=_EEtcl6ZR2A,Found,19 Mar 2019,21:02,https://www.youtube.com/watch?v=3JMs81d9y6I,
1840,"तारक मेहता का उल्टा चश्मा - एपिसोड 1840 - 1 जनवरी, 2016",https://www.youtube.com/watch?v=kuhBZzzIkkY,Found,02 Jan 2016,20:49,https://www.youtube.com/watch?v=Jj91_cLyj_Q,
1841,Ep 1841 - Babitaji Model?! | Taarak Mehta Ka Ooltah Chashmah | Full Episode | तारक मेहता,https://www.youtube.com/watch?v=PKhSOJBysbo,Found,26 Nov 2023,22:19,https://www.youtube.com/watch?v=FBvaE6iPThg,
1842,Ep 1842 - Babitaji Model?! | Taarak Mehta Ka Ooltah Chashmah | Full Episode | तारक मेहता,https://www.youtube.com/watch?v=c9bePFS2Ejk,Found,26 Nov 2023,21:19,https://www.youtube.com/watch?v=AJ6utD5OM9E,
1843,"तारक मेहता का उल्टा चश्मा - एपिसोड 1843 - 6 जनवरी, 2016",https://www.youtube.com/watch?v=0mdh1f6pnqA,Found,07 Jan 2016,20:14,https://www.youtube.com/watch?v=1sINTW2CUDc,
1844,Ep 1844 - Bhide Ki Istri! | Taarak Mehta Ka Ooltah Chashmah | Full Episode | तारक मेहता,https://www.youtube.com/watch?v=jKDlDensXmg,Found,27 Nov 2023,21:08,https://www.youtube.com/watch?v=GaFqKf2OkR4,
1845,"तारक मेहता का उल्टा चश्मा - एपिसोड 1845 - 8 मार्च जनवरी, 2016",https://www.youtube.com/watch?v=8Jthn8wmSbc,Found,09 Jan 2016,19:14,https://www.youtube.com/watch?v=Wa4cCt3AB4U,
1846,Ep 1846 - Bhide Ki Istri! | Taarak Mehta Ka Ooltah Chashmah | Full Episode | तारक मेहता,https://www.youtube.com/watch?v=n018k5GfELA,Found,27 Nov 2023,21:03,https://www.youtube.com/watch?v=loTQvRGQwSU,
1847,Ep 1847 - Bhide Ki Istri! | Taarak Mehta Ka Ooltah Chashmah | Full Episode | तारक मेहता,https://www.youtube.com/watch?v=inxSFAMCfGI,Found,28 Nov 2023,21:18,https://www.youtube.com/watch?v=3_JUt0fWot8,
1848,Ep 1848 - Bhide Ki Istri! | Taarak Mehta Ka Ooltah Chashmah | Full Episode | तारक मेहता,https://www.youtube.com/watch?v=Q3rOxjc00g0,Found,22 Feb 2024,21:03,https://www.youtube.com/watch?v=VfLb0Nuqfbs,
1849,Ep 1849 - Bhide Ki Istri! | Taarak Mehta Ka Ooltah Chashmah | Full Episode | तारक मेहता,https://www.youtube.com/watch?v=2jj5Y2fIJQs,Found,22 Feb 2024,21:59,https://www.youtube.com/watch?v=UPm9bYQ0PF0,
1850,"Taarak Mehta Ka Ooltah Chashmah | तारक मेहता का उल्टा चश्मा | Episode 1850 | 22th January, 2021",https://www.youtube.com/watch?v=Z2xdRHwODJo,Found,22 Jan 2021,20:25,https://www.youtube.com/watch?v=urFeP0ybZFs,
1851,Bhide's Irregular Student | Taarak Mehta Ka Ooltah Chashmah | Ep 1851 | Full Episode | 5 April 2022,https://www.youtube.com/watch?v=dJFd9WaK5I0,Found,05 Apr 2022,17:21,https://www.youtube.com/watch?v=cMzg5NecwAE,
1852,Ep 1852 - Tapu Sena Bunk College?! | Taarak Mehta Ka Ooltah Chashmah | Full Episode | तारक मेहता,https://www.youtube.com/watch?v=i8IC5Zvirn8,Found,29 Nov 2023,20:03,https://www.youtube.com/watch?v=tJx1FO32UDY,
1853,Ep 1853 - College Bunk! | Taarak Mehta Ka Ooltah Chashmah | Full Episode | तारक मेहता,https://www.youtube.com/watch?v=58zo6KKAmKo,Found,24 Feb 2024,21:22,https://www.youtube.com/watch?v=TStrChn4dCQ,
1854,Ep 1854 - Tapu Sena Bunk College?! | Taarak Mehta Ka Ooltah Chashmah | Full Episode | तारक मेहता,https://www.youtube.com/watch?v=zOa9RTRJXu0,Found,30 Nov 2023,20:25,https://www.youtube.com/watch?v=50WQDLFS-PU,
1855,Ep 1855 - Tapu Sena Bunk College?! | Taarak Mehta Ka Ooltah Chashmah | Full Episode | तारक मेहता,https://www.youtube.com/watch?v=rTimOrEhkZ8,Found,30 Nov 2023,21:42,https://www.youtube.com/watch?v=EgWAXPNQFw4,
1856,Ep 1856 - Tapu Sena Bunk College?! | Taarak Mehta Ka Ooltah Chashmah | Full Episode | तारक मेहता,https://www.youtube.com/watch?v=jgWiTPqcPyk,Found,01 Dec 2023,21:31,https://www.youtube.com/watch?v=tXKckVEZr98,
1857,Ep 1857 - Taarak Mehta Ka Ooltah Chashmah | Full Episode | तारक मेहता,https://www.youtube.com/watch?v=eq3AdOuNwPY,Found,01 Dec 2023,22:14,https://www.youtube.com/watch?v=R9yIcc6w3q4,
1858,Ep 1858 - Ek Cup Chai! | Taarak Mehta Ka Ooltah Chashmah | Full Episode | तारक मेहता,https://www.youtube.com/watch?v=w74_nxxwmFs,Found,19 Aug 2024,22:12,https://www.youtube.com/watch?v=L4FS2btRcR4,
1859,Ep 1859 - Ek Cup Chai! | Taarak Mehta Ka Ooltah Chashmah | Full Episode | तारक मेहता,https://www.youtube.com/watch?v=R9uwuhY7YKM,Found,02 Dec 2023,21:51,https://www.youtube.com/watch?v=gff5ffzIhUU,
1860,Ep 1860 - Ek Cup Chai! | Taarak Mehta Ka Ooltah Chashmah | Full Episode | तारक मेहता,https://www.youtube.com/watch?v=UFxLpsQ0dtQ,Found,02 Dec 2023,22:02,https://www.youtube.com/watch?v=pk4NcoCV0c0,
1861,Ep 1861 - Ek Cup Chai! | Taarak Mehta Ka Ooltah Chashmah | Full Episode | तारक मेहता,https://www.youtube.com/watch?v=OcjouQNJt78,Found,02 Dec 2023,22:43,https://www.youtube.com/watch?v=JS_la24q2g0,
1862,Ep 1862 - Ek Cup Chai! | Taarak Mehta Ka Ooltah Chashmah | Full Episode | तारक मेहता,https://www.youtube.com/watch?v=cjsKKquLx9M,Found,03 Dec 2023,21:24,https://www.youtube.com/watch?v=4XURCgvzMLc,
1863,Ep 1863 - Ek Cup Chai! | Taarak Mehta Ka Ooltah Chashmah | Full Episode | तारक मेहता,https://www.youtube.com/watch?v=Oq0xVeUmIIA,Found,03 Dec 2023,21:18,https://www.youtube.com/watch?v=dnm9HXsQXXg,
1864,Ep 1864 - Ek Cup Chai! | Taarak Mehta Ka Ooltah Chashmah | Full Episode | तारक मेहता,https://www.youtube.com/watch?v=lbzJ5dGCsf0,Found,03 Dec 2023,21:52,https://www.youtube.com/watch?v=7CZ7wz2WkLc,
1865,Ep 1865 - Taarak Mehta Ka Ooltah Chashmah | Full Episode | तारक मेहता,https://www.youtube.com/watch?v=k0ObScjeIz0,Found,03 Dec 2023,20:46,,
1866,Ep 1866 - Taarak Mehta Ka Ooltah Chashmah | Full Episode | तारक मेहता,https://www.youtube.com/watch?v=iye2LVK_CoU,Found,03 Dec 2023,20:57,https://www.youtube.com/watch?v=gw5EB8_bw74,
1867,Ep 1867 - Taarak Mehta Ka Ooltah Chashmah | Full Episode | तारक मेहता,https://www.youtube.com/watch?v=dl0IMAzgoKY,Found,03 Dec 2023,20:47,https://www.youtube.com/watch?v=5cbeHg8JjiE,
1868,Ep 1868 - Bhide Bana Crorepati?! | Taarak Mehta Ka Ooltah Chashmah | Full Episode | तारक मेहता,https://www.youtube.com/watch?v=hLU5rTB4e0w,Found,04 Dec 2023,21:12,https://www.youtube.com/watch?v=3V8ATVy1Dv8,
1869,Ep 1869 - Bhide Bana Crorepati?! | Taarak Mehta Ka Ooltah Chashmah | Full Episode | तारक मेहता,https://www.youtube.com/watch?v=idx2PGdavjY,Found,04 Dec 2023,21:06,https://www.youtube.com/watch?v=GqTcqPWsl7Y,
1870,Ep 1870 - Bhide Bana Crorepati?! | Taarak Mehta Ka Ooltah Chashmah | Full Episode | तारक मेहता,https://www.youtube.com/watch?v=Hy19bl-VIyU,Found,04 Dec 2023,19:53,https://www.youtube.com/watch?v=wNMylRSV_E8,
1871,Ep 1871 - Bhide Bana Crorepati?! | Taarak Mehta Ka Ooltah Chashmah | Full Episode | तारक मेहता,https://www.youtube.com/watch?v=PyAVxBrCE3w,Found,05 Dec 2023,21:29,https://www.youtube.com/watch?v=JGPkKXY04Ew,
1872,Ep 1872 - Bhide Bana Crorepati?! | Taarak Mehta Ka Ooltah Chashmah | Full Episode | तारक मेहता,https://www.youtube.com/watch?v=GSvmtFnEHlk,Found,05 Dec 2023,21:38,https://www.youtube.com/watch?v=KfyEvm6OZwM,
1873,Ep 1873 - Bhide Bana Crorepati?! | Taarak Mehta Ka Ooltah Chashmah | Full Episode | तारक मेहता,https://www.youtube.com/watch?v=zgI-ABpIX8s,Found,05 Dec 2023,21:31,https://www.youtube.com/watch?v=o_61QlayAVk,
1874,Ep 1874 - Bhide Bana Crorepati?! | Taarak Mehta Ka Ooltah Chashmah | Full Episode | तारक मेहता,https://www.youtube.com/watch?v=7E9JKEbjFjs,Found,06 Dec 2023,20:33,https://www.youtube.com/watch?v=TPh09Ba0Ye4,
1875,Ep 1875 - Bhide Bana Crorepati?! | Taarak Mehta Ka Ooltah Chashmah | Full Episode | तारक मेहता,https://www.youtube.com/watch?v=IxfPWD9M0y0,Found,06 Dec 2023,21:23,https://www.youtube.com/watch?v=7ypMGXAE0ws,
1876,Ep 1876 - Bhide Bana Crorepati?! | Taarak Mehta Ka Ooltah Chashmah | Full Episode | तारक मेहता,https://www.youtube.com/watch?v=KvNfb4QtFxs,Found,06 Dec 2023,21:22,https://www.youtube.com/watch?v=34nRKXoI7_w,
1877,Ep 1877 - Bhide Bana Crorepati?! | Taarak Mehta Ka Ooltah Chashmah | Full Episode | तारक मेहता,https://www.youtube.com/watch?v=_NGYOynSImw,Found,07 Dec 2023,20:38,https://www.youtube.com/watch?v=tsliF3ZrMZM,
1878,Ep 1878 - Bhide Bana Crorepati?! | Taarak Mehta Ka Ooltah Chashmah | Full Episode | तारक मेहता,https://www.youtube.com/watch?v=5Hn9qisU97s,Found,07 Dec 2023,21:40,https://www.youtube.com/watch?v=pdwKfuNLa7c,
1879,Ep 1879 - Bhide Bana Crorepati?! | Taarak Mehta Ka Ooltah Chashmah | Full Episode | तारक मेहता,https://www.youtube.com/watch?v=ua5j3ZAgEhA,Found,07 Dec 2023,21:37,https://www.youtube.com/watch?v=HgwjpBisU7s,
1880,Ep 1880 - Bhide Bana Crorepati?! | Taarak Mehta Ka Ooltah Chashmah | Full Episode | तारक मेहता,https://www.youtube.com/watch?v=mdIisaga3Iw,Found,08 Dec 2023,21:18,https://www.youtube.com/watch?v=rpkk5Bpgpt0,
1881,Ep 1881 - Bhide Bana Crorepati?! | Taarak Mehta Ka Ooltah Chashmah | Full Episode | तारक मेहता,https://www.youtube.com/watch?v=9-YmSaYU3bE,Found,08 Dec 2023,22:29,https://www.youtube.com/watch?v=OO6sdLML2Fs,
1882,Ep 1882 - Bhide Bana Crorepati?! | Taarak Mehta Ka Ooltah Chashmah | Full Episode | तारक मेहता,https://www.youtube.com/watch?v=176g0sCrzjQ,Found,08 Dec 2023,21:58,https://www.youtube.com/watch?v=eOQOqwkv0KU,
1883,Ep 1883 - Bhide Bana Crorepati?! | Taarak Mehta Ka Ooltah Chashmah | Full Episode | तारक मेहता,https://www.youtube.com/watch?v=QkzySVWcvrg,Found,09 Dec 2023,22:43,https://www.youtube.com/watch?v=3JOIUZUNrvk,
1884,Ep 1884 - Bhide Bana Crorepati?! | Taarak Mehta Ka Ooltah Chashmah | Full Episode | तारक मेहता,https://www.youtube.com/watch?v=GBzzHhlWdIs,Found,09 Dec 2023,20:35,https://www.youtube.com/watch?v=b1UPBSfLNfM,
1885,Ep 1885 - Bhide Bana Crorepati?! | Taarak Mehta Ka Ooltah Chashmah | Full Episode | तारक मेहता,https://www.youtube.com/watch?v=72qJsqRWPqM,Found,09 Dec 2023,22:11,https://www.youtube.com/watch?v=DYl8AlWCbQM,
1886,"तारक मेहता का उल्टा चश्मा -  एपिसोड 1886 - 7 मार्च, 2016",https://www.youtube.com/watch?v=Nx7SdTlfgO8,Found,07 Mar 2016,21:27,https://www.youtube.com/watch?v=aKMKvvspvxM,
1887,Ep 1887 - Bhide Bana Crorepati?! | Taarak Mehta Ka Ooltah Chashmah | Full Episode | तारक मेहता,https://www.youtube.com/watch?v=1zvORJAJfx0,Found,10 Dec 2023,22:08,https://www.youtube.com/watch?v=T1LS3_nBqQY,
1888,Ep 1888 - Taarak Mehta Ka Ooltah Chashmah | Full Episode | तारक मेहता,https://www.youtube.com/watch?v=itoLsTz5D7g,Found,10 Dec 2023,21:39,https://www.youtube.com/watch?v=zEarQFAZlpk,
1889,Ep 1889 - Taarak Mehta Ka Ooltah Chashmah | Full Episode | तारक मेहता,https://www.youtube.com/watch?v=hxe8AdG334I,Found,10 Dec 2023,21:11,https://www.youtube.com/watch?v=EXPdCBkXiIM,
1890,Ep 1890 - Taarak Mehta Ka Ooltah Chashmah | Full Episode | तारक मेहता,https://www.youtube.com/watch?v=umPVyEj6mvg,Found,10 Dec 2023,21:01,https://www.youtube.com/watch?v=W1kOcWpAtQI,
1891,Ep 1891 - Taarak Mehta Ka Ooltah Chashmah | Full Episode | तारक मेहता,https://www.youtube.com/watch?v=H6MZwLLGw0Q,Found,11 Dec 2023,21:10,https://www.youtube.com/watch?v=ozpgWUdixVw,
1892,Ep 1892 - Taarak Mehta Ka Ooltah Chashmah | Full Episode | तारक मेहता,https://www.youtube.com/watch?v=MZInDcai25A,Found,11 Dec 2023,19:58,https://www.youtube.com/watch?v=UjeZWBs1RSE,
1893,Ep 1893 - Taarak Mehta Ka Ooltah Chashmah | Full Episode | तारक मेहता,https://www.youtube.com/watch?v=J3r0q1HSvdc,Found,11 Dec 2023,21:20,https://www.youtube.com/watch?v=uMi79NQFtGQ,
1894,Ep 1894 - Taarak Mehta Ka Ooltah Chashmah | Full Episode | तारक मेहता,https://www.youtube.com/watch?v=4XqB-27ui8o,Found,12 Dec 2023,21:18,https://www.youtube.com/watch?v=i0x0KO19vlg,
1895,Ep 1895 - Taarak Mehta Ka Ooltah Chashmah | Full Episode | तारक मेहता,https://www.youtube.com/watch?v=6ocGCoXhfqo,Found,12 Dec 2023,20:20,https://www.youtube.com/watch?v=S3XgtVqIejc,
1896,Ep 1896 - Taarak Mehta Ka Ooltah Chashmah | Full Episode | तारक मेहता,https://www.youtube.com/watch?v=0e5bJXEF8ds,Found,12 Dec 2023,20:51,https://www.youtube.com/watch?v=4rUtaaitzlw,
1897,Ep 1897 - Taarak Mehta Ka Ooltah Chashmah | Full Episode | तारक मेहता,https://www.youtube.com/watch?v=2IZd-v-57oc,Found,13 Dec 2023,21:46,https://www.youtube.com/watch?v=skRxvI2Q4Zg,
1898,Ep 1898 - Taarak Mehta Ka Ooltah Chashmah | Full Episode | तारक मेहता,https://www.youtube.com/watch?v=IAE3oZbgQ6Q,Found,13 Dec 2023,21:37,https://www.youtube.com/watch?v=vASyJ7Gyxac,
1899,Ep 1899 - Taarak Mehta Ka Ooltah Chashmah | Full Episode | तारक मेहता,https://www.youtube.com/watch?v=DRaF0oAOHuA,Found,13 Dec 2023,22:06,https://www.youtube.com/watch?v=BuXl4zsU2cA,
1900,Ep 1900 - Taarak Mehta Ka Ooltah Chashmah | Full Episode | तारक मेहता,https://www.youtube.com/watch?v=STbRc_dsoD8,Found,14 Dec 2023,20:40,https://www.youtube.com/watch?v=JDMp2MqCST8,
1901,"तारक मेहता का उल्टा चश्मा - एपिसोड 1901 - 28  मार्च, 2016",https://www.youtube.com/watch?v=P6miBUhzI5E,Found,28 Mar 2016,20:13,https://www.youtube.com/watch?v=vBGAz3fIwvM,
1902,Ep 1902 - Gogi's Exam | Taarak Mehta Ka Ooltah Chashmah | Full Episode | तारक मेहता,https://www.youtube.com/watch?v=wCz0geuvuZA,Found,14 Dec 2023,21:19,https://www.youtube.com/watch?v=HHJMx_gNI84,
1903,Ep 1903 - Gogi's Exam | Taarak Mehta Ka Ooltah Chashmah | Full Episode | तारक मेहता,https://www.youtube.com/watch?v=HOuDWNpzRo0,Found,14 Dec 2023,21:42,https://www.youtube.com/watch?v=1pa7gWM85Y0,
1904,Ep 1904 - Gogi's Exam | Taarak Mehta Ka Ooltah Chashmah | Full Episode | तारक मेहता,https://www.youtube.com/watch?v=rrff9xvxHlw,Found,15 Dec 2023,21:38,https://www.youtube.com/watch?v=K03ixuxaZ9s,
1905,Ep 1905 - Gogi's Exam | Taarak Mehta Ka Ooltah Chashmah | Full Episode | तारक मेहता,https://www.youtube.com/watch?v=FtDFL_HDtzI,Found,15 Dec 2023,22:06,https://www.youtube.com/watch?v=8m13GDQE1Q4,
1906,"Taarak Mehta Ka Ooltah Chashmah - Full Episode 1906 (Part 1) - 13th February, 2019",https://www.youtube.com/watch?v=itCAsQH2Hlo,Found,21 Aug 2019,21:25,https://www.youtube.com/watch?v=ie0iQHTMrNk,
1907,Ep 1907 - Gogi's Exam | Taarak Mehta Ka Ooltah Chashmah | Full Episode | तारक मेहता,https://www.youtube.com/watch?v=gpnKwQfi3v8,Found,16 Dec 2023,21:40,https://www.youtube.com/watch?v=trrOshNJyWk,
1908,Ep 1908 - Gogi's Exam | Taarak Mehta Ka Ooltah Chashmah | Full Episode | तारक मेहता,https://www.youtube.com/watch?v=wMuXmuFY21w,Found,16 Dec 2023,21:11,https://www.youtube.com/watch?v=ZKksdY7uLi0,
1909,Ep 1909 - Iyer Aur Babita Ka Divorce?! | Taarak Mehta Ka Ooltah Chashmah | Full Episode | तारक मेहता,https://www.youtube.com/watch?v=_ioX85LT4LE,Found,16 Dec 2023,18:58,https://www.youtube.com/watch?v=XjmeScrHRMs,
1910,Ep 1910 - Iyer Aur Babita Ka Divorce?! | Taarak Mehta Ka Ooltah Chashmah | Full Episode | तारक मेहता,https://www.youtube.com/watch?v=c2sx5bZxobg,Found,17 Dec 2023,21:27,https://www.youtube.com/watch?v=oO5uct4Kabk,
1911,Ep 1911 - Iyer Aur Babita Ka Divorce?! | Taarak Mehta Ka Ooltah Chashmah | Full Episode | तारक मेहता,https://www.youtube.com/watch?v=Q9wC2RWgIro,Found,17 Dec 2023,22:20,https://www.youtube.com/watch?v=U81OEtDBTpo,
1912,Ep 1912 - Iyer Aur Babita Ka Divorce?! | Taarak Mehta Ka Ooltah Chashmah | Full Episode | तारक मेहता,https://www.youtube.com/watch?v=7k5qF5ma4jc,Found,17 Dec 2023,20:43,https://www.youtube.com/watch?v=9SKRA71Q0G4,https://www.youtube.com/watch?v=MQd4H3CfaY8
1913,"Taarak Mehta Ka Ooltah Chashmah - Full Episode 1913 - 25th March, 2019",https://www.youtube.com/watch?v=LboZHr6BDGo,Found,25 Mar 2019,21:04,https://www.youtube.com/watch?v=oj-GZjtlyuI,
1914,Ep 1914 - Iyer Aur Babita Ka Divorce?! | Taarak Mehta Ka Ooltah Chashmah | Full Episode | तारक मेहता,https://www.youtube.com/watch?v=ta80k9Nt-LU,Found,17 Dec 2023,21:07,https://www.youtube.com/watch?v=mQziP7c35E4,
1915,Ep 1915 - Iyer Aur Babita Ka Divorce?! | Taarak Mehta Ka Ooltah Chashmah | Full Episode | तारक मेहता,https://www.youtube.com/watch?v=gTS1iz876OE,Found,17 Dec 2023,21:30,https://www.youtube.com/watch?v=B7MTqLXH6yc,
1916,Ep 1916 - Iyer Aur Babita Ka Divorce?! | Taarak Mehta Ka Ooltah Chashmah | Full Episode | तारक मेहता,https://www.youtube.com/watch?v=DkelQKEWRwU,Found,18 Dec 2023,20:44,https://www.youtube.com/watch?v=15dRS5u4ujM,
1917,Ep 1917 - Iyer Aur Babita Ka Divorce?! | Taarak Mehta Ka Ooltah Chashmah | Full Episode | तारक मेहता,https://www.youtube.com/watch?v=gSHtlTZOOW4,Found,18 Dec 2023,19:39,https://www.youtube.com/watch?v=NR_DHWOGOAA,
1918,Ep 1918 - Iyer Aur Babita Ka Divorce?! | Taarak Mehta Ka Ooltah Chashmah | Full Episode | तारक मेहता,https://www.youtube.com/watch?v=4z0QjGLJPOE,Found,18 Dec 2023,20:16,https://www.youtube.com/watch?v=7J5ykwNqK_U,
1919,Ep 1919 - Iyer Aur Babita Ka Divorce?! | Taarak Mehta Ka Ooltah Chashmah | Full Episode | तारक मेहता,https://www.youtube.com/watch?v=oLHivRyXzE8,Found,19 Dec 2023,20:30,https://www.youtube.com/watch?v=vhQxN27AbPA,
1920,Ep 1920 - Iyer Aur Babita Ka Divorce?! | Taarak Mehta Ka Ooltah Chashmah | Full Episode | तारक मेहता,https://www.youtube.com/watch?v=BIfPoBa3bs8,Found,19 Dec 2023,20:42,https://www.youtube.com/watch?v=WTS9zmpUmY0,
1921,Ep 1921 - Iyer Aur Babita Ka Divorce?! | Taarak Mehta Ka Ooltah Chashmah | Full Episode | तारक मेहता,https://www.youtube.com/watch?v=zWpXBAbb0hk,Found,19 Dec 2023,22:18,https://www.youtube.com/watch?v=85bUGhan438,
1922,"Taarak Mehta Ka Ooltah Chashmah - Full Episode 1922 - 29th March, 2019",https://www.youtube.com/watch?v=ZA_ygrlqb_s,Found,29 Mar 2019,19:49,https://www.youtube.com/watch?v=gVKechpNf6c,
1923,Ep 1923 - Iyer Aur Babita Ka Divorce?! | Taarak Mehta Ka Ooltah Chashmah | Full Episode | तारक मेहता,https://www.youtube.com/watch?v=yxrwG99ZsWY,Found,20 Dec 2023,21:41,https://www.youtube.com/watch?v=5Fp_Sf9XTOw,
1924,Ep 1924 - Iyer Aur Babita Ka Divorce?! | Taarak Mehta Ka Ooltah Chashmah | Full Episode | तारक मेहता,https://www.youtube.com/watch?v=h_7JsUwMXy8,Found,20 Dec 2023,21:00,https://www.youtube.com/watch?v=QpUKy2X7PFE,
1925,Ep 1925 - Iyer Aur Babita Ka Divorce?! | Taarak Mehta Ka Ooltah Chashmah | Full Episode | तारक मेहता,https://www.youtube.com/watch?v=GAznAyaVF5w,Found,21 Dec 2023,21:52,https://www.youtube.com/watch?v=j9ZTEMHz35c,
1926,Ep 1926 - Iyer Aur Babita Ka Divorce?! | Taarak Mehta Ka Ooltah Chashmah | Full Episode | तारक मेहता,https://www.youtube.com/watch?v=K_tlKCYKYqw,Found,21 Dec 2023,21:33,https://www.youtube.com/watch?v=C_Oo2ZmRvvU,
1927,"तारक मेहता का उल्टा चश्मा - एपिसोड 1927 - 2  मई, 2016",https://www.youtube.com/watch?v=ieWjmP78lAo,Found,02 May 2016,19:49,https://www.youtube.com/watch?v=dDmJa3GjILQ,
1928,Ep 1928 - Iyer Aur Babita Ka Divorce?! | Taarak Mehta Ka Ooltah Chashmah | Full Episode | तारक मेहता,https://www.youtube.com/watch?v=iVDbLHChbRk,Found,22 Dec 2023,21:16,https://www.youtube.com/watch?v=RHwCRKdxMWY,
1929,Ep 1929 - Iyer Aur Babita Ka Divorce?! | Taarak Mehta Ka Ooltah Chashmah | Full Episode | तारक मेहता,https://www.youtube.com/watch?v=Sfr54RuvFXM,Found,22 Dec 2023,21:16,https://www.youtube.com/watch?v=W189hTsvsjw,
1930,Ep 1930 - Iyer Aur Babita Ka Divorce?! | Taarak Mehta Ka Ooltah Chashmah | Full Episode | तारक मेहता,https://www.youtube.com/watch?v=mTQBWIx8XhQ,Found,22 Dec 2023,21:11,https://www.youtube.com/watch?v=_Tyb9bGvUtU,
1931,Ep 1931 - Iyer Aur Babita Ka Divorce?! | Taarak Mehta Ka Ooltah Chashmah | Full Episode | तारक मेहता,https://www.youtube.com/watch?v=X3P0h1mV2P8,Found,23 Dec 2023,21:11,https://www.youtube.com/watch?v=VL5nrntsmag,
1932,Ep 1932 - Iyer Aur Babita Ka Divorce?! | Taarak Mehta Ka Ooltah Chashmah | Full Episode | तारक मेहता,https://www.youtube.com/watch?v=EfVDakhuQVE,Found,23 Dec 2023,21:16,https://www.youtube.com/watch?v=SJ63klfl66w,
1933,Ep 1933 - Iyer Aur Babita Ka Divorce?! | Taarak Mehta Ka Ooltah Chashmah | Full Episode | तारक मेहता,https://www.youtube.com/watch?v=3fZrU9Vv7ds,Found,23 Dec 2023,21:07,https://www.youtube.com/watch?v=W1_tRv3qPPU,
1934,Ep 1934 - Iyer Aur Babita Ka Divorce?! | Taarak Mehta Ka Ooltah Chashmah | Full Episode | तारक मेहता,https://www.youtube.com/watch?v=t28trVct6F0,Found,24 Dec 2023,19:40,https://www.youtube.com/watch?v=HT_d9sJ2gTQ,
1935,Ep 1935 - Iyer Aur Babita Ka Divorce?! | Taarak Mehta Ka Ooltah Chashmah | Full Episode | तारक मेहता,https://www.youtube.com/watch?v=x3QXNu3mxoo,Found,24 Dec 2023,20:12,https://www.youtube.com/watch?v=MIhZGek8bhw,
1936,"तारक मेहता का उल्टा चश्मा - एपिसोड 1936 - 13  मई, 2016",https://www.youtube.com/watch?v=sp9uwYYIImo,Found,14 May 2016,20:21,https://www.youtube.com/watch?v=x5BI7KeQ5Sk,
1937,Ep 1937 - Madhavi Ka Aam Ka Business?! | Taarak Mehta Ka Ooltah Chashmah | Full Episode | तारक मेहता,https://www.youtube.com/watch?v=VbM0Q4MQ5n4,Found,25 Dec 2023,21:12,https://www.youtube.com/watch?v=gZh8fxgu7tQ,
1938,Ep 1938 - Madhavi Ka Aam Ka Business?! | Taarak Mehta Ka Ooltah Chashmah | Full Episode | तारक मेहता,https://www.youtube.com/watch?v=nqjRIZYd0YI,Found,25 Dec 2023,21:03,https://www.youtube.com/watch?v=GTCZ2Tpr0uU,
1939,Ep 1939 - Madhavi Ka Aam Ka Business?! | Taarak Mehta Ka Ooltah Chashmah | Full Episode | तारक मेहता,https://www.youtube.com/watch?v=tt80HLaGlw0,Found,25 Dec 2023,20:53,https://www.youtube.com/watch?v=fbmtGoFfWKw,
1940,Ep 1940 - Madhavi Ka Aam Ka Business?! | Taarak Mehta Ka Ooltah Chashmah | Full Episode | तारक मेहता,https://www.youtube.com/watch?v=YucaX2Sa-DA,Found,26 Dec 2023,21:24,,
1941,"Taarak Mehta Ka Ooltah Chashmah - Full Episode 1941 - 7th April, 2019",https://www.youtube.com/watch?v=iHECMfi_loo,Found,07 Apr 2019,20:52,https://www.youtube.com/watch?v=EbT0lQxmGgg,
1942,Ep 1942 - Madhavi Ka Aam Ka Business?! | Taarak Mehta Ka Ooltah Chashmah | Full Episode | तारक मेहता,https://www.youtube.com/watch?v=u3ihqrsMYiI,Found,26 Dec 2023,20:53,https://www.youtube.com/watch?v=n8xoIzb31m4,
1943,Ep 1943 - Madhavi Ka Aam Ka Business?! | Taarak Mehta Ka Ooltah Chashmah | Full Episode | तारक मेहता,https://www.youtube.com/watch?v=uwhTOBFo2MI,Found,27 Dec 2023,21:22,https://www.youtube.com/watch?v=PUS9AE3i6fg,
1944,Ep 1944 - Madhavi Ka Aam Ka Business?! | Taarak Mehta Ka Ooltah Chashmah | Full Episode | तारक मेहता,https://www.youtube.com/watch?v=X5uxc9o-vQY,Found,27 Dec 2023,21:39,https://www.youtube.com/watch?v=BtnjElAO_n4,
1945,"Taarak Mehta Ka Ooltah Chashmah - Full Episode 1945 - 9th April, 2019",https://www.youtube.com/watch?v=I00JoDGLmdQ,Found,09 Apr 2019,20:10,https://www.youtube.com/watch?v=CB_KSxohkxs,
1946,Ep 1946 - Madhavi Ka Aam Ka Business?! | Taarak Mehta Ka Ooltah Chashmah | Full Episode | तारक मेहता,https://www.youtube.com/watch?v=I_yyZP1JvkU,Found,28 Dec 2023,21:24,https://www.youtube.com/watch?v=auqF8SNWHzg,
1947,"Taarak Mehta Ka Ooltah Chashmah - Full Episode 1947 - 10th April, 2019",https://www.youtube.com/watch?v=mEGgxZBEZFQ,Found,10 Apr 2019,20:15,https://www.youtube.com/watch?v=1FM8ZPPfhpo,
1948,Ep 1948 - Gogi Ka Result?! | Taarak Mehta Ka Ooltah Chashmah | Full Episode | तारक मेहता,https://www.youtube.com/watch?v=hOnm6l2aGXw,Found,28 Dec 2023,19:04,https://www.youtube.com/watch?v=AwOAFA2IQz8,
1949,Ep 1949 - Bagha Bawri Ki Engagement?! | Taarak Mehta Ka Ooltah Chashmah | Full Episode | तारक मेहता,https://www.youtube.com/watch?v=Ux-CpnIVX0U,Found,29 Dec 2023,20:08,https://www.youtube.com/watch?v=lIxpTgBzIz8,https://www.youtube.com/watch?v=8R2ONjY5jCM
1950,Ep 1950 - Bagha Bawri Ki Engagement?! | Taarak Mehta Ka Ooltah Chashmah | Full Episode | तारक मेहता,https://www.youtube.com/watch?v=qdF6sya7ukw,Found,29 Dec 2023,21:40,https://www.youtube.com/watch?v=rZsfEJ49tyY,
1951,Ep 1951 - Bagha Bawri Ki Engagement?! | Taarak Mehta Ka Ooltah Chashmah | Full Episode | तारक मेहता,https://www.youtube.com/watch?v=jBMOjDPRESg,Found,29 Dec 2023,19:55,https://www.youtube.com/watch?v=hJxIo8Uu9sI,
1952,Ep 1952 - Bagha Bawri Ki Engagement?! | Taarak Mehta Ka Ooltah Chashmah | Full Episode | तारक मेहता,https://www.youtube.com/watch?v=pfjBIJqVqzY,Found,30 Dec 2023,21:10,https://www.youtube.com/watch?v=3UzZGR00Q6k,
1953,Ep 1953 - Bagha Bawri Ki Engagement?! | Taarak Mehta Ka Ooltah Chashmah | Full Episode | तारक मेहता,https://www.youtube.com/watch?v=w0UZwIJvtvc,Found,30 Dec 2023,20:54,https://www.youtube.com/watch?v=BFavCNbriak,
1954,Ep 1954 - Bagha Bawri Ki Engagement?! | Taarak Mehta Ka Ooltah Chashmah | Full Episode | तारक मेहता,https://www.youtube.com/watch?v=P3tdgXksBtk,Found,30 Dec 2023,21:19,https://www.youtube.com/watch?v=2aRQ4Gc8S0U,https://www.youtube.com/watch?v=uMqvQVvfrng
1955,Ep 1955 - Bagha Bawri Ki Engagement?! | Taarak Mehta Ka Ooltah Chashmah | Full Episode | तारक मेहता,https://www.youtube.com/watch?v=qPnt4vgB16E,Found,31 Dec 2023,21:39,https://www.youtube.com/watch?v=kldlRpBl_S4,
1956,Ep 1956 - Bagha Bawri Ki Engagement?! | Taarak Mehta Ka Ooltah Chashmah | Full Episode | तारक मेहता,https://www.youtube.com/watch?v=-MJ9tQY8ufU,Found,31 Dec 2023,21:09,https://www.youtube.com/watch?v=lDMLzfi68OU,
1957,"Taarak Mehta Ka Ooltah Chashmah - Full Episode 1957 - 15th April, 2019",https://www.youtube.com/watch?v=wjPc8BODvds,Found,15 Apr 2019,20:37,https://www.youtube.com/watch?v=PmoofFZbApQ,
1958,Ep 1958 - Bagha Bawri Ki Engagement?! | Taarak Mehta Ka Ooltah Chashmah | Full Episode | तारक मेहता,https://www.youtube.com/watch?v=qdKaz1rlCSg,Found,19 Aug 2024,21:16,https://www.youtube.com/watch?v=W39wjU7i0KE,
1959,Ep 1959 - Bagha Bawri Ki Engagement?! | Taarak Mehta Ka Ooltah Chashmah | Full Episode | तारक मेहता,https://www.youtube.com/watch?v=1QxOlyT3c1Y,Found,31 Dec 2023,21:48,https://www.youtube.com/watch?v=8HvCiqJsGTs,
1960,Ep 1960 - Bagha Bawri Ki Engagement?! | Taarak Mehta Ka Ooltah Chashmah | Full Episode | तारक मेहता,https://www.youtube.com/watch?v=gLm--JgOaYA,Found,31 Dec 2023,21:43,https://www.youtube.com/watch?v=V4odEe3JDgk,
1961,Ep 1961 - Bagha Bawri Ki Engagement?! | Taarak Mehta Ka Ooltah Chashmah | Full Episode | तारक मेहता,https://www.youtube.com/watch?v=zzh3IuZ45q4,Found,01 Jan 2024,21:19,https://www.youtube.com/watch?v=ypfZz9cuFfc,
1962,Ep 1962 - Bagha Bawri Ki Engagement?! | Taarak Mehta Ka Ooltah Chashmah | Full Episode | तारक मेहता,https://www.youtube.com/watch?v=FJFTHl4kjZI,Found,01 Jan 2024,21:12,https://www.youtube.com/watch?v=FCXkfghDQn8,
1963,Ep 1963 - Society Renovation! | Taarak Mehta Ka Ooltah Chashmah | Full Episode | तारक मेहता,https://www.youtube.com/watch?v=X2Crs9xxjuI,Found,01 Jan 2024,21:07,https://www.youtube.com/watch?v=ZTozbWdVu48,https://www.youtube.com/watch?v=bWjgldG57yc
1964,Ep 1964 - Society Renovation! | Taarak Mehta Ka Ooltah Chashmah | Full Episode | तारक मेहता,https://www.youtube.com/watch?v=Ngx9PexcyMQ,Found,02 Jan 2024,21:10,https://www.youtube.com/watch?v=O4iIDAd_Sew,
1965,Ep 1965 - Society Renovation! | Taarak Mehta Ka Ooltah Chashmah | Full Episode | तारक मेहता,https://www.youtube.com/watch?v=0EfQZui1k_Y,Found,02 Jan 2024,21:26,https://www.youtube.com/watch?v=82qFnK8d4Qw,
1966,Ep 1966 - Society Renovation! | Taarak Mehta Ka Ooltah Chashmah | Full Episode | तारक मेहता,https://www.youtube.com/watch?v=YQE9jndWA2s,Found,02 Jan 2024,21:46,https://www.youtube.com/watch?v=Gry6rjW0R1M,
1967,Ep 1967 - Society Renovation! | Taarak Mehta Ka Ooltah Chashmah | Full Episode | तारक मेहता,https://www.youtube.com/watch?v=Yv91zs9tTHQ,Found,03 Jan 2024,20:38,https://www.youtube.com/watch?v=atAJlDUhOtU,
1968,"Taarak Mehta Ka Ooltah Chashmah - तारक मेहता - Episode 1968 - 28th June, 2016",https://www.youtube.com/watch?v=P9T2whZ_-a4,Found,25 Sep 2016,40:05,https://www.youtube.com/watch?v=Tye8oZKNino,
1969,"Taarak Mehta Ka Ooltah Chashmah - Full Episode 1969 - 22nd April, 2019",https://www.youtube.com/watch?v=OUShfZ4TWi8,Found,22 Apr 2019,19:00,https://www.youtube.com/watch?v=mK9AMejO0Tc,
1970,Ep 1970 - Popatlal & Miss Tring Tring! | Taarak Mehta Ka Ooltah Chashmah | Full Episode | तारक मेहता,https://www.youtube.com/watch?v=pWUdQyxF_KM,Found,03 Jan 2024,21:21,https://www.youtube.com/watch?v=7jJg0Z3Gwtk,
1971,Ep 1971 - Popatlal & Miss Tring Tring! | Taarak Mehta Ka Ooltah Chashmah | Full Episode | तारक मेहता,https://www.youtube.com/watch?v=o8TB_hcZGh8,Found,04 Jan 2024,20:55,https://www.youtube.com/watch?v=V5pjkpyKJjU,
1972,Ep 1972 - Popatlal & Miss Tring Tring! | Taarak Mehta Ka Ooltah Chashmah | Full Episode | तारक मेहता,https://www.youtube.com/watch?v=kBEQNAPanQ0,Found,04 Jan 2024,21:12,https://www.youtube.com/watch?v=0LsaJDJX8Ek,
1973,"Taarak Mehta Ka Ooltah Chashmah - Full Episode 1973 - 24th April, 2019",https://www.youtube.com/watch?v=wflCkXKAOoU,Found,24 Apr 2019,19:31,https://www.youtube.com/watch?v=nAOVwROmefA,
1974,Ep 1974 - Popatlal & Miss Tring Tring! | Taarak Mehta Ka Ooltah Chashmah | Full Episode | तारक मेहता,https://www.youtube.com/watch?v=L34ZQYd0kHs,Found,05 Jan 2024,21:05,https://www.youtube.com/watch?v=WN4cDOk4Ep8,
1975,"तारक मेहता का उल्टा चश्मा - एपिसोड 1975 - 7  जुलाई, 2016",https://www.youtube.com/watch?v=Uzb5z4918hI,Found,07 Jul 2016,19:02,https://www.youtube.com/watch?v=irFsNn9Oghw,
1976,"तारक मेहता का उल्टा चश्मा - एपिसोड 1976 - 8 मार्च जुलाई, 2016",https://www.youtube.com/watch?v=lcwApeJM4Y0,Found,08 Jul 2016,20:57,https://www.youtube.com/watch?v=F_D48Vu2fM8,
1977,"Taarak Mehta Ka Ooltah Chashmah - Full Episode 1977 - 26th April, 2019",https://www.youtube.com/watch?v=tO7ufYOObZA,Found,26 Apr 2019,20:44,https://www.youtube.com/watch?v=GkFa2jqBZ3o,
1978,Ep 1978 - Popatlal & Miss Tring Tring! | Taarak Mehta Ka Ooltah Chashmah | Full Episode | तारक मेहता,https://www.youtube.com/watch?v=Q2EXH_Mgm3Q,Found,06 Jan 2024,20:54,https://www.youtube.com/watch?v=XVrtyzyqhzQ,
1979,"Taarak Mehta Ka Ooltah Chashmah - Full Episode 1979 - 27th April, 2019",https://www.youtube.com/watch?v=cWv9QMWTT48,Found,27 Apr 2019,21:06,https://www.youtube.com/watch?v=aXmxxkjChNI,
1980,Ep 1980 - Popatlal & Miss Tring Tring! | Taarak Mehta Ka Ooltah Chashmah | Full Episode | तारक मेहता,https://www.youtube.com/watch?v=9IOzSQDSaPc,Found,06 Jan 2024,21:11,https://www.youtube.com/watch?v=QiJYjkjiiJM,
1981,Ep 1981 - Popatlal & Miss Tring Tring! | Taarak Mehta Ka Ooltah Chashmah | Full Episode | तारक मेहता,https://www.youtube.com/watch?v=OIax0IbMoCM,Found,07 Jan 2024,21:35,https://www.youtube.com/watch?v=TZP5ZieYqLk,
1982,Ep 1982 - Jethalal Ke Haath Mein Lota! | Taarak Mehta Ka Ooltah Chashmah | Full Episode | तारक मेहता,https://www.youtube.com/watch?v=T1wHR7A3Z_U,Found,07 Jan 2024,20:26,https://www.youtube.com/watch?v=ZIuhHEGvia8,https://www.youtube.com/watch?v=Ri5vUfq2yYQ
1983,Ep 1983 - Jethalal Ke Haath Mein Lota! | Taarak Mehta Ka Ooltah Chashmah | Full Episode | तारक मेहता,https://www.youtube.com/watch?v=b2APofXy7uw,Found,07 Jan 2024,21:50,https://www.youtube.com/watch?v=EaFuQKPK4X0,
1984,Ep 1984 - Jethalal Ke Haath Mein Lota! | Taarak Mehta Ka Ooltah Chashmah | Full Episode | तारक मेहता,https://www.youtube.com/watch?v=5J7IQsp0oxw,Found,08 Jan 2024,20:55,https://www.youtube.com/watch?v=RrXB4_1v9wo,
1985,"Taarak Mehta Ka Ooltah Chashmah - Full Episode 1985 - 30th April, 2019",https://www.youtube.com/watch?v=KEDvVsQEIeQ,Found,30 Apr 2019,20:29,https://www.youtube.com/watch?v=6gFDTo_3KfA,
1986,Ep 1986 - Jethalal Ke Haath Mein Lota! | Taarak Mehta Ka Ooltah Chashmah | Full Episode | तारक मेहता,https://www.youtube.com/watch?v=WxFbJa0u64o,Found,08 Jan 2024,21:36,https://www.youtube.com/watch?v=MvxGpJKyZEA,
1987,Ep 1987 - Jethalal Ke Haath Mein Lota! | Taarak Mehta Ka Ooltah Chashmah | Full Episode | तारक मेहता,https://www.youtube.com/watch?v=SC1rQPT_b0A,Found,09 Jan 2024,21:09,https://www.youtube.com/watch?v=iMjkn41tT8Y,
1988,"तारक मेहता का उल्टा चश्मा - एपिसोड 1988 - 26  जुलाई, 2016",https://www.youtube.com/watch?v=knpwgVI_1Qc,Found,26 Jul 2016,19:24,https://www.youtube.com/watch?v=O6uB8SDPhig,
1989,Ep 1989 - Gokuldham Mein Varun Dhawan! | Taarak Mehta Ka Ooltah Chashmah | Full Episode | तारक मेहता,https://www.youtube.com/watch?v=vG3ile8zQ0c,Found,09 Jan 2024,21:31,https://www.youtube.com/watch?v=4FgoAYD3-tM,
1990,Ep 1990 - Gokuldham Mein Varun Dhawan! | Taarak Mehta Ka Ooltah Chashmah | Full Episode | तारक मेहता,https://www.youtube.com/watch?v=PKEoNhSroOY,Found,10 Jan 2024,20:36,https://www.youtube.com/watch?v=u90MpI0gjc0,https://www.youtube.com/watch?v=BCRf0yvssMo
1991,Ep 1991 - Bhide Ka Cooker?! | Taarak Mehta Ka Ooltah Chashmah | Full Episode | तारक मेहता,https://www.youtube.com/watch?v=iIm-ye6R7RE,Found,10 Jan 2024,21:11,https://www.youtube.com/watch?v=_3bUcVSFD6E,
1992,Ep 1992 - Bhide Ka Cooker?! | Taarak Mehta Ka Ooltah Chashmah | Full Episode | तारक मेहता,https://www.youtube.com/watch?v=ckipGhV_fUM,Found,10 Jan 2024,21:24,https://www.youtube.com/watch?v=wLNX65GOjQY,
1993,Ep 1993 - Bhide Ka Cooker?! | Taarak Mehta Ka Ooltah Chashmah | Full Episode | तारक मेहता,https://www.youtube.com/watch?v=QYinDLt6-nU,Found,11 Jan 2024,21:46,https://www.youtube.com/watch?v=_8j6L24_hVg,
1994,Ep 1994 - Bawri In Trouble?! | Taarak Mehta Ka Ooltah Chashmah | Full Episode | तारक मेहता,https://www.youtube.com/watch?v=5YXLtmyI1ko,Found,11 Jan 2024,21:12,https://www.youtube.com/watch?v=WgHJedFz2mg,
1995,Ep 1995 - Bawri In Trouble?! | Taarak Mehta Ka Ooltah Chashmah | Full Episode | तारक मेहता,https://www.youtube.com/watch?v=rrVkW7uW3Fw,Found,11 Jan 2024,22:14,https://www.youtube.com/watch?v=OqIs_A4Bi0I,
1996,Ep 1996 - Bawri In Trouble?! | Taarak Mehta Ka Ooltah Chashmah | Full Episode | तारक मेहता,https://www.youtube.com/watch?v=xuQRkHcRpKA,Found,12 Jan 2024,21:28,https://www.youtube.com/watch?v=MM47h5VKx0I,
1997,Ep 1997 - Bawri In Trouble?! | Taarak Mehta Ka Ooltah Chashmah | Full Episode | तारक मेहता,https://www.youtube.com/watch?v=EZ7F5lTDqGI,Found,12 Jan 2024,20:58,https://www.youtube.com/watch?v=TIwv5mwa3S0,
1998,"तारक मेहता का उल्टा चश्मा - एपिसोड 1998 - 9 अगस्त, 2016",https://www.youtube.com/watch?v=gT5DmppdFbw,Found,09 Aug 2016,20:48,https://www.youtube.com/watch?v=Dw8emzc-1xA,
1999,Ep 1999 - Bawri In Trouble?! | Taarak Mehta Ka Ooltah Chashmah | Full Episode | तारक मेहता,https://www.youtube.com/watch?v=ibVepWe0Rzo,Found,13 Jan 2024,20:27,https://www.youtube.com/watch?v=UbhVZfN1Y_A,
2000,"Taarak Mehta Ka Ooltah Chashmah - Full Episode 2000 - 6th May, 2019",https://www.youtube.com/watch?v=gPN73_wPqas,Found,21 Aug 2019,19:26,https://www.youtube.com/watch?v=moBTHbNj8qQ,
2001,Ep 2001 - Independence Day Ki Planning! | Taarak Mehta Ka Ooltah Chashmah |Full Episode | तारक मेहता,https://www.youtube.com/watch?v=NsG4nTjQwNc,Found,13 Jan 2024,22:01,,
2002,"तारक मेहता का उल्टा चश्मा -एपिसोड 2002 - 15 अगस्त, 2016",https://www.youtube.com/watch?v=VjeXzEitF6o,Found,15 Aug 2016,19:55,,
2003,"तारक मेहता का उल्टा चश्मा - एपिसोड 2003 - 16  अगस्त, 2016",https://www.youtube.com/watch?v=Op2o3AEguzs,Found,16 Aug 2016,21:11,,
2004,"तारक मेहता का उल्टा चश्मा - एपिसोड 2004 - 17अगस्त, 2016",https://www.youtube.com/watch?v=cxZdIqc3q6A,Found,17 Aug 2016,19:56,,
2005,Ep 2005 - Sunder Brings Gifts?! | Taarak Mehta Ka Ooltah Chashmah | Full Episode | तारक मेहता,https://www.youtube.com/watch?v=xWDew5b65hM,Found,14 Jan 2024,21:26,https://www.youtube.com/watch?v=GmuhPc-LmM8,
2006,Ep 2006 - Raksha Bandhan With Soldiers! | Taarak Mehta Ka Ooltah Chashmah | Full Episode |तारक मेहता,https://www.youtube.com/watch?v=I6HCvWUb6Xo,Found,14 Jan 2024,22:52,https://www.youtube.com/watch?v=l3_tiY65As0,
2007,"Taarak Mehta Ka Ooltah Chashmah  - Full Episode 2007  - 27th July, 2019",https://www.youtube.com/watch?v=jJct_arxF6I,Found,27 Jul 2019,20:33,https://www.youtube.com/watch?v=4X3bM32tXNg,
2008,"Taarak Mehta Ka Ooltah Chashmah - Full Episode 2008 - 28th July, 2019",https://www.youtube.com/watch?v=AJuxUGeAvIQ,Found,28 Jul 2019,21:33,https://www.youtube.com/watch?v=I6r40W_9LUk,
2009,Ep 2009 - 10 Crore Ki Saree?! | Taarak Mehta Ka Ooltah Chashmah | Full Episode | तारक मेहता,https://www.youtube.com/watch?v=EgoLgKnl1UY,Found,15 Jan 2024,22:12,https://www.youtube.com/watch?v=ZG4iFM2Dl7o,
2010,Ep 2010 - 10 Crore Ki Saree?! | Taarak Mehta Ka Ooltah Chashmah | Full Episode | तारक मेहता,https://www.youtube.com/watch?v=rjzWswX1gVk,Found,15 Jan 2024,22:30,https://www.youtube.com/watch?v=exStUlFJk80,
2011,"Taarak Mehta Ka Ooltah Chashmah - Full Episode 2011 - 29th July, 2019",https://www.youtube.com/watch?v=6Ws3wk6r2IY,Found,29 Jul 2019,19:57,https://www.youtube.com/watch?v=DWj2GSOCpCM,
2012,Ep 2012 - 10 Crore Ki Saree?! | Taarak Mehta Ka Ooltah Chashmah | Full Episode | तारक मेहता,https://www.youtube.com/watch?v=5ZT81hvbfvI,Found,16 Jan 2024,23:00,https://www.youtube.com/watch?v=GBUd_TlqABk,
2013,"Taarak Mehta Ka Ooltah Chashmah - तारक मेहता - Episode 2013 - 30th August, 2016",https://www.youtube.com/watch?v=W0FIccQuqyA,Found,30 Aug 2016,19:13,https://www.youtube.com/watch?v=2UFAce9v1Z0,
2014,"Taarak Mehta Ka Ooltah Chashmah - तारक मेहता - Episode 2014 - 31st August, 2016",https://www.youtube.com/watch?v=Ugclzco0N7g,Found,31 Aug 2016,19:43,https://www.youtube.com/watch?v=j3Kmb5-_jCE,
2016,Taarak Mehta Ka Ooltah Chashmah - Throwback - Episode 2016 - Full Episode,https://www.youtube.com/watch?v=82FqhyOYD4M,Found,16 Jan 2021,20:07,https://www.youtube.com/watch?v=xpPHQjvW5Ew,
2017,"Taarak Mehta Ka Ooltah Chashmah - तारक मेहता - Episode 2017 - 5th September, 2016",https://www.youtube.com/watch?v=zizVbWRlvuA,Found,06 Sep 2016,20:53,https://www.youtube.com/watch?v=0gsrxVXYdxk,
2019,"Taarak Mehta Ka Ooltah Chashmah - तारक मेहता - Episode 2019 - 7th September, 2016",https://www.youtube.com/watch?v=mkbskMTtwkY,Found,07 Sep 2016,20:16,https://www.youtube.com/watch?v=_DjxynC5Pu4,
2020,"Taarak Mehta Ka Ooltah Chashmah - तारक मेहता - Episode 2020 - 8th September, 2016",https://www.youtube.com/watch?v=NJK9uQwUQX8,Found,08 Sep 2016,20:41,https://www.youtube.com/watch?v=UGtNtoxWHMk,
2021,Ep 2021 - 10 Crore Ki Saree?! | Taarak Mehta Ka Ooltah Chashmah | Full Episode | तारक मेहता,https://www.youtube.com/watch?v=KsEDbCd5XWE,Found,17 Aug 2024,21:46,https://www.youtube.com/watch?v=PPeZlNb-TEU,
2022,'Kachori' Lover | Taarak Mehta Ka Ooltah Chashmah | Full Episode - 3299 | 11 June 2022,https://www.youtube.com/watch?v=jKTZo5uH6Vo,Found,20 Aug 2022,21:09,,
2023,"Taarak Mehta Ka Ooltah Chashmah - तारक मेहता - Episode 2023 - 12th September, 2016",https://www.youtube.com/watch?v=rQAEoTtD5uM,Found,12 Sep 2016,20:51,https://www.youtube.com/watch?v=VYSD-J_9Ros,https://www.youtube.com/watch?v=C3oTZtzT8Bo
2024,"Taarak Mehta Ka Ooltah Chashmah - तारक मेहता - Episode 2024 - 13th September, 2016",https://www.youtube.com/watch?v=XWECoEbOVZ4,Found,13 Sep 2016,20:11,https://www.youtube.com/watch?v=ANT_HNmTBtc,
2025,"Taarak Mehta Ka Ooltah Chashmah - तारक मेहता - Episode 2025 - 14th September, 2016",https://www.youtube.com/watch?v=0M3y9u_9hcY,Found,22 Sep 2016,20:15,https://www.youtube.com/watch?v=LPT8BGUazPQ,
2026,Ep 2026 - Gokuldham Ganesh Utsav! | Taarak Mehta Ka Ooltah Chashmah | Full Episode | तारक मेहता,https://www.youtube.com/watch?v=twz1WPTumBA,Found,21 Jan 2024,21:33,https://www.youtube.com/watch?v=C_Tzj8wggVg,https://www.youtube.com/watch?v=VlxaDJr1lqQ
2027,"Taarak Mehta Ka Ooltah Chashmah - तारक मेहता - Episode 2027 - 16th September, 2016",https://www.youtube.com/watch?v=r9cYL5IcDmM,Found,16 Sep 2016,20:43,,
2028,Ep 2028 - Gokuldham Ganesh Utsav! | Taarak Mehta Ka Ooltah Chashmah | Full Episode | तारक मेहता,https://www.youtube.com/watch?v=AlvylTrAi9Y,Found,21 Jan 2024,21:55,https://www.youtube.com/watch?v=MlJXVRWu4KM,
2029,Ep 2029 - Gokuldham Ganesh Utsav! | Taarak Mehta Ka Ooltah Chashmah | Full Episode | तारक मेहता,https://www.youtube.com/watch?v=IuhSx7fphKU,Found,21 Jan 2024,22:00,https://www.youtube.com/watch?v=Q__sasxL9d0,
2030,Ep 2030 - Gokuldham Ganesh Utsav! | Taarak Mehta Ka Ooltah Chashmah | Full Episode | तारक मेहता,https://www.youtube.com/watch?v=MzFGC4BS2dI,Found,22 Jan 2024,21:40,https://www.youtube.com/watch?v=Nk44pSfxK7U,
2031,Ep 2031 - Mission Patni Pariksha?! | Taarak Mehta Ka Ooltah Chashmah | Full Episode | तारक मेहता,https://www.youtube.com/watch?v=5GefAvrhyfs,Found,23 Jan 2024,22:07,https://www.youtube.com/watch?v=_VukjN7udyI,
2032,Ep 2032 - Mission Patni Pariksha?! | Taarak Mehta Ka Ooltah Chashmah | Full Episode | तारक मेहता,https://www.youtube.com/watch?v=ecG1oTVy0hY,Found,23 Jan 2024,22:10,https://www.youtube.com/watch?v=mvw3eAn5qEQ,
2033,"Taarak Mehta Ka Ooltah Chashmah - तारक मेहता - Episode 2033 - 26th September, 2016",https://www.youtube.com/watch?v=rLcS2XiLizU,Found,26 Sep 2016,20:32,https://www.youtube.com/watch?v=4eWM_SDT2Bg,
2034,"Taarak Mehta Ka Ooltah Chashmah - तारक मेहता - Episode 2034 - 27th September, 2016",https://www.youtube.com/watch?v=PZCCpzY3PMM,Found,27 Sep 2016,18:31,https://www.youtube.com/watch?v=c98YDgwJeJs,
2035,"Taarak Mehta Ka Ooltah Chashmah - तारक मेहता - Episode 2035 - 28th September, 2016",https://www.youtube.com/watch?v=bmCkIZivEt0,Found,28 Sep 2016,20:09,https://www.youtube.com/watch?v=NpQf747ca9A,
2036,"Taarak Mehta Ka Ooltah Chashmah - तारक मेहता - Episode 2036 - 29th September, 2016",https://www.youtube.com/watch?v=Vo7hzkYDEqg,Found,29 Sep 2016,20:18,https://www.youtube.com/watch?v=SGh0c_mpfwc,
2037,"Taarak Mehta Ka Ooltah Chashmah - Full Episode 2037 - 19th May, 2019",https://www.youtube.com/watch?v=QyHwIEudhrY,Found,19 May 2019,20:06,https://www.youtube.com/watch?v=88Vzy6Rx-Wo,
2038,Ep 2038 - Mission Patni Pariksha?! | Taarak Mehta Ka Ooltah Chashmah | Full Episode | तारक मेहता,https://www.youtube.com/watch?v=R4HDof6il4A,Found,25 Jan 2024,21:37,https://www.youtube.com/watch?v=Fdw8oafYuNc,
2039,Ep 2039 - Navratri Celebration?! | Taarak Mehta Ka Ooltah Chashmah | Full Episode | तारक मेहता,https://www.youtube.com/watch?v=qCNev28Nh98,Found,25 Jan 2024,22:08,https://www.youtube.com/watch?v=_hTGOSsAcoQ,
2040,Ep 2040 - Navratri Celebration?! | Taarak Mehta Ka Ooltah Chashmah | Full Episode | तारक मेहता,https://www.youtube.com/watch?v=PAxvaQS720k,Found,26 Jan 2024,22:10,https://www.youtube.com/watch?v=CM08pHp1iQE,
2041,"Taarak Mehta Ka Ooltah Chashmah - तारक मेहता - Episode 2041 - 6th October, 2016",https://www.youtube.com/watch?v=_qC1959Y_q4,Found,06 Oct 2016,20:22,https://www.youtube.com/watch?v=xrJ7sUVfXAc,
2042,Ep 2042- Navratri Celebration?! | Taarak Mehta Ka Ooltah Chashmah | Full Episode | तारक मेहता,https://www.youtube.com/watch?v=2Mb8sLbmcWY,Found,26 Jan 2024,22:00,https://www.youtube.com/watch?v=BYYYXofW4Og,
2043,Ep 2043 - Navratri Celebration?! | Taarak Mehta Ka Ooltah Chashmah | Full Episode | तारक मेहता,https://www.youtube.com/watch?v=LDQF51VQuhk,Found,27 Jan 2024,22:28,https://www.youtube.com/watch?v=oCLI8Qhx1MQ,
2044,Ep 2044 - Navratri Celebration?! | Taarak Mehta Ka Ooltah Chashmah | Full Episode | तारक मेहता,https://www.youtube.com/watch?v=u6J3qrIdzH0,Found,27 Jan 2024,22:06,https://www.youtube.com/watch?v=wuIKA71rtJc,
2045,Ep 2045- Navratri Celebration?! | Taarak Mehta Ka Ooltah Chashmah | Full Episode | तारक मेहता,https://www.youtube.com/watch?v=8hULSlU6sXQ,Found,27 Jan 2024,22:30,https://www.youtube.com/watch?v=SiVvxxOPjpk,
2046,Ep 2046 - Navratri Celebration?! | Taarak Mehta Ka Ooltah Chashmah | Full Episode | तारक मेहता,https://www.youtube.com/watch?v=mjCacWK7MFM,Found,28 Jan 2024,22:10,https://www.youtube.com/watch?v=D3zmaALjvPM,
2047,Taarak Mehta Ka Ooltah Chashmah - Episode 2047 - Full Episode,https://www.youtube.com/watch?v=fUaiBjo8wMM,Found,16 Aug 2021,18:00,https://www.youtube.com/watch?v=vuLpfhu1NDM,
2048,Ep 2048- Pin Drop Silence?! | Taarak Mehta Ka Ooltah Chashmah | Full Episode | तारक मेहता,https://www.youtube.com/watch?v=4IHUVP9K6Vw,Found,29 Jan 2024,22:10,https://www.youtube.com/watch?v=LttMYNmiSDU,
2049,"Taarak Mehta Ka Ooltah Chashmah - तारक मेहता - Episode 2049 - 17th October, 2016",https://www.youtube.com/watch?v=uihJfnKwaVY,Found,17 Oct 2016,20:55,https://www.youtube.com/watch?v=l5hKTbGQtWI,
2050,"Taarak Mehta Ka Ooltah Chashmah - तारक मेहता - Episode 2050 - 18th October, 2016",https://www.youtube.com/watch?v=wt54ri6VbNI,Found,18 Oct 2016,18:41,https://www.youtube.com/watch?v=8hA5J088nOI,
2051,"Taarak Mehta Ka Ooltah Chashmah - तारक मेहता - Episode 2051 - 19th October, 2016",https://www.youtube.com/watch?v=UaygIvkQnGI,Found,19 Oct 2016,19:23,https://www.youtube.com/watch?v=D_qDrYvG45w,
2052,"Taarak Mehta Ka Ooltah Chashmah - तारक मेहता - Episode 2052 - 20th October, 2016",https://www.youtube.com/watch?v=wq9t1PLaSwQ,Found,20 Oct 2016,19:35,https://www.youtube.com/watch?v=YlznnJUcSN4,
2053,"Taarak Mehta Ka Ooltah Chashmah - तारक मेहता - Episode 2053 - 21st October, 2016",https://www.youtube.com/watch?v=iXTmMb6Z0lE,Found,21 Oct 2016,20:03,https://www.youtube.com/watch?v=sL-ljYS_LvM,
2054,Ep 2054 - Popatlal Ka Screw Dhila?! | Taarak Mehta Ka Ooltah Chashmah | Full Episode | तारक मेहता,https://www.youtube.com/watch?v=HLR7Bji6Tvg,Found,31 Jan 2024,20:24,https://www.youtube.com/watch?v=kmNGLodmX8U,
2055,Ep 2055 - Popatlal Ka Screw Dhila?! | Taarak Mehta Ka Ooltah Chashmah | Full Episode | तारक मेहता,https://www.youtube.com/watch?v=s0i9eIn1wVE,Found,31 Jan 2024,21:36,https://www.youtube.com/watch?v=lBOoJPgbXOg,
2056,"Taarak Mehta Ka Ooltah Chashmah - तारक मेहता - Episode 2056 - 25th October, 2016",https://www.youtube.com/watch?v=YA_c3J6r_Eo,Found,25 Oct 2016,19:49,https://www.youtube.com/watch?v=9EY50sVefNk,
2057,"Taarak Mehta Ka Ooltah Chashmah - तारक मेहता - Episode 2057 - 26th October, 2016",https://www.youtube.com/watch?v=ybHXMxabHWM,Found,26 Oct 2016,19:39,https://www.youtube.com/watch?v=O5Agbt24X6Y,
2058,"Taarak Mehta Ka Ooltah Chashmah - तारक मेहता - Episode 2058 - 27th October, 2016",https://www.youtube.com/watch?v=69BRcTVWetY,Found,27 Oct 2016,19:21,https://www.youtube.com/watch?v=BI6qRwHp36w,
2059,"Taarak Mehta Ka Ooltah Chashmah - तारक मेहता - Episode 2059 - 28th October, 2016",https://www.youtube.com/watch?v=0OYGOgBdOdU,Found,28 Oct 2016,19:57,https://www.youtube.com/watch?v=RbTxliqhcEE,
2060,"Taarak Mehta Ka Ooltah Chashmah - तारक मेहता - Episode 2060 - 29th October, 2016",https://www.youtube.com/watch?v=wmSRK26z4qA,Found,29 Oct 2016,19:53,https://www.youtube.com/watch?v=mbd4aPUmpOY,
2061,"Taarak Mehta Ka Ooltah Chashmah - तारक मेहता - Episode 2061 - 31st October, 2016",https://www.youtube.com/watch?v=jI9r_I_kRCE,Found,08 Mar 2017,20:21,https://www.youtube.com/watch?v=LuwfeBLggAs,
2062,"Taarak Mehta Ka Ooltah Chashmah - तारक मेहता - Episode 2062 - 1st November, 2016",https://www.youtube.com/watch?v=IodGwGihMPU,Found,08 Mar 2017,19:39,https://www.youtube.com/watch?v=ryXyNkgqq-4,
2063,Ep 2063 - Sonu Ka Surprise?! | Taarak Mehta Ka Ooltah Chashmah | Full Episode | तारक मेहता,https://www.youtube.com/watch?v=93vz9engiyM,Found,02 Feb 2024,22:00,https://www.youtube.com/watch?v=XANveImgcgQ,
2064,Ep 2064 - Sonu Ka Surprise?! | Taarak Mehta Ka Ooltah Chashmah | Full Episode | तारक मेहता,https://www.youtube.com/watch?v=vTzS8J__PV4,Found,02 Feb 2024,21:38,https://www.youtube.com/watch?v=5FYDPhJmvSE,
2065,"Taarak Mehta Ka Ooltah Chashmah - तारक मेहता - Episode 2065 - 4th November, 2016",https://www.youtube.com/watch?v=xxQdhIiDqO8,Found,04 Nov 2016,20:45,https://www.youtube.com/watch?v=ZXbPLrHzgu4,
2066,"Taarak Mehta Ka Ooltah Chashmah - तारक मेहता - Episode 2066 - 7th November, 2016",https://www.youtube.com/watch?v=6tU4x1Ix1H0,Found,07 Nov 2016,20:31,https://www.youtube.com/watch?v=oYeMC_3CcZ0,
2067,"Taarak Mehta Ka Ooltah Chashmah - तारक मेहता - Episode 2067 - 8th November, 2016",https://www.youtube.com/watch?v=nqCYytCzVxY,Found,08 Nov 2016,20:41,https://www.youtube.com/watch?v=bcxCp-iuD_0,
2068,"Taarak Mehta Ka Ooltah Chashmah - तारक मेहता - Episode 2068 - 9th November, 2016",https://www.youtube.com/watch?v=yCFrWG25wDQ,Found,10 Nov 2016,20:01,https://www.youtube.com/watch?v=iMBBVqXRK44,
2069,"Taarak Mehta Ka Ooltah Chashmah - तारक मेहता - Episode 2069 - 10th November, 2016",https://www.youtube.com/watch?v=32HCPsUV_lM,Found,10 Nov 2016,19:31,https://www.youtube.com/watch?v=X8CyOJoYZtg,
2070,"Taarak Mehta Ka Ooltah Chashmah - तारक मेहता - Episode 2070 - 11th November, 2016",https://www.youtube.com/watch?v=qESqqHb9dJk,Found,11 Nov 2016,20:14,https://www.youtube.com/watch?v=hROl5zAxrjw,
2071,"Taarak Mehta Ka Ooltah Chashmah - तारक मेहता - Episode 2071 - 14th November, 2016",https://www.youtube.com/watch?v=a00hHekhuRk,Found,14 Nov 2016,20:09,https://www.youtube.com/watch?v=jLGFa0CykVg,
2072,"Taarak Mehta Ka Ooltah Chashmah - Full Episode 2072 - 26th May, 2019",https://www.youtube.com/watch?v=XdoKGMQyohY,Found,21 Aug 2019,20:06,https://www.youtube.com/watch?v=vhN0T4ogXlE,
2073,Ep 2073 - Notebandi! | Taarak Mehta Ka Ooltah Chashmah | Full Episode | तारक मेहता,https://www.youtube.com/watch?v=yGu1DLxaUkg,Found,18 Aug 2025,21:53,https://www.youtube.com/watch?v=zeaITfjNGjs,
2074,Ep 2074 - Notebandi! | Taarak Mehta Ka Ooltah Chashmah | Full Episode | तारक मेहता,https://www.youtube.com/watch?v=fCf1jOPa7FQ,Found,28 Feb 2024,22:10,https://www.youtube.com/watch?v=UA5cjZntPRU,
2075,Ep 2075 - Notebandi! | Taarak Mehta Ka Ooltah Chashmah | Full Episode | तारक मेहता,https://www.youtube.com/watch?v=cz6RtQevG9s,Found,29 Feb 2024,21:57,https://www.youtube.com/watch?v=hfKCf1ZHI7A,
2076,Ep 2076 - Notebandi! | Taarak Mehta Ka Ooltah Chashmah | Full Episode | तारक मेहता,https://www.youtube.com/watch?v=d_VnDcSjKpE,Found,29 Feb 2024,20:58,https://www.youtube.com/watch?v=wrpt6RWVNGU,
2077,Ep 2077 - Notebandi! | Taarak Mehta Ka Ooltah Chashmah | Full Episode | तारक मेहता,https://www.youtube.com/watch?v=Fh0I2Cd7DbY,Found,29 Feb 2024,22:38,https://www.youtube.com/watch?v=W4U9Y4JT3Zw,
2078,Ep 2078 - Notebandi! | Taarak Mehta Ka Ooltah Chashmah | Full Episode | तारक मेहता,https://www.youtube.com/watch?v=C21nqakmwXg,Found,01 Mar 2024,22:30,https://www.youtube.com/watch?v=C4jX6exfYAA,
2079,"Taarak Mehta Ka Ooltah Chashmah - तारक मेहता - Episode 2079 - 24th November, 2016",https://www.youtube.com/watch?v=bZfE58Fi800,Found,08 Mar 2017,18:59,https://www.youtube.com/watch?v=3QzPV4gN08Q,
2080,Ep 2080 - Notebandi! | Taarak Mehta Ka Ooltah Chashmah | Full Episode | तारक मेहता,https://www.youtube.com/watch?v=H0RGTSHET8s,Found,01 Mar 2024,22:30,https://www.youtube.com/watch?v=WBIkpw0CKAA,
2081,"Taarak Mehta Ka Ooltah Chashmah - तारक मेहता - Episode 2081 - 28th November, 2016",https://www.youtube.com/watch?v=WjkpbOsXS_c,Found,28 Nov 2016,18:36,https://www.youtube.com/watch?v=Km4z2bdUA4s,
2082,"Taarak Mehta Ka Ooltah Chashmah - तारक मेहता - Episode 2082 - 29th November, 2016",https://www.youtube.com/watch?v=BKK8nBFCw4Y,Found,29 Nov 2016,21:34,https://www.youtube.com/watch?v=QtXmNUiSHUk,
2083,"Taarak Mehta Ka Ooltah Chashmah - तारक मेहता - Episode 2083 - 30th November, 2016",https://www.youtube.com/watch?v=8bj841KrIwI,Found,30 Nov 2016,20:59,,
2084,"Taarak Mehta Ka Ooltah Chashmah - Full Episode 2084 - 2nd June, 2019",https://www.youtube.com/watch?v=1RkTUyuj4lM,Found,02 Jun 2019,19:53,,
2085,"Taarak Mehta Ka Ooltah Chashmah - तारक मेहता - Episode 2085 - 2nd December, 2016",https://www.youtube.com/watch?v=UEqKGguoZjM,Found,02 Dec 2016,21:26,https://www.youtube.com/watch?v=5wYXimMWu6g,
2086,"Taarak Mehta Ka Ooltah Chashmah - तारक मेहता - Episode 2086 - 5th December, 2016",https://www.youtube.com/watch?v=_0-em0hjGmg,Found,05 Dec 2016,20:52,https://www.youtube.com/watch?v=HilTnmVdhZU,
2087,"Taarak Mehta Ka Ooltah Chashmah - तारक मेहता - Episode 2087 - 6th December, 2016",https://www.youtube.com/watch?v=PLOo33t4960,Found,06 Dec 2016,21:18,https://www.youtube.com/watch?v=P9VUXCjD7fE,
2088,"Taarak Mehta Ka Ooltah Chashmah - तारक मेहता - Episode 2088 - 7th December, 2016",https://www.youtube.com/watch?v=p5bl138EpNU,Found,07 Dec 2016,19:54,https://www.youtube.com/watch?v=axCTfjEcFeE,
2089,"Taarak Mehta Ka Ooltah Chashmah - तारक मेहता - Episode 2089 - 8th December, 2016",https://www.youtube.com/watch?v=4WfZ7nZoC8M,Found,08 Dec 2016,20:12,https://www.youtube.com/watch?v=s3UI_FD9Ae8,
2090,"Taarak Mehta Ka Ooltah Chashmah - तारक मेहता - Episode 2090 - 9th December, 2016",https://www.youtube.com/watch?v=HlZrUgq9ER8,Found,09 Dec 2016,19:26,https://www.youtube.com/watch?v=YpDbYZH2pWg,
2091,"Taarak Mehta Ka Ooltah Chashmah - तारक मेहता - Episode 2091 - 12th December, 2016",https://www.youtube.com/watch?v=ZS4w6PN9lwk,Found,12 Dec 2016,19:41,,
2092,"Taarak Mehta Ka Ooltah Chashmah - तारक मेहता - Episode 2092 - 13th December, 2016",https://www.youtube.com/watch?v=XMS4O9glM7c,Found,13 Dec 2016,19:41,https://www.youtube.com/watch?v=w14r_M3yi_Y,
2093,"Taarak Mehta Ka Ooltah Chashmah - तारक मेहता - Episode 2093 - 14th December, 2016",https://www.youtube.com/watch?v=GIC5Duw8XDU,Found,14 Dec 2016,20:07,https://www.youtube.com/watch?v=d7I4FUSQHLY,
2094,"Taarak Mehta Ka Ooltah Chashmah - तारक मेहता - Episode 2094 - 15th December, 2016",https://www.youtube.com/watch?v=bShzxY8LgIE,Found,15 Dec 2016,19:54,https://www.youtube.com/watch?v=sflPDDYwIgg,
2095,Ep 2095 - Ghanchakar In Shop! | Taarak Mehta Ka Ooltah Chashmah | Full Episode | तारक मेहता,https://www.youtube.com/watch?v=ZFN0ya1HRUw,Found,02 Mar 2024,21:52,https://www.youtube.com/watch?v=KdhCi_QwElI,
2096,"Taarak Mehta Ka Ooltah Chashmah - तारक मेहता - Episode 2096 - 19th December, 2016",https://www.youtube.com/watch?v=YgkJgZVfTP4,Found,19 Dec 2016,21:25,https://www.youtube.com/watch?v=fdrlKBdxRCE,
2097,Ep 2097 - Ghanchakar In Shop! | Taarak Mehta Ka Ooltah Chashmah | Full Episode | तारक मेहता,https://www.youtube.com/watch?v=tqsvOHhWm1w,Found,03 Mar 2024,21:41,https://www.youtube.com/watch?v=HbPr9nVVWwk,
2098,Ep 2098 - Ghanchakar In Shop! | Taarak Mehta Ka Ooltah Chashmah | Full Episode | तारक मेहता,https://www.youtube.com/watch?v=0fmHbtZ_BaU,Found,03 Mar 2024,23:00,https://www.youtube.com/watch?v=dLbjmHS1ZaQ,
2099,"Taarak Mehta Ka Ooltah Chashmah - तारक मेहता - Episode 2099 - 22nd December, 2016",https://www.youtube.com/watch?v=uT53d09-QLI,Found,22 Dec 2016,19:23,https://www.youtube.com/watch?v=KDZJ41sWAcQ,
2100,"Taarak Mehta Ka Ooltah Chashmah - तारक मेहता - Episode 2100 - 23rd December, 2016",https://www.youtube.com/watch?v=uWhdot76pkk,Found,23 Dec 2016,19:20,https://www.youtube.com/watch?v=9y4ItFaE7k4,
2101,"Taarak Mehta Ka Ooltah Chashmah - तारक मेहता - Episode 2101 - 26th December, 2016",https://www.youtube.com/watch?v=hLjR8GO5fEU,Found,26 Dec 2016,20:31,https://www.youtube.com/watch?v=GPITfR-ify4,
2102,"Taarak Mehta Ka Ooltah Chashmah - तारक मेहता - Episode 2102 - 27th December, 2016",https://www.youtube.com/watch?v=ZPMYkHEnF7M,Found,27 Dec 2016,20:30,https://www.youtube.com/watch?v=3dZCUpGzPv8,
2103,"Taarak Mehta Ka Ooltah Chashmah | तारक मेहता का उल्टा चश्मा | Episode 2103 | 25th March, 2021",https://www.youtube.com/watch?v=XEAyTHnUamU,Found,20 Aug 2021,21:11,https://www.youtube.com/watch?v=ugxwUXox7ro,
2104,"Taarak Mehta Ka Ooltah Chashmah - तारक मेहता - Episode 2104 - 29th December, 2016",https://www.youtube.com/watch?v=Ci8b0bzq6kw,Found,29 Dec 2016,20:15,https://www.youtube.com/watch?v=cTqFJn8y3IA,
2105,"Taarak Mehta Ka Ooltah Chashmah - तारक मेहता - Episode 2105 - 30th December, 2016",https://www.youtube.com/watch?v=PNMCii0UJoM,Found,30 Dec 2016,21:25,https://www.youtube.com/watch?v=1cMaAYEDhNI,
2106,"Taarak Mehta Ka Ooltah Chashmah - तारक मेहता - Episode 2106 - 2nd January, 2017",https://www.youtube.com/watch?v=vakPhRUtj4M,Found,02 Jan 2017,20:39,https://www.youtube.com/watch?v=KdPTSdbvc0w,
2107,"Taarak Mehta Ka Ooltah Chashmah - तारक मेहता - Episode 2107 - 3rd January, 2017",https://www.youtube.com/watch?v=QLtMUkxZmnI,Found,03 Jan 2017,19:37,https://www.youtube.com/watch?v=tGFaNjweO_o,
2108,"Taarak Mehta Ka Ooltah Chashmah - तारक मेहता - Episode 2108 - 4th January, 2017",https://www.youtube.com/watch?v=Tx5ucChhnmM,Found,05 Jan 2017,20:45,https://www.youtube.com/watch?v=BNGzHkfCBOs,
2109,"Taarak Mehta Ka Ooltah Chashmah - तारक मेहता - Episode 2109 - 5th January, 2017",https://www.youtube.com/watch?v=501KvJQo2ns,Found,05 Jan 2017,20:14,https://www.youtube.com/watch?v=nloDgRinRGQ,
2110,"Taarak Mehta Ka Ooltah Chashmah - तारक मेहता - Episode 2110 - 6th January, 2017",https://www.youtube.com/watch?v=hFj_H3Gf6Tc,Found,06 Jan 2017,20:31,https://www.youtube.com/watch?v=emNzHf7c3QI,
2111,"Taarak Mehta Ka Ooltah Chashmah - तारक मेहता - Episode 2111 - 9th January, 2017",https://www.youtube.com/watch?v=16TX4PzNhzA,Found,09 Jan 2017,20:41,https://www.youtube.com/watch?v=9u0UUi0bOH8,
2112,"Taarak Mehta Ka Ooltah Chashmah - Full Episode 2112 - 13th June, 2019",https://www.youtube.com/watch?v=Tm2cMuQsLw4,Found,13 Jun 2019,18:35,,
2113,Ep 2113 - Sakharam Kidnap?! | Taarak Mehta Ka Ooltah Chashmah | Full Episode | तारक मेहता,https://www.youtube.com/watch?v=AaqCZVg79uk,Found,04 Feb 2024,21:35,https://www.youtube.com/watch?v=KyAFCadPRzI,
2114,"Taarak Mehta Ka Ooltah Chashmah - तारक मेहता - Episode 2114 - 12th January, 2017",https://www.youtube.com/watch?v=0axWHIAw6cw,Found,12 Jan 2017,20:01,https://www.youtube.com/watch?v=xWpka2TEHzI,
2115,"Taarak Mehta Ka Ooltah Chashmah - तारक मेहता - Episode 2115 - 13th January, 2017",https://www.youtube.com/watch?v=TBAjt_68iu4,Found,13 Jan 2017,21:26,https://www.youtube.com/watch?v=seyEoksMl44,
2116,"Taarak Mehta Ka Ooltah Chashmah - तारक मेहता - Episode 2116 - 16th January, 2017",https://www.youtube.com/watch?v=FqRofeHHd1U,Found,16 Jan 2017,20:56,https://www.youtube.com/watch?v=7xNU1LSwk0Y,
2117,Ep 2117 - Sakharam Kidnap?! | Taarak Mehta Ka Ooltah Chashmah | Full Episode | तारक मेहता,https://www.youtube.com/watch?v=KrYrlZFgX3s,Found,05 Feb 2024,21:24,https://www.youtube.com/watch?v=z9piVWCD0c8,
2118,"Taarak Mehta Ka Ooltah Chashmah - तारक मेहता - Episode 2118 - 18th January, 2017",https://www.youtube.com/watch?v=4Z1j0pIRX9A,Found,18 Jan 2017,20:55,https://www.youtube.com/watch?v=rwA_EUvUK3s,
2119,"Taarak Mehta Ka Ooltah Chashmah - तारक मेहता - Episode 2119 - 19th January, 2017",https://www.youtube.com/watch?v=d1PNSsXz5c8,Found,19 Jan 2017,19:58,https://www.youtube.com/watch?v=Pl-QK71-CGY,
2120,"Taarak Mehta Ka Ooltah Chashmah - तारक मेहता - Episode 2120 - 20th January, 2017",https://www.youtube.com/watch?v=m1iGsL3OrMU,Found,21 Aug 2017,20:06,https://www.youtube.com/watch?v=ebOE5t3LBR4,
2121,Ep 2121 - Sakharam Kidnap?! | Taarak Mehta Ka Ooltah Chashmah | Full Episode | तारक मेहता,https://www.youtube.com/watch?v=lvHT5R8lyVY,Found,07 Feb 2024,21:40,https://www.youtube.com/watch?v=U9zjG5k2WCY,
2122,"Taarak Mehta Ka Ooltah Chashmah - तारक मेहता - Episode 2122 - 24th January, 2017",https://www.youtube.com/watch?v=sVOA69O7_ks,Found,24 Jan 2017,19:19,https://www.youtube.com/watch?v=ime8K6mySRI,
2123,Bhide Ka Sakharam Chori! | FULL MOVIE | Part 6 | Taarak Mehta Ka Ooltah Chashmah  Ep 2123 to 2125,https://www.youtube.com/watch?v=TdtAzYdPyDc,Found,19 Aug 2024,37:53,https://www.youtube.com/watch?v=cNIt6A-jNM4,
2124,"Taarak Mehta Ka Ooltah Chashmah - तारक मेहता - Episode 2124 - 26th January, 2017",https://www.youtube.com/watch?v=P8FQ25-x_qE,Found,26 Jan 2017,18:52,https://www.youtube.com/watch?v=sGgnwn96Kjo,https://www.youtube.com/watch?v=KjWKIQxEhNM
2125,"Taarak Mehta Ka Ooltah Chashmah - तारक मेहता - Episode 2125 - 27th January, 2017",https://www.youtube.com/watch?v=tusuUgnEAP8,Found,27 Jan 2017,19:08,https://www.youtube.com/watch?v=iRZ34kh1cGc,
2126,"Taarak Mehta Ka Ooltah Chashmah - तारक मेहता - Episode 2126 - 30th January, 2017",https://www.youtube.com/watch?v=gxMH2ALDI1c,Found,30 Jan 2017,19:47,,https://www.youtube.com/watch?v=MXVtlUNwSY8
2127,"Taarak Mehta Ka Ooltah Chashmah | तारक मेहता का उल्टा चश्मा | Episode 2127 | 6th April, 2021",https://www.youtube.com/watch?v=6HDhprUOqZI,Found,06 Apr 2021,20:09,,
2128,"Taarak Mehta Ka Ooltah Chashmah - तारक मेहता - Ep 2128 - 1st Feb, 2017",https://www.youtube.com/watch?v=PsAyNLsFZDM,Found,01 Feb 2017,19:38,https://www.youtube.com/watch?v=yVeTo9WS4fQ,
2129,"Taarak Mehta Ka Ooltah Chashmah | तारक मेहता का उल्टा चश्मा | Episode 2129 | 7 th April, 2021",https://www.youtube.com/watch?v=W9IDv3e-BGM,Found,07 Apr 2021,20:31,https://www.youtube.com/watch?v=Kuws_sSS4pU,
2130,"Taarak Mehta Ka Ooltah Chashmah - तारक मेहता - Ep 2130 - 3rd Feb, 2017",https://www.youtube.com/watch?v=Les6BYItRzw,Found,03 Feb 2017,20:11,https://www.youtube.com/watch?v=ux-t9j4BqSA,
2131,"Taarak Mehta Ka Ooltah Chashmah - तारक मेहता - Ep 2131 - 6th Feb, 2017",https://www.youtube.com/watch?v=oah4Jr6ViME,Found,06 Feb 2017,20:19,https://www.youtube.com/watch?v=WmaxdAgQHqs,
2132,Ep 2132 - Beti Padhao! | Taarak Mehta Ka Ooltah Chashmah | Full Episode | तारक मेहता,https://www.youtube.com/watch?v=9c8obJp5fzE,Found,09 Feb 2024,21:21,https://www.youtube.com/watch?v=9wX7bnFORDs,
2133,Ep 2133 - Beti Padhao! | Taarak Mehta Ka Ooltah Chashmah | Full Episode | तारक मेहता,https://www.youtube.com/watch?v=9cFpGReEFA0,Found,09 Feb 2024,21:15,https://www.youtube.com/watch?v=IPXkOo9YJlo,
2134,"Taarak Mehta Ka Ooltah Chashmah - तारक मेहता - Ep 2134 - 9th Feb, 2017",https://www.youtube.com/watch?v=q1Fa8Bg8dHk,Found,09 Feb 2017,20:32,https://www.youtube.com/watch?v=g6Rl84xyo2k,
2135,"Taarak Mehta Ka Ooltah Chashmah - तारक मेहता - Ep 2135 - 10th Feb, 2017",https://www.youtube.com/watch?v=ndcpjqQ2ZVQ,Found,10 Feb 2017,20:00,https://www.youtube.com/watch?v=HaTGFUFIPVY,
2136,"Taarak Mehta Ka Ooltah Chashmah - तारक मेहता - Ep 2136 - 13th Feb, 2017",https://www.youtube.com/watch?v=B4lMEFY_a48,Found,13 Feb 2017,20:23,https://www.youtube.com/watch?v=Kbiay8ZoJqo,
2137,"Taarak Mehta Ka Ooltah Chashmah - तारक मेहता - Ep 2137 - 14th Feb, 2017",https://www.youtube.com/watch?v=MIpueIrJpCM,Found,14 Feb 2017,19:31,https://www.youtube.com/watch?v=x2SzmlDTAac,
2138,"Taarak Mehta Ka Ooltah Chashmah - तारक मेहता - Ep 2138 - 15th Feb, 2017",https://www.youtube.com/watch?v=WrQpsgsA_xs,Found,15 Feb 2017,19:22,https://www.youtube.com/watch?v=21-e0lbLxro,
2139,"Taarak Mehta Ka Ooltah Chashmah - तारक मेहता - Ep 2139 - 16th Feb, 2017",https://www.youtube.com/watch?v=4PEZcBdgoNk,Found,16 Feb 2017,19:44,https://www.youtube.com/watch?v=Hetyhoi2kLA,
2140,"Taarak Mehta Ka Ooltah Chashmah - तारक मेहता - Ep 2140 - 17th Feb, 2017",https://www.youtube.com/watch?v=6DcQOjkp0Es,Found,17 Feb 2017,19:51,https://www.youtube.com/watch?v=kmXMaUEoqFQ,
2141,"Taarak Mehta Ka Ooltah Chashmah - तारक मेहता - Ep 2141 - 20th Feb, 2017",https://www.youtube.com/watch?v=o_8YuK74qL8,Found,20 Feb 2017,19:22,https://www.youtube.com/watch?v=ZkvE4KbNIv4,
2142,"Taarak Mehta Ka Ooltah Chashmah - तारक मेहता - Ep 2142 - 21st Feb, 2017",https://www.youtube.com/watch?v=j69hJZBwHxM,Found,21 Feb 2017,19:36,https://www.youtube.com/watch?v=il7Qnv091Io,
2143,"Taarak Mehta Ka Ooltah Chashmah - तारक मेहता - Ep 2143 - 22nd Feb, 2017",https://www.youtube.com/watch?v=1wOR2E_xLE8,Found,22 Feb 2017,18:44,https://www.youtube.com/watch?v=ZyJNARFXH4o,
2144,"Taarak Mehta Ka Ooltah Chashmah - तारक मेहता - Ep 2144 - 23rd Feb, 2017",https://www.youtube.com/watch?v=zSpmnV5saW8,Found,23 Feb 2017,20:09,https://www.youtube.com/watch?v=BPIvQBMBYYk,
2145,Ep 2145 - Swach Bharat! | Taarak Mehta Ka Ooltah Chashmah | Full Episode | तारक मेहता,https://www.youtube.com/watch?v=DgISY0yn6bs,Found,13 Feb 2024,21:14,https://www.youtube.com/watch?v=Qq3eUF7cuP0,
2146,"Taarak Mehta Ka Ooltah Chashmah - तारक मेहता - Ep 2146 - 27th Feb, 2017",https://www.youtube.com/watch?v=g58WmvvGvsY,Found,27 Feb 2017,20:02,https://www.youtube.com/watch?v=MiK6LkaHPm4,
2147,"Taarak Mehta Ka Ooltah Chashmah - तारक मेहता - Ep 2147 - 28th Feb, 2017",https://www.youtube.com/watch?v=FhxT1ukmGcQ,Found,28 Feb 2017,18:43,https://www.youtube.com/watch?v=7RQm1Z5P9BU,
2148,"Taarak Mehta Ka Ooltah Chashmah - तारक मेहता  - Ep 2148 - 1st Mar,2017",https://www.youtube.com/watch?v=Jf56GzFCp8o,Found,01 Mar 2017,19:48,https://www.youtube.com/watch?v=aP5-jlYZRMg,
2149,"Taarak Mehta Ka Ooltah Chashmah - तारक मेहता - Ep 2149 - 2nd Mar, 2017",https://www.youtube.com/watch?v=2SZAV9ZnFrw,Found,02 Mar 2017,20:19,https://www.youtube.com/watch?v=60i6f6tQGJE,
2150,Ep 2150 - Tapu Ka Birthday! | Taarak Mehta Ka Ooltah Chashmah | Full Episode | तारक मेहता,https://www.youtube.com/watch?v=oAkDOh1FUGQ,Found,17 Feb 2024,21:01,https://www.youtube.com/watch?v=5KzPKjmN7ao,
2151,"Taarak Mehta Ka Ooltah Chashmah - तारक मेहता - Ep 2151 - 6th Mar, 2017",https://www.youtube.com/watch?v=VB9LM_ee0f4,Found,06 Mar 2017,18:56,https://www.youtube.com/watch?v=YsaGjY696fs,
2152,Ep 2152 - Tapu Ka Birthday! | Taarak Mehta Ka Ooltah Chashmah | Full Episode | तारक मेहता,https://www.youtube.com/watch?v=wDGMQa_TP0U,Found,17 Feb 2024,20:39,https://www.youtube.com/watch?v=Mu3Coh3X4mg,
2153,Ep 2153 - Tapu Ka Birthday! | Taarak Mehta Ka Ooltah Chashmah | Full Episode | तारक मेहता,https://www.youtube.com/watch?v=WO2qxJQ8McM,Found,18 Feb 2024,20:16,,
2154,"Taarak Mehta Ka Ooltah Chashmah - तारक मेहता - Ep 2154 - 9th Mar, 2017",https://www.youtube.com/watch?v=GrJyaGVuBWc,Found,09 Mar 2017,18:58,https://www.youtube.com/watch?v=NVF1Fg_WJLw,
2155,"Taarak Mehta Ka Ooltah Chashmah - तारक मेहता - Ep 2155 - 10th Mar, 2017",https://www.youtube.com/watch?v=ElzhCIDaQD4,Found,10 Mar 2017,19:05,,
2156,"Taarak Mehta Ka Ooltah Chashmah - Full Episode 2156 - 3rd July, 2019",https://www.youtube.com/watch?v=T1ba9_ERpL0,Found,03 Jul 2019,18:04,,
2157,"Taarak Mehta Ka Ooltah Chashmah - तारक मेहता - Ep 2157 - Holi Special - 14th Mar, 2017",https://www.youtube.com/watch?v=ph8kpSe9gh0,Found,14 Mar 2017,18:50,https://www.youtube.com/watch?v=tcznyFaRflI,
2158,"Taarak Mehta Ka Ooltah Chashmah - तारक मेहता - Ep 2158 - Holi Special - 15th Mar, 2017",https://www.youtube.com/watch?v=lp2k9uHSt7k,Found,15 Mar 2017,18:55,https://www.youtube.com/watch?v=szAg3PXkbjE,
2159,क्या Society में हो रहे विवाद को रोक पाएगी Daya? | Taarak Mehta Ka Ooltah Chashmah | 25 Mar 2024,https://www.youtube.com/watch?v=0xU2mIuEq8c,Found,25 Mar 2024,17:42,,
2160,"Taarak Mehta Ka Ooltah Chashmah - Full Episode 2160 - 5th July, 2019",https://www.youtube.com/watch?v=ipnrBASQzxw,Found,05 Jul 2019,19:46,,
2161,"Taarak Mehta Ka Ooltah Chashmah - तारक मेहता - Ep 2161 - Holi Special - 20th Mar, 2017",https://www.youtube.com/watch?v=6QHi5P5cmyM,Found,20 Mar 2017,19:16,https://www.youtube.com/watch?v=EZcnuzBn_dc,
2162,"Taarak Mehta Ka Ooltah Chashmah - तारक मेहता - Ep 2162 - Holi Special - 21st Mar, 2017",https://www.youtube.com/watch?v=i_A2urQKLSc,Found,21 Mar 2017,19:20,https://www.youtube.com/watch?v=-8AS5drR7hk,
2163,"Taarak Mehta Ka Ooltah Chashmah - तारक मेहता - Ep 2163 - Holi Special - 22nd Mar, 2017",https://www.youtube.com/watch?v=uKxH1zcuvFE,Found,22 Mar 2017,19:19,,
2164,"Taarak Mehta Ka Ooltah Chashmah - तारक मेहता - Ep 2164 - Holi Special - 23rd Mar, 2017",https://www.youtube.com/watch?v=9MgfTY6wJBA,Found,23 Mar 2017,19:03,,
2165,"Taarak Mehta Ka Ooltah Chashmah - तारक मेहता - Ep 2165 - 24th Mar, 2017",https://www.youtube.com/watch?v=0gsrxVXYdxk,Found,24 Mar 2017,20:11,https://www.youtube.com/watch?v=GdOrSx7BNcU,
2166,"Taarak Mehta Ka Ooltah Chashmah - तारक मेहता - Ep 2166 - 27th Mar, 2017",https://www.youtube.com/watch?v=ehP_oJv_0S4,Found,27 Mar 2017,20:20,https://www.youtube.com/watch?v=OH6QzZVtq9g,
2167,"Taarak Mehta Ka Ooltah Chashmah - तारक मेहता - Ep 2167 - 28th Mar, 2017",https://www.youtube.com/watch?v=mkDGK2C6n3w,Found,28 Mar 2017,18:56,https://www.youtube.com/watch?v=FS2eRO0e7Do,
2168,"Taarak Mehta Ka Ooltah Chashmah - तारक मेहता - Ep 2168 - Gudi Padwa Special - 29th Mar, 2017",https://www.youtube.com/watch?v=gmy55-BTaBo,Found,29 Mar 2017,19:40,https://www.youtube.com/watch?v=DkKWeTRLupU,
2169,"Taarak Mehta Ka Ooltah Chashmah - तारक मेहता - Ep 2169 - 30th Mar, 2017",https://www.youtube.com/watch?v=wMP8RujYeoc,Found,30 Mar 2017,19:25,https://www.youtube.com/watch?v=q2PjMBhVKjo,
2170,"Taarak Mehta Ka Ooltah Chashmah | तारक मेहता का उल्टा चश्मा | Episode 2170 | 5th April, 2021",https://www.youtube.com/watch?v=ATqIo8wwClI,Found,05 Apr 2021,18:10,https://www.youtube.com/watch?v=cDcZk6SsgOU,
2171,"Taarak Mehta Ka Ooltah Chashmah - तारक मेहता - Ep 2171 - 3rd Apr, 2017",https://www.youtube.com/watch?v=-EpEQsIRGes,Found,03 Apr 2017,19:02,https://www.youtube.com/watch?v=1QtlWBaYcK8,
2172,"Taarak Mehta Ka Ooltah Chashmah - तारक मेहता - Ep 2172 - 4th Apr, 2017",https://www.youtube.com/watch?v=gUDkeiD_WDM,Found,04 Apr 2017,19:10,https://www.youtube.com/watch?v=jDwm_teaSw0,
2173,"Taarak Mehta Ka Ooltah Chashmah - तारक मेहता - Ep 2173 - 5th Apr, 2017",https://www.youtube.com/watch?v=UR9pS3uJAE0,Found,05 Apr 2017,20:23,,
2174,"Taarak Mehta Ka Ooltah Chashmah - तारक मेहता - Ep 2174 - 6th Apr, 2017",https://www.youtube.com/watch?v=C43fbGDDPiU,Found,06 Apr 2017,20:11,https://www.youtube.com/watch?v=RBKn0gAEb9A,
2175,"Taarak Mehta Ka Ooltah Chashmah - तारक मेहता - Ep 2175 - 7th Apr, 2017",https://www.youtube.com/watch?v=yHMON1xoC0k,Found,07 Apr 2017,20:17,https://www.youtube.com/watch?v=QHdL7APPn2U,
2176,"Taarak Mehta Ka Ooltah Chashmah - तारक मेहता - Ep 2176 - 10th Apr, 2017",https://www.youtube.com/watch?v=KvshPTSITIE,Found,10 Apr 2017,19:41,https://www.youtube.com/watch?v=wmgl8AIA8c0,
2177,"Taarak Mehta Ka Ooltah Chashmah - तारक मेहता - Ep 2177 - 11th Apr, 2017",https://www.youtube.com/watch?v=TL7ZB815PII,Found,11 Apr 2017,19:09,https://www.youtube.com/watch?v=2_EhTNj2834,
2178,Ep 2178 - RANG BADALNE WALA LOCKET?!  | Taarak Mehta Ka Ooltah Chashmah | Full Episode | तारक मेहता,https://www.youtube.com/watch?v=9b3G7vC8ado,Found,08 Mar 2024,21:01,https://www.youtube.com/watch?v=xX64_u4MKvs,
2179,"Taarak Mehta Ka Ooltah Chashmah - तारक मेहता - Ep 2179 - 13th Apr, 2017",https://www.youtube.com/watch?v=yMCQr1mbAB4,Found,13 Apr 2017,19:11,https://www.youtube.com/watch?v=-_trSDvPaPc,
2180,Ep 2180 - RANG BADALNE WALA LOCKET?!  | Taarak Mehta Ka Ooltah Chashmah | Full Episode | तारक मेहता,https://www.youtube.com/watch?v=BSgMAV3GnVo,Found,08 Mar 2024,22:30,https://www.youtube.com/watch?v=uFECxgWEHyc,
2181,"Taarak Mehta Ka Ooltah Chashmah - तारक मेहता - Ep 2181 - 17th Apr, 2017",https://www.youtube.com/watch?v=V05QOVGJ3es,Found,18 Apr 2017,20:15,https://www.youtube.com/watch?v=H4ei_9_9ICc,
2182,"Taarak Mehta Ka Ooltah Chashmah - तारक मेहता - Ep 2182 - 18th Apr, 2017",https://www.youtube.com/watch?v=HZPHQYUmA9U,Found,18 Apr 2017,20:35,https://www.youtube.com/watch?v=pBbw9vqTliI,
2183,Ep 2183 - Police ki Car Chori?!  | Taarak Mehta Ka Ooltah Chashmah | Full Episode | तारक मेहता,https://www.youtube.com/watch?v=r1sKgibIurU,Found,09 Mar 2024,21:16,https://www.youtube.com/watch?v=RtEYfRLUPhw,
2184,"Taarak Mehta Ka Ooltah Chashmah - तारक मेहता - Ep 2184 - 20th Apr, 2017",https://www.youtube.com/watch?v=Ap6bGdaY2yw,Found,20 Apr 2017,18:42,https://www.youtube.com/watch?v=cYz76_VD50Q,
2185,"Taarak Mehta Ka Ooltah Chashmah - तारक मेहता - Ep 2185 - 21st Apr, 2017",https://www.youtube.com/watch?v=RHCmTaBH5Qs,Found,21 Apr 2017,19:40,https://www.youtube.com/watch?v=rgOb62Lqm-Q,
2186,Ep 2186 - Police ki Car Chori?!  | Taarak Mehta Ka Ooltah Chashmah | Full Episode | तारक मेहता,https://www.youtube.com/watch?v=UJhAULm_Spg,Found,10 Mar 2024,20:15,https://www.youtube.com/watch?v=ghOGBQapa_w,
2187,"Taarak Mehta Ka Ooltah Chashmah - तारक मेहता - Ep 2187 - 25th Apr, 2017",https://www.youtube.com/watch?v=4f1THWEtfbQ,Found,25 Apr 2017,18:49,https://www.youtube.com/watch?v=JNA9JFbMrN4,
2188,Ep 2188 - Police ki Car Chori?!  | Taarak Mehta Ka Ooltah Chashmah | Full Episode | तारक मेहता,https://www.youtube.com/watch?v=3f1Q-k4TzIg,Found,11 Mar 2024,21:08,https://www.youtube.com/watch?v=6od7HjHoJv8,
2189,Ep 2189 - Mission Hathoda?!  | Taarak Mehta Ka Ooltah Chashmah | Full Episode | तारक मेहता,https://www.youtube.com/watch?v=k5zI6eZ9IHY,Found,11 Mar 2024,21:03,https://www.youtube.com/watch?v=WtqEjouwhBs,
2190,Jetha ने बनाया Tapu को Out करने का Master Plan! |Taarak Mehta Ka Ooltah Chashmah| Full Episode 2190,https://www.youtube.com/watch?v=ImfsDT4rJ00,Found,28 Apr 2017,20:13,https://www.youtube.com/watch?v=r0n6sd11QWE,
2191,"Taarak Mehta Ka Ooltah Chashmah - तारक मेहता - Ep 2191 - 1st May, 2017",https://www.youtube.com/watch?v=OWEENr8zwYE,Found,01 May 2017,21:15,https://www.youtube.com/watch?v=WfkUta_08T4,
2192,"Taarak Mehta Ka Ooltah Chashmah - तारक मेहता - Ep 2192 - 2nd May, 2017",https://www.youtube.com/watch?v=V9tWsqxgMMg,Found,02 May 2017,20:11,https://www.youtube.com/watch?v=nV-KspxWvZA,
2193,Ep 2193 - Mission Hathoda?!  | Taarak Mehta Ka Ooltah Chashmah | Full Episode | तारक मेहता,https://www.youtube.com/watch?v=UFTrIqab3-c,Found,13 Mar 2024,21:02,https://www.youtube.com/watch?v=soUgCuDCfdU,
2194,"Taarak Mehta Ka Ooltah Chashmah - तारक मेहता - Ep 2194 - 4th May, 2017",https://www.youtube.com/watch?v=D5f5aJx3LcA,Found,04 May 2017,19:55,https://www.youtube.com/watch?v=i1SFz5-S8zc,
2195,"Taarak Mehta Ka Ooltah Chashmah - तारक मेहता - Ep 2195 - 5th May, 2017",https://www.youtube.com/watch?v=4YtOkc9aN2I,Found,05 May 2017,20:00,https://www.youtube.com/watch?v=bc5uVIVZd-w,
2196,"Taarak Mehta Ka Ooltah Chashmah - तारक मेहता - Ep 2196 - 8th May, 2017",https://www.youtube.com/watch?v=o2xH0llyWjE,Found,08 May 2017,21:07,https://www.youtube.com/watch?v=e7veeiZ8c-A,
2197,"Taarak Mehta Ka Ooltah Chashmah - तारक मेहता - Ep 2197 - 9th May, 2017",https://www.youtube.com/watch?v=3ohDJuLr2IM,Found,09 May 2017,18:50,https://www.youtube.com/watch?v=2uqF-2V-Ubo,
2198,"Taarak Mehta Ka Ooltah Chashmah - तारक मेहता - Ep 2198 - 10th May, 2017",https://www.youtube.com/watch?v=xhBO4HhsXgw,Found,10 May 2017,19:56,https://www.youtube.com/watch?v=1p8cG0bubOU,
2199,"Taarak Mehta Ka Ooltah Chashmah - तारक मेहता - Ep 2199 - 11th May, 2017",https://www.youtube.com/watch?v=VjCnPvuWpWo,Found,11 May 2017,21:10,https://www.youtube.com/watch?v=-VDkNIFIPhA,
2200,"Taarak Mehta Ka Ooltah Chashmah - तारक मेहता - Ep 2200 - 12th May, 2017",https://www.youtube.com/watch?v=m5eRLRowNIY,Found,12 May 2017,19:58,https://www.youtube.com/watch?v=PIL7-7ybrwM,
2201,"Taarak Mehta Ka Ooltah Chashmah - तारक मेहता - Ep 2201 - 15th May, 2017",https://www.youtube.com/watch?v=TiCcRWfI0aU,Found,15 May 2017,21:22,https://www.youtube.com/watch?v=sC_C3fv1U0E,
2202,"Taarak Mehta Ka Ooltah Chashmah - तारक मेहता - Ep 2202 - 16th May, 2017",https://www.youtube.com/watch?v=pujIm1B8p3k,Found,16 May 2017,19:15,https://www.youtube.com/watch?v=yh6a7-h33_M,https://www.youtube.com/watch?v=81k_JyTuehA
2203,"Taarak Mehta Ka Ooltah Chashmah - तारक मेहता - Ep 2203 - 17th May, 2017",https://www.youtube.com/watch?v=JtW6Zmj1hN8,Found,17 May 2017,21:09,https://www.youtube.com/watch?v=rzkRgXMSU28,
2204,Ep 2204  - Bhide Aur Madhvi Ki Fight?! | Taarak Mehta Ka Ooltah Chashmah | Full Episode | तारक मेहता,https://www.youtube.com/watch?v=geUBUWnqYDg,Found,16 Mar 2024,21:09,https://www.youtube.com/watch?v=A8_3crazQI0,
2205,"Taarak Mehta Ka Ooltah Chashmah - तारक मेहता - Ep 2205 - 19th May, 2017",https://www.youtube.com/watch?v=eVzRPJwFVCo,Found,19 May 2017,19:20,https://www.youtube.com/watch?v=Z-v1u-wNTLI,
2206,"Taarak Mehta Ka Ooltah Chashmah - तारक मेहता - Ep 2206 - 22nd May, 2017",https://www.youtube.com/watch?v=_z1Tw175eyw,Found,22 May 2017,20:42,https://www.youtube.com/watch?v=zwJTsshRvjE,
2207,"Taarak Mehta Ka Ooltah Chashmah - तारक मेहता - Ep 2207 - 23rd May, 2017",https://www.youtube.com/watch?v=171wray0sz8,Found,23 May 2017,20:02,https://www.youtube.com/watch?v=osO0BxIJTa0,
2208,Ep 2208  - Sundar Ki Dukan?! | Taarak Mehta Ka Ooltah Chashmah | Full Episode | तारक मेहता,https://www.youtube.com/watch?v=Or90JeGqMwM,Found,21 Mar 2024,20:58,https://www.youtube.com/watch?v=FsfomfVn0qM,
2209,"Taarak Mehta Ka Ooltah Chashmah - तारक मेहता - Ep 2209 - 25th May, 2017",https://www.youtube.com/watch?v=C4kccWJMfaE,Found,25 May 2017,19:19,https://www.youtube.com/watch?v=iANcJy5sK2Q,
2210,"Taarak Mehta Ka Ooltah Chashmah - तारक मेहता - Ep 2210 - 26th May, 2017",https://www.youtube.com/watch?v=SjcixrOfS0I,Found,26 May 2017,18:25,https://www.youtube.com/watch?v=L3xtUJTohvU,
2211,"Taarak Mehta Ka Ooltah Chashmah - तारक मेहता - Ep 2211 - 29th May, 2017",https://www.youtube.com/watch?v=uYkOdoUVrHo,Found,29 May 2017,19:41,https://www.youtube.com/watch?v=9BgoDphHewY,
2212,"Taarak Mehta Ka Ooltah Chashmah - तारक मेहता - Ep 2212 - 30th May, 2017",https://www.youtube.com/watch?v=IQKYUMZ5owc,Found,30 May 2017,18:55,https://www.youtube.com/watch?v=PRhi7Ro53ck,
2213,"Taarak Mehta Ka Ooltah Chashmah - तारक मेहता - Ep 2213 - 31st May, 2017",https://www.youtube.com/watch?v=IviKcGUXnAo,Found,31 May 2017,18:48,https://www.youtube.com/watch?v=_H0PmAMmi2o,
2214,"Taarak Mehta Ka Ooltah Chashmah - तारक मेहता - Ep 2214 - 1st Jun, 2017",https://www.youtube.com/watch?v=olGm58jLkHY,Found,01 Jun 2017,20:09,,
2215,"Taarak Mehta Ka Ooltah Chashmah - तारक मेहता - Ep 2215 - 2nd Jun, 2017",https://www.youtube.com/watch?v=aa9sC89OAEM,Found,02 Jun 2017,20:29,https://www.youtube.com/watch?v=cgJSm3Gurd4,
2216,"Taarak Mehta Ka Ooltah Chashmah - तारक मेहता - Ep 2216 - 5th Jun, 2017",https://www.youtube.com/watch?v=_AcfBFWNMwQ,Found,05 Jun 2017,20:45,https://www.youtube.com/watch?v=3cOE0t3MD9E,
2217,Bhide’s Student Fails SSC! | FULL MOVIE | Part 2 | Taarak Mehta Ka Ooltah Chashmah Ep 2217 - 2219,https://www.youtube.com/watch?v=kMMKrf1RQTo,Found,23 Sep 2025,49:21,,
2218,Taarak Mehta Ka Ooltah Chashmah -Throwback - Episode 2218 - Full Episode,https://www.youtube.com/watch?v=FZCYEnXN96M,Found,04 Dec 2020,20:44,https://www.youtube.com/watch?v=ovGjfDmMD5Y,
2219,Taarak Mehta Ka Ooltah Chashmah - तारक मेहता - Throwback - Episode 2219 - Full Episode,https://www.youtube.com/watch?v=A2pf-7Ke1Mw,Found,17 Jun 2021,18:45,https://www.youtube.com/watch?v=he7dNt_wFAs,
2220,Midnight में कौन घुस आया है Jetha के घर? | Taarak Mehta Ka Ooltah Chashmah | Comedy Lagataar,https://www.youtube.com/watch?v=60EboSmoLv4,Found,08 Oct 2024,19:30,,
2221,"Taarak Mehta Ka Ooltah Chashmah - तारक मेहता - Ep 2221 - 10th Jun, 2017",https://www.youtube.com/watch?v=lPHtMsHNQzE,Found,10 Jun 2017,20:08,https://www.youtube.com/watch?v=Au20UQ4i_uc,
2222,"Taarak Mehta Ka Ooltah Chashmah - तारक मेहता - Ep 2222 - 12th Jun, 2017",https://www.youtube.com/watch?v=yr4Ol9XoJ8c,Found,12 Jun 2017,21:22,,
2223,"Taarak Mehta Ka Ooltah Chashmah - तारक मेहता - Ep 2223 - 13th Jun, 2017",https://www.youtube.com/watch?v=cZlz35ZkCIU,Found,13 Jun 2017,23:00,https://www.youtube.com/watch?v=33rFxeI0EoE,
2224,"Taarak Mehta Ka Ooltah Chashmah - तारक मेहता - Ep 2224 - 14th Jun, 2017",https://www.youtube.com/watch?v=aZIglzXAX00,Found,14 Jun 2017,19:29,https://www.youtube.com/watch?v=qHQsB5Z_0xw,
2225,"Taarak Mehta Ka Ooltah Chashmah - तारक मेहता - Ep 2225 - 15th Jun, 2017",https://www.youtube.com/watch?v=GiVbq_Xj6hU,Found,15 Jun 2017,18:41,https://www.youtube.com/watch?v=9ZdcBBfO0UU,
2226,"Taarak Mehta Ka Ooltah Chashmah - तारक मेहता - Ep 2226 - 16th Jun, 2017",https://www.youtube.com/watch?v=KQtwavBAeNc,Found,16 Jun 2017,18:57,https://www.youtube.com/watch?v=FgHHUW2v06k,
2227,"Taarak Mehta Ka Ooltah Chashmah - तारक मेहता - Ep 2227 - 19th Jun, 2017",https://www.youtube.com/watch?v=03sDeqfPCsk,Found,19 Jun 2017,18:48,https://www.youtube.com/watch?v=UXMXdS_Z7mA,
2228,"Taarak Mehta Ka Ooltah Chashmah - तारक मेहता - Ep 2228 - 20th Jun, 2017",https://www.youtube.com/watch?v=4ZYdJEjvzdg,Found,20 Jun 2017,19:19,https://www.youtube.com/watch?v=Fs6U7pO7CoQ,
2229,"Taarak Mehta Ka Ooltah Chashmah - तारक मेहता - Ep 2229 - 21st June, 2017",https://www.youtube.com/watch?v=tTG1RXtvH2o,Found,21 Jun 2017,20:09,https://www.youtube.com/watch?v=r6ZBnizqHHk,
2230,"Taarak Mehta Ka Ooltah Chashmah - तारक मेहता - Ep 2230 - 22nd June, 2017",https://www.youtube.com/watch?v=5fNZC82Y9lQ,Found,22 Jun 2017,19:55,https://www.youtube.com/watch?v=ZLzykgLGNM8,
2231,"Taarak Mehta Ka Ooltah Chashmah - तारक मेहता - Ep 2231 - 23rd June, 2017",https://www.youtube.com/watch?v=CDVQ19vOEE0,Found,23 Jun 2017,20:11,https://www.youtube.com/watch?v=0ThuOLPhRHQ,
2232,"Taarak Mehta Ka Ooltah Chashmah - तारक मेहता - Ep 2232 - 26th June, 2017",https://www.youtube.com/watch?v=RMQ6_00ty8M,Found,26 Jun 2017,19:53,https://www.youtube.com/watch?v=COWCWkNzR6s,
2233,"Taarak Mehta Ka Ooltah Chashmah - तारक मेहता - Ep 2233 - 27th June, 2017",https://www.youtube.com/watch?v=NX9WC1Mhogo,Found,27 Jun 2017,20:24,https://www.youtube.com/watch?v=l3qa6Wy4tM0,
2234,"Taarak Mehta Ka Ooltah Chashmah - तारक मेहता - Ep 2234 - 28th June, 2017",https://www.youtube.com/watch?v=SdnR9eEmtPs,Found,28 Jun 2017,20:05,https://www.youtube.com/watch?v=LHMzejNmDLA,
2235,"Taarak Mehta Ka Ooltah Chashmah - तारक मेहता - Ep 2235 - 29th June, 2017",https://www.youtube.com/watch?v=FUrWjGEBrsA,Found,29 Jun 2017,21:00,https://www.youtube.com/watch?v=-SsH117rHw8,
2236,"Taarak Mehta Ka Ooltah Chashmah - तारक मेहता - Ep 2236 - 30th June, 2017",https://www.youtube.com/watch?v=9imeTQUSmIY,Found,30 Jun 2017,20:53,https://www.youtube.com/watch?v=gLNaeEuMYR4,
2237,"Taarak Mehta Ka Ooltah Chashmah - तारक मेहता - Ep 2237 - 3rd July, 2017",https://www.youtube.com/watch?v=EGf__wcj56M,Found,03 Jul 2017,20:18,https://www.youtube.com/watch?v=bvVovYN4JcM,
2238,"Taarak Mehta Ka Ooltah Chashmah - तारक मेहता - Ep 2238 - 4th July, 2017",https://www.youtube.com/watch?v=huHV78RTA_s,Found,04 Jul 2017,20:59,,
2239,"Taarak Mehta Ka Ooltah Chashmah - तारक मेहता - Ep 2239 - 5th July, 2017",https://www.youtube.com/watch?v=D7Mj6SAMNdU,Found,05 Jul 2017,21:02,https://www.youtube.com/watch?v=df5WhyvvJq0,
2240,"Taarak Mehta Ka Ooltah Chashmah - तारक मेहता - Ep 2240 - 6th July, 2017",https://www.youtube.com/watch?v=qgLo_bq8S0I,Found,06 Jul 2017,19:27,https://www.youtube.com/watch?v=oalnsg8wLsk,
2241,"Taarak Mehta Ka Ooltah Chashmah - तारक मेहता - Ep 2241 - 7th July, 2017",https://www.youtube.com/watch?v=IDOuhpumVX8,Found,07 Jul 2017,20:32,https://www.youtube.com/watch?v=la7YlR_6Jxs,
2242,"Taarak Mehta Ka Ooltah Chashmah - तारक मेहता - Ep 2242 - 10th July, 2017",https://www.youtube.com/watch?v=qUao96_2qj8,Found,10 Jul 2017,19:55,https://www.youtube.com/watch?v=Ce7bCPXrpVI,
2243,"Taarak Mehta Ka Ooltah Chashmah | तारक मेहता का उल्टा चश्मा | Episode 2243 | 15th April, 2021",https://www.youtube.com/watch?v=lgDKO3zlg-0,Found,15 Apr 2021,18:23,,
2244,"Taarak Mehta Ka Ooltah Chashmah - तारक मेहता - Ep 2244 - 12th July, 2017",https://www.youtube.com/watch?v=prTxL99G1S0,Found,12 Jul 2017,20:51,https://www.youtube.com/watch?v=V8WPAIO4DuA,
2245,"Taarak Mehta Ka Ooltah Chashmah - Full Episode 2245 - 13th August, 2019",https://www.youtube.com/watch?v=HCfOdrAktNo,Found,13 Aug 2019,19:03,,
2246,"Taarak Mehta Ka Ooltah Chashmah - Full Episode 2246 - 14th August, 2019",https://www.youtube.com/watch?v=Y5RUud8uliU,Found,14 Aug 2019,21:41,,
2247,Taarak Mehta Ka Ooltah Chashmah | Throwback | तारक मेहता का उल्टा चशमाह | Full Episode - 2247,https://www.youtube.com/watch?v=TDR9pHTFzKU,Found,03 Nov 2020,38:25,,
2248,"Taarak Mehta Ka Ooltah Chashmah - तारक मेहता - Ep 2248 - 17th July, 2017",https://www.youtube.com/watch?v=ISANoheY9U4,Found,17 Jul 2017,20:48,https://www.youtube.com/watch?v=cFYVacQMv6o,
2249,"Taarak Mehta Ka Ooltah Chashmah - तारक मेहता - Ep 2249 - 18th July, 2017",https://www.youtube.com/watch?v=0UlVA4cSNA0,Found,18 Jul 2017,20:40,https://www.youtube.com/watch?v=HcWPWUqU39o,
2250,"Taarak Mehta Ka Ooltah Chashmah - तारक मेहता - Ep 2250 - 19th July, 2017",https://www.youtube.com/watch?v=tCzAE4FngTk,Found,19 Jul 2017,21:25,https://www.youtube.com/watch?v=7AWTod_1a08,
2251,"Taarak Mehta Ka Ooltah Chashmah - तारक मेहता - Ep 2251 - 20th July, 2017",https://www.youtube.com/watch?v=vRHqNZdAJyg,Found,20 Jul 2017,19:51,https://www.youtube.com/watch?v=YGxDh1LB6tM,
2252,"Taarak Mehta Ka Ooltah Chashmah - तारक मेहता - Ep 2252 - 21st July, 2017",https://www.youtube.com/watch?v=h-R8xcI6QHM,Found,21 Jul 2017,20:26,https://www.youtube.com/watch?v=4mzLOWMWaH4,
2253,"Taarak Mehta Ka Ooltah Chashmah - तारक मेहता - Ep 2253 - 24th July, 2017",https://www.youtube.com/watch?v=NQBRKit_6zQ,Found,24 Jul 2017,21:49,https://www.youtube.com/watch?v=Ip5pshA7asw,
2254,"Taarak Mehta Ka Ooltah Chashmah - तारक मेहता - Ep 2254 - 25th July, 2017",https://www.youtube.com/watch?v=G4ZL3OosuX8,Found,25 Jul 2017,19:32,https://www.youtube.com/watch?v=uaWrPFqGA8M,
2255,"Taarak Mehta Ka Ooltah Chashmah - तारक मेहता - Ep 2255 - 26th July, 2017",https://www.youtube.com/watch?v=1jxy95NxL5U,Found,26 Jul 2017,19:49,https://www.youtube.com/watch?v=Mvi8AfMQI6s,
2256,"Taarak Mehta Ka Ooltah Chashmah - तारक मेहता - Ep 2256 - 27th July, 2017",https://www.youtube.com/watch?v=jeSXSWyRHmA,Found,27 Jul 2017,21:14,https://www.youtube.com/watch?v=w3lu1MT1OPo,
2257,"Taarak Mehta Ka Ooltah Chashmah - तारक मेहता - Ep 2257 - 28th July, 2017",https://www.youtube.com/watch?v=pttZZH4E6N8,Found,28 Jul 2017,21:21,https://www.youtube.com/watch?v=kTeEIz5JdX8,
2258,"Taarak Mehta Ka Ooltah Chashmah - तारक मेहता - Ep 2258 - 31st July, 2017",https://www.youtube.com/watch?v=WSP9g13Zi7I,Found,31 Jul 2017,21:21,https://www.youtube.com/watch?v=Ehj3M_EQur4,
2259,"Taarak Mehta Ka Ooltah Chashmah - तारक मेहता - Ep 2259 - 1st August, 2017",https://www.youtube.com/watch?v=KZX0aOMVtMM,Found,01 Aug 2017,20:38,,
2260,"Taarak Mehta Ka Ooltah Chashmah - तारक मेहता - Ep 2260 - 2nd August, 2017",https://www.youtube.com/watch?v=OA-Zr29m91w,Found,21 Aug 2017,20:45,https://www.youtube.com/watch?v=X7tuHx0Q8f4,
2261,"Taarak Mehta Ka Ooltah Chashmah - तारक मेहता - Ep 2261 - 3rd August, 2017",https://www.youtube.com/watch?v=MsujUFYoVWM,Found,03 Aug 2017,20:28,,
2262,"Taarak Mehta Ka Ooltah Chashmah - तारक मेहता - Ep 2262 - 4th August, 2017",https://www.youtube.com/watch?v=vK4z6C2pgbw,Found,04 Aug 2017,20:33,https://www.youtube.com/watch?v=p4RFuE0XaqM,
2263,"Taarak Mehta Ka Ooltah Chashmah - तारक मेहता - Ep 2263 - 7th August, 2017",https://www.youtube.com/watch?v=i6PM9bxx5sc,Found,07 Aug 2017,20:07,https://www.youtube.com/watch?v=CmivTGUMDJg,
2264,"Taarak Mehta Ka Ooltah Chashmah - तारक मेहता - Ep 2264 - 8th August, 2017",https://www.youtube.com/watch?v=vEzXtc0Cp88,Found,08 Aug 2017,20:24,https://www.youtube.com/watch?v=dLbf44gi6EA,
2265,"Taarak Mehta Ka Ooltah Chashmah - तारक मेहता - Ep 2265 - 9th August, 2017",https://www.youtube.com/watch?v=x0zPylhFK7Q,Found,09 Aug 2017,21:00,,
2266,"Taarak Mehta Ka Ooltah Chashmah - तारक मेहता - Ep 2266 - 10th August, 2017",https://www.youtube.com/watch?v=njYK5zCUztw,Found,10 Aug 2017,20:59,,
2267,"Taarak Mehta Ka Ooltah Chashmah - तारक मेहता - Ep 2267 - 11th August, 2017",https://www.youtube.com/watch?v=K_TmQ5nYVzA,Found,11 Aug 2017,20:41,https://www.youtube.com/watch?v=0wCKJcwJi1k,
2268,"Taarak Mehta Ka Ooltah Chashmah - तारक मेहता - Ep 2268 - 14th August, 2017",https://www.youtube.com/watch?v=OrE73fFbW3U,Found,14 Aug 2017,20:15,https://www.youtube.com/watch?v=M6eCLUALib8,
2269,"Taarak Mehta Ka Ooltah Chashmah - तारक मेहता - Ep 2269 -Independence Day Special-15th August, 2017",https://www.youtube.com/watch?v=SvUsj-NFebs,Found,15 Aug 2017,20:39,https://www.youtube.com/watch?v=jE5J_wxVOLs,
2270,"Taarak Mehta Ka Ooltah Chashmah - तारक मेहता - Ep 2270 - Independence Day Special-16th August, 2017",https://www.youtube.com/watch?v=uePzMuV5iB8,Found,16 Aug 2017,20:05,https://www.youtube.com/watch?v=j90oFV1B5QQ,
2271,"Taarak Mehta Ka Ooltah Chashmah - तारक मेहता - Ep 2271 - 17th August, 2017",https://www.youtube.com/watch?v=czNDLQSdEfo,Found,17 Aug 2017,19:12,,https://www.youtube.com/watch?v=OXMRLETE_FQ
2272,"Taarak Mehta Ka Ooltah Chashmah - तारक मेहता - Ep 2272 - 18th August, 2017",https://www.youtube.com/watch?v=2d6hCIlFGUE,Found,18 Aug 2017,20:45,https://www.youtube.com/watch?v=44ZZ7kAKGYo,
2273,"Taarak Mehta Ka Ooltah Chashmah - तारक मेहता - Ep 2273 - 21st August, 2017",https://www.youtube.com/watch?v=J73yQsmgRxk,Found,21 Aug 2017,21:04,https://www.youtube.com/watch?v=TwebvsunZXQ,
2274,"Taarak Mehta Ka Ooltah Chashmah - तारक मेहता - Ep 2274 - 22nd August, 2017",https://www.youtube.com/watch?v=x25ONuQTXEA,Found,22 Aug 2017,20:27,https://www.youtube.com/watch?v=E73bt6chKGc,
2275,"Taarak Mehta Ka Ooltah Chashmah - Full Episode 2275 - 26th August, 2019",https://www.youtube.com/watch?v=IuUVPtf4ibE,Found,26 Aug 2019,17:20,,
2276,"Taarak Mehta Ka Ooltah Chashmah - तारक मेहता - Ep 2276 - 24th August, 2017",https://www.youtube.com/watch?v=Fu5i8eTCbt4,Found,24 Aug 2017,19:53,https://www.youtube.com/watch?v=dVepP4ZuwIE,
2277,"Taarak Mehta Ka Ooltah Chashmah - तारक मेहता - Ep 2277 - 25th August, 2017",https://www.youtube.com/watch?v=K7i7u6GoE4I,Found,25 Aug 2017,19:21,,
2278,"Taarak Mehta Ka Ooltah Chashmah - तारक मेहता - Ep 2278 - 28th August, 2017",https://www.youtube.com/watch?v=9_cj_P21sCE,Found,28 Aug 2017,19:55,https://www.youtube.com/watch?v=QldSgdz_y7c,
2279,"Taarak Mehta Ka Ooltah Chashmah - तारक मेहता - Ep 2279 - 29th August, 2017",https://www.youtube.com/watch?v=F7PSDA3J4LA,Found,29 Aug 2017,20:01,https://www.youtube.com/watch?v=-366w-wx_QI,
2280,"Taarak Mehta Ka Ooltah Chashmah - तारक मेहता - Ep 2280 - 30th August, 2017",https://www.youtube.com/watch?v=Ess9ESAAck0,Found,30 Aug 2017,19:27,https://www.youtube.com/watch?v=7X0Uh8lvw4Y,
2281,"Taarak Mehta Ka Ooltah Chashmah - तारक मेहता - Ep 2281 - 31st August, 2017",https://www.youtube.com/watch?v=mxHZktDaPyg,Found,31 Aug 2017,21:16,https://www.youtube.com/watch?v=Awi4HrqKO18,
2282,"Taarak Mehta Ka Ooltah Chashmah - तारक मेहता - Ep 2282 - 1st September, 2017",https://www.youtube.com/watch?v=h0NRDcgiUWU,Found,01 Sep 2017,21:07,https://www.youtube.com/watch?v=TliA28KtdMU,
2283,"Taarak Mehta Ka Ooltah Chashmah - तारक मेहता - Ep 2283 - 4th September, 2017",https://www.youtube.com/watch?v=h5si13nZKrU,Found,21 Aug 2018,20:51,https://www.youtube.com/watch?v=4iSK0OlJE2U,
2284,"Taarak Mehta Ka Ooltah Chashmah - तारक मेहता - Ep 2284 - 5th September, 2017",https://www.youtube.com/watch?v=wtn1Ubt1E7I,Found,05 Sep 2017,19:41,,
2285,"Taarak Mehta Ka Ooltah Chashmah - तारक मेहता - Ep 2285 - 6th September, 2017",https://www.youtube.com/watch?v=ZqkRs3XvrFU,Found,06 Sep 2017,20:27,https://www.youtube.com/watch?v=5hfcwZvUPJg,
2286,"Taarak Mehta Ka Ooltah Chashmah - तारक मेहता - Ep 2286 - 7th September, 2017",https://www.youtube.com/watch?v=WQn9z3uir7A,Found,08 Sep 2017,21:10,https://www.youtube.com/watch?v=kglU-GrZo7c,
2287,"Taarak Mehta Ka Ooltah Chashmah - तारक मेहता - Ep 2287 - 8th September, 2017",https://www.youtube.com/watch?v=7suNGv7fIfI,Found,08 Sep 2017,20:51,https://www.youtube.com/watch?v=MxxolJBsxgo,
2288,"Taarak Mehta Ka Ooltah Chashmah - तारक मेहता - Ep 2288 - 11th September, 2017",https://www.youtube.com/watch?v=vJZP3m2xBcY,Found,11 Sep 2017,20:20,https://www.youtube.com/watch?v=G607PCi5Xkg,
2289,Taarak Mehta Ka Ooltah Chashmah - Episode 2289 - Full Episode,https://www.youtube.com/watch?v=Yd-AS5ZyRcU,Found,16 Aug 2021,19:37,https://www.youtube.com/watch?v=sH9L78HVuO0,
2290,"Taarak Mehta Ka Ooltah Chashmah - तारक मेहता - Ep 2290 - 13th September, 2017",https://www.youtube.com/watch?v=E4QdmizD1So,Found,13 Sep 2017,20:06,https://www.youtube.com/watch?v=7psx7zrxhCI,
2291,"Taarak Mehta Ka Ooltah Chashmah - तारक मेहता - Ep 2291-14th September, 2017",https://www.youtube.com/watch?v=vDBln6p3bNM,Found,14 Sep 2017,21:17,,
2292,"Taarak Mehta Ka Ooltah Chashmah | तारक मेहता का उल्टा चश्मा | Episode 2292 | 4th December, 2020",https://www.youtube.com/watch?v=reDxsfgtawo,Found,04 Dec 2020,20:16,https://www.youtube.com/watch?v=nyYrmsla7o8,
2293,"Taarak Mehta Ka Ooltah Chashmah - तारक मेहता - Ep 2293-18th September, 2017",https://www.youtube.com/watch?v=Wrsxn7IFYoU,Found,18 Sep 2017,21:20,https://www.youtube.com/watch?v=e7uCMBjHsok,
2294,"Taarak Mehta Ka Ooltah Chashmah - तारक मेहता - Ep 2294 - 19th September, 2017",https://www.youtube.com/watch?v=iOgW3jTxBdE,Found,19 Sep 2017,21:18,https://www.youtube.com/watch?v=NTc3kyw8Xck,
2295,"Taarak Mehta Ka Ooltah Chashmah - तारक मेहता - Ep 2295 - 20th September, 2017",https://www.youtube.com/watch?v=_By4fkCVXII,Found,20 Sep 2017,21:02,https://www.youtube.com/watch?v=Z69dmr0nB_U,
2296,"Taarak Mehta Ka Ooltah Chashmah - तारक मेहता - Ep 2296 - 21st September, 2017",https://www.youtube.com/watch?v=LZm2iQFMW4s,Found,21 Sep 2017,19:19,https://www.youtube.com/watch?v=Pd0bd1gcYng,
2297,Chai Gang ने किया Gokuldham पर हमला | Taarak Mehta Ka Ooltah Chashmah | Gokuldham Gentlemen League,https://www.youtube.com/watch?v=lWT35beSkuM,Found,13 May 2024,17:57,https://www.youtube.com/watch?v=J2lUoVoD1aI,
2298,"Taarak Mehta Ka Ooltah Chashmah - तारक मेहता - Ep 2298 - 25th September, 2017",https://www.youtube.com/watch?v=NaqgHJBjXXw,Found,25 Sep 2017,20:10,https://www.youtube.com/watch?v=lCNqohmHlAg,
2299,"Taarak Mehta Ka Ooltah Chashmah - तारक मेहता - Navratri Special - Ep 2299 - 26th September, 2017",https://www.youtube.com/watch?v=ygpfaqcdJPY,Found,26 Sep 2017,20:13,https://www.youtube.com/watch?v=Fm_HKwaXlTg,
2300,"Taarak Mehta Ka Ooltah Chashmah - तारक मेहता - Navratri Special - Ep 2300 - 27th September, 2017",https://www.youtube.com/watch?v=Ilxw2jgmbO0,Found,27 Sep 2017,21:17,https://www.youtube.com/watch?v=M60Bv6YUXqg,
2301,"Taarak Mehta Ka Ooltah Chashmah - तारक मेहता - Navratri Special - Ep 2301 - 28th September, 2017",https://www.youtube.com/watch?v=8VPAiZXZl78,Found,28 Sep 2017,21:10,https://www.youtube.com/watch?v=lfK9Vn83JCU,
2302,"Taarak Mehta Ka Ooltah Chashmah - तारक मेहता - Navratri Special - Ep 2302 - 29th September, 2017",https://www.youtube.com/watch?v=mHsCBNRisug,Found,29 Sep 2017,20:56,https://www.youtube.com/watch?v=E2pdSoskOKg,
2303,"Taarak Mehta Ka Ooltah Chashmah - तारक मेहता - Navratri Special - Ep 2303 - 30th September, 2017",https://www.youtube.com/watch?v=pg8bykZoRYA,Found,01 Oct 2017,21:01,,https://www.youtube.com/watch?v=6xcqWFh7f1I
2304,"Taarak Mehta Ka Ooltah Chashmah - तारक मेहता - Navratri Special - Ep 2304 - 2nd October, 2017",https://www.youtube.com/watch?v=ti2qdZBHXhw,Found,02 Oct 2017,20:23,https://www.youtube.com/watch?v=5N9JMZsMnp0,
2305,"Taarak Mehta Ka Ooltah Chashmah - तारक मेहता - Ep 2305 - 3rd October, 2017",https://www.youtube.com/watch?v=SZ9O2rX3SDo,Found,03 Oct 2017,20:31,https://www.youtube.com/watch?v=v6VJq5Vje6E,
2306,"Taarak Mehta Ka Ooltah Chashmah - तारक मेहता - Ep 2306 - 4th October, 2017",https://www.youtube.com/watch?v=evXRreuHesM,Found,04 Oct 2017,20:53,https://www.youtube.com/watch?v=h2q1cqtqTn0,
2307,"Taarak Mehta Ka Ooltah Chashmah - तारक मेहता - Ep 2307 - 5th October, 2017",https://www.youtube.com/watch?v=w-dwQJ50r0k,Found,05 Oct 2017,21:03,https://www.youtube.com/watch?v=Lgsp8t9ySp8,
2308,"Taarak Mehta Ka Ooltah Chashmah - तारक मेहता - Ep 2308 - 6th October, 2017",https://www.youtube.com/watch?v=Qi58u5Rch8s,Found,06 Oct 2017,21:55,https://www.youtube.com/watch?v=XpFTGVRD1pc,
2309,"Taarak Mehta Ka Ooltah Chashmah - तारक मेहता - Ep 2309 - 9th October, 2017",https://www.youtube.com/watch?v=OyljSXH6ZgU,Found,09 Oct 2017,21:25,https://www.youtube.com/watch?v=4fphIaxEWzA,
2310,"Taarak Mehta Ka Ooltah Chashmah - तारक मेहता - Ep 2310 - 10th October, 2017",https://www.youtube.com/watch?v=AkZlVQPYqUw,Found,10 Oct 2017,20:04,https://www.youtube.com/watch?v=Ly8HmKpm4DM,
2311,"Taarak Mehta Ka Ooltah Chashmah - तारक मेहता - Ep 2311 - 11th October, 2017",https://www.youtube.com/watch?v=i4llplrx7_k,Found,11 Oct 2017,18:45,https://www.youtube.com/watch?v=pxo1Ba9zpSA,
2312,"Taarak Mehta Ka Ooltah Chashmah - तारक मेहता - Ep 2312 - 12th October, 2017",https://www.youtube.com/watch?v=pNSd0i8OJHA,Found,12 Oct 2017,21:05,https://www.youtube.com/watch?v=ZlsVZ3ZMO2Q,
2313,"Taarak Mehta Ka Ooltah Chashmah - तारक मेहता - Ep 2313 - 13th October, 2017",https://www.youtube.com/watch?v=igZUJQsgl1o,Found,13 Oct 2017,20:42,https://www.youtube.com/watch?v=E6J_vJ1039Q,
2314,"Taarak Mehta Ka Ooltah Chashmah - तारक मेहता - Ep 2314 - 14th October, 2017",https://www.youtube.com/watch?v=Zxf1gdEI7UA,Found,14 Oct 2017,21:09,https://www.youtube.com/watch?v=KNjz1ot3Pw4,
2315,"Taarak Mehta Ka Ooltah Chashmah - तारक मेहता - Ep 2315 - Full Episode - 16th October, 2017",https://www.youtube.com/watch?v=jaj1Antt2_c,Found,18 Oct 2017,21:24,https://www.youtube.com/watch?v=8Ie4zhskjs0,
2316,"Taarak Mehta Ka Ooltah Chashmah - तारक मेहता - Ep 2316 - Full Episode - 17th October, 2017",https://www.youtube.com/watch?v=xPMytoXsP7s,Found,19 Oct 2017,20:45,https://www.youtube.com/watch?v=PTHmOAnMMzY,
2317,"Taarak Mehta Ka Ooltah Chashmah - तारक मेहता - Ep 2317 - Full Episode - 18th October, 2017",https://www.youtube.com/watch?v=2CGA5FNEj3A,Found,20 Oct 2017,21:24,https://www.youtube.com/watch?v=1V6hRbcM1ic,
2318,"Taarak Mehta Ka Ooltah Chashmah - तारक मेहता - Ep 2318 - Full Episode - 19th October, 2017",https://www.youtube.com/watch?v=e8MFcbhZHv8,Found,21 Oct 2017,21:14,https://www.youtube.com/watch?v=LOagn6s5TP4,
2319,"Taarak Mehta Ka Ooltah Chashmah - तारक मेहता - Ep 2319 - Full Episode - 20th October, 2017",https://www.youtube.com/watch?v=vuMYVl_ohtY,Found,22 Oct 2017,21:30,,
2320,"Taarak Mehta Ka Ooltah Chashmah - तारक मेहता - Ep 2320 - Full Episode - 21st October, 2017",https://www.youtube.com/watch?v=kiY9Uz9jZPY,Found,23 Oct 2017,21:05,,
2321,"Taarak Mehta Ka Ooltah Chashmah - तारक मेहता - Ep 2321 - Full Episode - 23rd October, 2017",https://www.youtube.com/watch?v=XEgft49BowY,Found,25 Oct 2017,20:44,https://www.youtube.com/watch?v=znEBgEnQAE4,
2322,"Taarak Mehta Ka Ooltah Chashmah - तारक मेहता - Ep 2322 - Full Episode - 24th October, 2017",https://www.youtube.com/watch?v=VLd7ykgzPV8,Found,26 Oct 2017,19:02,https://www.youtube.com/watch?v=D1p2FUhNbrY,
2323,"Taarak Mehta Ka Ooltah Chashmah - तारक मेहता - Ep 2323 - Full Episode - 25th October, 2017",https://www.youtube.com/watch?v=Lf0GiCc2OAk,Found,27 Oct 2017,20:59,,
2324,"Taarak Mehta Ka Ooltah Chashmah - तारक मेहता - Ep 2324 - Full Episode - 26th October, 2017",https://www.youtube.com/watch?v=e3Cg8Tub68I,Found,28 Oct 2017,21:47,https://www.youtube.com/watch?v=sjtik_m2q4g,
2325,"Taarak Mehta Ka Ooltah Chashmah - तारक मेहता - Ep 2325 - Full Episode - 27th October, 2017",https://www.youtube.com/watch?v=3vZ8vaQohgI,Found,29 Oct 2017,21:58,https://www.youtube.com/watch?v=fbS_ssHKbf4,
2326,"Taarak Mehta Ka Ooltah Chashmah - तारक मेहता - Ep 2326 - Full Episode - 30th October, 2017",https://www.youtube.com/watch?v=MfWh5lHH9nc,Found,01 Nov 2017,20:47,,
2327,"Taarak Mehta Ka Ooltah Chashmah - तारक मेहता - Ep 2327 - Full Episode - 31st October, 2017",https://www.youtube.com/watch?v=4jL64fan2Sc,Found,02 Nov 2017,21:00,,
2328,"Taarak Mehta Ka Ooltah Chashmah - तारक मेहता - Ep 2328 - Full Episode - 1st November, 2017",https://www.youtube.com/watch?v=7cY9oWnV4ks,Found,03 Nov 2017,21:10,https://www.youtube.com/watch?v=jG97gXZSzYU,
2329,"Taarak Mehta Ka Ooltah Chashmah - तारक मेहता - Ep 2329 - Full Episode - 2nd November, 2017",https://www.youtube.com/watch?v=5JwciACWpCE,Found,04 Nov 2017,21:15,https://www.youtube.com/watch?v=Puax2AlOQYg,
2330,"Taarak Mehta Ka Ooltah Chashmah - तारक मेहता - Ep 2330 - Full Episode - 3rd November, 2017",https://www.youtube.com/watch?v=5RjOH4S3bqk,Found,05 Nov 2017,21:14,https://www.youtube.com/watch?v=XvvfriyBh5A,
2331,"Taarak Mehta Ka Ooltah Chashmah - तारक मेहता - Ep 2331 - Full Episode - 6th November, 2017",https://www.youtube.com/watch?v=kh2gEhBdWlM,Found,08 Nov 2017,21:11,https://www.youtube.com/watch?v=K0xe3rDx5TU,
2332,"Taarak Mehta Ka Ooltah Chashmah - तारक मेहता - Ep 2332 - Full Episode - 7th November, 2017",https://www.youtube.com/watch?v=0pMPcsbt9Oo,Found,09 Nov 2017,20:50,https://www.youtube.com/watch?v=ZY64Wea-HbQ,
2333,"Taarak Mehta Ka Ooltah Chashmah - तारक मेहता - Ep 2333 - Full Episode - 8th November, 2017",https://www.youtube.com/watch?v=kTbeqnGVxrg,Found,10 Nov 2017,21:14,https://www.youtube.com/watch?v=r61cHcevKCA,
2334,"Taarak Mehta Ka Ooltah Chashmah - तारक मेहता - Ep 2334 - Full Episode - 9th November, 2017",https://www.youtube.com/watch?v=YLLVbktXyk8,Found,11 Nov 2017,20:51,https://www.youtube.com/watch?v=kYcX0i9QqMc,
2335,"Taarak Mehta Ka Ooltah Chashmah - तारक मेहता - Ep 2335 - Full Episode - 10th November, 2017",https://www.youtube.com/watch?v=VWOR14kqbrY,Found,12 Nov 2017,21:03,https://www.youtube.com/watch?v=JGqxSB9gToI,
2336,"Taarak Mehta Ka Ooltah Chashmah - तारक मेहता - Ep 2336 - Full Episode - 13th November, 2017",https://www.youtube.com/watch?v=PcUwY7S1EWg,Found,15 Nov 2017,21:08,https://www.youtube.com/watch?v=eSF9NFB7ZT8,
2337,"Taarak Mehta Ka Ooltah Chashmah - तारक मेहता - Ep 2337 - Full Episode - 14th November, 2017",https://www.youtube.com/watch?v=L2Mpp8ENVOk,Found,17 Nov 2017,21:15,https://www.youtube.com/watch?v=bJIJqn2Ngn8,https://www.youtube.com/watch?v=GtlacLo7VW0
2338,"Taarak Mehta Ka Ooltah Chashmah - तारक मेहता - Ep 2338 - Full Episode - 15th November, 2017",https://www.youtube.com/watch?v=XBbCfOcLgxI,Found,18 Nov 2017,21:36,,
2339,"Taarak Mehta Ka Ooltah Chashmah - तारक मेहता - Ep 2339 - Full Episode - 16th November, 2017",https://www.youtube.com/watch?v=-NaZ_l37sw8,Found,18 Nov 2017,22:02,,https://www.youtube.com/watch?v=dTM7hY-9EfQ
2340,"Taarak Mehta Ka Ooltah Chashmah - तारक मेहता - Ep 2340 - Full Episode - 17th November, 2017",https://www.youtube.com/watch?v=a35hoU95oMo,Found,19 Nov 2017,19:28,https://www.youtube.com/watch?v=nwYOMKIfNq8,https://www.youtube.com/watch?v=IFSn9wivgEs
2341,"Taarak Mehta Ka Ooltah Chashmah - तारक मेहता - Ep 2341 - Full Episode - 20th November, 2017",https://www.youtube.com/watch?v=AehNLXZ_Xf8,Found,22 Nov 2017,22:01,https://www.youtube.com/watch?v=yQ9A2AzygNQ,https://www.youtube.com/watch?v=9iJBlfNPWdg
2342,"Taarak Mehta Ka Ooltah Chashmah - तारक मेहता - Ep 2342 - Full Episode - 21st November, 2017",https://www.youtube.com/watch?v=z9QdkrANGbE,Found,23 Nov 2017,21:21,https://www.youtube.com/watch?v=4mAn_nhCFnc,
2343,"Taarak Mehta Ka Ooltah Chashmah - तारक मेहता - Ep 2343 - Full Episode - 22nd November, 2017",https://www.youtube.com/watch?v=k65hByOwVPE,Found,24 Nov 2017,21:29,,https://www.youtube.com/watch?v=CBiuzlFro4o
2344,"Taarak Mehta Ka Ooltah Chashmah - तारक मेहता - Ep 2344 - Full Episode - 23rd November, 2017",https://www.youtube.com/watch?v=N8AeHR2gemg,Found,25 Nov 2017,21:19,https://www.youtube.com/watch?v=T9VkM9szsDU,
2345,"Taarak Mehta Ka Ooltah Chashmah - तारक मेहता - Ep 2345 - Full Episode - 24th November, 2017",https://www.youtube.com/watch?v=gxGox0Ppc_E,Found,26 Nov 2017,21:28,https://www.youtube.com/watch?v=HDfViYpd8fI,
2346,"Taarak Mehta Ka Ooltah Chashmah - तारक मेहता - Ep 2346 - Full Episode - 27th November, 2017",https://www.youtube.com/watch?v=rmw69BNeCqM,Found,21 Aug 2018,41:51,https://www.youtube.com/watch?v=6nxYiKWi97g,
2347,"Taarak Mehta Ka Ooltah Chashmah - Ep 2347 - Full Episode - 28th November, 2017",https://www.youtube.com/watch?v=riP5saJgAF4,Found,21 Aug 2018,40:56,https://www.youtube.com/watch?v=2XHGd7LG8co,
2348,"Taarak Mehta Ka Ooltah Chashmah - Ep 2348 - Full Episode - 29th November, 2017",https://www.youtube.com/watch?v=23tqdVAS2eo,Found,02 Dec 2017,21:24,https://www.youtube.com/watch?v=ybemrOjqB5Y,https://www.youtube.com/watch?v=4822wm-GIpw
2349,"Taarak Mehta Ka Ooltah Chashmah - Ep 2349 - Full Episode - 30th November, 2017",https://www.youtube.com/watch?v=k7yYOUOndsc,Found,02 Dec 2017,20:51,https://www.youtube.com/watch?v=qt5LmkR6Or0,https://www.youtube.com/watch?v=8yN8pTBJdZI
2350,"Taarak Mehta Ka Ooltah Chashmah - Ep 2350 - Full Episode - 1st December, 2017",https://www.youtube.com/watch?v=qTm6Nc7U5xA,Found,03 Dec 2017,20:58,https://www.youtube.com/watch?v=Z4EU5BlGFF4,
2351,"Taarak Mehta Ka Ooltah Chashmah - Ep 2351 - Full Episode - 4th December, 2017",https://www.youtube.com/watch?v=-A4I-a6X3Lg,Found,06 Dec 2017,21:02,https://www.youtube.com/watch?v=EDRc2e_dLqk,https://www.youtube.com/watch?v=NpNR7GBb4aw
2352,"Taarak Mehta Ka Ooltah Chashmah - Ep 2352 - Full Episode - 5th December, 2017",https://www.youtube.com/watch?v=duIdrfB5LzY,Found,07 Dec 2017,21:42,https://www.youtube.com/watch?v=N0vcJ42OqEY,https://www.youtube.com/watch?v=kzNQC2hiky0
2353,"Taarak Mehta Ka Ooltah Chashmah - Ep 2353 - Full Episode - 6th December, 2017",https://www.youtube.com/watch?v=6XGLtt-RhOI,Found,09 Dec 2017,21:33,https://www.youtube.com/watch?v=2VtxpuoxDOQ,
2354,"Taarak Mehta Ka Ooltah Chashmah - Ep 2354 - Full Episode - 7th December, 2017",https://www.youtube.com/watch?v=LjQoP0k1Kl0,Found,09 Dec 2017,20:50,https://www.youtube.com/watch?v=BneM7IXKfmk,https://www.youtube.com/watch?v=9SFlYxiQTtI
2355,"Taarak Mehta Ka Ooltah Chashmah - Ep 2355 - Full Episode - 8th December, 2017",https://www.youtube.com/watch?v=VZimSFta0Kc,Found,10 Dec 2017,21:14,https://www.youtube.com/watch?v=CrQEGTYp69M,
2356,"Taarak Mehta Ka Ooltah Chashmah - Ep 2356 - Full Episode - 11th December, 2017",https://www.youtube.com/watch?v=ukwqRv_DvEk,Found,13 Dec 2017,20:50,https://www.youtube.com/watch?v=eo79rJhPM_4,https://www.youtube.com/watch?v=jXQMGq1fuiM
2357,"Taarak Mehta Ka Ooltah Chashmah - Ep 2357 - Full Episode - 12th December, 2017",https://www.youtube.com/watch?v=h6EZqVH50uk,Found,14 Dec 2017,20:25,https://www.youtube.com/watch?v=ABsrYr5IoHA,https://www.youtube.com/watch?v=_CXyPR2iTGA
2358,"Taarak Mehta Ka Ooltah Chashmah - Ep 2358 - Full Episode - 13th December, 2017",https://www.youtube.com/watch?v=S2PmTb3xA2U,Found,15 Dec 2017,21:30,https://www.youtube.com/watch?v=8Oyd_DQmTak,https://www.youtube.com/watch?v=pZon1MN_pqA
2359,"Taarak Mehta Ka Ooltah Chashmah - Ep 2359 - Full Episode - 14th December, 2017",https://www.youtube.com/watch?v=nbwjGKLi3z4,Found,17 Dec 2017,20:03,https://www.youtube.com/watch?v=gIYs38qLFDQ,https://www.youtube.com/watch?v=thL-K358JV0
2360,"Taarak Mehta Ka Ooltah Chashmah - Ep 2360 - Full Episode - 15th December, 2017",https://www.youtube.com/watch?v=TJ5OaMiJqtc,Found,17 Dec 2017,21:23,https://www.youtube.com/watch?v=uhr0nh6kz84,
2361,"Taarak Mehta Ka Ooltah Chashmah - Ep 2361 - Full Episode - 18th December, 2017",https://www.youtube.com/watch?v=SW6N3NqSIxg,Found,20 Dec 2017,21:04,https://www.youtube.com/watch?v=GrxTtlJ8mBw,https://www.youtube.com/watch?v=k38YbzrmSW4
2362,Taarak Mehta Ka Ooltah Chashmah - Episode 2362 - Full Episode,https://www.youtube.com/watch?v=C3ekoMKCKFs,Found,10 Mar 2021,20:58,https://www.youtube.com/watch?v=yRxIlvGP3mw,https://www.youtube.com/watch?v=BW0DPpd4BdM
2363,"Taarak Mehta Ka Ooltah Chashmah - Ep 2363 - Full Episode - 20th December, 2017",https://www.youtube.com/watch?v=ahpHLO2m1vQ,Found,22 Dec 2017,21:37,https://www.youtube.com/watch?v=2swRv7Fk1ic,
2364,"Taarak Mehta Ka Ooltah Chashmah - Ep 2364 - Full Episode - 21st December, 2017",https://www.youtube.com/watch?v=l_Vme1oQTO8,Found,23 Dec 2017,20:14,,
2365,"Taarak Mehta Ka Ooltah Chashmah - Ep 2365 - Full Episode - 22nd December, 2017",https://www.youtube.com/watch?v=K63qtfaC-O8,Found,24 Dec 2017,21:10,https://www.youtube.com/watch?v=71m4tyR_Z_s,
2366,"Taarak Mehta Ka Ooltah Chashmah - Ep 2366 - Full Episode - 25th December, 2017",https://www.youtube.com/watch?v=eT7MhNj_oTU,Found,27 Dec 2017,21:25,https://www.youtube.com/watch?v=gtrsxONo8kM,
2367,"Taarak Mehta Ka Ooltah Chashmah - Ep 2367 - Full Episode - 26th December, 2017",https://www.youtube.com/watch?v=5pHDU5Bxi90,Found,28 Dec 2017,20:57,,https://www.youtube.com/watch?v=CrbflwgYJFE
2368,"Taarak Mehta Ka Ooltah Chashmah - Ep 2368 - Full Episode - 27th December, 2017",https://www.youtube.com/watch?v=r3HEppd4V_4,Found,29 Dec 2017,21:06,https://www.youtube.com/watch?v=2HJ_FPYSEzg,
2369,"Taarak Mehta Ka Ooltah Chashmah - Ep 2369 - Full Episode - 28th December, 2017",https://www.youtube.com/watch?v=qXqdi8LjtmY,Found,30 Dec 2017,21:39,https://www.youtube.com/watch?v=E6GkEQU3MIo,
2370,"Taarak Mehta Ka Ooltah Chashmah - Ep 2370 - Full Episode - 29th December, 2017",https://www.youtube.com/watch?v=itgjzLbuPeg,Found,31 Dec 2017,21:00,https://www.youtube.com/watch?v=MeUdAqvNVxI,https://www.youtube.com/watch?v=dry9Vi8MBH8
2371,"Taarak Mehta Ka Ooltah Chashmah - Ep 2371 - Full Episode - 1st January, 2018",https://www.youtube.com/watch?v=KFwjXC3LiwA,Found,03 Jan 2018,20:36,https://www.youtube.com/watch?v=FYibOSlGrMA,
2372,"Taarak Mehta Ka Ooltah Chashmah - Ep 2372 - Full Episode - 2nd January, 2018",https://www.youtube.com/watch?v=YKGRLeJ1xdE,Found,04 Jan 2018,21:01,,
2373,"Taarak Mehta Ka Ooltah Chashmah - Ep 2373 - Full Episode - 3rd January, 2018",https://www.youtube.com/watch?v=s-LrrS2BBbA,Found,05 Jan 2018,20:27,https://www.youtube.com/watch?v=VyBuExvMWgM,
2374,"Taarak Mehta Ka Ooltah Chashmah - Ep 2374 - Full Episode - 4th January, 2018",https://www.youtube.com/watch?v=KwYpnq7fdpk,Found,06 Jan 2018,21:00,https://www.youtube.com/watch?v=wHxsIBOTtAQ,
2375,"Taarak Mehta Ka Ooltah Chashmah - Ep 2375 - Full Episode - 5th January, 2018",https://www.youtube.com/watch?v=MI4SD4ARHEU,Found,07 Jan 2018,21:01,https://www.youtube.com/watch?v=r3cqBxgn0Pw,
2376,"Taarak Mehta Ka Ooltah Chashmah - Ep 2376 - Full Episode - 8th January, 2018",https://www.youtube.com/watch?v=3MSQnDlAqWE,Found,10 Jan 2018,20:54,https://www.youtube.com/watch?v=QKoIQzsCpG4,https://www.youtube.com/watch?v=rfUSYdZStVk
2377,"Taarak Mehta Ka Ooltah Chashmah - Ep 2377 - Full Episode - 9th January, 2018",https://www.youtube.com/watch?v=oQpEBelJDCo,Found,11 Jan 2018,21:11,https://www.youtube.com/watch?v=_p9GFN_JnxE,
2378,"Taarak Mehta Ka Ooltah Chashmah - Ep 2378 - Full Episode - 10th January, 2018",https://www.youtube.com/watch?v=uLMRV5JUW40,Found,12 Jan 2018,20:18,https://www.youtube.com/watch?v=uxlLupu-Qyo,
2379,"Taarak Mehta Ka Ooltah Chashmah - Ep 2379 - Full Episode - 11th January, 2018",https://www.youtube.com/watch?v=jbx1hWlYY9Y,Found,13 Jan 2018,21:16,https://www.youtube.com/watch?v=4HXSI0fMQbA,
2380,"Taarak Mehta Ka Ooltah Chashmah - Ep 2380 - Full Episode - 12th January, 2018",https://www.youtube.com/watch?v=Xz1RVdTbw7s,Found,14 Jan 2018,20:40,https://www.youtube.com/watch?v=PCfoRhjogZc,
2381,"Taarak Mehta Ka Ooltah Chashmah - Ep 2381 - Full Episode - 15th January, 2018",https://www.youtube.com/watch?v=rPUTtdmh3Lo,Found,17 Jan 2018,21:03,https://www.youtube.com/watch?v=rPNXV9a_Q8s,
2382,"Taarak Mehta Ka Ooltah Chashmah - Full Episode - Ep 2382 - 16th January, 2018",https://www.youtube.com/watch?v=CdO6kBUt5dM,Found,18 Jan 2018,20:53,https://www.youtube.com/watch?v=V1OiWeblwow,
2383,"Taarak Mehta Ka Ooltah Chashmah - Ep 2383 - Full Episode - 17th January, 2018",https://www.youtube.com/watch?v=Ha8rV7wP8XQ,Found,19 Jan 2018,21:09,https://www.youtube.com/watch?v=sMrIGvCISHU,
2384,"Taarak Mehta Ka Ooltah Chashmah - Ep 2384 - Full Episode - 18th January, 2018",https://www.youtube.com/watch?v=Hv1BkBczZcs,Found,20 Jan 2018,21:39,,
2385,"Taarak Mehta Ka Ooltah Chashmah - Ep 2385 - Full Episode - 19th January, 2018",https://www.youtube.com/watch?v=m1_4JFbedZE,Found,21 Jan 2018,21:20,https://www.youtube.com/watch?v=5CzA9Wnj06w,
2386,"Taarak Mehta Ka Ooltah Chashmah - Ep 2386 - Full Episode - 22nd January, 2018",https://www.youtube.com/watch?v=-lTs1EoCwLo,Found,24 Jan 2018,20:11,https://www.youtube.com/watch?v=bxIQuisdWm0,
2387,"Taarak Mehta Ka Ooltah Chashmah - Ep 2387 - Full Episode - 23rd January, 2018",https://www.youtube.com/watch?v=F350zodFfps,Found,25 Jan 2018,20:59,https://www.youtube.com/watch?v=KWwdvgNS7Es,
2388,"Taarak Mehta Ka Ooltah Chashmah - Ep 2388 - Full Episode - 24th January, 2018",https://www.youtube.com/watch?v=BTL6CvLrBEs,Found,26 Jan 2018,19:33,https://www.youtube.com/watch?v=yhPbBzYXWNw,
2389,"Taarak Mehta Ka Ooltah Chashmah - Ep 2389 - Full Episode - 25th January, 2018",https://www.youtube.com/watch?v=OKWu4Ik429M,Found,27 Jan 2018,22:05,https://www.youtube.com/watch?v=hfL0FJsTJkQ,
2390,"Taarak Mehta Ka Ooltah Chashmah - Ep 2390 - Full Episode - 26th January, 2018",https://www.youtube.com/watch?v=IS2t3Meeivs,Found,28 Jan 2018,21:13,https://www.youtube.com/watch?v=s4LAASfLPt0,
2391,"Taarak Mehta Ka Ooltah Chashmah - Ep 2391 - Full Episode - 29th January, 2018",https://www.youtube.com/watch?v=D9iHEDFRqNc,Found,31 Jan 2018,21:42,,
2392,"Taarak Mehta Ka Ooltah Chashmah - Ep 2392 - Full Episode - 30th January, 2018",https://www.youtube.com/watch?v=IAlrFLpQ33M,Found,01 Feb 2018,20:57,https://www.youtube.com/watch?v=ppY3Ksw9rRg,
2393,"Taarak Mehta Ka Ooltah Chashmah - Ep 2393 - Full Episode - 31st January, 2018",https://www.youtube.com/watch?v=c5VRdsDzQwE,Found,02 Feb 2018,21:41,https://www.youtube.com/watch?v=Yd8Ts0DoUCI,
2394,"Taarak Mehta Ka Ooltah Chashmah - Ep 2394 - Full Episode - 1st February, 2018",https://www.youtube.com/watch?v=3VwQLjbC2hk,Found,03 Feb 2018,21:27,https://www.youtube.com/watch?v=ATGvfWden0s,
2395,"Taarak Mehta Ka Ooltah Chashmah - Ep 2395 - Full Episode - 2nd February, 2018",https://www.youtube.com/watch?v=hL6yWko4vS0,Found,04 Feb 2018,20:56,https://www.youtube.com/watch?v=u4jC6hahmYM,
2396,"Taarak Mehta Ka Ooltah Chashmah - Ep 2396 - Full Episode - 5th February, 2018",https://www.youtube.com/watch?v=m3czWsO2Y6k,Found,07 Feb 2018,20:37,https://www.youtube.com/watch?v=6vvvLzJQd7Y,
2397,"Taarak Mehta Ka Ooltah Chashmah - Ep 2397 - Full Episode - 6th February, 2018",https://www.youtube.com/watch?v=IK7SzhqReRQ,Found,08 Feb 2018,21:10,https://www.youtube.com/watch?v=bcaOFCDU_W8,
2398,"Taarak Mehta Ka Ooltah Chashmah - Ep 2398 - Full Episode - 7th February, 2018",https://www.youtube.com/watch?v=BF4SFJOMpi0,Found,09 Feb 2018,20:41,https://www.youtube.com/watch?v=UPo6W4GWdOI,
2399,"Taarak Mehta Ka Ooltah Chashmah - Ep 2399 - Full Episode - 8th February, 2018",https://www.youtube.com/watch?v=nwyhtVf5RKs,Found,10 Feb 2018,21:02,https://www.youtube.com/watch?v=xE92PfO9BdI,
2400,"Taarak Mehta Ka Ooltah Chashmah - Ep 2400 - Full Episode - 9th February, 2018",https://www.youtube.com/watch?v=vGmJiY2Awek,Found,11 Feb 2018,21:02,https://www.youtube.com/watch?v=XoVxeI64bJ8,
2401,"Taarak Mehta Ka Ooltah Chashmah - Ep 2401 - Full Episode - 12th February, 2018",https://www.youtube.com/watch?v=I8TZn4Tn6B0,Found,14 Feb 2018,21:07,https://www.youtube.com/watch?v=17ups_Ubdfc,
2402,"Taarak Mehta Ka Ooltah Chashmah - Ep 2402 - Full Episode - 13th February, 2018",https://www.youtube.com/watch?v=wT6LmoLFXJU,Found,15 Feb 2018,20:54,https://www.youtube.com/watch?v=_thOv4h6smI,
2403,"Taarak Mehta Ka Ooltah Chashmah - Ep 2403 - Full Episode - 14th February, 2018",https://www.youtube.com/watch?v=wK_liWAOfW8,Found,16 Feb 2018,20:56,https://www.youtube.com/watch?v=pm_NakzLvzc,
2404,"Taarak Mehta Ka Ooltah Chashmah - Ep 2404 - Full Episode - 15th February, 2018",https://www.youtube.com/watch?v=JiX8o3eesG4,Found,17 Feb 2018,20:48,https://www.youtube.com/watch?v=iVa8Gj8j5Uw,
2405,"Taarak Mehta Ka Ooltah Chashmah - Ep 2405 - Full Episode - 16th February, 2018",https://www.youtube.com/watch?v=4iZuD2bQAR8,Found,18 Feb 2018,20:57,https://www.youtube.com/watch?v=q9OVPXIKjdM,
2406,"Taarak Mehta Ka Ooltah Chashmah - Ep 2406 - Full Episode - 19th February, 2018",https://www.youtube.com/watch?v=KcNEimaXgBQ,Found,21 Feb 2018,21:08,https://www.youtube.com/watch?v=28iz14ZHanI,
2407,"Taarak Mehta Ka Ooltah Chashmah - Ep 2407 - Full Episode - 20th February, 2018",https://www.youtube.com/watch?v=twURo3eABmM,Found,22 Feb 2018,20:45,https://www.youtube.com/watch?v=V_e2NzfH8sk,
2408,"Taarak Mehta Ka Ooltah Chashmah - Ep 2408 - Full Episode - 21st February, 2018",https://www.youtube.com/watch?v=Fwc4xyA0p2Q,Found,23 Feb 2018,19:53,https://www.youtube.com/watch?v=t3gxMhQBuc4,
2409,"Taarak Mehta Ka Ooltah Chashmah - Ep 2409 - Full Episode - 22nd February, 2018",https://www.youtube.com/watch?v=m0_EDgs-5bU,Found,24 Feb 2018,21:37,,
2410,"Taarak Mehta Ka Ooltah Chashmah - Ep 2410 - Full Episode - 23rd February, 2018",https://www.youtube.com/watch?v=7Jbkl5sEVlw,Found,25 Feb 2018,20:54,https://www.youtube.com/watch?v=eUhuqFPpQ4Y,
2411,"Taarak Mehta Ka Ooltah Chashmah - Ep 2411 - Full Episode - 26th February, 2018",https://www.youtube.com/watch?v=P1YxlTsmwJ8,Found,28 Feb 2018,21:02,https://www.youtube.com/watch?v=mYpKiBS_kFk,
2412,"Taarak Mehta Ka Ooltah Chashmah - Full Episode 2412 - Part B - 31st October, 2019",https://www.youtube.com/watch?v=FU_Y9ywGo8A,Found,20 Aug 2020,20:11,,
2413,"Taarak Mehta Ka Ooltah Chashmah - Ep 2413 - Full Episode - 28th February, 2018",https://www.youtube.com/watch?v=OTjamLD534Q,Found,01 Mar 2018,21:16,https://www.youtube.com/watch?v=86KWXrTJX3Q,
2414,"Taarak Mehta Ka Ooltah Chashmah - Ep 2414 - Full Episode - 1st March, 2018",https://www.youtube.com/watch?v=uZ62kvyGhjQ,Found,03 Mar 2018,21:05,https://www.youtube.com/watch?v=m86BYGxf_Tc,
2415,"Taarak Mehta Ka Ooltah Chashmah - Ep 2415 - Full Episode - 2nd March, 2018",https://www.youtube.com/watch?v=jhezW7swz2k,Found,04 Mar 2018,21:05,,
2416,"Taarak Mehta Ka Ooltah Chashmah - Ep 2416 - Full Episode - 5th March, 2018",https://www.youtube.com/watch?v=Kf5QpRBxBSQ,Found,07 Mar 2018,20:25,https://www.youtube.com/watch?v=rRzkmQ00ebo,
2417,"Taarak Mehta Ka Ooltah Chashmah - Ep 2417 - Full Episode - 6th March, 2018",https://www.youtube.com/watch?v=ccn6VPsRark,Found,08 Mar 2018,20:59,https://www.youtube.com/watch?v=KhWHPTM3PAg,
2418,"Taarak Mehta Ka Ooltah Chashmah - Ep 2418 - Full Episode - 7th March, 2018",https://www.youtube.com/watch?v=bY2d7hfC6tc,Found,09 Mar 2018,21:01,https://www.youtube.com/watch?v=x1_cxwP7zvo,
2419,"Taarak Mehta Ka Ooltah Chashmah - Ep 2419 - Full Episode - 8th March, 2018",https://www.youtube.com/watch?v=tpKJGx0JotU,Found,10 Mar 2018,20:46,https://www.youtube.com/watch?v=NiAT0kYIvTU,
2420,"Taarak Mehta Ka Ooltah Chashmah - Ep 2420 - Full Episode - 9th March, 2018",https://www.youtube.com/watch?v=RAkFJNis9W4,Found,11 Mar 2018,20:53,https://www.youtube.com/watch?v=ltyjXseZp1g,
2421,"Taarak Mehta Ka Ooltah Chashmah - Ep 2421 - Full Episode - 12th March, 2018",https://www.youtube.com/watch?v=xlpK1XKz788,Found,14 Mar 2018,20:44,https://www.youtube.com/watch?v=YmMoTrAHufI,
2422,"Taarak Mehta Ka Ooltah Chashmah - Ep 2422 - Full Episode - 13th March, 2018",https://www.youtube.com/watch?v=WbFSyRL-3Ts,Found,15 Mar 2018,20:31,https://www.youtube.com/watch?v=HN7D7pl0NXM,
2423,"Taarak Mehta Ka Ooltah Chashmah - Ep 2423 - Full Episode - 14th March, 2018",https://www.youtube.com/watch?v=LGNWwqO6IbY,Found,16 Mar 2018,20:10,https://www.youtube.com/watch?v=PLnZFukiiXE,
2424,"Taarak Mehta Ka Ooltah Chashmah - Ep 2424 - Full Episode - 15th March, 2018",https://www.youtube.com/watch?v=64NJSqHJIoA,Found,17 Mar 2018,20:31,,
2425,"Taarak Mehta Ka Ooltah Chashmah - Ep 2425 - Full Episode - 16th March, 2018",https://www.youtube.com/watch?v=QYCUB_PqAvs,Found,18 Mar 2018,20:31,https://www.youtube.com/watch?v=JbtmyO39xPs,
2426,"Taarak Mehta Ka Ooltah Chashmah - Ep 2426 - Full Episode - 19th March, 2018",https://www.youtube.com/watch?v=hhxQjbPf2Qg,Found,21 Mar 2018,21:04,https://www.youtube.com/watch?v=5VAiFMtuqu8,
2427,"Taarak Mehta Ka Ooltah Chashmah - Ep 2427 - Full Episode - 20th March, 2018",https://www.youtube.com/watch?v=pqyNzal705E,Found,22 Mar 2018,21:24,https://www.youtube.com/watch?v=FGeyxBEfm_A,
2428,"Taarak Mehta Ka Ooltah Chashmah - Ep 2428 - Full Episode - 21st March, 2018",https://www.youtube.com/watch?v=Z018r0ZyMOg,Found,23 Mar 2018,20:43,https://www.youtube.com/watch?v=j-7gW8pApRs,
2429,"Taarak Mehta Ka Ooltah Chashmah - Ep 2429 - Full Episode - 22nd March, 2018",https://www.youtube.com/watch?v=9zy2YI7bk2o,Found,24 Mar 2018,20:50,https://www.youtube.com/watch?v=AVVqU5SG1P8,
2430,"Taarak Mehta Ka Ooltah Chashmah - Ep 2430 - Full Episode - 23rd March, 2018",https://www.youtube.com/watch?v=Z88AhAnUC88,Found,25 Mar 2018,20:57,https://www.youtube.com/watch?v=ogrcF3JX2dQ,
2431,"Taarak Mehta Ka Ooltah Chashmah - Ep 2431 - Full Episode - 26th March, 2018",https://www.youtube.com/watch?v=F76cCx0zhaA,Found,28 Mar 2018,20:44,https://www.youtube.com/watch?v=ZpJcYQczZIw,
2432,"Taarak Mehta Ka Ooltah Chashmah - Ep 2432 - Full Episode - 27th March, 2018",https://www.youtube.com/watch?v=HroIlEjw0K0,Found,29 Mar 2018,21:12,https://www.youtube.com/watch?v=0IcApStRTqw,
2433,"Taarak Mehta Ka Ooltah Chashmah - Ep 2433 - Full Episode - 28th March, 2018",https://www.youtube.com/watch?v=HVKOL2UfYcs,Found,30 Mar 2018,21:15,https://www.youtube.com/watch?v=STJxlkMENIc,
2434,"Taarak Mehta Ka Ooltah Chashmah - Ep 2434 - Full Episode - 29th March, 2018",https://www.youtube.com/watch?v=ti57TfLxg5M,Found,31 Mar 2018,21:02,https://www.youtube.com/watch?v=rV4Uf5wVWDE,
2435,"Taarak Mehta Ka Ooltah Chashmah - Ep 2435 - Full Episode - 30th March, 2018",https://www.youtube.com/watch?v=VVQGLHkjb8U,Found,01 Apr 2018,20:52,https://www.youtube.com/watch?v=AifWDKsQrwo,
2436,"Taarak Mehta Ka Ooltah Chashmah - Ep 2436 - Full Episode - 2nd April, 2018",https://www.youtube.com/watch?v=UID-g8STSmE,Found,04 Apr 2018,21:11,https://www.youtube.com/watch?v=Hn2eIsJezcs,
2437,"Taarak Mehta Ka Ooltah Chashmah - Ep 2437 - Full Episode - 3rd April, 2018",https://www.youtube.com/watch?v=gOfFEZpfOgY,Found,05 Apr 2018,20:46,https://www.youtube.com/watch?v=SOiVsEjp0nE,
2438,"Taarak Mehta Ka Ooltah Chashmah - Ep 2438 - Full Episode - 4th April, 2018",https://www.youtube.com/watch?v=kbSqXseTaA8,Found,06 Apr 2018,21:03,https://www.youtube.com/watch?v=tyZGPXn16tM,
2439,"Taarak Mehta Ka Ooltah Chashmah - Ep 2439 - Full Episode - 5th April, 2018",https://www.youtube.com/watch?v=C1nn0_EZLjY,Found,07 Apr 2018,20:47,https://www.youtube.com/watch?v=-eif5McLMEU,
2440,"Taarak Mehta Ka Ooltah Chashmah - Ep 2440 - Full Episode - 6th April, 2018",https://www.youtube.com/watch?v=1lBrYHA0ifo,Found,08 Apr 2018,20:09,https://www.youtube.com/watch?v=5MhHIEWu81k,
2441,"Taarak Mehta Ka Ooltah Chashmah - Ep 2441 - Full Episode - 9th April, 2018",https://www.youtube.com/watch?v=O8azHD3Id8w,Found,11 Apr 2018,20:20,https://www.youtube.com/watch?v=7XpnNfGWcX4,
2442,"Taarak Mehta Ka Ooltah Chashmah - Ep 2442 - Full Episode - 10th April, 2018",https://www.youtube.com/watch?v=B30ECD0Gvl4,Found,12 Apr 2018,20:32,https://www.youtube.com/watch?v=CwQBs1srok8,
2443,"Taarak Mehta Ka Ooltah Chashmah - Ep 2443 - Full Episode - 11th April, 2018",https://www.youtube.com/watch?v=jIc_rykgq3s,Found,13 Apr 2018,21:22,https://www.youtube.com/watch?v=G7I1n_Bmibk,
2444,"Taarak Mehta Ka Ooltah Chashmah - Ep 2444 - Full Episode - 12th April, 2018",https://www.youtube.com/watch?v=XOxaSDCNkbY,Found,14 Apr 2018,20:39,https://www.youtube.com/watch?v=vuUfuTDWF_E,
2445,"Taarak Mehta Ka Ooltah Chashmah - Ep 2445 - Full Episode - 13th April, 2018",https://www.youtube.com/watch?v=F5kaLDGMQ14,Found,15 Apr 2018,21:00,https://www.youtube.com/watch?v=uge0MdpUgRk,
2446,"Taarak Mehta Ka Ooltah Chashmah - Ep 2446 - Full Episode - 16th April, 2018",https://www.youtube.com/watch?v=wtkTaHArhvE,Found,18 Apr 2018,21:03,https://www.youtube.com/watch?v=58V9adrXAwY,
2447,"Taarak Mehta Ka Ooltah Chashmah - Ep 2447 - Full Episode - 17th April, 2018",https://www.youtube.com/watch?v=DFSVLmDoOfg,Found,19 Apr 2018,21:34,https://www.youtube.com/watch?v=h4jfcaMY654,
2448,"Taarak Mehta Ka Ooltah Chashmah - Ep 2448 - Full Episode - 18th April, 2018",https://www.youtube.com/watch?v=6OYIOXhVraM,Found,20 Apr 2018,21:12,https://www.youtube.com/watch?v=pjv7w96Hocg,
2449,"Taarak Mehta Ka Ooltah Chashmah - Ep 2449 - Full Episode - 19th April, 2018",https://www.youtube.com/watch?v=sHdmQPkvLew,Found,21 Apr 2018,21:00,https://www.youtube.com/watch?v=6FAVEkPseRI,
2450,"Taarak Mehta Ka Ooltah Chashmah - Ep 2450 - Full Episode - 20th April, 2018",https://www.youtube.com/watch?v=GySuurFt4AA,Found,22 Apr 2018,20:00,https://www.youtube.com/watch?v=LcRIoFeF03o,
2451,"Taarak Mehta Ka Ooltah Chashmah - Ep 2451 - Full Episode - 23rd April, 2018",https://www.youtube.com/watch?v=G0q80pLoDdM,Found,25 Apr 2018,21:32,,
2452,"Taarak Mehta Ka Ooltah Chashmah - Ep 2452 - Full Episode - 24th April, 2018",https://www.youtube.com/watch?v=C3C1bnZFNJw,Found,26 Apr 2018,21:23,https://www.youtube.com/watch?v=Cqm3FR_3ohI,
2453,"Taarak Mehta Ka Ooltah Chashmah - Ep 2453 - Full Episode - 25th April, 2018",https://www.youtube.com/watch?v=0ltpTiJ9-MA,Found,27 Apr 2018,19:52,https://www.youtube.com/watch?v=ioLuIIcv7mU,
2454,"Taarak Mehta Ka Ooltah Chashmah - Ep 2454 - Full Episode - 26th April, 2018",https://www.youtube.com/watch?v=bC-AfkVCwFA,Found,28 Apr 2018,21:27,https://www.youtube.com/watch?v=F9mi6PL_dJ0,
2455,"Taarak Mehta Ka Ooltah Chashmah - Ep 2455 - Full Episode - 27th April, 2018",https://www.youtube.com/watch?v=HFEHxyZQWXY,Found,29 Apr 2018,22:07,https://www.youtube.com/watch?v=QbAN8V0K95E,
2456,"Taarak Mehta Ka Ooltah Chashmah - Ep 2456 - Full Episode - 30th April, 2018",https://www.youtube.com/watch?v=Nyp6265ep9w,Found,02 May 2018,22:24,https://www.youtube.com/watch?v=E0jofp0Nufc,
2457,"Taarak Mehta Ka Ooltah Chashmah - Ep 2457 - Full Episode - 1st May, 2018",https://www.youtube.com/watch?v=1D1STln0NiM,Found,03 May 2018,22:12,https://www.youtube.com/watch?v=JPSTTdDL4U0,
2458,"Taarak Mehta Ka Ooltah Chashmah - Ep 2458 - Full Episode - 2nd May, 2018",https://www.youtube.com/watch?v=XwyVpFEx6Kg,Found,04 May 2018,22:34,https://www.youtube.com/watch?v=O0pIZmsaGcQ,
2459,"Taarak Mehta Ka Ooltah Chashmah - Ep 2459 - Full Episode - 3rd May, 2018",https://www.youtube.com/watch?v=Mw9jv5KMXBM,Found,05 May 2018,22:21,https://www.youtube.com/watch?v=4LSMRzv3vBw,
2460,"Taarak Mehta Ka Ooltah Chashmah - Ep 2460 - Full Episode - 4th May, 2018",https://www.youtube.com/watch?v=fJhcZ3B5z2w,Found,06 May 2018,22:18,https://www.youtube.com/watch?v=KJ40Pqj5lhM,
2461,"Taarak Mehta Ka Ooltah Chashmah - Ep 2461 - Full Episode - 7th May, 2018",https://www.youtube.com/watch?v=ME_7wAdJ-Jg,Found,09 May 2018,22:15,https://www.youtube.com/watch?v=Tjy8icWoOmY,
2462,"Taarak Mehta Ka Ooltah Chashmah - Ep 2462 - Full Episode - 8th May, 2018",https://www.youtube.com/watch?v=IzhNbccJp5w,Found,10 May 2018,23:10,https://www.youtube.com/watch?v=ncqhTh4jxZI,
2463,"Taarak Mehta Ka Ooltah Chashmah - Ep 2463 - Full Episode - 9th May, 2018",https://www.youtube.com/watch?v=UBkhHJA59Qw,Found,11 May 2018,21:56,https://www.youtube.com/watch?v=Rps3xo1J2rc,
2464,"Taarak Mehta Ka Ooltah Chashmah - Ep 2464 - Full Episode - 10th May, 2018",https://www.youtube.com/watch?v=FgYCNEgZSrg,Found,12 May 2018,22:50,https://www.youtube.com/watch?v=yJ7LL3CvYRc,
2465,"Taarak Mehta Ka Ooltah Chashmah - Ep 2465 - Full Episode - 11th May, 2018",https://www.youtube.com/watch?v=enmUtxh_3t8,Found,13 May 2018,23:09,https://www.youtube.com/watch?v=zNUvY1MgaTI,
2466,"Taarak Mehta Ka Ooltah Chashmah - Ep 2466 - Full Episode - 14th May, 2018",https://www.youtube.com/watch?v=UvBG_kbzm4w,Found,16 May 2018,23:00,https://www.youtube.com/watch?v=o3a3kDrrgrY,
2467,"Taarak Mehta Ka Ooltah Chashmah - Ep 2467 - Full Episode - 15th May, 2018",https://www.youtube.com/watch?v=WqB0CE9YjCs,Found,17 May 2018,23:39,https://www.youtube.com/watch?v=GpDSFg9vzgI,
2468,"Taarak Mehta Ka Ooltah Chashmah - Ep 2468 - Full Episode - 16th May, 2018",https://www.youtube.com/watch?v=YHJVl9PEtdg,Found,18 May 2018,23:11,https://www.youtube.com/watch?v=sP_k9syhK9Y,
2469,"Taarak Mehta Ka Ooltah Chashmah - Ep 2469 - Full Episode - 17th May, 2018",https://www.youtube.com/watch?v=GMDwMJXScs0,Found,19 May 2018,22:28,https://www.youtube.com/watch?v=ivR52wAmXrU,
2470,"Taarak Mehta Ka Ooltah Chashmah - Ep 2470 - Full Episode - 18th May, 2018",https://www.youtube.com/watch?v=-VTVSB1FO30,Found,20 May 2018,22:20,https://www.youtube.com/watch?v=6_zb1X9iJ2Q,
2471,"Taarak Mehta Ka Ooltah Chashmah - Ep 2471 - Full Episode - 21st May, 2018",https://www.youtube.com/watch?v=J19CqaXkniw,Found,23 May 2018,22:43,https://www.youtube.com/watch?v=8QCEuqWeIlE,
2472,"Taarak Mehta Ka Ooltah Chashmah - Ep 2472 - Full Episode - 22nd May, 2018",https://www.youtube.com/watch?v=iwbDEyGyIIY,Found,24 May 2018,23:23,https://www.youtube.com/watch?v=zU0LH1xnv7A,
2473,"Taarak Mehta Ka Ooltah Chashmah - Ep 2473 - Full Episode - 23rd May, 2018",https://www.youtube.com/watch?v=odM-Q7BB4Bg,Found,25 May 2018,23:23,https://www.youtube.com/watch?v=90dHcrrtYtQ,
2474,"Taarak Mehta Ka Ooltah Chashmah - Ep 2474 - Full Episode - 24th May, 2018",https://www.youtube.com/watch?v=YYEkABjb2ck,Found,26 May 2018,22:05,https://www.youtube.com/watch?v=QX4uPYnHmTE,
2475,"Taarak Mehta Ka Ooltah Chashmah - Ep 2475 - Full Episode - 25th May, 2018",https://www.youtube.com/watch?v=kFCaLpfwodY,Found,27 May 2018,23:01,https://www.youtube.com/watch?v=Os9_92PKqIA,
2476,"Taarak Mehta Ka Ooltah Chashmah - Ep 2476 - Full Episode - 28th May, 2018",https://www.youtube.com/watch?v=btxaD6eiwj0,Found,30 May 2018,22:32,https://www.youtube.com/watch?v=OK8m2xeBQTU,
2477,"Taarak Mehta Ka Ooltah Chashmah - Ep 2477 - Full Episode - 29th May, 2018",https://www.youtube.com/watch?v=pWqEv7Zo5ys,Found,31 May 2018,22:31,https://www.youtube.com/watch?v=KGfUTOHdcSw,
2478,क्यों Jetha है Tapu से Angry? |Taarak Mehta Ka Ooltah Chashmah | Full Episode 2478 | 12 July 2023,https://www.youtube.com/watch?v=yxoH8P4s1g8,Found,12 Jul 2023,21:33,https://www.youtube.com/watch?v=4oQ3LzDv52k,
2479,"Taarak Mehta Ka Ooltah Chashmah - Ep 2479 - Full Episode - 31st May, 2018",https://www.youtube.com/watch?v=bD2Dle63JPs,Found,02 Jun 2018,22:13,https://www.youtube.com/watch?v=fLmTCL0hy30,
2480,"Taarak Mehta Ka Ooltah Chashmah - Ep 2480 - Full Episode - 1st June, 2018",https://www.youtube.com/watch?v=H7gxE-Xq86Y,Found,03 Jun 2018,21:45,https://www.youtube.com/watch?v=m7a7ct4KF2w,
2481,"Taarak Mehta Ka Ooltah Chashmah - Ep 2481 - Full Episode - 4th June, 2018",https://www.youtube.com/watch?v=QYtTRiBjHxc,Found,06 Jun 2018,21:39,https://www.youtube.com/watch?v=oqSjAALE4kQ,
2482,"Taarak Mehta Ka Ooltah Chashmah - Ep 2482 - Full Episode - 5th June, 2018",https://www.youtube.com/watch?v=VW38tyCVAUY,Found,07 Jun 2018,21:53,https://www.youtube.com/watch?v=E22fR6DV11g,
2483,"Taarak Mehta Ka Ooltah Chashmah - Ep 2483 - Full Episode - 6th June, 2018",https://www.youtube.com/watch?v=LcdPFbmFmJk,Found,08 Jun 2018,21:45,https://www.youtube.com/watch?v=1teGHqzEEyk,
2484,"Taarak Mehta Ka Ooltah Chashmah - Ep 2484 - Full Episode - 7th June, 2018",https://www.youtube.com/watch?v=PD-qo4yYvKw,Found,09 Jun 2018,22:35,https://www.youtube.com/watch?v=vX8xShdX4XM,
2485,"Taarak Mehta Ka Ooltah Chashmah - Ep 2485 - Full Episode - 8th June, 2018",https://www.youtube.com/watch?v=dZdXpYnaG30,Found,10 Jun 2018,22:26,https://www.youtube.com/watch?v=Qwn9yhlZopo,
2486,"Taarak Mehta Ka Ooltah Chashmah - Ep 2486 - Full Episode - 11th June, 2018",https://www.youtube.com/watch?v=DowaZgcRp3Q,Found,13 Jun 2018,21:22,https://www.youtube.com/watch?v=oWFNT6yLbeM,https://www.youtube.com/watch?v=veJRLu7KqnY
2487,"Taarak Mehta Ka Ooltah Chashmah - Ep 2487 - Full Episode - 12th June, 2018",https://www.youtube.com/watch?v=MohkYUa7RsI,Found,14 Jun 2018,20:37,https://www.youtube.com/watch?v=NgKVVpZkWv4,
2488,"Taarak Mehta Ka Ooltah Chashmah - Ep 2488 - Full Episode - 13th June, 2018",https://www.youtube.com/watch?v=QbiBoLjrY4w,Found,15 Jun 2018,22:09,https://www.youtube.com/watch?v=IUyB7th0dj4,
2489,"Taarak Mehta Ka Ooltah Chashmah - Ep 2489 - Full Episode - 14th June, 2018",https://www.youtube.com/watch?v=S6I5vTnXN08,Found,16 Jun 2018,21:37,https://www.youtube.com/watch?v=HhkownS74iA,https://www.youtube.com/watch?v=f2724vDd3UQ
2490,"Taarak Mehta Ka Ooltah Chashmah - Ep 2490 - Full Episode - 15th June, 2018",https://www.youtube.com/watch?v=P0Uq415kYxA,Found,17 Jun 2018,20:04,https://www.youtube.com/watch?v=uK8Eb1mn1uo,
2491,"Taarak Mehta Ka Ooltah Chashmah - Ep 2491 - Full Episode - 18th June, 2018",https://www.youtube.com/watch?v=bWuMB7xYhKE,Found,20 Jun 2018,21:27,https://www.youtube.com/watch?v=nYjFc9MwdaI,
2492,"Taarak Mehta Ka Ooltah Chashmah - Ep 2492 - Full Episode - 19th June, 2018",https://www.youtube.com/watch?v=4DA7Y1gmoOA,Found,21 Jun 2018,21:22,https://www.youtube.com/watch?v=1i47gs8mftQ,
2493,"Taarak Mehta Ka Ooltah Chashmah - Ep 2493 - Full Episode - 20th June, 2018",https://www.youtube.com/watch?v=A2yIK5HqvTk,Found,22 Jun 2018,20:16,https://www.youtube.com/watch?v=OOohgTRI5T4,
2494,"Taarak Mehta Ka Ooltah Chashmah - Ep 2494 - Full Episode - 21st June, 2018",https://www.youtube.com/watch?v=remfSlA7BkY,Found,23 Jun 2018,21:26,https://www.youtube.com/watch?v=W61aHJC6Zdw,https://www.youtube.com/watch?v=39sKhKj_73k
2495,"Taarak Mehta Ka Ooltah Chashmah - Ep 2495 - Full Episode - 22nd June, 2018",https://www.youtube.com/watch?v=i-JwKVwNmUs,Found,24 Jun 2018,20:57,https://www.youtube.com/watch?v=A9xgXCZwi5E,
2496,"Taarak Mehta Ka Ooltah Chashmah - Ep 2496 - Full Episode - 25th June, 2018",https://www.youtube.com/watch?v=neVXmsFcm5Y,Found,27 Jun 2018,23:05,https://www.youtube.com/watch?v=oz2Ae6lGxW0,
2497,"Taarak Mehta Ka Ooltah Chashmah - Ep 2497 - Full Episode - 26th June, 2018",https://www.youtube.com/watch?v=3vg_viWESlY,Found,28 Jun 2018,21:29,https://www.youtube.com/watch?v=O9Y5xTK1fMY,https://www.youtube.com/watch?v=HoRnQsMkGXE
2498,"Taarak Mehta Ka Ooltah Chashmah - Ep 2498 - Full Episode - 27th June, 2018",https://www.youtube.com/watch?v=kpFiO8N5xJc,Found,29 Jun 2018,21:55,https://www.youtube.com/watch?v=NleKVnbqhdg,
2499,"Taarak Mehta Ka Ooltah Chashmah - Ep 2499 - Full Episode - 28th June, 2018",https://www.youtube.com/watch?v=mQLIFjluMTs,Found,30 Jun 2018,21:01,https://www.youtube.com/watch?v=6gmGz4VAZ4w,https://www.youtube.com/watch?v=bZd7H9awHCU
2500,"Taarak Mehta Ka Ooltah Chashmah - Ep 2500 - Full Episode - 29th June, 2018",https://www.youtube.com/watch?v=WquGhpG5o1Y,Found,01 Jul 2018,22:31,https://www.youtube.com/watch?v=U1eQ_dORSv0,
2501,"Taarak Mehta Ka Ooltah Chashmah - Ep 2501 - Full Episode - 2nd July, 2018",https://www.youtube.com/watch?v=QoJET4VQWzI,Found,04 Jul 2018,21:20,https://www.youtube.com/watch?v=NiNJZUSgxR8,
2502,"Taarak Mehta Ka Ooltah Chashmah - Ep 2502 - Full Episode - 3rd July, 2018",https://www.youtube.com/watch?v=Zp7U8RAao7E,Found,05 Jul 2018,20:50,https://www.youtube.com/watch?v=2xUktNPFxxU,https://www.youtube.com/watch?v=g8mxisJjQj0
2503,"Taarak Mehta Ka Ooltah Chashmah - Ep 2503 - Full Episode - 4th July, 2018",https://www.youtube.com/watch?v=rDeaWixQG5Q,Found,06 Jul 2018,21:33,https://www.youtube.com/watch?v=Is633tU30Zc,
2504,"Taarak Mehta Ka Ooltah Chashmah - Ep 2504 - Full Episode - 5th July, 2018",https://www.youtube.com/watch?v=tBhBV9CPU1Q,Found,07 Jul 2018,20:41,https://www.youtube.com/watch?v=TKyQodfzrPg,
2505,Bapuji ने क्यों लिया Gokuldham छोड़ने का फैसला? | Taarak Mehta Ka Ooltah Chashmah | 27 July 2024,https://www.youtube.com/watch?v=WOsp_6z6GW8,Found,27 Jul 2024,22:10,https://www.youtube.com/watch?v=UDkdbx7gX08,https://www.youtube.com/watch?v=jSSboT2CvLw
2506,"Taarak Mehta Ka Ooltah Chashmah - Ep 2506 - Full Episode - 9th July, 2018",https://www.youtube.com/watch?v=BuZ76Y6iRNE,Found,11 Jul 2018,20:38,https://www.youtube.com/watch?v=yzGMV3rAbhk,
2507,"Taarak Mehta Ka Ooltah Chashmah - Ep 2507 - Full Episode - 10th July, 2018",https://www.youtube.com/watch?v=78ABStijJvE,Found,12 Jul 2018,22:02,https://www.youtube.com/watch?v=2jj8sZQfNoY,
2508,"Taarak Mehta Ka Ooltah Chashmah - Ep 2508 - Full Episode - 11th July, 2018",https://www.youtube.com/watch?v=GSCn9LMIaY0,Found,13 Jul 2018,21:18,https://www.youtube.com/watch?v=-aMgYbor5ns,
2509,"Taarak Mehta Ka Ooltah Chashmah - Ep 2509 - Full Episode - 12th July, 2018",https://www.youtube.com/watch?v=VVwRNZhNHjU,Found,14 Jul 2018,21:21,,
2510,"Taarak Mehta Ka Ooltah Chashmah - Ep 2510 - Full Episode - 13th July, 2018",https://www.youtube.com/watch?v=pWENwBWFCW0,Found,15 Jul 2018,21:16,https://www.youtube.com/watch?v=3zT6ew0pexE,
2511,"Taarak Mehta Ka Ooltah Chashmah - Ep 2511 - Full Episode - 16th July, 2018",https://www.youtube.com/watch?v=DJEpXCPtIW4,Found,18 Jul 2018,22:35,https://www.youtube.com/watch?v=Hd3NNJnkrt4,https://www.youtube.com/watch?v=cgbmnNj1yVc
2512,"Taarak Mehta Ka Ooltah Chashmah - Ep 2512 - Full Episode - 17th July, 2018",https://www.youtube.com/watch?v=AeLdBBk4ObQ,Found,19 Jul 2018,21:02,https://www.youtube.com/watch?v=CHsYStZb81A,https://www.youtube.com/watch?v=x78czsEZuxw
2513,"Taarak Mehta Ka Ooltah Chashmah - Ep 2513 - Full Episode - 18th July, 2018",https://www.youtube.com/watch?v=_dseln_a13A,Found,20 Jul 2018,22:08,https://www.youtube.com/watch?v=M2XAXMdFJ3U,
2514,"Taarak Mehta Ka Ooltah Chashmah - Ep 2514 - Full Episode - 19th July, 2018",https://www.youtube.com/watch?v=sQS8EhIhifg,Found,21 Jul 2018,20:45,https://www.youtube.com/watch?v=3_TQbWkcSVs,
2515,"Taarak Mehta Ka Ooltah Chashmah - Ep 2515 - Full Episode - 20th July, 2018",https://www.youtube.com/watch?v=7erVyq1JILk,Found,22 Jul 2018,20:37,https://www.youtube.com/watch?v=9E2rDykYYno,
2516,"Taarak Mehta Ka Ooltah Chashmah - Ep 2516 - Full Episode - 23rd July, 2018",https://www.youtube.com/watch?v=nozz7wc-Clk,Found,25 Jul 2018,21:11,https://www.youtube.com/watch?v=dQcfGYUosj4,
2517,"Taarak Mehta Ka Ooltah Chashmah - Ep 2517 - Full Episode - 24th July, 2018",https://www.youtube.com/watch?v=Xwa4eipm_cI,Found,26 Jul 2018,21:38,https://www.youtube.com/watch?v=c2fqfMJ9nIc,https://www.youtube.com/watch?v=5AUYwG3tJFU
2518,"Taarak Mehta Ka Ooltah Chashmah - Ep 2518 - Full Episode - 25th July, 2018",https://www.youtube.com/watch?v=CazyT6JwdX8,Found,27 Jul 2018,21:32,https://www.youtube.com/watch?v=YehaMWaIft8,https://www.youtube.com/watch?v=H55k2Pf0M0k
2519,"Taarak Mehta Ka Ooltah Chashmah - Ep 2519 - Full Episode - 26th July, 2018",https://www.youtube.com/watch?v=4BYoCsmBFmQ,Found,28 Jul 2018,21:58,https://www.youtube.com/watch?v=am57RP0si6g,
2520,"Taarak Mehta Ka Ooltah Chashmah - Ep 2520 - Full Episode - 27th July, 2018",https://www.youtube.com/watch?v=9CmTuC31knY,Found,29 Jul 2018,21:15,,https://www.youtube.com/watch?v=nOLtBKtOAy0
2521,"Taarak Mehta Ka Ooltah Chashmah - Ep 2521 - Full Episode - 30th July, 2018",https://www.youtube.com/watch?v=5YT6bt-QHZA,Found,01 Aug 2018,23:38,,
2522,"Taarak Mehta Ka Ooltah Chashmah - Ep 2522 - Full Episode - 31st July, 2018",https://www.youtube.com/watch?v=nG6CZHL2DDo,Found,02 Aug 2018,24:13,,
2523,"Taarak Mehta Ka Ooltah Chashmah - Ep 2523 - Full Episode - 1st August, 2018",https://www.youtube.com/watch?v=5zKvVwUBEsc,Found,03 Aug 2018,21:29,,
2524,"Taarak Mehta Ka Ooltah Chashmah - Ep 2524 - Full Episode - 2nd August, 2018",https://www.youtube.com/watch?v=KX73vNi316M,Found,04 Aug 2018,20:24,,
2525,"Taarak Mehta Ka Ooltah Chashmah - Ep 2525 - Full Episode - 3rd August, 2018",https://www.youtube.com/watch?v=AbrxmuSVBJw,Found,05 Aug 2018,20:53,https://www.youtube.com/watch?v=UEO3ARYUgW0,https://www.youtube.com/watch?v=HkrZ9mHCACs
2526,"Taarak Mehta Ka Ooltah Chashmah - Ep 2526 - Full Episode - 6th August, 2018",https://www.youtube.com/watch?v=bXKaz4APFUc,Found,08 Aug 2018,19:43,https://www.youtube.com/watch?v=Ek5AHYKCpaM,https://www.youtube.com/watch?v=22yS_kKApKo
2527,"Taarak Mehta Ka Ooltah Chashmah - Ep 2527 - Full Episode - 7th August, 2018",https://www.youtube.com/watch?v=5NDEahsohhY,Found,09 Aug 2018,21:00,https://www.youtube.com/watch?v=YuAtez_XOEs,https://www.youtube.com/watch?v=HlsFbLPdww0
2528,"Taarak Mehta Ka Ooltah Chashmah - Ep 2528 - Full Episode - 8th August, 2018",https://www.youtube.com/watch?v=urZoyZMOtHs,Found,10 Aug 2018,21:24,https://www.youtube.com/watch?v=ZO1HpPkUkWU,
2529,"Taarak Mehta Ka Ooltah Chashmah - Ep 2529 - Full Episode - 9th August, 2018",https://www.youtube.com/watch?v=txr2-nrbWHc,Found,11 Aug 2018,21:05,https://www.youtube.com/watch?v=8kgF5MfNSDo,
2530,"Taarak Mehta Ka Ooltah Chashmah - Ep 2530 - Full Episode - 10th August, 2018",https://www.youtube.com/watch?v=G2pkJzSt6NQ,Found,12 Aug 2018,21:05,,
2531,"Taarak Mehta Ka Ooltah Chashmah - Ep 2531 - Full Episode - 13th August, 2018",https://www.youtube.com/watch?v=UwR6gWL9MVo,Found,15 Aug 2018,21:52,https://www.youtube.com/watch?v=2T08ZEkU114,
2532,"Taarak Mehta Ka Ooltah Chashmah - Ep 2532 - Full Episode - 14th August, 2018",https://www.youtube.com/watch?v=vc6Fcibst2k,Found,16 Aug 2018,21:34,https://www.youtube.com/watch?v=zDXKrzy5bxs,
2533,"Taarak Mehta Ka Ooltah Chashmah - Ep 2533 - Full Episode - 15th August, 2018",https://www.youtube.com/watch?v=Fub5ACiG56k,Found,17 Aug 2018,20:46,https://www.youtube.com/watch?v=3_W0bWE56Hs,
2534,"Taarak Mehta Ka Ooltah Chashmah - Ep 2534 - Full Episode - 16th August, 2018",https://www.youtube.com/watch?v=tdrp5tc7ZRQ,Found,18 Aug 2018,20:03,https://www.youtube.com/watch?v=Cwfq3rrqn5o,
2535,"Taarak Mehta Ka Ooltah Chashmah - Ep 2535 - Full Episode - 17th August, 2018",https://www.youtube.com/watch?v=2Oej53kPE0c,Found,19 Aug 2018,20:40,https://www.youtube.com/watch?v=GE5mWNccluI,https://www.youtube.com/watch?v=rsS_tXf5luY
2536,"Taarak Mehta Ka Ooltah Chashmah - Ep 2536 - Full Episode - 20th August, 2018",https://www.youtube.com/watch?v=P-AOlWzsr_o,Found,22 Aug 2018,20:32,https://www.youtube.com/watch?v=050Q54Qe4HY,
2537,"Taarak Mehta Ka Ooltah Chashmah - Ep 2537 - Full Episode - 21st August, 2018",https://www.youtube.com/watch?v=XDAENFqUA1o,Found,23 Aug 2018,20:41,https://www.youtube.com/watch?v=1COZSeQtkcE,https://www.youtube.com/watch?v=W9pOarQciek
2538,"Taarak Mehta Ka Ooltah Chashmah - Ep 2538 - Full Episode - 22nd August, 2018",https://www.youtube.com/watch?v=qsTXB_JNxFs,Found,24 Aug 2018,19:19,https://www.youtube.com/watch?v=107torBmn7o,
2539,"Taarak Mehta Ka Ooltah Chashmah - Ep 2539 - Full Episode - 23rd August, 2018",https://www.youtube.com/watch?v=V878wTEM6Os,Found,25 Aug 2018,19:50,https://www.youtube.com/watch?v=5XdJdLxcUm8,
2540,"Taarak Mehta Ka Ooltah Chashmah - Ep 2540 - Full Episode - 24th August, 2018",https://www.youtube.com/watch?v=nI7WtIrLthg,Found,26 Aug 2018,21:04,https://www.youtube.com/watch?v=BRjvpg1TONM,
2541,"Taarak Mehta Ka Ooltah Chashmah - Ep 2541 - Full Episode - 27th August, 2018",https://www.youtube.com/watch?v=TR7GXbR3azo,Found,29 Aug 2018,20:01,https://www.youtube.com/watch?v=eVA_poLrOjM,
2542,"Taarak Mehta Ka Ooltah Chashmah - Ep 2542 - Full Episode - 28th August, 2018",https://www.youtube.com/watch?v=xK2zWbEF-BM,Found,30 Aug 2018,20:15,https://www.youtube.com/watch?v=JnB_OKxas2k,
2543,"Taarak Mehta Ka Ooltah Chashmah - Ep 2543 - Full Episode - 29th August, 2018",https://www.youtube.com/watch?v=MUxvKrdpIfY,Found,31 Aug 2018,20:23,https://www.youtube.com/watch?v=50joaLk8_k4,
2544,"Taarak Mehta Ka Ooltah Chashmah - Ep 2544 - Full Episode - 30th August, 2018",https://www.youtube.com/watch?v=qYOQChFjok0,Found,01 Sep 2018,19:56,https://www.youtube.com/watch?v=glAmMixQcIk,
2545,"Taarak Mehta Ka Ooltah Chashmah - Ep 2545 - Full Episode - 31st August, 2018",https://www.youtube.com/watch?v=Dml9Bz2hLAM,Found,02 Sep 2018,20:43,https://www.youtube.com/watch?v=4EPjH6scOI8,
2546,"Taarak Mehta Ka Ooltah Chashmah - Ep 2546 - Full Episode - 3rd September, 2018",https://www.youtube.com/watch?v=jyIm2uVy1Gs,Found,05 Sep 2018,20:19,https://www.youtube.com/watch?v=LyBy2Kg6ysY,
2547,"Taarak Mehta Ka Ooltah Chashmah - Ep 2547 - Full Episode - 4th September, 2018",https://www.youtube.com/watch?v=g7-alD4eAfU,Found,06 Sep 2018,19:46,https://www.youtube.com/watch?v=k0d8zfUKLGo,
2548,"Taarak Mehta Ka Ooltah Chashmah - Ep 2548 - Full Episode - 5th September, 2018",https://www.youtube.com/watch?v=K3pDuKMwWXg,Found,07 Sep 2018,20:10,https://www.youtube.com/watch?v=xxCXkNT9rRs,https://www.youtube.com/watch?v=5JT33OziKLk
2549,"Taarak Mehta Ka Ooltah Chashmah - Ep 2549 - Full Episode - 6th September, 2018",https://www.youtube.com/watch?v=e-85-_IpYc0,Found,08 Sep 2018,19:02,https://www.youtube.com/watch?v=NEQmh-PVsfM,https://www.youtube.com/watch?v=bBntdlATNFY
2550,"Taarak Mehta Ka Ooltah Chashmah - Ep 2550 - Full Episode - 7th September, 2018",https://www.youtube.com/watch?v=yZ_rSrlnJM8,Found,09 Sep 2018,21:14,https://www.youtube.com/watch?v=HJUDbUDIzGA,
2551,"Taarak Mehta Ka Ooltah Chashmah - Ep 2551 - Full Episode - 10th September, 2018",https://www.youtube.com/watch?v=F4_wJtdY5nE,Found,12 Sep 2018,20:24,https://www.youtube.com/watch?v=J78bL-l6MMY,https://www.youtube.com/watch?v=s68MPngnlH4
2552,Taarak Mehta Ka Ooltah Chashmah - Episode 2552 - Full Episode,https://www.youtube.com/watch?v=_5OAuLiYk1A,Found,24 Sep 2021,20:37,https://www.youtube.com/watch?v=BXnX0vGOo8g,https://www.youtube.com/watch?v=t28maXY890I
2553,"Taarak Mehta Ka Ooltah Chashmah - Ep 2553 - Full Episode - 12th September, 2018",https://www.youtube.com/watch?v=VMRkAWJ6LfE,Found,14 Sep 2018,20:39,https://www.youtube.com/watch?v=zO3MP6urw7w,
2554,"Taarak Mehta Ka Ooltah Chashmah - Ep 2554 - Full Episode - 13th September, 2018",https://www.youtube.com/watch?v=HFpVYwDdixc,Found,15 Sep 2018,20:37,https://www.youtube.com/watch?v=2Kb-5mq3dCs,
2555,"Taarak Mehta Ka Ooltah Chashmah - Ep 2555 - Full Episode - 14th September, 2018",https://www.youtube.com/watch?v=y9AN2U9TwSw,Found,16 Sep 2018,20:10,https://www.youtube.com/watch?v=OwIXmtWQDr8,
2556,"Taarak Mehta Ka Ooltah Chashmah - Ep 2556 - Full Episode - 17th September, 2018",https://www.youtube.com/watch?v=J6Qr2VEEYcM,Found,19 Sep 2018,20:31,https://www.youtube.com/watch?v=KX3RVSpDq7A,
2557,"Taarak Mehta Ka Ooltah Chashmah - Ep 2557 - Full Episode - 18th September, 2018",https://www.youtube.com/watch?v=pzyZUXQHI6Y,Found,20 Sep 2018,21:12,https://www.youtube.com/watch?v=RxygilDtg8k,
2558,"Taarak Mehta Ka Ooltah Chashmah - Ep 2558 - Full Episode - 19th September, 2018",https://www.youtube.com/watch?v=zJbCxLuq4XQ,Found,21 Sep 2018,19:55,https://www.youtube.com/watch?v=nPni522IbVg,
2559,"Taarak Mehta Ka Ooltah Chashmah - Ep 2559 - Full Episode - 20th September, 2018",https://www.youtube.com/watch?v=Tz07Eeh4gGg,Found,22 Sep 2018,20:29,https://www.youtube.com/watch?v=XMsV626kut4,
2560,"Taarak Mehta Ka Ooltah Chashmah - Ep 2560 - Full Episode - 21st September, 2018",https://www.youtube.com/watch?v=XWqNA15-xig,Found,23 Sep 2018,20:35,https://www.youtube.com/watch?v=UTH3-02EB_A,
2561,"Taarak Mehta Ka Ooltah Chashmah - Ep 2561 - Full Episode - 24th September, 2018",https://www.youtube.com/watch?v=UPhlipm3MmU,Found,26 Sep 2018,20:31,https://www.youtube.com/watch?v=iyJba8plOaI,
2562,"Taarak Mehta Ka Ooltah Chashmah - Ep 2562 - Full Episode - 25th September, 2018",https://www.youtube.com/watch?v=3iMY-lENDRg,Found,27 Sep 2018,19:55,https://www.youtube.com/watch?v=jEvTGXV8Eac,
2563,"Taarak Mehta Ka Ooltah Chashmah - Ep 2563 - Full Episode - 26th September, 2018",https://www.youtube.com/watch?v=1sJ36hEUUBM,Found,28 Sep 2018,20:21,https://www.youtube.com/watch?v=ztqfCHOmMAk,
2564,"Taarak Mehta Ka Ooltah Chashmah - Ep 2564 - Full Episode - 27th September, 2018",https://www.youtube.com/watch?v=stZ9gEuyXWI,Found,29 Sep 2018,21:04,,https://www.youtube.com/watch?v=mkE6c3A_NDc
2565,"Taarak Mehta Ka Ooltah Chashmah - Ep 2565 - Full Episode - 28th September, 2018",https://www.youtube.com/watch?v=gZpRJdNmJK8,Found,30 Sep 2018,21:03,,
2566,"Jetha's Dilemma | Taarak Mehta Ka Ooltah Chashmah | Full Episode 2566 | 1st October, 2018",https://www.youtube.com/watch?v=hH7qGuduEwc,Found,03 Oct 2018,20:20,https://www.youtube.com/watch?v=Ay-zKjMZZo0,
2568,"Taarak Mehta Ka Ooltah Chashmah - Ep 2568 - Full Episode - 3rd October, 2018",https://www.youtube.com/watch?v=bRqPFWxedRk,Found,05 Oct 2018,20:23,https://www.youtube.com/watch?v=tjYmaKpN5_A,
2569,"Taarak Mehta Ka Ooltah Chashmah - Ep 2569 - Full Episode - 4th October, 2018",https://www.youtube.com/watch?v=yXBZ4OxTjCo,Found,06 Oct 2018,20:28,https://www.youtube.com/watch?v=F5qLx_tUSyA,
2570,"Taarak Mehta Ka Ooltah Chashmah - Ep 2570 - Full Episode - 5th October, 2018",https://www.youtube.com/watch?v=_4jh72EaxtQ,Found,07 Oct 2018,20:30,https://www.youtube.com/watch?v=2Uh00UF5UpU,https://www.youtube.com/watch?v=0P70F-WUzsE
2571,"Taarak Mehta Ka Ooltah Chashmah - Ep 2571 - Full Episode - 8th October, 2018",https://www.youtube.com/watch?v=Rpj4lcSqZ5c,Found,10 Oct 2018,19:13,https://www.youtube.com/watch?v=TKptKnybktU,
2572,"Taarak Mehta Ka Ooltah Chashmah - Ep 2572 - Full Episode - 9th October, 2018",https://www.youtube.com/watch?v=tDnXFSU6GoY,Found,11 Oct 2018,20:50,https://www.youtube.com/watch?v=RMSdIkNNpSE,
2573,"Taarak Mehta Ka Ooltah Chashmah - Ep 2573 - Full Episode - 10th October, 2018",https://www.youtube.com/watch?v=1G-ENds9sR4,Found,12 Oct 2018,20:11,https://www.youtube.com/watch?v=CD3ZBdi_hjw,https://www.youtube.com/watch?v=AXogSbUJvLA
2574,"Taarak Mehta Ka Ooltah Chashmah - Ep 2574 - Full Episode - 11th October, 2018",https://www.youtube.com/watch?v=ZDo7obBh-qQ,Found,13 Oct 2018,20:55,https://www.youtube.com/watch?v=p7OAJA7r30o,https://www.youtube.com/watch?v=NIvQTJtuNXE
2575,"Taarak Mehta Ka Ooltah Chashmah - Ep 2575 - Full Episode - 12th October, 2018",https://www.youtube.com/watch?v=ZBLAjuzWvuQ,Found,14 Oct 2018,20:31,https://www.youtube.com/watch?v=JMEuUoQRJ00,
2576,"Taarak Mehta Ka Ooltah Chashmah - Ep 2576 - Full Episode - 15th October, 2018",https://www.youtube.com/watch?v=-bgPohTED60,Found,17 Oct 2018,20:16,https://www.youtube.com/watch?v=DxtWtvRuz2I,
2577,"Taarak Mehta Ka Ooltah Chashmah - Ep 2577 - Full Episode - 16th October, 2018",https://www.youtube.com/watch?v=K2pIKoAeFNg,Found,18 Oct 2018,19:21,https://www.youtube.com/watch?v=tXpw-OUCqnI,
2578,"Taarak Mehta Ka Ooltah Chashmah - Ep 2578 - Full Episode - 17th October, 2018",https://www.youtube.com/watch?v=abAsJKoHGRU,Found,19 Oct 2018,20:23,https://www.youtube.com/watch?v=KaYHs5KcjOQ,https://www.youtube.com/watch?v=NZ2sgwMQv6M
2579,"Taarak Mehta Ka Ooltah Chashmah - Ep 2579 - Full Episode - 18th October, 2018",https://www.youtube.com/watch?v=yuws-acwQxw,Found,20 Oct 2018,20:39,https://www.youtube.com/watch?v=oHUns7sd_gY,
2580,"Taarak Mehta Ka Ooltah Chashmah - Ep 2580 - Full Episode - 19th October, 2018 | Navratri Special",https://www.youtube.com/watch?v=aa29bKqWUoA,Found,21 Oct 2018,20:42,,
2581,"Taarak Mehta Ka Ooltah Chashmah - Ep 2581 - Full Episode - 20th October, 2018 | Navratri Special",https://www.youtube.com/watch?v=dn4o4_pkgQo,Found,22 Oct 2018,21:07,,https://www.youtube.com/watch?v=dRsIbvu09Jk
2582,"Taarak Mehta Ka Ooltah Chashmah - Ep 2582 - Full Episode - 22nd October, 2018",https://www.youtube.com/watch?v=vasAb1AbqMY,Found,24 Oct 2018,20:24,,
2583,"Taarak Mehta Ka Ooltah Chashmah - Ep 2583 - Full Episode - 23rd October, 2018 | Navratri Special",https://www.youtube.com/watch?v=ddrsGlVuvis,Found,25 Oct 2018,20:45,,
2584,"Taarak Mehta Ka Ooltah Chashmah - Ep 2584 - Full Episode - 24th October, 2018 | Navratri Special",https://www.youtube.com/watch?v=Dva3Yt_ode0,Found,26 Oct 2018,19:58,,
2585,"Taarak Mehta Ka Ooltah Chashmah - Ep 2585 - Full Episode - 25th October, 2018",https://www.youtube.com/watch?v=dLZxUpEl2dk,Found,27 Oct 2018,21:04,,
2586,"Taarak Mehta Ka Ooltah Chashmah - Ep 2586 - Full Episode - 26th October, 2018",https://www.youtube.com/watch?v=38h_dFyzM0Y,Found,28 Oct 2018,21:02,https://www.youtube.com/watch?v=f6w5Sr9YGaA,
2587,"Taarak Mehta Ka Ooltah Chashmah - Ep 2587 - Full Episode - 27th October, 2018",https://www.youtube.com/watch?v=vIrCH8LX4qI,Found,29 Oct 2018,20:40,https://www.youtube.com/watch?v=NTE0bLhtges,
2588,"Taarak Mehta Ka Ooltah Chashmah - Ep 2588 - Full Episode - 29th October, 2018",https://www.youtube.com/watch?v=gd1rCkVe728,Found,31 Oct 2018,20:36,https://www.youtube.com/watch?v=H5ObZrT0JeU,https://www.youtube.com/watch?v=mytWmtmwX6c
2589,"Taarak Mehta Ka Ooltah Chashmah - Ep 2589 - Full Episode - 30th October, 2018",https://www.youtube.com/watch?v=6L8noy0mPdo,Found,01 Nov 2018,20:52,https://www.youtube.com/watch?v=A4KDXULl4tc,https://www.youtube.com/watch?v=EAp0O_nefFs
2590,"Taarak Mehta Ka Ooltah Chashmah - Ep 2590 - Full Episode - 31st October, 2018",https://www.youtube.com/watch?v=FC0byEgQmu4,Found,02 Nov 2018,20:32,https://www.youtube.com/watch?v=hKH0HsrAYKs,https://www.youtube.com/watch?v=GkU3Ikq9Kcw
2591,"Taarak Mehta Ka Ooltah Chashmah - Ep 2591 - Full Episode - 1st November, 2018",https://www.youtube.com/watch?v=LvZfopfXrrQ,Found,03 Nov 2018,20:21,https://www.youtube.com/watch?v=2raM8VIpjXU,
2592,"Taarak Mehta Ka Ooltah Chashmah - Ep 2592 - Full Episode - 2nd November, 2018",https://www.youtube.com/watch?v=b8DcxczNNMU,Found,04 Nov 2018,20:36,https://www.youtube.com/watch?v=JDxLqkafwJQ,
2593,"Taarak Mehta Ka Ooltah Chashmah - Ep 2593 - Full Episode - 3rd November, 2018",https://www.youtube.com/watch?v=-zKDyaWUd5U,Found,05 Nov 2018,21:00,https://www.youtube.com/watch?v=MouPC-6DZkE,
2594,"Taarak Mehta Ka Ooltah Chashmah - Ep 2594 - Full Episode - 5th November, 2018",https://www.youtube.com/watch?v=xSEyqNpEJg4,Found,07 Nov 2018,21:01,https://www.youtube.com/watch?v=cr4nBRr-0rU,
2595,"Taarak Mehta Ka Ooltah Chashmah - Ep 2595 - Full Episode - 6th November, 2018",https://www.youtube.com/watch?v=ac0DEUuHjeE,Found,08 Nov 2018,20:46,https://www.youtube.com/watch?v=hTGeMLSkJNs,
2596,"Taarak Mehta Ka Ooltah Chashmah - Ep 2596 - Full Episode - 7th November, 2018",https://www.youtube.com/watch?v=Rzr_qVz8gsw,Found,09 Nov 2018,19:19,https://www.youtube.com/watch?v=TVy_WKn5fG4,
2597,"Taarak Mehta Ka Ooltah Chashmah - Ep 2597 - Full Episode - 8th November, 2018",https://www.youtube.com/watch?v=Q5RtYaIku0U,Found,10 Nov 2018,20:33,https://www.youtube.com/watch?v=rYhhvHA7DUo,
2598,"Taarak Mehta Ka Ooltah Chashmah - Ep 2598 - Full Episode - 9th November, 2018",https://www.youtube.com/watch?v=7_bDxQEkpN8,Found,11 Nov 2018,19:38,https://www.youtube.com/watch?v=u-KvFuXWiwE,
2599,"Taarak Mehta Ka Ooltah Chashmah - Ep 2599 - Full Episode - 12th November, 2018",https://www.youtube.com/watch?v=KWZ8H_nvw4Q,Found,14 Nov 2018,19:48,https://www.youtube.com/watch?v=OInXvFxN058,
2600,"Taarak Mehta Ka Ooltah Chashmah - Ep 2600 - Full Episode - 13th November, 2018",https://www.youtube.com/watch?v=ZIATCWaCBbA,Found,15 Nov 2018,20:49,https://www.youtube.com/watch?v=u-KvFuXWiwE,
2601,"Taarak Mehta Ka Ooltah Chashmah - Ep 2601 - Full Episode - 14th November, 2018",https://www.youtube.com/watch?v=A37kIo4DLMA,Found,16 Nov 2018,19:29,https://www.youtube.com/watch?v=c3YlyX-ycuk,https://www.youtube.com/watch?v=XIOlmKb1_4s
2602,"Taarak Mehta Ka Ooltah Chashmah - Ep 2602 - Full Episode - 15th November, 2018",https://www.youtube.com/watch?v=wuREADc7yns,Found,17 Nov 2018,19:58,,
2603,"Taarak Mehta Ka Ooltah Chashmah - Ep 2603 - Full Episode - 16th November, 2018",https://www.youtube.com/watch?v=in3gOVim2hk,Found,18 Nov 2018,19:40,,https://www.youtube.com/watch?v=ImgbzERW7bc
2604,"Taarak Mehta Ka Ooltah Chashmah - Ep 2604 - Full Episode - 19th November, 2018",https://www.youtube.com/watch?v=glPENtmgO0E,Found,21 Nov 2018,20:38,,
2605,"Taarak Mehta Ka Ooltah Chashmah - Ep 2605 - Full Episode - 20th November, 2018",https://www.youtube.com/watch?v=hzekM4xNRZQ,Found,22 Nov 2018,19:35,https://www.youtube.com/watch?v=6xP1lxThZuA,
2606,"Taarak Mehta Ka Ooltah Chashmah - Ep 2606 - Full Episode - 21st November, 2018",https://www.youtube.com/watch?v=JDelna8jZ7k,Found,23 Nov 2018,19:28,https://www.youtube.com/watch?v=voGIU3ihvy8,
2607,"Taarak Mehta Ka Ooltah Chashmah - Ep 2607 - Full Episode - 22nd November, 2018",https://www.youtube.com/watch?v=CivXN_WX-bE,Found,24 Nov 2018,20:10,https://www.youtube.com/watch?v=N3JrfWIS25o,
2608,"Taarak Mehta Ka Ooltah Chashmah - Ep 2608 - Full Episode - 23rd November, 2018",https://www.youtube.com/watch?v=4J1KC-H0j5I,Found,25 Nov 2018,19:45,https://www.youtube.com/watch?v=5Cn_6OkYqVY,https://www.youtube.com/watch?v=H2jLQguhfsc
2609,"Taarak Mehta Ka Ooltah Chashmah - Ep 2609 - Full Episode - 26th November, 2018",https://www.youtube.com/watch?v=sPMT5sFkwz4,Found,28 Nov 2018,20:58,https://www.youtube.com/watch?v=T5J96Iz2B8I,
2610,"Taarak Mehta Ka Ooltah Chashmah - Ep 2610 - Full Episode - 27th November, 2018",https://www.youtube.com/watch?v=j0uzAsA_0zE,Found,29 Nov 2018,20:38,https://www.youtube.com/watch?v=NjOM-tqzHQc,
2611,"Taarak Mehta Ka Ooltah Chashmah - Ep 2611 - Full Episode - 28th November, 2018",https://www.youtube.com/watch?v=vxlP1ehDnFE,Found,30 Nov 2018,20:45,https://www.youtube.com/watch?v=qWthZuWtGL4,
2612,"Taarak Mehta Ka Ooltah Chashmah - Ep 2612 - Full Episode - 29th November, 2018",https://www.youtube.com/watch?v=D9aXwa3SbmU,Found,01 Dec 2018,21:00,https://www.youtube.com/watch?v=wktpAe5Syvw,
2613,"Taarak Mehta Ka Ooltah Chashmah - Ep 2613 - Full Episode - 30th November, 2018",https://www.youtube.com/watch?v=0c9DmBwCJrI,Found,02 Dec 2018,20:40,https://www.youtube.com/watch?v=RCbpriJKsIw,https://www.youtube.com/watch?v=QYbizHOuwVo
2614,"Taarak Mehta Ka Ooltah Chashmah - Ep 2614 - Full Episode - 3rd December, 2018",https://www.youtube.com/watch?v=DUC6F8_QjnM,Found,05 Dec 2018,20:52,https://www.youtube.com/watch?v=0Ze1UZzxMsQ,https://www.youtube.com/watch?v=bCTc_XGPaoU
2615,"Taarak Mehta Ka Ooltah Chashmah - Ep 2615 - Full Episode - 4th December, 2018",https://www.youtube.com/watch?v=oAp9yJ8sJJY,Found,06 Dec 2018,20:21,https://www.youtube.com/watch?v=xQB3h_930Es,
2616,"Taarak Mehta Ka Ooltah Chashmah - Ep 2616 - Full Episode - 5th December, 2018",https://www.youtube.com/watch?v=1x4JhGj_dQM,Found,07 Dec 2018,20:01,https://www.youtube.com/watch?v=xe3Gh1AK-5A,https://www.youtube.com/watch?v=nIZbliMjSA0
2617,"Taarak Mehta Ka Ooltah Chashmah - Ep 2617 - Full Episode - 6th December, 2018",https://www.youtube.com/watch?v=wcbO6vnUMfY,Found,08 Dec 2018,20:14,https://www.youtube.com/watch?v=ETvkLJZHifI,
2618,"Taarak Mehta Ka Ooltah Chashmah - Ep 2618 - Full Episode - 7th December, 2018",https://www.youtube.com/watch?v=z_bsD84IKuA,Found,09 Dec 2018,21:18,https://www.youtube.com/watch?v=YY0cWwcHbsM,https://www.youtube.com/watch?v=4ycKoohai10
2619,"Taarak Mehta Ka Ooltah Chashmah - Ep 2619 - Full Episode - 10th December, 2018",https://www.youtube.com/watch?v=3JwRvnTlf-M,Found,12 Dec 2018,21:02,https://www.youtube.com/watch?v=1HdnZuVrDB8,
2620,"Taarak Mehta Ka Ooltah Chashmah - Ep 2620 - Full Episode - 11th December, 2018",https://www.youtube.com/watch?v=Q_0Sgo1objY,Found,13 Dec 2018,20:17,https://www.youtube.com/watch?v=MW_ZFw3ZLpk,
2621,"Taarak Mehta Ka Ooltah Chashmah - Ep 2621 - Full Episode - 12th December, 2018",https://www.youtube.com/watch?v=rf1-8O04fIY,Found,14 Dec 2018,20:10,https://www.youtube.com/watch?v=BOe2sgc5EDc,
2622,"Taarak Mehta Ka Ooltah Chashmah | तारक मेहता का उल्टा चश्मा | Episode 2622 |  5th June, 2021",https://www.youtube.com/watch?v=oe4VkxtQ854,Found,05 Jun 2021,20:23,https://www.youtube.com/watch?v=ZvNTF0I6S_Q,
2623,"Taarak Mehta Ka Ooltah Chashmah - Ep 2623 - Full Episode - 14th December, 2018",https://www.youtube.com/watch?v=enK9CaSFlvs,Found,16 Dec 2018,19:49,https://www.youtube.com/watch?v=Ga-bcrFnAXU,https://www.youtube.com/watch?v=HLSLzabFkOM
2624,"Taarak Mehta Ka Ooltah Chashmah - Ep 2624 - Full Episode - 17th December, 2018",https://www.youtube.com/watch?v=YSzDBE_oR_8,Found,19 Dec 2018,20:44,https://www.youtube.com/watch?v=QAnCFV-bsj0,
2625,"Taarak Mehta Ka Ooltah Chashmah - Ep 2625 - Full Episode - 18th December, 2018",https://www.youtube.com/watch?v=A47IFKd4ymY,Found,20 Dec 2018,20:41,https://www.youtube.com/watch?v=-6oqA1pAevg,
2626,"Taarak Mehta Ka Ooltah Chashmah - Ep 2626 - Full Episode - 19th December, 2018",https://www.youtube.com/watch?v=PZGz9wav4UE,Found,21 Dec 2018,19:58,https://www.youtube.com/watch?v=BONjcdtfnHQ,
2627,"Taarak Mehta Ka Ooltah Chashmah - Ep 2627 - Full Episode - 20th December, 2018",https://www.youtube.com/watch?v=9z6u-StABKs,Found,22 Dec 2018,20:29,https://www.youtube.com/watch?v=tGNxJL1oobI,
2628,"Taarak Mehta Ka Ooltah Chashmah - Ep 2628 - Full Episode - 21st December, 2018",https://www.youtube.com/watch?v=hlKn5cfxL8Y,Found,23 Dec 2018,19:56,https://www.youtube.com/watch?v=1E42JM8K5z4,
2629,"Taarak Mehta Ka Ooltah Chashmah - Ep 2629 - Full Episode - 24th December, 2018",https://www.youtube.com/watch?v=6HDwGzk6Gvw,Found,26 Dec 2018,20:44,https://www.youtube.com/watch?v=nKKVYnbowtE,
2630,"Taarak Mehta Ka Ooltah Chashmah - Ep 2630 - Full Episode - 25th December, 2018",https://www.youtube.com/watch?v=qxZM9wCbLyE,Found,27 Dec 2018,20:40,https://www.youtube.com/watch?v=ofqkf0A8hms,
2631,"Taarak Mehta Ka Ooltah Chashmah - Ep 2631 - Full Episode - 26th December, 2018",https://www.youtube.com/watch?v=HaO-XyIZb1Y,Found,28 Dec 2018,20:07,https://www.youtube.com/watch?v=VNgPBRL2gk8,
2632,"Taarak Mehta Ka Ooltah Chashmah - Ep 2632 - Full Episode - 27th December, 2018",https://www.youtube.com/watch?v=8reMc1tpPr4,Found,29 Dec 2018,21:00,,
2633,"Taarak Mehta Ka Ooltah Chashmah - Ep 2633 - Full Episode - 28th December, 2018",https://www.youtube.com/watch?v=sxgMkvCCMXc,Found,30 Dec 2018,20:29,,
2634,"Taarak Mehta Ka Ooltah Chashmah - Ep 2634 - Full Episode - 31st December, 2018",https://www.youtube.com/watch?v=cl8WgzXuxMg,Found,02 Jan 2019,20:28,,
2635,"Taarak Mehta Ka Ooltah Chashmah - Ep 2635 - Full Episode - 1st January, 2019",https://www.youtube.com/watch?v=ZlKgJOxBKGM,Found,03 Jan 2019,19:38,,
2636,"Taarak Mehta Ka Ooltah Chashmah - Ep 2636 - Full Episode - 2nd January, 2019",https://www.youtube.com/watch?v=h2PK0yvSNDs,Found,04 Jan 2019,20:21,,
2637,"Taarak Mehta Ka Ooltah Chashmah - Ep 2637 - Full Episode - 3rd January, 2019",https://www.youtube.com/watch?v=h4T7DMOF10k,Found,05 Jan 2019,21:12,https://www.youtube.com/watch?v=NCoJRynVdI8,
2638,"Taarak Mehta Ka Ooltah Chashmah - Ep 2638 - Full Episode - 4th January, 2019",https://www.youtube.com/watch?v=rhj91Lp4d2s,Found,06 Jan 2019,20:46,https://www.youtube.com/watch?v=20sqZbmIFBE,
2639,"Taarak Mehta Ka Ooltah Chashmah - Ep 2639 - Full Episode - 7th January, 2019",https://www.youtube.com/watch?v=LsXA05jCgIc,Found,09 Jan 2019,21:18,https://www.youtube.com/watch?v=2Vr1Z3Q7OlY,
2640,"Taarak Mehta Ka Ooltah Chashmah - Ep 2640 - Full Episode - 8th January, 2019",https://www.youtube.com/watch?v=0WtL-HOCR80,Found,10 Jan 2019,20:26,https://www.youtube.com/watch?v=ZGz51ZDO0xs,
2641,"Taarak Mehta Ka Ooltah Chashmah - Ep 2641 - Full Episode - 9th January, 2019",https://www.youtube.com/watch?v=2n2qNYQ6v7k,Found,11 Jan 2019,20:08,https://www.youtube.com/watch?v=JgP5A2Mw3hA,
2642,"Taarak Mehta Ka Ooltah Chashmah - Ep 2642 - Full Episode - 10th January, 2019",https://www.youtube.com/watch?v=dTrZpwy4TV4,Found,12 Jan 2019,20:38,https://www.youtube.com/watch?v=mtP-JYyk8lI,https://www.youtube.com/watch?v=KDOmqgbb6SI
2643,"Taarak Mehta Ka Ooltah Chashmah - Ep 2643 - Full Episode - 11th January, 2019",https://www.youtube.com/watch?v=CjgyQwz7twk,Found,13 Jan 2019,20:06,https://www.youtube.com/watch?v=gnNIpM6NgeM,
2644,"Taarak Mehta Ka Ooltah Chashmah - Ep 2644 - Full Episode - 14th January, 2019",https://www.youtube.com/watch?v=IkGac0BoYU0,Found,16 Jan 2019,19:25,https://www.youtube.com/watch?v=hgjUElHrNJI,
2645,"Taarak Mehta Ka Ooltah Chashmah - Ep 2645 - Full Episode - 15th January, 2019",https://www.youtube.com/watch?v=-l2qcT53gm0,Found,17 Jan 2019,20:34,https://www.youtube.com/watch?v=I0iuBoYTiDc,
2646,"Taarak Mehta Ka Ooltah Chashmah - Ep 2646 - Full Episode - 16th January, 2019",https://www.youtube.com/watch?v=LWAN5XVV5Fg,Found,18 Jan 2019,21:47,https://www.youtube.com/watch?v=DPcrHMxcRJs,
2647,"Taarak Mehta Ka Ooltah Chashmah - Ep 2647 - Full Episode - 17th January, 2019",https://www.youtube.com/watch?v=sfwiDUw-YfE,Found,19 Jan 2019,21:06,https://www.youtube.com/watch?v=2hTSMD9KUrE,
2648,"Taarak Mehta Ka Ooltah Chashmah - Ep 2648 - Full Episode - 18th January, 2019",https://www.youtube.com/watch?v=6iGfrqOFv8I,Found,20 Jan 2019,20:56,https://www.youtube.com/watch?v=tOdAUT_CzCk,
2649,"Taarak Mehta Ka Ooltah Chashmah - Ep 2649 - Full Episode - 21st January, 2019",https://www.youtube.com/watch?v=CYWkVl_s4wo,Found,23 Jan 2019,20:32,https://www.youtube.com/watch?v=fwHp9q4p0YE,
2650,"Taarak Mehta Ka Ooltah Chashmah - Ep 2650 - Full Episode - 22nd January, 2019",https://www.youtube.com/watch?v=FqDmidBYXck,Found,24 Jan 2019,20:43,https://www.youtube.com/watch?v=OWVxzyGo4MA,
2651,"Taarak Mehta Ka Ooltah Chashmah - Ep 2651 - Full Episode - 23rd January, 2019",https://www.youtube.com/watch?v=DImeWdqFEhU,Found,25 Jan 2019,20:52,https://www.youtube.com/watch?v=yD1Vi98Nk-s,
2652,"Taarak Mehta Ka Ooltah Chashmah - Ep 2652 - Full Episode - 24th January, 2019",https://www.youtube.com/watch?v=Mz2hfBGC8EQ,Found,26 Jan 2019,20:05,https://www.youtube.com/watch?v=H864NTF-tLI,https://www.youtube.com/watch?v=JbS8gndeUFM
2653,"Taarak Mehta Ka Ooltah Chashmah - Ep 2653 - Full Episode - 25th January, 2019",https://www.youtube.com/watch?v=dVk2o50HDQY,Found,27 Jan 2019,19:51,https://www.youtube.com/watch?v=wXDZhL6rvZw,
2654,"Taarak Mehta Ka Ooltah Chashmah - Ep 2654 - Full Episode - 28th January, 2019",https://www.youtube.com/watch?v=HQgddNscBv8,Found,30 Jan 2019,20:14,https://www.youtube.com/watch?v=ZAUnrguRIyc,https://www.youtube.com/watch?v=ad6jzlspJvY
2655,"Taarak Mehta Ka Ooltah Chashmah - Ep 2655 - Full Episode - 29th January, 2019",https://www.youtube.com/watch?v=xDMaAvdT4m0,Found,31 Jan 2019,19:53,https://www.youtube.com/watch?v=2wi_JpeWUP0,
2656,"Taarak Mehta Ka Ooltah Chashmah - Ep 2656 - Full Episode - 30th January, 2019",https://www.youtube.com/watch?v=2FpfbRxj0u4,Found,01 Feb 2019,20:21,https://www.youtube.com/watch?v=U2_Oh2WsBps,
2657,"Taarak Mehta Ka Ooltah Chashmah - Ep 2657 - Full Episode - 31st January, 2019",https://www.youtube.com/watch?v=BLkdafkKP2E,Found,02 Feb 2019,21:18,https://www.youtube.com/watch?v=dhfK3eM9Mb4,
2658,"Taarak Mehta Ka Ooltah Chashmah - Ep 2658 - Full Episode - 1st February, 2019",https://www.youtube.com/watch?v=HDOTyLsjYTw,Found,03 Feb 2019,20:21,https://www.youtube.com/watch?v=vAnep6oWnqM,
2659,"Taarak Mehta Ka Ooltah Chashmah - Ep 2659 - Full Episode - 4th February, 2019",https://www.youtube.com/watch?v=SHStyJ8ZSgQ,Found,06 Feb 2019,20:46,https://www.youtube.com/watch?v=_xxBHVjaP4w,
2660,"Taarak Mehta Ka Ooltah Chashmah - Ep 2660 - Full Episode - 5th February, 2019",https://www.youtube.com/watch?v=H5XYos_BGdY,Found,07 Feb 2019,20:41,https://www.youtube.com/watch?v=KIULYokR5f8,
2661,"Taarak Mehta Ka Ooltah Chashmah - Ep 2661 - Full Episode - 6th February, 2019",https://www.youtube.com/watch?v=AYJ3Qd4y5QQ,Found,08 Feb 2019,20:01,https://www.youtube.com/watch?v=xCDX_o9Et_s,
2662,"Taarak Mehta Ka Ooltah Chashmah - Ep 2662 - Full Episode - 7th February, 2019",https://www.youtube.com/watch?v=C-5Gfcm65cA,Found,09 Feb 2019,20:22,,
2663,"Taarak Mehta Ka Ooltah Chashmah - Ep 2663 - Full Episode - 8th February, 2019",https://www.youtube.com/watch?v=Iod2D-x79OE,Found,10 Feb 2019,20:26,https://www.youtube.com/watch?v=TkVsAZShczQ,
2664,"Taarak Mehta Ka Ooltah Chashmah - Ep 2664 - Full Episode - 11th February, 2019",https://www.youtube.com/watch?v=nwnp3dAddg4,Found,13 Feb 2019,19:49,https://www.youtube.com/watch?v=ZdQxg8TAthw,
2665,"Taarak Mehta Ka Ooltah Chashmah - Ep 2665 - Full Episode - 12th February, 2019",https://www.youtube.com/watch?v=6Zdx8Yawdww,Found,14 Feb 2019,20:12,https://www.youtube.com/watch?v=GtBwVR5EoIU,
2666,"Taarak Mehta Ka Ooltah Chashmah - Ep 2666 - Full Episode - 13th February, 2019",https://www.youtube.com/watch?v=NIzpx7ThbE0,Found,15 Feb 2019,19:22,https://www.youtube.com/watch?v=likpOefUlQA,
2667,"Taarak Mehta Ka Ooltah Chashmah - Ep 2667 - Full Episode - 14th February, 2019",https://www.youtube.com/watch?v=nme1jxO9H0g,Found,16 Feb 2019,21:26,https://www.youtube.com/watch?v=uLuZk4jM_Wg,
2668,"Taarak Mehta Ka Ooltah Chashmah - Ep 2668 - Full Episode - 15th February, 2019",https://www.youtube.com/watch?v=d8Jv-SGe_eI,Found,17 Feb 2019,20:52,https://www.youtube.com/watch?v=qo4IQggub-A,
2669,"Taarak Mehta Ka Ooltah Chashmah - Ep 2669 - Full Episode - 18th February, 2019",https://www.youtube.com/watch?v=uUNqt7hw3WU,Found,20 Feb 2019,21:42,https://www.youtube.com/watch?v=0EO5R-gItqM,https://www.youtube.com/watch?v=qL60kZ7MBzE
2670,"Taarak Mehta Ka Ooltah Chashmah - Ep 2670 - Full Episode - 19th February, 2019",https://www.youtube.com/watch?v=TQQxXdogmgw,Found,21 Feb 2019,21:24,https://www.youtube.com/watch?v=2uDrgvHyAPM,
2671,"Taarak Mehta Ka Ooltah Chashmah - Ep 2671 - Full Episode - 20th February, 2019",https://www.youtube.com/watch?v=olrZKanVeBU,Found,22 Feb 2019,21:08,https://www.youtube.com/watch?v=rA-upyPxfd0,https://www.youtube.com/watch?v=gDRKa_7R7UE
2672,"Taarak Mehta Ka Ooltah Chashmah - Ep 2672 - Full Episode - 21st February, 2019",https://www.youtube.com/watch?v=0FnilX6Z6HM,Found,23 Feb 2019,21:03,https://www.youtube.com/watch?v=O2wi9wWdv2Y,https://www.youtube.com/watch?v=fBqV7o4qb70
2673,"Taarak Mehta Ka Ooltah Chashmah - Ep 2673 - Full Episode - 22nd February, 2019",https://www.youtube.com/watch?v=VGTiXWZuNvc,Found,24 Feb 2019,20:58,https://www.youtube.com/watch?v=-4RYxeIqL8M,
2674,"Taarak Mehta Ka Ooltah Chashmah - Ep 2674 - Full Episode - 25th February, 2019",https://www.youtube.com/watch?v=VZMbFRJZKAg,Found,27 Feb 2019,22:05,https://www.youtube.com/watch?v=R6kWGvF4T_k,https://www.youtube.com/watch?v=R1fzq31ebzY
2675,"Taarak Mehta Ka Ooltah Chashmah - Ep 2675 - Full Episode - 26th February, 2019",https://www.youtube.com/watch?v=cwV4igM0joc,Found,28 Feb 2019,21:47,https://www.youtube.com/watch?v=VWk-N-Aj55A,
2676,"Taarak Mehta Ka Ooltah Chashmah - Ep 2676 - Full Episode - 27th February, 2019",https://www.youtube.com/watch?v=ukyn_BVnpJI,Found,01 Mar 2019,21:16,https://www.youtube.com/watch?v=JjnX7RMHYP8,
2677,"Taarak Mehta Ka Ooltah Chashmah - Ep 2677 - Full Episode - 28th February, 2019",https://www.youtube.com/watch?v=1zCWfsy-H2s,Found,02 Mar 2019,21:36,https://www.youtube.com/watch?v=kGTgZa9hcYU,
2678,"Taarak Mehta Ka Ooltah Chashmah - Ep 2678 - Full Episode - 1st March, 2019",https://www.youtube.com/watch?v=WtgRUU0DYi0,Found,03 Mar 2019,20:57,https://www.youtube.com/watch?v=GZXzBVKhrN0,
2679,"Taarak Mehta Ka Ooltah Chashmah - Ep 2679 - Full Episode - 4th March, 2019",https://www.youtube.com/watch?v=dWHpmfDOkA8,Found,07 Mar 2019,20:40,https://www.youtube.com/watch?v=IUtBbkSGacg,
2680,"Taarak Mehta Ka Ooltah Chashmah - Ep 2680 - Full Episode - 5th March, 2019",https://www.youtube.com/watch?v=BzO7ZU5yFwg,Found,07 Mar 2019,22:12,https://www.youtube.com/watch?v=xH0XH-cqy4M,https://www.youtube.com/watch?v=CO261jn42as
2681,"Taarak Mehta Ka Ooltah Chashmah - Ep 2681 - Full Episode - 6th March, 2019",https://www.youtube.com/watch?v=NEAwPR_-sM0,Found,08 Mar 2019,20:36,https://www.youtube.com/watch?v=hIcUi0N7NO4,
2682,"Taarak Mehta Ka Ooltah Chashmah - Ep 2682 - Full Episode - 7th March, 2019",https://www.youtube.com/watch?v=gq-LHYs038s,Found,09 Mar 2019,21:24,,
2683,"Taarak Mehta Ka Ooltah Chashmah - Ep 2683 - Full Episode - 8th March, 2019",https://www.youtube.com/watch?v=5frDxA7UxPw,Found,10 Mar 2019,19:42,,
2684,"Taarak Mehta Ka Ooltah Chashmah - Ep 2684 - Full Episode - 11th March, 2019",https://www.youtube.com/watch?v=OZMOVD87ajY,Found,13 Mar 2019,19:29,,
2685,"Taarak Mehta Ka Ooltah Chashmah - Ep 2685 - Full Episode - 12th March, 2019",https://www.youtube.com/watch?v=WDrEsv-zQ-Q,Found,14 Mar 2019,20:39,https://www.youtube.com/watch?v=NJzYNqhgNmo,
2686,"Taarak Mehta Ka Ooltah Chashmah - Ep 2686 - Full Episode - 13th March, 2019",https://www.youtube.com/watch?v=5iNBWLibWw8,Found,15 Mar 2019,20:34,https://www.youtube.com/watch?v=SfOTyHEi4nQ,https://www.youtube.com/watch?v=iRxhzzpoJC0
2687,"Taarak Mehta Ka Ooltah Chashmah - Ep 2687 - Full Episode - 14th March, 2019",https://www.youtube.com/watch?v=qd4GiDo645g,Found,16 Mar 2019,20:17,https://www.youtube.com/watch?v=rqa-sqcGvJ4,
2688,"Taarak Mehta Ka Ooltah Chashmah - Ep 2688 - Full Episode - 15th March, 2019",https://www.youtube.com/watch?v=P0KCUNaWGfo,Found,17 Mar 2019,20:32,https://www.youtube.com/watch?v=LdugGnGC_Wk,
2689,"Taarak Mehta Ka Ooltah Chashmah - Ep 2689 - Full Episode - 18th March, 2019",https://www.youtube.com/watch?v=9SX9elu0tYY,Found,20 Mar 2019,20:14,https://www.youtube.com/watch?v=x5KJv-K1vD4,
2690,"Taarak Mehta Ka Ooltah Chashmah - Ep 2690 - Full Episode - 19th March, 2019",https://www.youtube.com/watch?v=liOE9ZTZwww,Found,21 Mar 2019,20:48,https://www.youtube.com/watch?v=eSJDWM2DJgg,
2691,"Taarak Mehta Ka Ooltah Chashmah - Ep 2691 - Full Episode - 20th March, 2019",https://www.youtube.com/watch?v=skQUlRKMIew,Found,22 Mar 2019,20:29,https://www.youtube.com/watch?v=w9rOXlpSZ1U,https://www.youtube.com/watch?v=TJzPYV0dXG8
2692,"Taarak Mehta Ka Ooltah Chashmah - Ep 2692 - Full Episode - 21st March, 2019",https://www.youtube.com/watch?v=c6AmqB-7qWY,Found,23 Mar 2019,21:22,https://www.youtube.com/watch?v=STn14FBgwlY,https://www.youtube.com/watch?v=hFBKq2uJq30
2693,"Taarak Mehta Ka Ooltah Chashmah - Ep 2693 - Full Episode - 22nd March, 2019",https://www.youtube.com/watch?v=DQTmXTSRJfo,Found,24 Mar 2019,20:40,https://www.youtube.com/watch?v=Pf9W41yBLWc,https://www.youtube.com/watch?v=ouendiiizlw
2694,"Taarak Mehta Ka Ooltah Chashmah - Ep 2694 - Full Episode - 25th March, 2019",https://www.youtube.com/watch?v=ZsRr-OOyeA0,Found,27 Mar 2019,20:40,https://www.youtube.com/watch?v=5Nlc_GRECjk,https://www.youtube.com/watch?v=ek6iG2jvgH0
2695,"Taarak Mehta Ka Ooltah Chashmah - Ep 2695 - Full Episode - 26th March, 2019",https://www.youtube.com/watch?v=FL4z2x3vdSk,Found,28 Mar 2019,20:10,https://www.youtube.com/watch?v=pbJ1kfMZ0qk,
2696,"Taarak Mehta Ka Ooltah Chashmah - Ep 2696 - Full Episode - 27th March, 2019",https://www.youtube.com/watch?v=vy0R4425_Ko,Found,29 Mar 2019,19:45,https://www.youtube.com/watch?v=NdWngnDQjLo,
2697,"Taarak Mehta Ka Ooltah Chashmah - Ep 2697 - Full Episode - 28th March, 2019",https://www.youtube.com/watch?v=8eRHCZPuwv0,Found,30 Mar 2019,19:29,https://www.youtube.com/watch?v=HsgDnVI2HMk,https://www.youtube.com/watch?v=BA_mA_jnvJQ
2698,"Taarak Mehta Ka Ooltah Chashmah - Ep 2698 - Full Episode - 29th March, 2019",https://www.youtube.com/watch?v=rx06_WBidLo,Found,31 Mar 2019,20:20,https://www.youtube.com/watch?v=sTFo8gn1rc0,https://www.youtube.com/watch?v=JmRYi_CFpHU
2699,"Taarak Mehta Ka Ooltah Chashmah - Ep 2699 - Full Episode - 1st April, 2019",https://www.youtube.com/watch?v=7dwq28oFq6M,Found,03 Apr 2019,19:53,https://www.youtube.com/watch?v=K9s436NTjzE,
2700,"Taarak Mehta Ka Ooltah Chashmah - Ep 2700 - Full Episode - 2nd April, 2019",https://www.youtube.com/watch?v=_-wgPsMNnPo,Found,04 Apr 2019,20:36,https://www.youtube.com/watch?v=Md0QIRh8yQU,
2701,"Taarak Mehta Ka Ooltah Chashmah - Ep 2701 - Full Episode - 3rd April, 2019",https://www.youtube.com/watch?v=FQJLKAIZBnY,Found,05 Apr 2019,20:48,https://www.youtube.com/watch?v=BAfsa5IDoaQ,
2702,"Taarak Mehta Ka Ooltah Chashmah - Ep 2702 - Full Episode - 4th April, 2019",https://www.youtube.com/watch?v=dAklGpUi6oc,Found,06 Apr 2019,21:06,https://www.youtube.com/watch?v=XMSVCQvElnc,https://www.youtube.com/watch?v=qyVTEO_yamU
2703,"Taarak Mehta Ka Ooltah Chashmah - Ep 2703 - Full Episode - 5th April, 2019",https://www.youtube.com/watch?v=QcWT3fe2pXQ,Found,07 Apr 2019,19:50,https://www.youtube.com/watch?v=x34DVnIFkBo,
2704,"Taarak Mehta Ka Ooltah Chashmah - Ep 2704 - Full Episode - 8th April, 2019",https://www.youtube.com/watch?v=Jh_cMXB06-8,Found,10 Apr 2019,21:23,https://www.youtube.com/watch?v=_jlN6GvqVIw,
2705,Taarak Mehta Ka Ooltah Chashmah - Episode 2705 - Full Episode,https://www.youtube.com/watch?v=ojKoWK7wTR0,Found,20 Mar 2021,20:29,,https://www.youtube.com/watch?v=oRdeF6lBpL8
2706,"Taarak Mehta Ka Ooltah Chashmah - Ep 2706 - Full Episode - 10th April, 2019",https://www.youtube.com/watch?v=gPrB3SYMmdE,Found,12 Apr 2019,19:27,https://www.youtube.com/watch?v=B1cSJRw8xE0,
2707,"Taarak Mehta Ka Ooltah Chashmah - Ep 2707 - Full Episode - 11th April, 2019",https://www.youtube.com/watch?v=NmZA6xjcWSQ,Found,13 Apr 2019,17:30,https://www.youtube.com/watch?v=bCHtiVZC5lQ,
2708,"Taarak Mehta Ka Ooltah Chashmah - Ep 2708 - Full Episode - 12th April, 2019",https://www.youtube.com/watch?v=ih8d8rnCE5I,Found,14 Apr 2019,20:09,,
2709,"Taarak Mehta Ka Ooltah Chashmah - Ep 2709 - Full Episode - 15th April, 2019",https://www.youtube.com/watch?v=ehqTD5K1Sy4,Found,17 Apr 2019,20:14,https://www.youtube.com/watch?v=ZF8Gf1-CGD4,
2710,"Taarak Mehta Ka Ooltah Chashmah - Ep 2710 - Full Episode - 16th April, 2019",https://www.youtube.com/watch?v=cR9UMjB_TPA,Found,18 Apr 2019,21:18,https://www.youtube.com/watch?v=vxiSPqF9gqc,https://www.youtube.com/watch?v=8uXpGOnoodU
2711,"Taarak Mehta Ka Ooltah Chashmah - Ep 2711 - Full Episode - 17th April, 2019",https://www.youtube.com/watch?v=uFXNOBUAQEU,Found,19 Apr 2019,20:38,https://www.youtube.com/watch?v=LZd06nMQetg,
2712,"Taarak Mehta Ka Ooltah Chashmah - Ep 2712 - Full Episode - 18th April, 2019",https://www.youtube.com/watch?v=hz4TME9Xm1I,Found,20 Apr 2019,19:38,https://www.youtube.com/watch?v=lwUjRNg-HpA,https://www.youtube.com/watch?v=IkXRNsATY70
2713,"Taarak Mehta Ka Ooltah Chashmah - Ep 2713 - Full Episode - 19th April, 2019",https://www.youtube.com/watch?v=WXCDCNHqU1c,Found,21 Apr 2019,21:20,https://www.youtube.com/watch?v=VfHgwQcO6Ww,
2714,"Taarak Mehta Ka Ooltah Chashmah - Ep 2714 - Full Episode - 22nd April, 2019",https://www.youtube.com/watch?v=yMMxSb5oBU4,Found,24 Apr 2019,21:45,https://www.youtube.com/watch?v=UNudII-Ax2Y,https://www.youtube.com/watch?v=bG4Kj3m4IrU
2715,"Taarak Mehta Ka Ooltah Chashmah - Ep 2715 - Full Episode - 23rd April, 2019",https://www.youtube.com/watch?v=DYeSRKiJUvw,Found,25 Apr 2019,20:29,https://www.youtube.com/watch?v=_36tHQ9NEFA,
2716,"Taarak Mehta Ka Ooltah Chashmah - Ep 2716 - Full Episode - 24th April, 2019",https://www.youtube.com/watch?v=rlzmXoc1v6Q,Found,26 Apr 2019,19:58,https://www.youtube.com/watch?v=mWWAIEkNk_I,
2717,"Taarak Mehta Ka Ooltah Chashmah - Ep 2717 - Full Episode - 25th April, 2019",https://www.youtube.com/watch?v=tY5YkXzzvkA,Found,27 Apr 2019,21:04,https://www.youtube.com/watch?v=0LIv3EwuNJ8,https://www.youtube.com/watch?v=hDmcTQwxveg
2718,"Taarak Mehta Ka Ooltah Chashmah - Ep 2718 - Full Episode - 26th April, 2019",https://www.youtube.com/watch?v=HCGxj12AUfc,Found,28 Apr 2019,20:10,https://www.youtube.com/watch?v=FAa4nP_4GLY,
2719,"Taarak Mehta Ka Ooltah Chashmah - Ep 2719 - Full Episode - 29th April, 2019",https://www.youtube.com/watch?v=pXEQNP3wYcE,Found,01 May 2019,20:45,https://www.youtube.com/watch?v=DaYbwkq-Uss,https://www.youtube.com/watch?v=v63w1p9AfXE
2720,"Taarak Mehta Ka Ooltah Chashmah - Ep 2720 - Full Episode - 30th April, 2019",https://www.youtube.com/watch?v=19dgWE9FKqY,Found,02 May 2019,19:50,https://www.youtube.com/watch?v=Nx4jiJVTlyE,
2721,"Taarak Mehta Ka Ooltah Chashmah - Ep 2721 - Full Episode - 1st May, 2019",https://www.youtube.com/watch?v=23VPpQUHMrw,Found,03 May 2019,20:29,https://www.youtube.com/watch?v=-_WGh7nEmiI,
2722,"Taarak Mehta Ka Ooltah Chashmah - Ep 2722 - Full Episode - 2nd May, 2019",https://www.youtube.com/watch?v=uf1QXHfm9pw,Found,04 May 2019,20:43,https://www.youtube.com/watch?v=HNiUMCtmuQE,
2723,"Taarak Mehta Ka Ooltah Chashmah - Ep 2723 - Full Episode - 3rd May, 2019",https://www.youtube.com/watch?v=8oSmmjJHc_o,Found,05 May 2019,20:26,https://www.youtube.com/watch?v=GnfC1cVh21Y,
2724,"Taarak Mehta Ka Ooltah Chashmah - Ep 2724 - Full Episode - 6th May, 2019",https://www.youtube.com/watch?v=-UQYGN3KxUU,Found,08 May 2019,19:17,https://www.youtube.com/watch?v=piJIZz5zURE,
2725,"Taarak Mehta Ka Ooltah Chashmah - Ep 2725 - Full Episode - 7th May, 2019",https://www.youtube.com/watch?v=MvDSpXSBbCY,Found,09 May 2019,21:07,https://www.youtube.com/watch?v=0tqZhMugMn8,
2726,"Taarak Mehta Ka Ooltah Chashmah - Ep 2726 - Full Episode - 8th May, 2019",https://www.youtube.com/watch?v=FuRJRJxvigA,Found,10 May 2019,20:08,https://www.youtube.com/watch?v=FQNS0zLE2MA,
2727,"Taarak Mehta Ka Ooltah Chashmah - Ep 2727 - Full Episode - 9th May, 2019",https://www.youtube.com/watch?v=_Cpvv0WJQ_A,Found,11 May 2019,20:16,https://www.youtube.com/watch?v=W6P8ar09XkY,
2728,"Taarak Mehta Ka Ooltah Chashmah - Ep 2728 - Full Episode - 10th May, 2019",https://www.youtube.com/watch?v=jOQKc5BfbfQ,Found,12 May 2019,20:30,https://www.youtube.com/watch?v=4dbM5lWIk40,
2729,"Taarak Mehta Ka Ooltah Chashmah - Ep 2729 - Full Episode - 13th May, 2019",https://www.youtube.com/watch?v=BEUZtT7_VDk,Found,15 May 2019,20:25,https://www.youtube.com/watch?v=eNIK_tE5LUc,
2730,"Taarak Mehta Ka Ooltah Chashmah - Ep 2730 - Full Episode - 14th May, 2019",https://www.youtube.com/watch?v=Z2JrhJIsNr4,Found,16 May 2019,21:06,https://www.youtube.com/watch?v=mb-lkp8rrUM,
2731,"Taarak Mehta Ka Ooltah Chashmah - Ep 2731 - Full Episode - 15th May, 2019",https://www.youtube.com/watch?v=nG7-v64y0Ls,Found,17 May 2019,19:04,https://www.youtube.com/watch?v=gxfvQQ5kjCE,
2732,"Taarak Mehta Ka Ooltah Chashmah - Ep 2732 - Full Episode - 16th May, 2019",https://www.youtube.com/watch?v=52J7YT463UU,Found,18 May 2019,20:03,https://www.youtube.com/watch?v=35_gp_1htJQ,
2733,"Taarak Mehta Ka Ooltah Chashmah - Ep 2733 - Full Episode - 17th May, 2019",https://www.youtube.com/watch?v=xKUg1KI4htg,Found,19 May 2019,16:53,https://www.youtube.com/watch?v=c59NOvaNV_w,
2734,"Taarak Mehta Ka Ooltah Chashmah - Ep 2734 - Full Episode - 20th May, 2019",https://www.youtube.com/watch?v=Nsuxe0QZJh8,Found,22 May 2019,21:02,https://www.youtube.com/watch?v=5FtNCFSNgkI,
2735,"Taarak Mehta Ka Ooltah Chashmah - Ep 2735 - Full Episode - 21st May, 2019",https://www.youtube.com/watch?v=YrmmZTCKeJA,Found,23 May 2019,20:36,https://www.youtube.com/watch?v=tZgSZ_jr3Us,
2736,"Taarak Mehta Ka Ooltah Chashmah - Ep 2736 - Full Episode - 22nd May, 2019",https://www.youtube.com/watch?v=hjIQ_eeJed4,Found,24 May 2019,21:06,https://www.youtube.com/watch?v=stDTpjx49sw,
2737,"Taarak Mehta Ka Ooltah Chashmah - Ep 2737 - Full Episode - 23rd May, 2019",https://www.youtube.com/watch?v=vJD0_uXl2PY,Found,25 May 2019,20:46,https://www.youtube.com/watch?v=YOpj2uIQjt4,
2738,"Taarak Mehta Ka Ooltah Chashmah - Ep 2738 - Full Episode - 24th May, 2019",https://www.youtube.com/watch?v=83gpD0QwREc,Found,26 May 2019,20:31,https://www.youtube.com/watch?v=grE5_dlzew4,
2739,"Taarak Mehta Ka Ooltah Chashmah - Ep 2739 - Full Episode - 27th May, 2019",https://www.youtube.com/watch?v=_Z5pD3-0IAg,Found,29 May 2019,19:59,https://www.youtube.com/watch?v=inPR0Sv8jeU,
2740,"Taarak Mehta Ka Ooltah Chashmah - Ep 2740 - Full Episode - 28th May, 2019",https://www.youtube.com/watch?v=WsjsXXgxlFk,Found,30 May 2019,18:03,https://www.youtube.com/watch?v=TONEJo0QgrI,
2741,"Taarak Mehta Ka Ooltah Chashmah - Ep 2741 - Full Episode - 29th May, 2019",https://www.youtube.com/watch?v=_v1_1S9s2IQ,Found,31 May 2019,19:41,https://www.youtube.com/watch?v=DMuJzCS6YHw,
2742,"Taarak Mehta Ka Ooltah Chashmah - Ep 2742 - Full Episode - 30th May, 2019",https://www.youtube.com/watch?v=Znfwwovl3m4,Found,01 Jun 2019,19:53,https://www.youtube.com/watch?v=C30MtD1YTso,
2743,"Taarak Mehta Ka Ooltah Chashmah - Ep 2743 - Full Episode - 31st May, 2019",https://www.youtube.com/watch?v=3dYjXI-F7eY,Found,02 Jun 2019,20:27,https://www.youtube.com/watch?v=RRm5UvH5JaA,
2744,"Taarak Mehta Ka Ooltah Chashmah - Ep 2744 - Full Episode - 3rd June, 2019",https://www.youtube.com/watch?v=gcgoLPwZKR8,Found,05 Jun 2019,21:05,https://www.youtube.com/watch?v=RKEtsrY7Zj8,
2745,"Taarak Mehta Ka Ooltah Chashmah - Ep 2745 - Full Episode - 4th June, 2019",https://www.youtube.com/watch?v=drtl3l6-38A,Found,06 Jun 2019,20:45,,
2746,"Taarak Mehta Ka Ooltah Chashmah - Ep 2746 - Full Episode - 5th June, 2019",https://www.youtube.com/watch?v=6fTu3cEsT08,Found,07 Jun 2019,19:49,https://www.youtube.com/watch?v=hYgFSRMkT4A,
2747,"Taarak Mehta Ka Ooltah Chashmah - Ep 2747 - Full Episode - 6th June, 2019",https://www.youtube.com/watch?v=21hB0s__SNo,Found,08 Jun 2019,20:35,https://www.youtube.com/watch?v=tcOT30d3N9E,
2748,"Taarak Mehta Ka Ooltah Chashmah - Ep 2748 - Full Episode - 7th June, 2019",https://www.youtube.com/watch?v=sZ7eOOUlbvk,Found,09 Jun 2019,20:16,https://www.youtube.com/watch?v=8y1Tf7LOr3w,
2749,"Taarak Mehta Ka Ooltah Chashmah - Ep 2749 - Full Episode - 10th June, 2019",https://www.youtube.com/watch?v=pgt3O7JfYOw,Found,12 Jun 2019,20:18,https://www.youtube.com/watch?v=2GM8YDKXY6k,
2750,"Taarak Mehta Ka Ooltah Chashmah - Ep 2750 - Full Episode - 11th June, 2019",https://www.youtube.com/watch?v=CxzK4O2DqNM,Found,13 Jun 2019,20:09,https://www.youtube.com/watch?v=-fl3Y7DRpSQ,
2751,"Taarak Mehta Ka Ooltah Chashmah - Ep 2751 - Full Episode - 12th June, 2019",https://www.youtube.com/watch?v=W80opARLktQ,Found,14 Jun 2019,20:55,,
2752,"Taarak Mehta Ka Ooltah Chashmah - Ep 2752 - Full Episode - 13th June, 2019",https://www.youtube.com/watch?v=AcBA0xIqnZQ,Found,15 Jun 2019,20:32,https://www.youtube.com/watch?v=3azz8j_XR8w,
2753,"Taarak Mehta Ka Ooltah Chashmah - Ep 2753 - Full Episode - 14th June, 2019",https://www.youtube.com/watch?v=HO1QW_P1ixQ,Found,16 Jun 2019,18:41,https://www.youtube.com/watch?v=CXPuCRyiWZU,
2754,"Taarak Mehta Ka Ooltah Chashmah - Ep 2754 - Full Episode - 17th June, 2019",https://www.youtube.com/watch?v=MBz5ux4BMGM,Found,19 Jun 2019,20:32,https://www.youtube.com/watch?v=MWbCh1AL2Gs,
2755,"Taarak Mehta Ka Ooltah Chashmah - Ep 2755 - Full Episode - 18th June, 2019",https://www.youtube.com/watch?v=0J3KnpNNvnE,Found,20 Jun 2019,20:08,https://www.youtube.com/watch?v=Y0WUS8DdBwA,
2756,"Taarak Mehta Ka Ooltah Chashmah - Ep 2756 - Full Episode - 19th June, 2019",https://www.youtube.com/watch?v=xIP2vF8mu4k,Found,21 Jun 2019,19:30,https://www.youtube.com/watch?v=jwfx4MPXJnc,
2757,"Taarak Mehta Ka Ooltah Chashmah - Ep 2757 - Full Episode - 20th June, 2019",https://www.youtube.com/watch?v=6L10ggA7rRg,Found,22 Jun 2019,20:17,https://www.youtube.com/watch?v=koumHDIGiyE,
2758,"Taarak Mehta Ka Ooltah Chashmah - Ep 2758 - Full Episode - 21st June, 2019",https://www.youtube.com/watch?v=HoZZXzhQXOg,Found,23 Jun 2019,21:05,https://www.youtube.com/watch?v=51seLxHA06k,
2759,"Taarak Mehta Ka Ooltah Chashmah - Ep 2759 - Full Episode - 24th June, 2019",https://www.youtube.com/watch?v=YtUzue7BOqg,Found,26 Jun 2019,20:27,https://www.youtube.com/watch?v=u3HYjmVDTLc,
2760,"Taarak Mehta Ka Ooltah Chashmah - Ep 2760 - Full Episode - 25th June, 2019",https://www.youtube.com/watch?v=XbP407CBOdE,Found,27 Jun 2019,19:55,https://www.youtube.com/watch?v=M3EYavYWUMQ,
2761,"Taarak Mehta Ka Ooltah Chashmah - Ep 2761 - Full Episode - 26th June, 2019",https://www.youtube.com/watch?v=7uG0Q9WGehY,Found,28 Jun 2019,20:37,https://www.youtube.com/watch?v=0Pf0Za4GcS4,
2762,"Taarak Mehta Ka Ooltah Chashmah - Ep 2762 - Full Episode - 27th June, 2019",https://www.youtube.com/watch?v=9Uma4BElGWo,Found,29 Jun 2019,21:33,https://www.youtube.com/watch?v=jU0kN3p-B1I,
2763,"Taarak Mehta Ka Ooltah Chashmah - Ep 2763 - Full Episode - 28th June, 2019",https://www.youtube.com/watch?v=RTOotyJtx6I,Found,30 Jun 2019,20:28,https://www.youtube.com/watch?v=vTmlC73ovnM,
2764,"Taarak Mehta Ka Ooltah Chashmah - Ep 2764 - Full Episode - 1st July, 2019",https://www.youtube.com/watch?v=JK0xOuxOnMI,Found,03 Jul 2019,20:36,https://www.youtube.com/watch?v=Hy57t87MTTM,
2765,"Taarak Mehta Ka Ooltah Chashmah - Ep 2765 - Full Episode - 2nd July, 2019",https://www.youtube.com/watch?v=UwVLp_etIG8,Found,04 Jul 2019,21:39,https://www.youtube.com/watch?v=c4dhrfXO2B0,
2766,"Taarak Mehta Ka Ooltah Chashmah - Ep 2766 - Full Episode - 3rd July, 2019",https://www.youtube.com/watch?v=9jUIVCyidIY,Found,05 Jul 2019,21:03,https://www.youtube.com/watch?v=QS2bnoEL8Qw,
2767,"Taarak Mehta Ka Ooltah Chashmah - Ep 2767 - Full Episode - 4th July, 2019",https://www.youtube.com/watch?v=-GsKNRZemQQ,Found,06 Jul 2019,21:20,https://www.youtube.com/watch?v=F9jftcrtOoM,
2768,"Taarak Mehta Ka Ooltah Chashmah - Ep 2768 - Full Episode - 5th July, 2019",https://www.youtube.com/watch?v=o5-eVAyESW4,Found,07 Jul 2019,21:44,https://www.youtube.com/watch?v=ede2-KWAlVE,
2769,"Taarak Mehta Ka Ooltah Chashmah - Ep 2769 - Full Episode - 8th July, 2019",https://www.youtube.com/watch?v=OBlldoYQh7M,Found,10 Jul 2019,21:46,https://www.youtube.com/watch?v=F0tuvjWthh8,
2770,"Taarak Mehta Ka Ooltah Chashmah - Ep 2770 - Full Episode - 9th July, 2019",https://www.youtube.com/watch?v=9hGjL65ZFWs,Found,11 Jul 2019,19:58,https://www.youtube.com/watch?v=I2ddyQ_h05U,
2771,"Taarak Mehta Ka Ooltah Chashmah - Ep 2771 - Full Episode - 10th July, 2019",https://www.youtube.com/watch?v=wtitsYBbUSs,Found,12 Jul 2019,19:56,https://www.youtube.com/watch?v=Rm4fa2UUHTs,
2772,"Taarak Mehta Ka Ooltah Chashmah - Ep 2772 - Full Episode - 11th July, 2019",https://www.youtube.com/watch?v=RPbJpjXO5lo,Found,13 Jul 2019,18:28,https://www.youtube.com/watch?v=f40AbqCIku4,
2773,"Taarak Mehta Ka Ooltah Chashmah - Ep 2773 - Full Episode - 12th July, 2019",https://www.youtube.com/watch?v=NyZrrz5jcTs,Found,14 Jul 2019,17:13,https://www.youtube.com/watch?v=EDMyC5F_mNo,
2774,"Taarak Mehta Ka Ooltah Chashmah - Ep 2774 - Full Episode - 15th July, 2019",https://www.youtube.com/watch?v=7pERa6ehwVA,Found,17 Jul 2019,19:24,https://www.youtube.com/watch?v=yCqmY2ysV-c,
2775,"Taarak Mehta Ka Ooltah Chashmah - Ep 2775 - Full Episode - 16th July, 2019",https://www.youtube.com/watch?v=nXf5rf_idus,Found,18 Jul 2019,20:28,https://www.youtube.com/watch?v=1zQDhWK6Ask,
2776,"Taarak Mehta Ka Ooltah Chashmah - Ep 2776 - Full Episode - 17th July, 2019",https://www.youtube.com/watch?v=fwnwMPAxpp8,Found,19 Jul 2019,20:32,https://www.youtube.com/watch?v=7Bd9wmDxjb8,
2777,"Taarak Mehta Ka Ooltah Chashmah - Ep 2777 - Full Episode - 18th July, 2019",https://www.youtube.com/watch?v=hAMFTu6NJRg,Found,20 Jul 2019,19:38,https://www.youtube.com/watch?v=h4s_yzqr6FI,
2778,"Taarak Mehta Ka Ooltah Chashmah - Ep 2778 - Full Episode - 19th July, 2019",https://www.youtube.com/watch?v=_o-IzoxAZYE,Found,21 Jul 2019,17:59,https://www.youtube.com/watch?v=U3IUkRterQs,
2779,"Taarak Mehta Ka Ooltah Chashmah - Ep 2779 - Full Episode - 22nd July, 2019",https://www.youtube.com/watch?v=1br3jPfB-Fs,Found,24 Jul 2019,19:46,https://www.youtube.com/watch?v=_1HD_4mPLZk,
2780,"Taarak Mehta Ka Ooltah Chashmah - Ep 2780 - Full Episode - 23rd July, 2019",https://www.youtube.com/watch?v=4BUdz6yRGhs,Found,25 Jul 2019,20:33,https://www.youtube.com/watch?v=aWi6SdhFLm8,
2781,Episode 2781 - Taarak Mehta Ka Ooltah Chashmah - Full Episode | तारक मेहता का उल्टा चश्मा,https://www.youtube.com/watch?v=3uynd-wZTuI,Found,17 Mar 2023,22:16,https://www.youtube.com/watch?v=LYvnIq8YsdM,
2782,"Taarak Mehta Ka Ooltah Chashmah - Ep 2782 - Full Episode - 25th July, 2019",https://www.youtube.com/watch?v=qMvCZDQE_Fc,Found,27 Jul 2019,20:00,https://www.youtube.com/watch?v=lv3r7rWVjNg,
2783,"Taarak Mehta Ka Ooltah Chashmah - Ep 2783 - Full Episode - 26th July, 2019",https://www.youtube.com/watch?v=55mPnsJ3zvU,Found,28 Jul 2019,20:33,https://www.youtube.com/watch?v=3-JaM-j-yxw,
2784,"Taarak Mehta Ka Ooltah Chashmah - Ep 2784 - Full Episode - 29th July, 2019",https://www.youtube.com/watch?v=J7ehNQ1zKkI,Found,31 Jul 2019,22:08,https://www.youtube.com/watch?v=IHhWoCvVSBA,
2785,"Taarak Mehta Ka Ooltah Chashmah - Ep 2785 - Full Episode - 30th July, 2019",https://www.youtube.com/watch?v=8iM8wHC0zV8,Found,01 Aug 2019,19:30,https://www.youtube.com/watch?v=YYEMqoU_qiI,
2786,"Taarak Mehta Ka Ooltah Chashmah - Ep 2786 - Full Episode - 31st July, 2019",https://www.youtube.com/watch?v=3qikbd8l2Qk,Found,02 Aug 2019,20:02,https://www.youtube.com/watch?v=vpa5SjL3TUE,
2787,"Taarak Mehta Ka Ooltah Chashmah - Ep 2787 - Full Episode - 1st August, 2019",https://www.youtube.com/watch?v=PLSkwIRTAx8,Found,03 Aug 2019,19:31,https://www.youtube.com/watch?v=_pCGL43cmNc,
2788,"Taarak Mehta Ka Ooltah Chashmah - Ep 2788 - Full Episode - 2nd August, 2019",https://www.youtube.com/watch?v=KrFnzoj7eZ8,Found,04 Aug 2019,20:43,https://www.youtube.com/watch?v=xub4JthYDsM,
2789,"Taarak Mehta Ka Ooltah Chashmah - Ep 2789 - Full Episode - 5th August, 2019",https://www.youtube.com/watch?v=cx0lxbjmcHk,Found,07 Aug 2019,21:28,https://www.youtube.com/watch?v=V_su2EVQZfo,
2790,"Taarak Mehta Ka Ooltah Chashmah - Ep 2790 - Full Episode - 6th August, 2019",https://www.youtube.com/watch?v=Ggyi8u9Qsh4,Found,08 Aug 2019,19:46,https://www.youtube.com/watch?v=H5mDu-JhMtU,
2791,"Taarak Mehta Ka Ooltah Chashmah - Ep 2791 - Full Episode - 7th August, 2019",https://www.youtube.com/watch?v=leAcSevDjFU,Found,09 Aug 2019,21:06,https://www.youtube.com/watch?v=uaKLUg7eORg,
2792,"Taarak Mehta Ka Ooltah Chashmah - Ep 2792 - Full Episode - 8th August, 2019",https://www.youtube.com/watch?v=2KI67Kj-QHI,Found,10 Aug 2019,20:58,https://www.youtube.com/watch?v=OMOROAcpL-E,
2793,"Taarak Mehta Ka Ooltah Chashmah - Ep 2793 - Full Episode - 9th August, 2019",https://www.youtube.com/watch?v=8wOY38JkHEE,Found,11 Aug 2019,20:06,,
2794,"Taarak Mehta Ka Ooltah Chashmah - Ep 2794 - Full Episode - 12th August, 2019",https://www.youtube.com/watch?v=5Q9_ZDkHI40,Found,14 Aug 2019,20:14,,
2795,"Taarak Mehta Ka Ooltah Chashmah - Ep 2795 - Full Episode - 13th August, 2019",https://www.youtube.com/watch?v=c2A0-d9BZuQ,Found,15 Aug 2019,20:24,,
2796,"Taarak Mehta Ka Ooltah Chashmah - Ep 2796 - Full Episode - 14th August, 2019",https://www.youtube.com/watch?v=NjZrAKa8KNA,Found,16 Aug 2019,20:48,,
2797,"Taarak Mehta Ka Ooltah Chashmah - Ep 2797 - Full Episode - 15th August, 2019",https://www.youtube.com/watch?v=qmdrSrnU2lQ,Found,17 Aug 2019,20:26,https://www.youtube.com/watch?v=9vANK-7EDwU,
2798,"Taarak Mehta Ka Ooltah Chashmah - Ep 2798 - Full Episode - 16th August, 2019",https://www.youtube.com/watch?v=Yd2pBEWW_dc,Found,18 Aug 2019,18:22,https://www.youtube.com/watch?v=Fi7csUvdEqc,
2799,"Taarak Mehta Ka Ooltah Chashmah - Ep 2799 - Full Episode - 19th August, 2019",https://www.youtube.com/watch?v=Vdx0IvR2aS0,Found,22 Aug 2019,20:17,https://www.youtube.com/watch?v=c8u1ceaa6ek,
2800,"Taarak Mehta Ka Ooltah Chashmah - Ep 2800 - Full Episode - 20th August, 2019",https://www.youtube.com/watch?v=cbN9L7wxWw0,Found,22 Aug 2019,19:48,https://www.youtube.com/watch?v=Oo-06Vapvdg,
2801,"Taarak Mehta Ka Ooltah Chashmah - Ep 2801 - Full Episode - 21st August, 2019",https://www.youtube.com/watch?v=3Q_6HZh5M_8,Found,23 Aug 2019,20:18,https://www.youtube.com/watch?v=JNslHQokFI8,
2802,"Taarak Mehta Ka Ooltah Chashmah - Ep 2802 - Full Episode - 22nd August, 2019",https://www.youtube.com/watch?v=4lBpYkRhnAM,Found,24 Aug 2019,20:35,https://www.youtube.com/watch?v=fj4CugrZ0Og,
2803,"Taarak Mehta Ka Ooltah Chashmah - Ep 2803 - Full Episode - 23rd August, 2019",https://www.youtube.com/watch?v=OPV398HTqjo,Found,25 Aug 2019,20:33,https://www.youtube.com/watch?v=EfO74YDXM3Q,
2804,"A Goon In The Society | Taarak Mehta Ka Ooltah Chashmah | Full Episode 2804 | 26th August, 2019",https://www.youtube.com/watch?v=FQUnxEteEgc,Found,28 Aug 2019,20:33,https://www.youtube.com/watch?v=9TvdUcwvaMg,
2805,Taarak Mehta Ka Ooltah Chashmah - Episode 2805 - Full Episode,https://www.youtube.com/watch?v=qlRPCM4VyNI,Found,23 Mar 2021,18:16,https://www.youtube.com/watch?v=z6iLVMvVWnI,
2806,"Taarak Mehta Ka Ooltah Chashmah - Ep 2806 - Full Episode - 28th August, 2019",https://www.youtube.com/watch?v=OsxKUxSJ7RY,Found,30 Aug 2019,20:28,https://www.youtube.com/watch?v=xq-cW0aQzo8,
2807,"Taarak Mehta Ka Ooltah Chashmah - Ep 2807 - Full Episode - 29th August, 2019",https://www.youtube.com/watch?v=QzrKSWZTMYw,Found,31 Aug 2019,20:13,,
2808,"Taarak Mehta Ka Ooltah Chashmah - Ep 2808 - Full Episode - 30th August, 2019",https://www.youtube.com/watch?v=oPogtpZBGas,Found,01 Sep 2019,20:14,https://www.youtube.com/watch?v=3LL6gDl2n5k,
2809,"Taarak Mehta Ka Ooltah Chashmah - Ep 2809 - Full Episode - 2nd September, 2019",https://www.youtube.com/watch?v=UQmzDOuMlv0,Found,04 Sep 2019,19:20,https://www.youtube.com/watch?v=LpzZZGijcOE,
2810,"Taarak Mehta Ka Ooltah Chashmah - Ep 2810 - Full Episode - 3rd September, 2019",https://www.youtube.com/watch?v=u1Gd2M4VIuk,Found,05 Sep 2019,20:51,https://www.youtube.com/watch?v=oHNXpb0ribo,
2811,"Taarak Mehta Ka Ooltah Chashmah - Ep 2811 - Full Episode - 4th September, 2019",https://www.youtube.com/watch?v=jlw2zf5yLlg,Found,06 Sep 2019,20:27,https://www.youtube.com/watch?v=P0djSn5VSss,
2812,"Taarak Mehta Ka Ooltah Chashmah - Ep 2812 - Full Episode - 5th September, 2019",https://www.youtube.com/watch?v=PMz8JM4Zl18,Found,07 Sep 2019,20:12,https://www.youtube.com/watch?v=zLsNJ_Yb78I,
2813,"Taarak Mehta Ka Ooltah Chashmah - Ep 2813 - Full Episode - 6th September, 2019",https://www.youtube.com/watch?v=1YY_x1_KeQE,Found,20 Aug 2020,21:08,https://www.youtube.com/watch?v=cb8-sKSfVws,
2814,"Taarak Mehta Ka Ooltah Chashmah - Ep 2814 - Full Episode - 9th September, 2019",https://www.youtube.com/watch?v=_h83Mr1pLq0,Found,11 Sep 2019,19:54,https://www.youtube.com/watch?v=3UExo3kYrzs,
2815,"Taarak Mehta Ka Ooltah Chashmah - Ep 2815 - Full Episode - 10th September, 2019",https://www.youtube.com/watch?v=E4R5HC8lFHQ,Found,12 Sep 2019,20:00,https://www.youtube.com/watch?v=hvuKOopMoxY,
2816,"Taarak Mehta Ka Ooltah Chashmah - Ep 2816 - Full Episode - 11th September, 2019",https://www.youtube.com/watch?v=UyTtLJ3Gm0k,Found,13 Sep 2019,18:20,https://www.youtube.com/watch?v=kIfd_mstIOM,
2817,"Taarak Mehta Ka Ooltah Chashmah - Ep 2817 - Full Episode - 12th September, 2019",https://www.youtube.com/watch?v=hqeHfGO-Jwc,Found,14 Sep 2019,20:45,https://www.youtube.com/watch?v=yuL4I08Gu9I,
2818,"Taarak Mehta Ka Ooltah Chashmah - Ep 2818 - Full Episode - 13th September, 2019",https://www.youtube.com/watch?v=FJL0Jtb8GlY,Found,15 Sep 2019,18:30,https://www.youtube.com/watch?v=sR5ei5GetYY,
2819,Taarak Mehta Ka Ooltah Chashmah - Episode 2819 - Full Episode,https://www.youtube.com/watch?v=9tfh3aEgI3g,Found,24 Mar 2021,18:02,https://www.youtube.com/watch?v=9HeLqPFLllk,
2820,"Taarak Mehta Ka Ooltah Chashmah - Ep 2820 - Full Episode - 17th September, 2019",https://www.youtube.com/watch?v=BtZ969-22R4,Found,19 Sep 2019,20:18,https://www.youtube.com/watch?v=CmxsS5gMXNE,
2821,Taarak Mehta Ka Ooltah Chashmah - Episode 2821 - Full Episode,https://www.youtube.com/watch?v=HJfD0i1GlFU,Found,24 Mar 2021,18:47,,https://www.youtube.com/watch?v=uWGHuFY0rmw
2822,"Taarak Mehta Ka Ooltah Chashmah - Ep 2822 - Full Episode - 19th September, 2019",https://www.youtube.com/watch?v=HlNNgDkSl9M,Found,21 Sep 2019,16:08,https://www.youtube.com/watch?v=fH5R1IJ68Sg,
2823,"Taarak Mehta Ka Ooltah Chashmah - Ep 2823 - Full Episode - 20th September, 2019",https://www.youtube.com/watch?v=IX40a5dtjC4,Found,22 Sep 2019,18:28,https://www.youtube.com/watch?v=bXfDohlwVUM,
2824,"Taarak Mehta Ka Ooltah Chashmah - Ep 2824 - Full Episode - 23rd September, 2019",https://www.youtube.com/watch?v=tbZeOlfLngE,Found,25 Sep 2019,20:39,,
2825,"Taarak Mehta Ka Ooltah Chashmah - Ep 2825 - Full Episode - 24th September, 2019",https://www.youtube.com/watch?v=9GzCdkaiw5s,Found,26 Sep 2019,20:45,,
2826,"Taarak Mehta Ka Ooltah Chashmah - Ep 2826 - Full Episode - 25th September, 2019",https://www.youtube.com/watch?v=vyCF_5sXD2g,Found,27 Sep 2019,19:30,,
2827,"Taarak Mehta Ka Ooltah Chashmah - Ep 2827 - Full Episode - 26th September, 2019",https://www.youtube.com/watch?v=OvEs6KeJe4E,Found,28 Sep 2019,20:08,,
2828,"Taarak Mehta Ka Ooltah Chashmah - Ep 2828 - Full Episode - 27th September, 2019",https://www.youtube.com/watch?v=gKHMQU9QX30,Found,29 Sep 2019,21:01,,
2829,"Taarak Mehta Ka Ooltah Chashmah - Ep 2829 - Full Episode - 30th September, 2019",https://www.youtube.com/watch?v=WLCFZcTMczY,Found,02 Oct 2019,20:46,,
2830,"Taarak Mehta Ka Ooltah Chashmah - Ep 2830 - Full Episode - 1st October, 2019",https://www.youtube.com/watch?v=6GR4nL-k-mI,Found,03 Oct 2019,20:50,,
2831,"Taarak Mehta Ka Ooltah Chashmah - Ep 2831 - Full Episode - 2nd October, 2019",https://www.youtube.com/watch?v=H0yOH3tMyvM,Found,04 Oct 2019,20:56,,
2832,Taarak Mehta Ka Ooltah Chashmah - Episode 2832 - Full Episode,https://www.youtube.com/watch?v=1LIT5rb3rUE,Found,24 Mar 2021,17:45,https://www.youtube.com/watch?v=ALBVuJ2YvS8,
2833,"Taarak Mehta Ka Ooltah Chashmah - Ep 2833 - Full Episode - 4th October, 2019",https://www.youtube.com/watch?v=SrNUIlA3eS0,Found,06 Oct 2019,16:40,https://www.youtube.com/watch?v=AuWlmpxBJPM,
2834,"Taarak Mehta Ka Ooltah Chashmah - Ep 2834 - Full Episode - 7th October, 2019",https://www.youtube.com/watch?v=qOKzdVqVspU,Found,09 Oct 2019,20:04,https://www.youtube.com/watch?v=tqidFBuO2UA,
2835,"Taarak Mehta Ka Ooltah Chashmah - Ep 2835 - Full Episode - 8th October, 2019",https://www.youtube.com/watch?v=v07Tz-Estk4,Found,10 Oct 2019,20:20,https://www.youtube.com/watch?v=Jp6UlrabptU,
2836,"Taarak Mehta Ka Ooltah Chashmah - Ep 2836 - Full Episode - 9th October, 2019",https://www.youtube.com/watch?v=lmtxNppvDzM,Found,11 Oct 2019,21:22,https://www.youtube.com/watch?v=0PhwUcXL1xM,
2837,"Taarak Mehta Ka Ooltah Chashmah - Ep 2837 - Full Episode - 10th October, 2019",https://www.youtube.com/watch?v=o2GRoxuWxXs,Found,12 Oct 2019,21:20,https://www.youtube.com/watch?v=ds0yIQoUTiU,
2838,"Taarak Mehta Ka Ooltah Chashmah - Ep 2838 - Full Episode - 11th October, 2019",https://www.youtube.com/watch?v=58uNlzwegfg,Found,13 Oct 2019,20:02,https://www.youtube.com/watch?v=-CicfrywUkk,
2839,"Taarak Mehta Ka Ooltah Chashmah - Ep 2839 - Full Episode - 14th October, 2019",https://www.youtube.com/watch?v=mhCvhsiMRaw,Found,16 Oct 2019,20:11,https://www.youtube.com/watch?v=g3nrf_zHnEI,
2840,Taarak Mehta Ka Ooltah Chashmah - Episode 2840 - Full Episode,https://www.youtube.com/watch?v=jJ6CSn_lSwk,Found,16 Aug 2021,18:19,https://www.youtube.com/watch?v=6ZM8vp8ea5c,https://www.youtube.com/watch?v=09cuHgVqrsA
2841,Taarak Mehta Ka Ooltah Chashmah - Episode 2841 - Full Episode,https://www.youtube.com/watch?v=pOVtmTT9RGA,Found,16 Aug 2021,18:36,https://www.youtube.com/watch?v=BzMO4lO8UQE,
2842,"Taarak Mehta Ka Ooltah Chashmah - Ep 2842 - Full Episode - 17th October, 2019",https://www.youtube.com/watch?v=Q3Df1sz47aM,Found,19 Oct 2019,20:08,https://www.youtube.com/watch?v=aKna4RH0M8A,
2843,"Taarak Mehta Ka Ooltah Chashmah - Ep 2843 - Full Episode - 18th October, 2019",https://www.youtube.com/watch?v=JZCIzAODvEA,Found,20 Oct 2019,20:26,https://www.youtube.com/watch?v=U_TsSpiMP64,
2844,"Taarak Mehta Ka Ooltah Chashmah - Ep 2844 - Full Episode - 21st October, 2019",https://www.youtube.com/watch?v=zXF2Gbs3FvI,Found,23 Oct 2019,29:48,https://www.youtube.com/watch?v=68gFSKdtYv8,
2845,"Taarak Mehta Ka Ooltah Chashmah - Ep 2845 - Full Episode - 22nd October, 2019",https://www.youtube.com/watch?v=48c7QpKA8Mo,Found,24 Oct 2019,29:53,https://www.youtube.com/watch?v=gM-Ze5yUOW4,
2846,"Taarak Mehta Ka Ooltah Chashmah - Ep 2846 - Full Episode - 23rd October, 2019",https://www.youtube.com/watch?v=rdq7BNFP7RA,Found,25 Oct 2019,28:08,https://www.youtube.com/watch?v=kt63P87zue4,
2847,"Taarak Mehta Ka Ooltah Chashmah - Ep 2847 - Full Episode - 24th October, 2019",https://www.youtube.com/watch?v=pt6iRPL8Rig,Found,26 Oct 2019,32:07,,
2848,"Taarak Mehta Ka Ooltah Chashmah - Ep 2848 - Full Episode - 25th October, 2019",https://www.youtube.com/watch?v=a28k9q1196E,Found,27 Oct 2019,30:35,https://www.youtube.com/watch?v=8H9CM_4DZ3A,
2849,"Taarak Mehta Ka Ooltah Chashmah - Ep 2849 - Full Episode - 28th October, 2019",https://www.youtube.com/watch?v=UhDig2yVme4,Found,30 Oct 2019,20:52,https://www.youtube.com/watch?v=x2VvWPwHYIw,
2850,"Taarak Mehta Ka Ooltah Chashmah - Ep 2850 - Full Episode - 29th October, 2019",https://www.youtube.com/watch?v=SIcJh7M1CBw,Found,31 Oct 2019,20:38,https://www.youtube.com/watch?v=_cTiOS3mfO8,
2851,"Taarak Mehta Ka Ooltah Chashmah - Ep 2851 - Full Episode - 30th October, 2019",https://www.youtube.com/watch?v=10NX8QYdQgA,Found,01 Nov 2019,19:11,https://www.youtube.com/watch?v=1NiQH8AqDOk,
2852,"Taarak Mehta Ka Ooltah Chashmah - Ep 2852 - Full Episode - 31st October, 2019",https://www.youtube.com/watch?v=be4Q54Zmp7A,Found,02 Nov 2019,20:17,https://www.youtube.com/watch?v=FwQigNZE_8k,
2853,"Taarak Mehta Ka Ooltah Chashmah - Ep 2853 - Full Episode - 1st November, 2019",https://www.youtube.com/watch?v=_DjxynC5Pu4,Found,03 Nov 2019,20:14,https://www.youtube.com/watch?v=J5oVdPF8KQk,
2854,"Taarak Mehta Ka Ooltah Chashmah - Ep 2854 - Full Episode - 4th November, 2019",https://www.youtube.com/watch?v=bxsqdT6SW70,Found,06 Nov 2019,20:17,https://www.youtube.com/watch?v=NP7MSrRyiME,
2855,"Taarak Mehta Ka Ooltah Chashmah - Ep 2855 - Full Episode - 5th November, 2019",https://www.youtube.com/watch?v=PWHGz578CZA,Found,07 Nov 2019,21:07,https://www.youtube.com/watch?v=zpVQbGprTJk,
2856,"Taarak Mehta Ka Ooltah Chashmah - Ep 2856 - Full Episode - 6th November, 2019",https://www.youtube.com/watch?v=svT3iZ3IrnU,Found,08 Nov 2019,21:10,https://www.youtube.com/watch?v=ZRgniRobEfc,
2857,"Taarak Mehta Ka Ooltah Chashmah - Ep 2857 - Full Episode - 7th November, 2019",https://www.youtube.com/watch?v=ECInIMILzCY,Found,09 Nov 2019,21:29,https://www.youtube.com/watch?v=VxPG6owQPa4,
2858,"Taarak Mehta Ka Ooltah Chashmah - Ep 2858 - Full Episode - 8th November, 2019",https://www.youtube.com/watch?v=yVSpz34lTVA,Found,10 Nov 2019,21:46,https://www.youtube.com/watch?v=Cw65NpxQ6ZA,
2859,"Taarak Mehta Ka Ooltah Chashmah - Ep 2859 - Full Episode - 11th November, 2019",https://www.youtube.com/watch?v=Qy5bFGCbYRo,Found,13 Nov 2019,20:59,,
2860,"Taarak Mehta Ka Ooltah Chashmah - Ep 2860 - Full Episode - 12th November, 2019",https://www.youtube.com/watch?v=LMoTDrHJd98,Found,14 Nov 2019,20:30,,
2861,"Taarak Mehta Ka Ooltah Chashmah - Ep 2861 - Full Episode - 13th November, 2019",https://www.youtube.com/watch?v=0c07YE2W_K8,Found,15 Nov 2019,19:24,,
2862,"Taarak Mehta Ka Ooltah Chashmah - Ep 2862 - Full Episode - 14th November, 2019",https://www.youtube.com/watch?v=mOwR1XKaUHE,Found,17 Nov 2019,17:11,,
2863,"Taarak Mehta Ka Ooltah Chashmah - Ep 2863 - Full Episode - 15th November, 2019",https://www.youtube.com/watch?v=i9GGNnQRBBE,Found,17 Nov 2019,20:29,https://www.youtube.com/watch?v=K1W19fQJI_w,
2864,"Taarak Mehta Ka Ooltah Chashmah - Ep 2864 - Full Episode - 18th November, 2019",https://www.youtube.com/watch?v=9lFjLxWMUIQ,Found,20 Nov 2019,20:16,https://www.youtube.com/watch?v=F2vFP6iC7Fc,
2865,"Taarak Mehta Ka Ooltah Chashmah - Ep 2865 - Full Episode - 19th November, 2019",https://www.youtube.com/watch?v=kiBv0vYnQ7I,Found,22 Nov 2019,21:03,https://www.youtube.com/watch?v=VoKGBI3AV6c,
2866,"Taarak Mehta Ka Ooltah Chashmah - Ep 2866 - Full Episode - 20th November, 2019",https://www.youtube.com/watch?v=gZqt8OR8rX0,Found,22 Nov 2019,19:46,https://www.youtube.com/watch?v=fMAq5eaL-yk,
2867,"Taarak Mehta Ka Ooltah Chashmah - Ep 2867 - Full Episode - 21st November, 2019",https://www.youtube.com/watch?v=42kxZXYj-qQ,Found,23 Nov 2019,19:35,https://www.youtube.com/watch?v=76GI1BytKCo,
2868,"Taarak Mehta Ka Ooltah Chashmah - Ep 2868 - Full Episode - 22nd November, 2019",https://www.youtube.com/watch?v=di6ZMsCwWIM,Found,24 Nov 2019,19:40,https://www.youtube.com/watch?v=5shX3Kn1o_U,
2869,"Taarak Mehta Ka Ooltah Chashmah - Ep 2869 - Full Episode - 25th November, 2019",https://www.youtube.com/watch?v=66XZ3y9CxPk,Found,27 Nov 2019,20:59,https://www.youtube.com/watch?v=2778vBLKNms,
2870,"Taarak Mehta Ka Ooltah Chashmah - Ep 2870 - Full Episode - 26th November, 2019",https://www.youtube.com/watch?v=-oGwprcaJ8c,Found,28 Nov 2019,20:41,https://www.youtube.com/watch?v=j6mYhvz4I_w,
2871,"Taarak Mehta Ka Ooltah Chashmah - Ep 2871 - Full Episode - 27th November, 2019",https://www.youtube.com/watch?v=o8UeeBa6L5g,Found,29 Nov 2019,20:14,https://www.youtube.com/watch?v=AepVrS83A8o,
2872,"Taarak Mehta Ka Ooltah Chashmah - Ep 2872 - Full Episode - 28th November, 2019",https://www.youtube.com/watch?v=w4MuZSoPAh8,Found,30 Nov 2019,20:49,https://www.youtube.com/watch?v=iyvnpoWPly8,
2873,Taarak Mehta Ka Ooltah Chashmah - Ep 2873 - Full Episode - 29th November 2019,https://www.youtube.com/watch?v=g30CJTT9Kl8,Found,01 Dec 2019,21:29,https://www.youtube.com/watch?v=__eq_RCk4UE,
2874,Taarak Mehta Ka Ooltah Chashmah - Ep 2874 - Full Episode - 2nd December 2019,https://www.youtube.com/watch?v=SmK65uFFbbI,Found,04 Dec 2019,20:51,https://www.youtube.com/watch?v=fjcE2--TD6A,
2875,Taarak Mehta Ka Ooltah Chashmah - Ep 2875 - Full Episode - 3rd December 2019,https://www.youtube.com/watch?v=eSG4dU8k9d8,Found,05 Dec 2019,19:16,https://www.youtube.com/watch?v=pyY8BCS1phE,
2876,Taarak Mehta Ka Ooltah Chashmah - Ep 2876 - Full Episode - 4th December 2019,https://www.youtube.com/watch?v=DZOWUXBaopQ,Found,06 Dec 2019,20:10,https://www.youtube.com/watch?v=r3b8WNc4608,
2877,Taarak Mehta Ka Ooltah Chashmah - Ep 2877 - Full Episode - 5th December 2019,https://www.youtube.com/watch?v=fWjPcnAF4i4,Found,07 Dec 2019,20:59,https://www.youtube.com/watch?v=ERuQqlGk4Lk,
2878,Taarak Mehta Ka Ooltah Chashmah - Ep 2878 - Full Episode - 6th December 2019,https://www.youtube.com/watch?v=8I0liy-GS7o,Found,08 Dec 2019,20:45,https://www.youtube.com/watch?v=2lI3R4ykvds,
2879,Taarak Mehta Ka Ooltah Chashmah - Ep 2879 - Full Episode - 9th December 2019,https://www.youtube.com/watch?v=82xbWBlm8a8,Found,11 Dec 2019,20:06,https://www.youtube.com/watch?v=W80DkZQ72wA,
2880,Taarak Mehta Ka Ooltah Chashmah - Ep 2880 - Full Episode - 10th December 2019,https://www.youtube.com/watch?v=ciM8ev7THCg,Found,12 Dec 2019,20:32,https://www.youtube.com/watch?v=OdaYAvqGRzA,
2881,Taarak Mehta Ka Ooltah Chashmah - Ep 2881 - Full Episode - 11th December 2019,https://www.youtube.com/watch?v=vMPm0b8M6Lk,Found,13 Dec 2019,21:15,https://www.youtube.com/watch?v=_aQ8yGV92Vw,
2882,Taarak Mehta Ka Ooltah Chashmah - Ep 2882 - Full Episode - 12th December 2019,https://www.youtube.com/watch?v=ymhGO2w4c7A,Found,14 Dec 2019,19:52,https://www.youtube.com/watch?v=chY2sC6ceeI,
2883,Taarak Mehta Ka Ooltah Chashmah - Ep 2883 - Full Episode - 13th December 2019,https://www.youtube.com/watch?v=AKe2-uhHEm8,Found,15 Dec 2019,21:07,https://www.youtube.com/watch?v=YkBzzIKmTRE,
2884,Taarak Mehta Ka Ooltah Chashmah - Ep 2884 - Full Episode - 16th December 2019,https://www.youtube.com/watch?v=PDuRgm6w6cg,Found,18 Dec 2019,20:41,https://www.youtube.com/watch?v=sCLzQr4j4Zc,
2885,Taarak Mehta Ka Ooltah Chashmah - Ep 2885 - Full Episode - 17th December 2019,https://www.youtube.com/watch?v=bDbFzOILBIA,Found,19 Dec 2019,20:44,https://www.youtube.com/watch?v=KtjuCn17x0s,
2886,Taarak Mehta Ka Ooltah Chashmah - Ep 2886 - Full Episode - 18th December 2019,https://www.youtube.com/watch?v=1vfa3R-Dh5Q,Found,20 Dec 2019,22:40,https://www.youtube.com/watch?v=QSSTpjQqjHI,
2887,Jethalal Bana Cook | FULL MOVIE | Part 1 | Taarak Mehta Ka Ooltah Chashmah Ep 2887 to 2889,https://www.youtube.com/watch?v=QDXAMYOvf5g,Found,20 Aug 2020,55:48,https://www.youtube.com/watch?v=7aCxkKESH8A,
2888,Taarak Mehta Ka Ooltah Chashmah - Ep 2888 - Full Episode - 20th December 2019,https://www.youtube.com/watch?v=0ktXwOZbhC4,Found,22 Dec 2019,20:53,https://www.youtube.com/watch?v=VNTZqh4dWNg,
2889,Taarak Mehta Ka Ooltah Chashmah - Ep 2889 - Full Episode - 23rd December 2019,https://www.youtube.com/watch?v=GJW1HVX983k,Found,25 Dec 2019,20:36,https://www.youtube.com/watch?v=GoRQLKx9Rak,
2890,Taarak Mehta Ka Ooltah Chashmah - Ep 2890 - Full Episode - 24th December 2019,https://www.youtube.com/watch?v=QJegQDMAMic,Found,26 Dec 2019,21:40,https://www.youtube.com/watch?v=45zN2ll2rQk,
2891,Taarak Mehta Ka Ooltah Chashmah - Ep 2891 - Full Episode - 25th December 2019,https://www.youtube.com/watch?v=s7j4uI7lhTg,Found,27 Dec 2019,21:11,https://www.youtube.com/watch?v=8H9rAxNA1tQ,
2892,Taarak Mehta Ka Ooltah Chashmah - Ep 2892 - Full Episode - 26th December 2019,https://www.youtube.com/watch?v=JGo0ya7MYGw,Found,28 Dec 2019,21:48,https://www.youtube.com/watch?v=0mJBPP4tNEs,
2893,Taarak Mehta Ka Ooltah Chashmah - Ep 2893 - Full Episode - 27th December 2019,https://www.youtube.com/watch?v=4ugJdKbFwX8,Found,29 Dec 2019,21:34,https://www.youtube.com/watch?v=H-sTD3y780c,
2894,Taarak Mehta Ka Ooltah Chashmah - Ep 2894 - Full Episode - 30th December 2019,https://www.youtube.com/watch?v=LV8Yx5LZ4hs,Found,01 Jan 2020,20:35,https://www.youtube.com/watch?v=FMvnnJyHH8Y,
2895,Taarak Mehta Ka Ooltah Chashmah - Ep 2895 - Full Episode - 31st December 2019,https://www.youtube.com/watch?v=mQk29GDv9F0,Found,02 Jan 2020,19:43,,
2896,Taarak Mehta Ka Ooltah Chashmah - New Year Special - Episode 2896 - Full Episode,https://www.youtube.com/watch?v=O1UMWcGkBT4,Found,16 Aug 2021,18:39,,https://www.youtube.com/watch?v=bwxt-gXvOs4
2897,Taarak Mehta Ka Ooltah Chashmah - Ep 2897 - Full Episode - 2nd January 2020,https://www.youtube.com/watch?v=BUngRzKmsOc,Found,04 Jan 2020,19:47,,
2898,Taarak Mehta Ka Ooltah Chashmah - Ep 2898 - Full Episode - 3rd January 2020,https://www.youtube.com/watch?v=AmU-GAU-diU,Found,05 Jan 2020,19:18,,
2899,Taarak Mehta Ka Ooltah Chashmah - Ep 2899 - Full Episode - 6th January 2020,https://www.youtube.com/watch?v=h_yEC2pQKr0,Found,08 Jan 2020,18:14,,
2900,Taarak Mehta Ka Ooltah Chashmah - Episode 2900 - Full Episode,https://www.youtube.com/watch?v=JlTJHVIJb60,Found,16 Aug 2021,19:05,https://www.youtube.com/watch?v=f0zmG81fF6s,
2901,Taarak Mehta Ka Ooltah Chashmah - Ep 2901 - Full Episode - 8th January 2020,https://www.youtube.com/watch?v=-KtQQzHICrA,Found,10 Jan 2020,17:38,,
2902,Taarak Mehta Ka Ooltah Chashmah - Ep 2902 - Full Episode - 9th January 2020,https://www.youtube.com/watch?v=Qbp3PGJuWyg,Found,11 Jan 2020,19:16,,
2903,Taarak Mehta Ka Ooltah Chashmah - Ep 2903 - Full Episode - 10th January 2020,https://www.youtube.com/watch?v=Nd8iCiJ3fMc,Found,12 Jan 2020,19:33,,
2904,Taarak Mehta Ka Ooltah Chashmah - Ep 2904 - Full Episode - 13th January 2020,https://www.youtube.com/watch?v=5i_lM3I3Tu0,Found,15 Jan 2020,21:32,,
2905,Taarak Mehta Ka Ooltah Chashmah - Ep 2905 - Full Episode - 14th January 2020,https://www.youtube.com/watch?v=gAx9lfKRCew,Found,16 Jan 2020,18:08,,
2906,Taarak Mehta Ka Ooltah Chashmah - तारक मेहता - Ep 2906 - Full Episode - 15th January 2020,https://www.youtube.com/watch?v=-fJinoQ74fA,Found,19 Oct 2020,19:53,,
2907,Taarak Mehta Ka Ooltah Chashmah - Episode 2907 - Full Episode,https://www.youtube.com/watch?v=9Y4JcJUWQi4,Found,26 Mar 2021,16:24,,https://www.youtube.com/watch?v=NDOa7EmNX5g
2908,Taarak Mehta Ka Ooltah Chashmah - तारक मेहता - Ep 2908 - Full Episode - 17th January 2020,https://www.youtube.com/watch?v=YNFxFa46jS4,Found,20 Oct 2020,22:19,,
2909,Taarak Mehta Ka Ooltah Chashmah - Ep 2909 - Full Episode - 20th January 2020,https://www.youtube.com/watch?v=h2c8crEUihY,Found,20 Oct 2020,19:58,,
2910,Taarak Mehta Ka Ooltah Chashmah - तारक मेहता - Ep 2910 - Full Episode - 21st January 2020,https://www.youtube.com/watch?v=GF4GyZUHEGU,Found,20 Oct 2020,18:45,,
2911,Taarak Mehta Ka Ooltah Chashmah - तारक मेहता - Ep 2911 - Full Episode - 22nd January 2020,https://www.youtube.com/watch?v=qXXWv1SXxNk,Found,20 Oct 2020,18:40,,
2912,Taarak Mehta Ka Ooltah Chashmah - तारक मेहता - Ep 2912 - Full Episode - 23rd January 2020,https://www.youtube.com/watch?v=6fwX8ALw9No,Found,20 Oct 2020,20:02,,
2913,Taarak Mehta Ka Ooltah Chashmah - तारक मेहता - Ep 2913 - Full Episode - 24th January 2020,https://www.youtube.com/watch?v=oanCiu-4k9U,Found,20 Oct 2020,21:01,,
2914,Taarak Mehta Ka Ooltah Chashmah - तारक मेहता - Ep 2914 - Full Episode - 27th January 2020,https://www.youtube.com/watch?v=GD8Ng-nix1Y,Found,20 Oct 2020,18:38,,
2915,Taarak Mehta Ka Ooltah Chashmah - तारक मेहता - Ep 2915 - Full Episode - 28th January 2020,https://www.youtube.com/watch?v=ZJD8-rFNyL0,Found,20 Oct 2020,20:37,https://www.youtube.com/watch?v=jyLiEUyYTFs,
2916,Chaos in Gokuldham?! | Taarak Mehta Ka Ooltah Chashmah - Full Episode | Taarak Mehta - Ep 2916,https://www.youtube.com/watch?v=XRldsEY49gk,Found,20 Oct 2020,20:29,https://www.youtube.com/watch?v=aVIgBOkfpys,
2917,Taarak Mehta Ka Ooltah Chashmah - तारक मेहता - Ep 2917 - Full Episode - 30th January 2020,https://www.youtube.com/watch?v=iTFz6abIykg,Found,20 Oct 2020,21:11,https://www.youtube.com/watch?v=LPcY1hq1h2U,
2918,Taarak Mehta Ka Ooltah Chashmah - तारक मेहता - Ep 2918 - Full Episode - 31st January 2020,https://www.youtube.com/watch?v=Ht7RMsl0OfA,Found,20 Oct 2020,19:40,,
2919,Taarak Mehta Ka Ooltah Chashmah - तारक मेहता - Ep 2919 - Full Episode - 3rd February 2020,https://www.youtube.com/watch?v=_Ae0Tzf8R1M,Found,22 Oct 2020,19:25,https://www.youtube.com/watch?v=7r_jKNetkyg,
2920,Taarak Mehta Ka Ooltah Chashmah - तारक मेहता - Ep 2920 - Full Episode - 4th February 2020,https://www.youtube.com/watch?v=AtCj_FghaG0,Found,22 Oct 2020,19:53,https://www.youtube.com/watch?v=hUkEofKNA74,
2921,Taarak Mehta Ka Ooltah Chashmah - तारक मेहता - Ep 2921 - Full Episode - 5th February 2020,https://www.youtube.com/watch?v=Y0L7KztlzfU,Found,22 Oct 2020,20:29,https://www.youtube.com/watch?v=dj7qyZ1XoqE,
2922,Taarak Mehta Ka Ooltah Chashmah - तारक मेहता - Ep 2922 - Full Episode - 6th February 2020,https://www.youtube.com/watch?v=wtOVNLgFgTQ,Found,22 Oct 2020,20:55,https://www.youtube.com/watch?v=abLKqFpB98o,
2923,Taarak Mehta Ka Ooltah Chashmah - तारक मेहता - Ep 2923 - Full Episode - 7th February 2020,https://www.youtube.com/watch?v=3yWNXGjtPH4,Found,22 Oct 2020,21:38,https://www.youtube.com/watch?v=5B21qtloSUI,
2924,Taarak Mehta Ka Ooltah Chashmah - तारक मेहता - Ep 2924 - Full Episode - 10th February 2020,https://www.youtube.com/watch?v=Hn0XiLRJ8BI,Found,22 Oct 2020,21:41,https://www.youtube.com/watch?v=jj9W1KZNLMA,
2925,Taarak Mehta Ka Ooltah Chashmah - तारक मेहता - Ep 2925 - Full Episode - 11th February 2020,https://www.youtube.com/watch?v=me_pIJ847uk,Found,22 Oct 2020,21:00,https://www.youtube.com/watch?v=r9bDG4EDjbo,
2926,Taarak Mehta Ka Ooltah Chashmah - तारक मेहता - Ep 2926 - Full Episode - 12th February 2020,https://www.youtube.com/watch?v=Tmk-uA22MU4,Found,22 Oct 2020,21:32,https://www.youtube.com/watch?v=90qBWb5lfOo,
2927,Taarak Mehta Ka Ooltah Chashmah - तारक मेहता - Ep 2927 - Full Episode - 13th February 2020,https://www.youtube.com/watch?v=nvQ-Cb22f0s,Found,22 Oct 2020,21:00,https://www.youtube.com/watch?v=ejGfu8D2tIw,
2928,Taarak Mehta Ka Ooltah Chashmah - तारक मेहता - Ep 2928 - Full Episode - 14th February 2020,https://www.youtube.com/watch?v=QIIZmGxgqPM,Found,22 Oct 2020,21:08,https://www.youtube.com/watch?v=g0CO9GUrgPo,
2929,Taarak Mehta Ka Ooltah Chashmah - तारक मेहता  - Ep 2929 - Full Episode - 17th February 2020,https://www.youtube.com/watch?v=rUpz94l6_Kg,Found,22 Oct 2020,21:32,https://www.youtube.com/watch?v=vrBgfvd-FrM,
2930,Taarak Mehta Ka Ooltah Chashmah - तारक मेहता - Ep 2930 - Full Episode - 18th February 2020,https://www.youtube.com/watch?v=9z8hpsp_t_M,Found,22 Oct 2020,18:28,https://www.youtube.com/watch?v=wRjuzV1w_VE,
2931,Taarak Mehta Ka Ooltah Chashmah - तारक मेहता  - Ep 2931 - Full Episode - 19th February 2020,https://www.youtube.com/watch?v=2GKRk4ZchoU,Found,22 Oct 2020,19:27,https://www.youtube.com/watch?v=DR7YC6qbSRI,
2932,Taarak Mehta Ka Ooltah Chashmah - तारक मेहता  - Ep 2932 - Full Episode - 20th February 2020,https://www.youtube.com/watch?v=IMzv_MjjbmM,Found,22 Oct 2020,20:16,https://www.youtube.com/watch?v=0-mXgT8-iKo,
2933,Taarak Mehta Ka Ooltah Chashmah - तारक मेहता  - Ep 2933 - Full Episode - 21st February 2020,https://www.youtube.com/watch?v=KO_FvGz0Ar8,Found,22 Oct 2020,20:30,https://www.youtube.com/watch?v=Smlsqor_mQQ,
2934,Taarak Mehta Ka Ooltah Chashmah - तारक मेहता  - Ep 2934 - Full Episode - 24th February 2020,https://www.youtube.com/watch?v=vRZ7kE6Sa58,Found,22 Oct 2020,21:22,,
2935,Taarak Mehta Ka Ooltah Chashmah - तारक मेहता - Ep 2935 - Full Episode - 25th February 2020,https://www.youtube.com/watch?v=5lNwkKCP970,Found,22 Oct 2020,21:09,,
2936,Taarak Mehta Ka Ooltah Chashmah - तारक मेहता - Ep 2936 - Full Episode - 26th February 2020,https://www.youtube.com/watch?v=gVRZlC1rnDY,Found,22 Oct 2020,21:19,,
2937,Taarak Mehta Ka Ooltah Chashmah - तारक मेहता - Ep 2937 - Full Episode - 27th February 2020,https://www.youtube.com/watch?v=amdpDgzbDmE,Found,22 Oct 2020,20:15,,
2938,Taarak Mehta Ka Ooltah Chashmah - तारक मेहता - Ep 2938 - Full Episode - 28th February 2020,https://www.youtube.com/watch?v=QiYwkp5sDEU,Found,22 Oct 2020,22:03,,
2939,Jetha ने मनाई Umbadiyu Party | Taarak Mehta Ka Ooltah Chashmah | Gada Pariwar Ki Hasya Kathayein,https://www.youtube.com/watch?v=esaaoKLrOXo,Found,31 Aug 2024,21:48,,
2940,Popatlal की वजह से गिरा Society वालों पर Besan |Taarak Mehta Ka Ooltah Chashmah| Full Episode-2940,https://www.youtube.com/watch?v=rlLsC_H_lUk,Found,26 Nov 2020,20:51,https://www.youtube.com/watch?v=mESDkbSODMo,
2941,Taarak Mehta Ka Ooltah Chashmah - तारक मेहता - Ep 2941 - Full Episode - 4th March 2020,https://www.youtube.com/watch?v=ouK3iUlgmLU,Found,26 Nov 2020,20:30,https://www.youtube.com/watch?v=HP2k7tygYXY,
2942,Taarak Mehta Ka Ooltah Chashmah - तारक मेहता - Ep 2942 - Full Episode - 5th March 2020,https://www.youtube.com/watch?v=F5GJWA4osD8,Found,26 Nov 2020,20:31,https://www.youtube.com/watch?v=qP26UZ_QapA,
2943,Taarak Mehta Ka Ooltah Chashmah - तारक मेहता - Ep 2943 - Full Episode - 6th March 2020,https://www.youtube.com/watch?v=w_DL66Jj8Vc,Found,26 Nov 2020,21:52,https://www.youtube.com/watch?v=4gVGU3F_Ik0,
2944,Taarak Mehta Ka Ooltah Chashmah - Episode 2944 - Full Episode,https://www.youtube.com/watch?v=shdA_ERLIp4,Found,16 Aug 2021,16:04,,https://www.youtube.com/watch?v=An7ODnqcEuo
2945,Taarak Mehta Ka Ooltah Chashmah - Episode 2945 - Full Episode,https://www.youtube.com/watch?v=RL6oS8V2fm0,Found,16 Aug 2021,22:16,https://www.youtube.com/watch?v=2iB14nXN2GY,
2946,Taarak Mehta Is Caught! | Taarak Mehta Ka Ooltah Chashmah | Full Episode 2946 | 11th March 2020,https://www.youtube.com/watch?v=7-coDTL8Cds,Found,26 Nov 2020,21:40,https://www.youtube.com/watch?v=B-a2L6dOR8U,
2947,Taarak Mehta Ka Ooltah Chashmah - तारक मेहता - Ep 2947 - Full Episode - 12th March 2020,https://www.youtube.com/watch?v=vMEacmOD6SE,Found,26 Nov 2020,21:06,,
2948,Taarak Mehta Ka Ooltah Chashmah - तारक मेहता - Ep 2948 - Full Episode - 13th March 2020,https://www.youtube.com/watch?v=AM7kersdl04,Found,27 Nov 2020,21:45,,
2949,Taarak Mehta Ka Ooltah Chashmah - तारक मेहता - Ep 2949 - Full Episode - 16th March 2020,https://www.youtube.com/watch?v=f50rCVUjtNM,Found,27 Nov 2020,21:01,,
2950,Taarak Mehta Ka Ooltah Chashmah - तारक मेहता - Ep 2950 - Full Episode - 17th March 2020,https://www.youtube.com/watch?v=oBbWXdfNv6c,Found,27 Nov 2020,21:49,https://www.youtube.com/watch?v=NzjjgTFQo_s,
2951,Taarak Mehta Ka Ooltah Chashmah - तारक मेहता - Ep 2951 - Full Episode - 18th March 2020,https://www.youtube.com/watch?v=aKBRVUJ_eZI,Found,27 Nov 2020,18:45,https://www.youtube.com/watch?v=mGEe_PqZFUM,
2952,Taarak Mehta Ka Ooltah Chashmah - तारक मेहता - Ep 2952 - Full Episode - 19th March 2020,https://www.youtube.com/watch?v=M7uZh5X7t6I,Found,27 Nov 2020,18:21,https://www.youtube.com/watch?v=7PeW4RtrD54,
2953,Taarak Mehta Ka Ooltah Chashmah  - तारक मेहता - Ep 2953 - Full Episode - 20th March 2020,https://www.youtube.com/watch?v=xGiorAXDdRY,Found,27 Nov 2020,18:02,https://www.youtube.com/watch?v=GU_0XEbkcjw,
2954,Taarak Mehta Ka Ooltah Chashmah - तारक मेहता - Ep 2954 - Full Episode - 22nd July 2020,https://www.youtube.com/watch?v=yBKwEtGjOCM,Found,04 Feb 2021,18:52,https://www.youtube.com/watch?v=Xl243Mu5PIc,
2955,Taarak Mehta Ka Ooltah Chashmah - तारक मेहता - Ep 2955  - Full Episode - 23rd July 2020,https://www.youtube.com/watch?v=Xx5xX-4p0Aw,Found,04 Feb 2021,20:43,https://www.youtube.com/watch?v=4-8OMN_GWoY,
2956,Taarak Mehta Ka Ooltah Chashmah - तारक मेहता - Ep 2956  - Full Episode - 24th July 2020,https://www.youtube.com/watch?v=yBFJdERh4HM,Found,04 Feb 2021,20:01,https://www.youtube.com/watch?v=Txi_Vz9lqlU,
2957,Taarak Mehta Ka Ooltah Chashmah - तारक मेहता - Ep 2957  - Full Episode - 27th July 2020,https://www.youtube.com/watch?v=WvkeK4usGpQ,Found,04 Feb 2021,19:37,https://www.youtube.com/watch?v=X3YgKRQXlSk,
2958,Taarak Mehta Ka Ooltah Chashmah - Episode 2958 - Full Episode,https://www.youtube.com/watch?v=H_5BhJDZe7k,Found,28 Mar 2021,16:43,,https://www.youtube.com/watch?v=5JqgkUKZMDE
2959,Taarak Mehta Ka Ooltah Chashmah - तारक मेहता - Ep 2959  - Full Episode - 29th July 2020,https://www.youtube.com/watch?v=Q-lsnTlerF8,Found,04 Feb 2021,20:24,https://www.youtube.com/watch?v=Y9wOqis6qXU,
2960,Taarak Mehta Ka Ooltah Chashmah - तारक मेहता - Ep 2960  - Full Episode - 30th July 2020,https://www.youtube.com/watch?v=eHJLiS3c3tA,Found,04 Feb 2021,20:25,https://www.youtube.com/watch?v=R5wVkeOlI4I,
2961,Taarak Mehta Ka Ooltah Chashmah  - तारक मेहता - Ep 2961  - Full Episode - 31st July 2020,https://www.youtube.com/watch?v=IVH2dDJmw2s,Found,04 Feb 2021,20:06,https://www.youtube.com/watch?v=-zLcOUOmZik,
2962,Taarak Mehta Ka Ooltah Chashmah - तारक मेहता - Ep 2962  - Full Episode - 3rd August 2020,https://www.youtube.com/watch?v=xIEylJA5HUg,Found,04 Feb 2021,20:26,https://www.youtube.com/watch?v=nMqXGaTl7yM,
2963,Taarak Mehta Ka Ooltah Chashmah - तारक मेहता - Ep 2963  - Full Episode - 4th August 2020,https://www.youtube.com/watch?v=OJjrvJPcZZE,Found,04 Feb 2021,20:13,https://www.youtube.com/watch?v=ShrVleWoayw,
2964,Taarak Mehta Ka Ooltah Chashmah - तारक मेहता - Ep 2964  - Full Episode - 5th August 2020,https://www.youtube.com/watch?v=2rFX7zL7GV0,Found,04 Feb 2021,21:37,https://www.youtube.com/watch?v=JMrTQ1vLpCo,
2965,Taarak Mehta Ka Ooltah Chashmah - तारक मेहता - Ep 2965  - Full Episode - 6th August 2020,https://www.youtube.com/watch?v=NegKvyTiCY4,Found,04 Feb 2021,20:23,https://www.youtube.com/watch?v=7rfA-4Biiy4,
2966,Taarak Mehta Ka Ooltah Chashmah  - तारक मेहता - Ep 2966  - Full Episode - 7th August 2020,https://www.youtube.com/watch?v=QtSCGRjO0xY,Found,04 Feb 2021,19:34,,
2967,Taarak Mehta Ka Ooltah Chashmah - तारक मेहता - Ep 2967  - Full Episode - 10th August 2020,https://www.youtube.com/watch?v=-HU_svSE_3o,Found,04 Feb 2021,21:03,https://www.youtube.com/watch?v=3XJUOqDioBM,
2968,Taarak Mehta Ka Ooltah Chashmah - तारक मेहता - Ep 2968  - Full Episode - 11th August 2020,https://www.youtube.com/watch?v=cNfyzIl7giw,Found,04 Feb 2021,19:56,https://www.youtube.com/watch?v=EZvcG31sEIM,https://www.youtube.com/watch?v=u_p56n7P4XA
2969,Taarak Mehta Ka Ooltah Chashmah - तारक मेहता - Ep 2969  - Full Episode - 12th August 2020,https://www.youtube.com/watch?v=rf9Vp95_Fdw,Found,04 Feb 2021,20:31,,https://www.youtube.com/watch?v=zmY3VE-6Itg
2970,Taarak Mehta Ka Ooltah Chashmah - तारक मेहता - Ep 2970  - Full Episode - 13th August 2020,https://www.youtube.com/watch?v=H16nbXGgJzY,Found,04 Feb 2021,20:38,https://www.youtube.com/watch?v=wsIL5mN2OXs,
2971,Taarak Mehta Ka Ooltah Chashmah - तारक मेहता - Ep 2971  - Full Episode - 14th August 2020,https://www.youtube.com/watch?v=Cj9OBMRY9hk,Found,04 Feb 2021,19:51,https://www.youtube.com/watch?v=E_p5-mXClXM,
2972,Taarak Mehta Ka Ooltah Chashmah  - तारक मेहता - Ep 2972  - Full Episode - 17th August 2020,https://www.youtube.com/watch?v=Q1OoZBdfZhI,Found,04 Feb 2021,20:06,https://www.youtube.com/watch?v=eTd84A5o7e0,
2973,Taarak Mehta Ka Ooltah Chashmah - तारक मेहता - Ep 2973  - Full Episode - 18th August 2020,https://www.youtube.com/watch?v=n0sA5EOKbkU,Found,04 Feb 2021,19:54,https://www.youtube.com/watch?v=c8ue5dCn0og,
2974,Taarak Mehta Ka Ooltah Chashmah - तारक मेहता - Ep 2974  - Full Episode - 19th August 2020,https://www.youtube.com/watch?v=oRrLKYY7f9M,Found,04 Feb 2021,20:17,https://www.youtube.com/watch?v=zGgE3B6guD4,
2975,Taarak Mehta Ka Ooltah Chashmah - तारक मेहता - Ep 2975  - Full Episode - 20th August 2020,https://www.youtube.com/watch?v=AGpRpUl7h0s,Found,04 Feb 2021,21:42,https://www.youtube.com/watch?v=4dhr3yS062I,
2976,Taarak Mehta Ka Ooltah Chashmah - तारक मेहता - Ep 2976  - Full Episode - 21st August 2020,https://www.youtube.com/watch?v=vqvlk7Y1th4,Found,04 Feb 2021,20:36,https://www.youtube.com/watch?v=vzXRnKLaKtA,
2977,Taarak Mehta Ka Ooltah Chashmah - तारक मेहता - Ep 2977  - Full Episode - 24th August 2020,https://www.youtube.com/watch?v=xrzL2NQmjCs,Found,04 Feb 2021,20:52,https://www.youtube.com/watch?v=qWxcFlH4Zl0,
2978,Taarak Mehta Ka Ooltah Chashmah - तारक मेहता - Ep 2978  - Full Episode - 25th August 2020,https://www.youtube.com/watch?v=7NWnOT9-BSg,Found,04 Feb 2021,21:10,https://www.youtube.com/watch?v=UkFcUp1Kvm0,
2979,Taarak Mehta Ka Ooltah Chashmah - तारक मेहता - Ep 2979  - Full Episode - 26th August 2020,https://www.youtube.com/watch?v=j6fYfS5No8k,Found,04 Feb 2021,20:52,https://www.youtube.com/watch?v=aWIPZI9Xe-g,
2980,Taarak Mehta Ka Ooltah Chashmah - तारक मेहता - Ep 2980  - Full Episode - 27th August 2020,https://www.youtube.com/watch?v=uY51vOUNkKg,Found,04 Feb 2021,20:51,https://www.youtube.com/watch?v=TkdF3IqVu78,
2981,Taarak Mehta Ka Ooltah Chashmah  - तारक मेहता - Ep 2981  - Full Episode - 28th August 2020,https://www.youtube.com/watch?v=ZW96oQclTAw,Found,04 Feb 2021,18:38,https://www.youtube.com/watch?v=yEzw6VYQvzs,
2982,Taarak Mehta Ka Ooltah Chashmah  - तारक मेहता - Ep 2982  - Full Episode - 31st August 2020,https://www.youtube.com/watch?v=d6PQkYdGBR4,Found,04 Feb 2021,21:03,https://www.youtube.com/watch?v=jypR13bW6ds,https://www.youtube.com/watch?v=-rMhMjWA0hE
2983,Taarak Mehta Ka Ooltah Chashmah  - तारक मेहता - Ep 2983  - Full Episode - 1st September 2020,https://www.youtube.com/watch?v=W5I6xUjgpUY,Found,05 Feb 2021,17:34,https://www.youtube.com/watch?v=FAxXGPlYteA,
2984,Taarak Mehta Ka Ooltah Chashmah  - तारक मेहता - Ep 2984  - Full Episode - 2nd September 2020,https://www.youtube.com/watch?v=h-CsdONLnRE,Found,05 Feb 2021,21:04,https://www.youtube.com/watch?v=AVK6-HUpp0Q,
2985,Taarak Mehta Ka Ooltah Chashmah - तारक मेहता - Ep 2985  - Full Episode - 3rd September 2020,https://www.youtube.com/watch?v=B_o0ZbeL2fA,Found,05 Feb 2021,21:14,https://www.youtube.com/watch?v=amz_leWnkBw,
2986,Taarak Mehta Ka Ooltah Chashmah - तारक मेहता - Ep 2986  - Full Episode - 4th September 2020,https://www.youtube.com/watch?v=BTZ6ItzfXYE,Found,05 Feb 2021,19:27,https://www.youtube.com/watch?v=Vvi-KDDU5hU,
2987,Taarak Mehta Ka Ooltah Chashmah - Episode 2987 - Full Episode,https://www.youtube.com/watch?v=NhWSVj1pNQ8,Found,24 Sep 2021,16:50,,
2988,Taarak Mehta Ka Ooltah Chashmah - तारक मेहता - Ep 2988  - Full Episode - 8th September 2020,https://www.youtube.com/watch?v=d9_mAc7iy6I,Found,05 Feb 2021,19:13,https://www.youtube.com/watch?v=W8bgXAJxX6I,
2989,Taarak Mehta Ka Ooltah Chashmah - तारक मेहता - Ep 2989  - Full Episode - 9th September 2020,https://www.youtube.com/watch?v=wSLRlJXctqA,Found,05 Feb 2021,20:33,https://www.youtube.com/watch?v=U_fd2tHi-U0,https://www.youtube.com/watch?v=5YBjOj_t7x8
2990,Taarak Mehta Ka Ooltah Chashmah - तारक मेहता - Ep 2990  - Full Episode - 10th September 2020,https://www.youtube.com/watch?v=T_cdMS8JOhw,Found,05 Feb 2021,19:26,https://www.youtube.com/watch?v=niJq1Gole_M,
2991,Taarak Mehta Ka Ooltah Chashmah  - तारक मेहता - Ep 2991  - Full Episode - 11th September 2020,https://www.youtube.com/watch?v=DX2GUk63Y3k,Found,05 Feb 2021,20:34,https://www.youtube.com/watch?v=enhE-sTxnVY,
2992,Taarak Mehta Ka Ooltah Chashmah  - तारक मेहता - Ep 2992  - Full Episode - 14th September 2020,https://www.youtube.com/watch?v=zLxqQgpU3gc,Found,05 Feb 2021,20:41,https://www.youtube.com/watch?v=6RJinuNInCQ,
2993,Taarak Mehta Ka Ooltah Chashmah  - तारक मेहता - Ep 2993 - Full Episode - 15th September 2020,https://www.youtube.com/watch?v=os9EIc4TdcQ,Found,05 Feb 2021,20:28,https://www.youtube.com/watch?v=UYdj-RqN108,
2994,Taarak Mehta Ka Ooltah Chashmah  - तारक मेहता - Ep 2994 - Full Episode - 16th September 2020,https://www.youtube.com/watch?v=jVEzFLWnj-w,Found,05 Feb 2021,21:12,https://www.youtube.com/watch?v=I_vxFu8uw5M,
2996,Taarak Mehta Ka Ooltah Chashmah  - तारक मेहता - Ep 2996 - Full Episode - 18th September 2020,https://www.youtube.com/watch?v=npE5Ukb7Bn0,Found,05 Feb 2021,21:07,https://www.youtube.com/watch?v=itp_LAC461Y,
2997,Taarak Mehta Ka Ooltah Chashmah  - तारक मेहता - Ep 2997 - Full Episode - 21st September 2020,https://www.youtube.com/watch?v=JbLph-AfO-A,Found,08 Feb 2021,21:42,https://www.youtube.com/watch?v=P8UG4qkn2ns,
2998,Taarak Mehta Ka Ooltah Chashmah  - तारक मेहता - Ep 2998 - Full Episode - 22nd September 2020,https://www.youtube.com/watch?v=Cty55Sst1U4,Found,08 Feb 2021,21:18,https://www.youtube.com/watch?v=erscCn1hD3w,
2999,Taarak Mehta Ka Ooltah Chashmah  - तारक मेहता - Ep 2999 - Full Episode - 23rd September 2020,https://www.youtube.com/watch?v=U3gLcXrwo5w,Found,08 Feb 2021,21:13,https://www.youtube.com/watch?v=8x3fTcY6wPU,
3000,Taarak Mehta Ka Ooltah Chashmah  - तारक मेहता - Ep 3000 - Full Episode - 24th September 2020,https://www.youtube.com/watch?v=Uo8iJnK-Kz0,Found,08 Feb 2021,16:28,https://www.youtube.com/watch?v=bYllSSmy_8g,
3001,Taarak Mehta Ka Ooltah Chashmah - तारक मेहता - Ep 3001 - Full Episode - 25th September 2020,https://www.youtube.com/watch?v=oyEOqOKE0Ms,Found,08 Feb 2021,20:28,https://www.youtube.com/watch?v=MKy-s_EgbrY,
3002,Taarak Mehta Ka Ooltah Chashmah - तारक मेहता  - Ep 3002 - Full Episode - 28th September 2020,https://www.youtube.com/watch?v=pG-aNmRHtw0,Found,08 Feb 2021,20:57,https://www.youtube.com/watch?v=i_eZd3dB_Hc,
3003,Taarak Mehta Ka Ooltah Chashmah - तारक मेहता - Ep 3003 - Full Episode - 29th September 2020,https://www.youtube.com/watch?v=tXDk0PCtr40,Found,08 Feb 2021,20:37,,
3004,Taarak Mehta Ka Ooltah Chashmah - तारक मेहता - Ep 3004 - Full Episode - 30th September 2020,https://www.youtube.com/watch?v=4_h2p1Sao2s,Found,08 Feb 2021,19:06,,
3005,Taarak Mehta Ka Ooltah Chashmah - तारक मेहता - Ep 3005 - Full Episode - 1st October 2020,https://www.youtube.com/watch?v=EXR0U45lmpk,Found,08 Feb 2021,21:21,,
3006,Taarak Mehta Ka Ooltah Chashmah - तारक मेहता - Ep 3006 - Full Episode - 2nd October 2020,https://www.youtube.com/watch?v=6KDPXAAjiww,Found,08 Feb 2021,20:50,,
3007,Taarak Mehta Ka Ooltah Chashmah - तारक मेहता - Ep 3007 - Full Episode - 5th October 2020,https://www.youtube.com/watch?v=Ts1YVcIXgQI,Found,08 Feb 2021,18:52,,
3008,Taarak Mehta Ka Ooltah Chashmah - तारक मेहता - Ep 3008 - Full Episode - 6th October 2020,https://www.youtube.com/watch?v=mjVnTV-zNsU,Found,08 Feb 2021,19:36,,
3009,Taarak Mehta Ka Ooltah Chashmah - तारक मेहता - Ep 3009 - Full Episode - 7th October 2020,https://www.youtube.com/watch?v=7ib4HNbFI0Q,Found,08 Feb 2021,16:15,,
3010,Taarak Mehta Ka Ooltah Chashmah - तारक मेहता - Ep 3010 - Full Episode - 8th October 2020,https://www.youtube.com/watch?v=1T2uLm9jCv0,Found,08 Feb 2021,13:27,,
3011,Taarak Mehta Ka Ooltah Chashmah - Episode 3011 - Full Episode,https://www.youtube.com/watch?v=SgcK0QExtSA,Found,29 Mar 2021,17:21,,https://www.youtube.com/watch?v=gjkjDzJMpKE
3012,Taarak Mehta Ka Ooltah Chashmah - तारक मेहता  - Ep 3012 - Full Episode - 12th October 2020,https://www.youtube.com/watch?v=jYcBswYtV-w,Found,08 Feb 2021,19:57,,
3013,Taarak Mehta Ka Ooltah Chashmah - तारक मेहता  - Ep 3013 - Full Episode - 13th October 2020,https://www.youtube.com/watch?v=4NDAxOJRU6M,Found,08 Feb 2021,19:56,,
3014,NEW! Ep 3014 - Taarak Mehta Ka Ooltah Chashmah - Full Episode,https://www.youtube.com/watch?v=UnTATjFi9tI,Found,08 Feb 2021,21:32,,
3015,Taarak Mehta Ka Ooltah Chashmah - तारक मेहता  - Ep 3015 - Full Episode - 15th October 2020,https://www.youtube.com/watch?v=Z0k5NG3lOYo,Found,08 Feb 2021,20:51,,
3016,Taarak Mehta Ka Ooltah Chashmah - तारक मेहता  - Ep 3016 - Full Episode - 16th October 2020,https://www.youtube.com/watch?v=3raE22o_bg0,Found,08 Feb 2021,20:22,https://www.youtube.com/watch?v=fwgqh5HCmig,
3017,Episode 3017 - Taarak Mehta Ka Ooltah Chashmah - Full Episode | तारक मेहता का उल्टा चश्मा,https://www.youtube.com/watch?v=EEPS-fpBjAM,Found,26 Mar 2023,21:27,https://www.youtube.com/watch?v=LC_85gE0Qf8,
3018,Taarak Mehta Ka Ooltah Chashmah - तारक मेहता - Ep 3018 - Full Episode - 20th October 2020,https://www.youtube.com/watch?v=YuPzHVRLW3k,Found,08 Feb 2021,20:23,,
3019,Taarak Mehta Ka Ooltah Chashmah - तारक मेहता  - Ep 3019 - Full Episode - 21st October 2020,https://www.youtube.com/watch?v=N-P5m95eLAM,Found,08 Feb 2021,20:10,https://www.youtube.com/watch?v=1qdbytAehjI,
3020,Taarak Mehta Ka Ooltah Chashmah - तारक मेहता - Ep 3020 - Full Episode - 22nd October 2020,https://www.youtube.com/watch?v=H9t9p4edx5s,Found,08 Feb 2021,17:58,https://www.youtube.com/watch?v=rUZi4Lz2AYw,
3021,Taarak Mehta Ka Ooltah Chashmah - तारक मेहता - Ep 3021 - Full Episode - 23rd October 2020,https://www.youtube.com/watch?v=HIBn1-5iCUs,Found,08 Feb 2021,19:44,,
3022,Taarak Mehta Ka Ooltah Chashmah  - तारक मेहता - Ep 3022 - Full Episode - 26th October 2020,https://www.youtube.com/watch?v=OtHwv1IKwMk,Found,08 Feb 2021,18:51,,
3023,Taarak Mehta Ka Ooltah Chashmah  - तारक मेहता - Ep 3023 - Full Episode - 27th October 2020,https://www.youtube.com/watch?v=u_0Zm9k0xIg,Found,08 Feb 2021,16:08,,
3024,Taarak Mehta Ka Ooltah Chashmah - Episode 3024 - Full Episode,https://www.youtube.com/watch?v=UE_ucKs3lCc,Found,24 Sep 2021,14:52,,
3025,Taarak Mehta Ka Ooltah Chashmah  - तारक मेहता - Ep 3025 - Full Episode - 29th October 2020,https://www.youtube.com/watch?v=HexfGMUtCdM,Found,08 Feb 2021,16:20,,
3026,Taarak Mehta Ka Ooltah Chashmah  - तारक मेहता - Ep 3026 - Full Episode - 30th October 2020,https://www.youtube.com/watch?v=wUsKwZ3G3G4,Found,08 Feb 2021,19:44,,
3027,Taarak Mehta Ka Ooltah Chashmah  - तारक मेहता - Ep 3027 - Full Episode - 2nd November 2020,https://www.youtube.com/watch?v=vNv6QQYsOg4,Found,08 Feb 2021,19:53,https://www.youtube.com/watch?v=Kz54e68Xm24,
3028,Taarak Mehta Ka Ooltah Chashmah  - तारक मेहता - Ep 3028 - Full Episode - 3rd November 2020,https://www.youtube.com/watch?v=bBe47ZEtFpI,Found,08 Feb 2021,20:20,https://www.youtube.com/watch?v=uKOfIuujGbI,
3029,Taarak Mehta Ka Ooltah Chashmah  - तारक मेहता - Ep 3029 - Full Episode - 4th November 2020,https://www.youtube.com/watch?v=thRWkRPDoEA,Found,08 Feb 2021,20:51,https://www.youtube.com/watch?v=keoDrBUIqOQ,
3030,Taarak Mehta Ka Ooltah Chashmah  - तारक मेहता - Ep 3030 - Full Episode - 5th November 2020,https://www.youtube.com/watch?v=jgyGx9WJJg0,Found,08 Feb 2021,20:18,https://www.youtube.com/watch?v=VBBfYBUYuV8,
3031,Taarak Mehta Ka Ooltah Chashmah - तारक मेहता - Ep 3031 - Full Episode - 6th November 2020,https://www.youtube.com/watch?v=Fq-Zmng84EE,Found,08 Feb 2021,20:52,https://www.youtube.com/watch?v=znankUS2oPA,
3032,Taarak Mehta Ka Ooltah Chashmah - तारक मेहता - Ep 3032 - Full Episode - 9th November 2020,https://www.youtube.com/watch?v=R5tavmyKEVY,Found,08 Feb 2021,21:48,https://www.youtube.com/watch?v=eebUowFTzwA,
3033,Taarak Mehta Ka Ooltah Chashmah - तारक मेहता - Ep 3033 - Full Episode - 10th November 2020,https://www.youtube.com/watch?v=XkPdE0vcn60,Found,08 Feb 2021,18:57,https://www.youtube.com/watch?v=1odwh2lliO4,
3034,Taarak Mehta Ka Ooltah Chashmah - तारक मेहता - Ep 3034 - Full Episode - 11th November 2020,https://www.youtube.com/watch?v=Eeehvxjh-rs,Found,08 Feb 2021,20:51,https://www.youtube.com/watch?v=QX4LnDDQ4WQ,
3035,Taarak Mehta Ka Ooltah Chashmah - तारक मेहता - Ep 3035 - Full Episode - 12th November 2020,https://www.youtube.com/watch?v=vK_CbRz5ENw,Found,08 Feb 2021,21:01,https://www.youtube.com/watch?v=vwikBREls3U,
3036,Taarak Mehta Ka Ooltah Chashmah - तारक मेहता - Ep 3036 - Full Episode - 13th November 2020,https://www.youtube.com/watch?v=XtpJVPutPJ4,Found,08 Feb 2021,22:05,https://www.youtube.com/watch?v=d4Z0ayiQW34,
3037,Taarak Mehta Ka Ooltah Chashmah - तारक मेहता - Ep 3037 - Full Episode - 16th November 2020,https://www.youtube.com/watch?v=bJQySXyspKk,Found,08 Feb 2021,18:48,https://www.youtube.com/watch?v=vvjsdC4a-AE,
3038,Taarak Mehta Ka Ooltah Chashmah - तारक मेहता - Ep 3038 - Full Episode - 17th November 2020,https://www.youtube.com/watch?v=cCAjTA5dgAM,Found,08 Feb 2021,20:26,https://www.youtube.com/watch?v=mpUdVVtwarY,
3039,Taarak Mehta Ka Ooltah Chashmah - तारक मेहता - Ep 3039 - Full Episode - 18th November 2020,https://www.youtube.com/watch?v=2qRvh9X3DHw,Found,08 Feb 2021,21:03,https://www.youtube.com/watch?v=fMZd-8Wg1EE,
3040,Taarak Mehta Ka Ooltah Chashmah - तारक मेहता - Ep 3040 - Full Episode - 19th November 2020,https://www.youtube.com/watch?v=8OQ2fnU44Ps,Found,08 Feb 2021,21:09,https://www.youtube.com/watch?v=Vwu9fd3EItk,
3041,Taarak Mehta Ka Ooltah Chashmah - तारक मेहता - Ep 3041 - Full Episode - 20th November 2020,https://www.youtube.com/watch?v=b98oFymGq-s,Found,08 Feb 2021,20:10,https://www.youtube.com/watch?v=9UwvcaHOd48,
3042,Taarak Mehta Ka Ooltah Chashmah - तारक मेहता - Ep 3042 - Full Episode - 23rd November 2020,https://www.youtube.com/watch?v=VPLt9DcEYnk,Found,08 Feb 2021,21:34,https://www.youtube.com/watch?v=-dZmt-8mRnE,
3043,Taarak Mehta Ka Ooltah Chashmah - तारक मेहता - Ep 3043 - Full Episode - 24th November 2020,https://www.youtube.com/watch?v=kng3C8I5Dss,Found,08 Feb 2021,21:32,https://www.youtube.com/watch?v=ZUdSnt6jcxk,
3044,Taarak Mehta Ka Ooltah Chashmah - तारक मेहता - Ep 3044 - Full Episode - 25th November 2020,https://www.youtube.com/watch?v=bouDf3eRC6s,Found,08 Feb 2021,19:27,https://www.youtube.com/watch?v=-vl9jmNUP98,
3045,Taarak Mehta Ka Ooltah Chashmah - तारक मेहता - Ep 3045 - Full Episode - 26th November 2020,https://www.youtube.com/watch?v=i4o0vGjnpi8,Found,08 Feb 2021,20:03,https://www.youtube.com/watch?v=6N_qUJeAUlw,
3046,Taarak Mehta Ka Ooltah Chashmah - तारक मेहता - Ep 3046 - Full Episode - 27th November 2020,https://www.youtube.com/watch?v=7FA6EEGES9Y,Found,08 Feb 2021,21:23,https://www.youtube.com/watch?v=fCfvzPfRP2Q,
3047,Taarak Mehta Ka Ooltah Chashmah - तारक मेहता - Ep 3047 - Full Episode - 30th November 2020,https://www.youtube.com/watch?v=1KfEP0SookI,Found,08 Feb 2021,21:25,https://www.youtube.com/watch?v=tDjHsL1059Q,
3048,Taarak Mehta Ka Ooltah Chashmah - तारक मेहता - Ep 3048 - Full Episode - 1st December 2020,https://www.youtube.com/watch?v=p6dXauNlCj0,Found,05 Mar 2021,19:41,https://www.youtube.com/watch?v=uE-ZnfEEDNI,
3049,Taarak Mehta Ka Ooltah Chashmah - तारक मेहता - Ep 3049 - Full Episode - 2nd December 2020,https://www.youtube.com/watch?v=SUBeSXYX5jM,Found,05 Mar 2021,20:57,,
3050,Taarak Mehta Ka Ooltah Chashmah - तारक मेहता - Ep 3050 - Full Episode - 3rd December 2020,https://www.youtube.com/watch?v=yWxaPT8RUpE,Found,05 Mar 2021,21:27,https://www.youtube.com/watch?v=FZ8pyEjsno4,
3051,Taarak Mehta Ka Ooltah Chashmah - तारक मेहता - Ep 3051 - Full Episode - 4th December 2020,https://www.youtube.com/watch?v=P11i2FY8VX8,Found,05 Mar 2021,19:58,https://www.youtube.com/watch?v=mqHy7Mj_Gic,
3052,Taarak Mehta Ka Ooltah Chashmah - तारक मेहता - Ep 3052 - Full Episode - 7th December 2020,https://www.youtube.com/watch?v=pPFxyeUEBg8,Found,05 Mar 2021,21:15,https://www.youtube.com/watch?v=64zS5vNSw-k,
3053,Taarak Mehta Ka Ooltah Chashmah - तारक मेहता - Ep 3053 - Full Episode - 8th December 2020,https://www.youtube.com/watch?v=IBhyUmf_zO8,Found,05 Mar 2021,20:21,https://www.youtube.com/watch?v=JGjBlRC70g0,
3054,Taarak Mehta Ka Ooltah Chashmah - तारक मेहता - Ep 3054 - Full Episode - 9th December 2020,https://www.youtube.com/watch?v=GDYoCBZedEc,Found,05 Mar 2021,21:00,https://www.youtube.com/watch?v=h1Q1JCMaFvk,
3055,Taarak Mehta Ka Ooltah Chashmah - तारक मेहता - Ep 3055 - Full Episode - 10th December 2020,https://www.youtube.com/watch?v=hbVwXM_wbi4,Found,05 Mar 2021,20:17,https://www.youtube.com/watch?v=xOU5NowTSgA,
3056,Taarak Mehta Ka Ooltah Chashmah - तारक मेहता - Ep 3056 - Full Episode - 11th December 2020,https://www.youtube.com/watch?v=Vja15_7MPR8,Found,05 Mar 2021,20:18,https://www.youtube.com/watch?v=-ird4Gw1oPU,
3057,Taarak Mehta Ka Ooltah Chashmah - तारक मेहता - Ep 3057 - Full Episode - 14th December 2020,https://www.youtube.com/watch?v=TBwxVHt8oZU,Found,05 Mar 2021,19:59,https://www.youtube.com/watch?v=0ur8XTKhXi8,
3058,Taarak Mehta Ka Ooltah Chashmah - तारक मेहता - Ep 3058 - Full Episode - 15th December 2020,https://www.youtube.com/watch?v=CR95RquVrI8,Found,05 Mar 2021,19:34,https://www.youtube.com/watch?v=foOLqr45skw,
3059,Taarak Mehta Ka Ooltah Chashmah - तारक मेहता - Ep 3059 - Full Episode - 16th December 2020,https://www.youtube.com/watch?v=3MlIK9gWDrI,Found,05 Mar 2021,20:24,https://www.youtube.com/watch?v=obBmyHH3l1U,
3060,Taarak Mehta Ka Ooltah Chashmah - तारक मेहता - Ep 3060 - Full Episode - 17th December 2020,https://www.youtube.com/watch?v=nIayBd-YCow,Found,05 Mar 2021,21:19,https://www.youtube.com/watch?v=WRYp9bBbuE8,
3061,Taarak Mehta Ka Ooltah Chashmah - तारक मेहता - Ep 3061 - Full Episode - 18th December 2020,https://www.youtube.com/watch?v=RJCSzk-_4io,Found,06 Mar 2021,21:47,https://www.youtube.com/watch?v=vovOCIWuoTU,
3062,Taarak Mehta Ka Ooltah Chashmah - तारक मेहता - Ep 3062 - Full Episode - 21st December 2020,https://www.youtube.com/watch?v=rUuE_SYhc6E,Found,06 Mar 2021,21:40,https://www.youtube.com/watch?v=eLWds1ZyDTk,
3063,Taarak Mehta Ka Ooltah Chashmah - तारक मेहता - Ep 3063 - Full Episode - 22nd December 2020,https://www.youtube.com/watch?v=B1znfPBjlfE,Found,06 Mar 2021,20:30,https://www.youtube.com/watch?v=D57vdF134NE,
3064,Taarak Mehta Ka Ooltah Chashmah - तारक मेहता - Ep 3064 - Full Episode - 23rd December 2020,https://www.youtube.com/watch?v=yrqefIBKfGM,Found,06 Mar 2021,19:44,https://www.youtube.com/watch?v=cT3PxHUZcFI,
3065,Taarak Mehta Ka Ooltah Chashmah - तारक मेहता - Ep 3065 - Full Episode - 24th December 2020,https://www.youtube.com/watch?v=L03rdU4bmeY,Found,06 Mar 2021,20:04,https://www.youtube.com/watch?v=Y0GWXjwQ8ig,
3066,Taarak Mehta Ka Ooltah Chashmah - तारक मेहता - Ep 3066 - Full Episode - 25th December 2020,https://www.youtube.com/watch?v=uUkrBKGfUoU,Found,06 Mar 2021,20:52,https://www.youtube.com/watch?v=T1OkZs35PKs,
3067,Taarak Mehta Ka Ooltah Chashmah - तारक मेहता - Ep 3067 - Full Episode - 28th December 2020,https://www.youtube.com/watch?v=IPX4FIC2Xpc,Found,06 Mar 2021,21:03,https://www.youtube.com/watch?v=_ARKXle1HAs,
3068,Taarak Mehta Ka Ooltah Chashmah - तारक मेहता - Ep 3068 - Full Episode - 29th December 2020,https://www.youtube.com/watch?v=O06cqqEWbN4,Found,06 Mar 2021,20:56,https://www.youtube.com/watch?v=MLqBFN0HLpY,
3069,Taarak Mehta Ka Ooltah Chashmah - तारक मेहता - Ep 3069 - Full Episode - 30th December 2020,https://www.youtube.com/watch?v=_z0lUQ5cOKo,Found,06 Mar 2021,20:28,https://www.youtube.com/watch?v=6cE24TGL90k,
3070,Taarak Mehta Ka Ooltah Chashmah - तारक मेहता - Ep 3070 - Full Episode - 31st December 2020,https://www.youtube.com/watch?v=09MqUgVrDeg,Found,06 Mar 2021,19:40,https://www.youtube.com/watch?v=UNYOI1e9yRU,
3071,"Taarak Mehta Ka Ooltah Chashmah - तारक मेहता - Ep 3071 - Full Episode - 1st January, 2021",https://www.youtube.com/watch?v=XkB0gvujYF4,Found,07 Apr 2021,16:10,https://www.youtube.com/watch?v=q0foq1oq0Mk,
3072,"Taarak Mehta Ka Ooltah Chashmah - तारक मेहता - Ep 3072 - Full Episode - 4th January, 2021",https://www.youtube.com/watch?v=kIff2wYlLAY,Found,07 Apr 2021,22:01,https://www.youtube.com/watch?v=zh3xbuhR9u0,https://www.youtube.com/watch?v=cXHib25GndQ
3073,"Taarak Mehta Ka Ooltah Chashmah - तारक मेहता - Ep 3073 - Full Episode - 5th January, 2021",https://www.youtube.com/watch?v=WU0KgkDan_4,Found,07 Apr 2021,19:47,https://www.youtube.com/watch?v=xg3R498rxqM,
3074,"Taarak Mehta Ka Ooltah Chashmah - तारक मेहता - Ep 3074 - Full Episode - 6th January, 2021",https://www.youtube.com/watch?v=lN9hHjXuOvI,Found,07 Apr 2021,21:50,https://www.youtube.com/watch?v=7vYVeCqOlM0,
3075,"Taarak Mehta Ka Ooltah Chashmah - तारक मेहता - Ep 3075 - Full Episode - 7th January, 2021",https://www.youtube.com/watch?v=f1fqW_UsnsY,Found,07 Apr 2021,21:21,,https://www.youtube.com/watch?v=ca_Wj3-IRnI
3076,"Taarak Mehta Ka Ooltah Chashmah - तारक मेहता - Ep 3076 - Full Episode - 8th January, 2021",https://www.youtube.com/watch?v=fXfkmYsMszc,Found,07 Apr 2021,20:01,,
3077,"Taarak Mehta Ka Ooltah Chashmah - तारक मेहता - Ep 3077 - Full Episode - 11th January, 2021",https://www.youtube.com/watch?v=AXXm4OygUsw,Found,07 Apr 2021,20:43,https://www.youtube.com/watch?v=DHVx98qpNww,https://www.youtube.com/watch?v=64C8ahYFodc
3078,"Taarak Mehta Ka Ooltah Chashmah - तारक मेहता - Ep 3078 - Full Episode - 12th January, 2021",https://www.youtube.com/watch?v=ZESh3CxJpGw,Found,07 Apr 2021,20:53,,
3079,"Taarak Mehta Ka Ooltah Chashmah - तारक मेहता - Ep 3079 - Full Episode - 13th January, 2021",https://www.youtube.com/watch?v=0J9G4z_n05g,Found,07 Apr 2021,19:06,,
3080,"Taarak Mehta Ka Ooltah Chashmah - तारक मेहता - Ep 3080 - Full Episode - 14th January, 2021",https://www.youtube.com/watch?v=6OEkLLF_ls0,Found,07 Apr 2021,20:44,,
3081,Popatlal Ki Dulhan! | FULL MOVIE | Part 2 | Taarak Mehta Ka Ooltah Chashmah  Ep 3081 to 3083,https://www.youtube.com/watch?v=TNF4nWx79OY,Found,20 Aug 2021,55:03,,
3082,"Taarak Mehta Ka Ooltah Chashmah - तारक मेहता - Ep 3082 - Full Episode - 18th January, 2021",https://www.youtube.com/watch?v=Z9ng82ITTGk,Found,08 Apr 2021,18:16,https://www.youtube.com/watch?v=HmOD9THuDJQ,
3083,"Taarak Mehta Ka Ooltah Chashmah - तारक मेहता - Ep 3083 - Full Episode - 19th January, 2021",https://www.youtube.com/watch?v=2NWQFqCOee8,Found,08 Apr 2021,20:48,https://www.youtube.com/watch?v=bobAUImjpDY,https://www.youtube.com/watch?v=dDSFXhsmomI
3084,"Taarak Mehta Ka Ooltah Chashmah - तारक मेहता - Ep 3084 - Full Episode - 20th January, 2021",https://www.youtube.com/watch?v=tzIjyQ5VH9c,Found,08 Apr 2021,21:30,,
3085,"Taarak Mehta Ka Ooltah Chashmah - तारक मेहता - Ep 3085 - Full Episode - 21st January, 2021",https://www.youtube.com/watch?v=IuO7OrYN_mw,Found,08 Apr 2021,21:33,,
3086,"Taarak Mehta Ka Ooltah Chashmah - तारक मेहता - Ep 3086 - Full Episode - 22nd January, 2021",https://www.youtube.com/watch?v=q-v99QSh6u4,Found,08 Apr 2021,21:17,,
3087,"Taarak Mehta Ka Ooltah Chashmah - तारक मेहता - Ep 3087 - Full Episode - 25th January, 2021",https://www.youtube.com/watch?v=PInCyFeq3BE,Found,08 Apr 2021,21:29,,
3088,"Taarak Mehta Ka Ooltah Chashmah - तारक मेहता - Ep 3088 - Full Episode - 26th January, 2021",https://www.youtube.com/watch?v=ZEdj_hTWBSk,Found,08 Apr 2021,20:11,,
3089,"Taarak Mehta Ka Ooltah Chashmah - तारक मेहता - Ep 3089 - Full Episode - 27th January, 2021",https://www.youtube.com/watch?v=4nVqmWQuWBs,Found,08 Apr 2021,19:25,,
3090,"Taarak Mehta Ka Ooltah Chashmah - तारक मेहता - Ep 3090 - Full Episode - 28th January, 2021",https://www.youtube.com/watch?v=Ne6vmDOZuzI,Found,08 Apr 2021,20:40,,
3091,"Taarak Mehta Ka Ooltah Chashmah - तारक मेहता - Ep 3091 - Full Episode - 29th January, 2021",https://www.youtube.com/watch?v=owrqkuqpEyM,Found,08 Apr 2021,19:47,,
3092,NEW! Ep 3092 - Love Letter! | Taarak Mehta Ka Ooltah Chashmah - Full Episode | तारक मेहता,https://www.youtube.com/watch?v=gVA6hu2wkMU,Found,15 Sep 2022,21:45,https://www.youtube.com/watch?v=BIAZWpLwmFU,
3093,"Taarak Mehta Ka Ooltah Chashmah - तारक मेहता - Ep 3093 - Full Episode - 2nd February, 2021",https://www.youtube.com/watch?v=JRsqZwNx2JQ,Found,10 May 2021,20:13,https://www.youtube.com/watch?v=ZLMEfP4_JB0,
3094,"Taarak Mehta Ka Ooltah Chashmah - तारक मेहता - Ep 3094 - Full Episode - 3rd February, 2021",https://www.youtube.com/watch?v=3OsmsXpYDKw,Found,10 May 2021,20:26,https://www.youtube.com/watch?v=Pt5oiuySEMA,
3095,"Taarak Mehta Ka Ooltah Chashmah - तारक मेहता - Ep 3095 - Full Episode - 4th February, 2021",https://www.youtube.com/watch?v=axImOKO-0Os,Found,10 May 2021,19:43,https://www.youtube.com/watch?v=LfmPYBayTLU,
3096,"Taarak Mehta Ka Ooltah Chashmah - तारक मेहता - Ep 3096 - Full Episode - 5th February, 2021",https://www.youtube.com/watch?v=tXQ-8vpiVeE,Found,10 May 2021,20:12,https://www.youtube.com/watch?v=kXB86MJwhFU,
3097,"Taarak Mehta Ka Ooltah Chashmah - तारक मेहता - Ep 3097 - Full Episode - 8th February, 2021",https://www.youtube.com/watch?v=7QiXl7GUzs8,Found,10 May 2021,21:01,https://www.youtube.com/watch?v=VgR51zUiZ6k,
3098,"Taarak Mehta Ka Ooltah Chashmah - तारक मेहता - Ep 3098 - Full Episode - 9th February, 2021",https://www.youtube.com/watch?v=SwXdPg8zAIg,Found,10 May 2021,20:34,https://www.youtube.com/watch?v=WnUv4BV_q_c,
3099,"Taarak Mehta Ka Ooltah Chashmah - तारक मेहता - Ep 3099 - Full Episode - 10th February, 2021",https://www.youtube.com/watch?v=f_AsX7fE7sA,Found,10 May 2021,19:39,https://www.youtube.com/watch?v=zS_31np_8Jg,https://www.youtube.com/watch?v=sB4snFCjk9Y
3100,NEW! Ep 3100 - Bhogilal! | Taarak Mehta Ka Ooltah Chashmah - Full Episode | तारक मेहता,https://www.youtube.com/watch?v=WQRmZrvWpiA,Found,18 Sep 2022,22:22,https://www.youtube.com/watch?v=Xwm6AkJA0ww,
3101,"Taarak Mehta Ka Ooltah Chashmah - तारक मेहता - Ep 3101 - Full Episode - 12th February, 2021",https://www.youtube.com/watch?v=D4VZiZ0f88s,Found,11 May 2021,20:49,https://www.youtube.com/watch?v=-vcNgqLdZl4,
3102,"Taarak Mehta Ka Ooltah Chashmah - तारक मेहता - Ep 3102  - Full Episode - 15th February, 2021",https://www.youtube.com/watch?v=f4CgM6X2Ieg,Found,11 May 2021,19:23,https://www.youtube.com/watch?v=TrQgyphwaqk,
3103,"Taarak Mehta Ka Ooltah Chashmah - तारक मेहता - Ep 3103  - Full Episode - 16th February, 2021",https://www.youtube.com/watch?v=brioGMOZneY,Found,11 May 2021,19:57,,
3104,"Taarak Mehta Ka Ooltah Chashmah - तारक मेहता - Ep 3104  - Full Episode - 17th February, 2021",https://www.youtube.com/watch?v=P0rLbC3YjS0,Found,11 May 2021,20:52,https://www.youtube.com/watch?v=_Ay8Sn8FpMQ,
3105,"Taarak Mehta Ka Ooltah Chashmah - तारक मेहता - Ep 3105  - Full Episode - 18th February, 2021",https://www.youtube.com/watch?v=99ZPG5V8fK0,Found,11 May 2021,20:26,https://www.youtube.com/watch?v=F2caRNaylLk,
3106,"Taarak Mehta Ka Ooltah Chashmah - तारक मेहता - Ep 3106  - Full Episode - 19th February, 2021",https://www.youtube.com/watch?v=kuU8otB8LIM,Found,11 May 2021,21:24,https://www.youtube.com/watch?v=k4LYA4fQ4Po,
3107,"Taarak Mehta Ka Ooltah Chashmah - तारक मेहता - Ep 3107 - Full Episode - 22nd February, 2021",https://www.youtube.com/watch?v=uPGdGhMWKk0,Found,11 May 2021,20:03,https://www.youtube.com/watch?v=uxEUbnL0Gzk,
3108,"Taarak Mehta Ka Ooltah Chashmah - तारक मेहता - Ep 3108 - Full Episode - 23rd February, 2021",https://www.youtube.com/watch?v=LGnep4pUJcM,Found,11 May 2021,20:10,https://www.youtube.com/watch?v=5oatTVRO0RI,
3109,"Taarak Mehta Ka Ooltah Chashmah - तारक मेहता - Ep 3109 - Full Episode - 24th February, 2021",https://www.youtube.com/watch?v=_RXU7yp7A0c,Found,11 May 2021,21:35,https://www.youtube.com/watch?v=0nGZ5g7EnGQ,
3110,"Taarak Mehta Ka Ooltah Chashmah - तारक मेहता - Ep 3110 - Full Episode - 25th February, 2021",https://www.youtube.com/watch?v=K54JiilI_DE,Found,11 May 2021,20:00,https://www.youtube.com/watch?v=3VmgOQwh-FU,
3111,"Taarak Mehta Ka Ooltah Chashmah - तारक मेहता - Ep 3111 - Full Episode - 26th February, 2021",https://www.youtube.com/watch?v=U7BU5JPR3lE,Found,11 May 2021,19:52,https://www.youtube.com/watch?v=tQlxG3TWOgw,
3112,"Taarak Mehta Ka Ooltah Chashmah - तारक मेहता - Ep 3112 - Full Episode - 1st March, 2021",https://www.youtube.com/watch?v=eNFbMk-y6dU,Found,09 Jun 2021,20:04,https://www.youtube.com/watch?v=5hxZiK6sJKs,
3113,"Taarak Mehta Ka Ooltah Chashmah - तारक मेहता - Ep 3113 - Full Episode - 2nd March, 2021",https://www.youtube.com/watch?v=GLXNRS5Zpiw,Found,09 Jun 2021,21:01,https://www.youtube.com/watch?v=JcDuPp0oIpY,
3114,"Taarak Mehta Ka Ooltah Chashmah - तारक मेहता - Ep 3114 - Full Episode - 3rd March, 2021",https://www.youtube.com/watch?v=fDTpN6k-VlY,Found,09 Jun 2021,19:41,https://www.youtube.com/watch?v=MYWDbs61xPI,
3115,"Taarak Mehta Ka Ooltah Chashmah - तारक मेहता - Ep 3115 - Full Episode - 4th March, 2021",https://www.youtube.com/watch?v=Ka0Vt0IkgH4,Found,09 Jun 2021,20:05,https://www.youtube.com/watch?v=0XHNXpO4HcQ,
3116,"Taarak Mehta Ka Ooltah Chashmah - तारक मेहता - Ep 3116 - Full Episode - 5th March, 2021",https://www.youtube.com/watch?v=yu9ESK8cTMQ,Found,09 Jun 2021,20:38,https://www.youtube.com/watch?v=Bx0AkYE8o7A,
3117,"Taarak Mehta Ka Ooltah Chashmah - तारक मेहता - Ep 3117 - Full Episode - 8th March, 2021",https://www.youtube.com/watch?v=FSg4WOHsUck,Found,20 Aug 2021,20:17,https://www.youtube.com/watch?v=CWFAH8oKJuE,
3118,"Taarak Mehta Ka Ooltah Chashmah - तारक मेहता - Ep 3118 - Full Episode - 9th March, 2021",https://www.youtube.com/watch?v=eFVme8aaQ9g,Found,09 Jun 2021,19:34,https://www.youtube.com/watch?v=LOs9fh4itho,
3119,"Taarak Mehta Ka Ooltah Chashmah - तारक मेहता - Ep 3119 - Full Episode - 10th March, 2021",https://www.youtube.com/watch?v=hAYoK6aLcFk,Found,09 Jun 2021,19:56,https://www.youtube.com/watch?v=hh-0prpd2l8,https://www.youtube.com/watch?v=HJID-Y3SBL0
3120,"Taarak Mehta Ka Ooltah Chashmah - तारक मेहता - Ep 3120 - Full Episode - 11th March, 2021",https://www.youtube.com/watch?v=GUg5fjVbSk8,Found,20 Aug 2021,19:23,https://www.youtube.com/watch?v=xyFrXjlWzIY,
3121,"Taarak Mehta Ka Ooltah Chashmah - तारक मेहता - Ep 3121 - Full Episode - 12th March, 2021",https://www.youtube.com/watch?v=F8j7tIUSDA0,Found,09 Jun 2021,19:10,https://www.youtube.com/watch?v=fn47Oa5HBls,
3122,"Taarak Mehta Ka Ooltah Chashmah - तारक मेहता - Ep 3122 - Full Episode - 15th March, 2021",https://www.youtube.com/watch?v=avONlIlL8x0,Found,09 Jun 2021,21:16,https://www.youtube.com/watch?v=p_viFCIm9u4,
3123,"Taarak Mehta Ka Ooltah Chashmah - तारक मेहता - Ep 3123 - Full Episode - 16th March, 2021",https://www.youtube.com/watch?v=GwbNgG0tjkY,Found,10 Jun 2021,20:58,https://www.youtube.com/watch?v=EJF8Z658w2o,
3124,"Taarak Mehta Ka Ooltah Chashmah - तारक मेहता - Ep 3124 - Full Episode - 17th March, 2021",https://www.youtube.com/watch?v=Z6lJPde31-I,Found,10 Jun 2021,20:24,,https://www.youtube.com/watch?v=HUeF3NbnllM
3125,"Taarak Mehta Ka Ooltah Chashmah - तारक मेहता - Ep 3125 - Full Episode - 18th March, 2021",https://www.youtube.com/watch?v=GwrkIv8C7mg,Found,10 Jun 2021,21:02,https://www.youtube.com/watch?v=apeg8ZVrFfk,
3126,"Taarak Mehta Ka Ooltah Chashmah - तारक मेहता - Ep 3126 - Full Episode - 19th March, 2021",https://www.youtube.com/watch?v=L_wigeEKsD4,Found,10 Jun 2021,21:06,,
3127,"Taarak Mehta Ka Ooltah Chashmah - तारक मेहता - Ep 3127 - Full Episode - 22nd March, 2021",https://www.youtube.com/watch?v=20rwNLBLIv8,Found,10 Jun 2021,19:39,,
3128,"Taarak Mehta Ka Ooltah Chashmah - तारक मेहता - Ep 3128 - Full Episode - 23rd March, 2021",https://www.youtube.com/watch?v=chN2LFM4djM,Found,10 Jun 2021,21:06,,https://www.youtube.com/watch?v=ljMI60Pif6E
3129,"Taarak Mehta Ka Ooltah Chashmah - तारक मेहता - Ep 3129 - Full Episode - 24th March, 2021",https://www.youtube.com/watch?v=MELLnA3azNk,Found,10 Jun 2021,21:21,,
3130,"Taarak Mehta Ka Ooltah Chashmah - तारक मेहता - Ep 3130 - Full Episode - 25th March, 2021",https://www.youtube.com/watch?v=eEhi41lcHOQ,Found,10 Jun 2021,20:53,,
3131,"Taarak Mehta Ka Ooltah Chashmah - तारक मेहता - Ep 3131 - Full Episode - 26th March, 2021",https://www.youtube.com/watch?v=oeFO3e-ZSzo,Found,10 Jun 2021,18:48,,
3132,"Taarak Mehta Ka Ooltah Chashmah - तारक मेहता - Ep 3132 - Full Episode - 29th March, 2021",https://www.youtube.com/watch?v=4YjQnZX6p_M,Found,10 Jun 2021,21:02,,https://www.youtube.com/watch?v=tReRgoa1bm0
3133,"Taarak Mehta Ka Ooltah Chashmah - तारक मेहता - Ep 3133 - Full Episode - 30th March, 2021",https://www.youtube.com/watch?v=CENU0Y8w1Rs,Found,10 Jun 2021,19:52,,https://www.youtube.com/watch?v=Y0aeK8NRxE4
3134,"Taarak Mehta Ka Ooltah Chashmah - तारक मेहता - Ep 3134 - Full Episode - 31st March, 2021",https://www.youtube.com/watch?v=TPVK38xZT4c,Found,10 Jun 2021,20:45,https://www.youtube.com/watch?v=rdwKBGn_DuI,https://www.youtube.com/watch?v=kFOYqv2drzM
3135,"Taarak Mehta Ka Ooltah Chashmah - तारक मेहता - Ep 3135 - Full Episode - 1st April, 2021",https://www.youtube.com/watch?v=ryWsSdaIcow,Found,05 Jul 2021,20:45,https://www.youtube.com/watch?v=hHYJO6qHaGo,https://www.youtube.com/watch?v=ICYGrtvEZhk
3136,"Taarak Mehta Ka Ooltah Chashmah - तारक मेहता - Ep 3136 - Full Episode - 2nd April, 2021",https://www.youtube.com/watch?v=SQRmUgWS66k,Found,05 Jul 2021,19:11,https://www.youtube.com/watch?v=-n-T2yNKx7E,https://www.youtube.com/watch?v=Tz671SSWUdM
3137,Taarak Mehta Ka Ooltah Chashmah - तारक मेहता - Ep 3137 - Full Episode - 5th April,https://www.youtube.com/watch?v=dl33yEFXVdY,Found,05 Jul 2021,18:14,,
3138,"Taarak Mehta Ka Ooltah Chashmah - तारक मेहता - Ep 3138 - Full Episode - 6th April, 2021",https://www.youtube.com/watch?v=_weAXWEDlIQ,Found,05 Jul 2021,20:34,,
3139,"Taarak Mehta Ka Ooltah Chashmah - तारक मेहता - Ep 3139 - Full Episode - 6th April, 2021",https://www.youtube.com/watch?v=wFFj9XqL9ko,Found,05 Jul 2021,20:30,,https://www.youtube.com/watch?v=MIoxGYZUPdg
3140,"Taarak Mehta Ka Ooltah Chashmah - तारक मेहता - Ep 3140 - Full Episode - 8th April, 2021",https://www.youtube.com/watch?v=6P5lLM23XMU,Found,05 Jul 2021,21:23,https://www.youtube.com/watch?v=22tcBh1A0xM,https://www.youtube.com/watch?v=QUykIfSq1VM
3141,Taarak Mehta Ka Ooltah Chashmah - तारक मेहता - Ep 3141 - Full Episode - 9th April,https://www.youtube.com/watch?v=xn543uv_5sg,Found,06 Jul 2021,20:00,https://www.youtube.com/watch?v=c4wp3gFEmwI,
3142,NEW! Ep 3142 - Taarak Mehta Ka Ooltah Chashmah - Full Episode | तारक मेहता का उल्टा चश्मा,https://www.youtube.com/watch?v=VPwN2b4_3ao,Found,29 Sep 2022,21:11,https://www.youtube.com/watch?v=sOCpp-Ihz9s,
3143,Taarak Mehta Ka Ooltah Chashmah - तारक मेहता - Ep 3143 - Full Episode - 13th April,https://www.youtube.com/watch?v=AujhGPHwO_Y,Found,06 Jul 2021,19:48,https://www.youtube.com/watch?v=cD1bSKkeyGM,
3144,"Taarak Mehta Ka Ooltah Chashmah - तारक मेहता - Ep 3144 - Full Episode - 14th April, 2021",https://www.youtube.com/watch?v=W7zlUcuR0_o,Found,06 Jul 2021,19:27,https://www.youtube.com/watch?v=SR-4Cegfcw0,
3145,"Taarak Mehta Ka Ooltah Chashmah - तारक मेहता - Ep 3145 - Full Episode - 15th April,2021",https://www.youtube.com/watch?v=0_gzMNA51LU,Found,06 Jul 2021,18:38,https://www.youtube.com/watch?v=FnOX6ejXTAg,
3146,"Taarak Mehta Ka Ooltah Chashmah - तारक मेहता - Ep 3146 - Full Episode - 16th April,2021",https://www.youtube.com/watch?v=HuW423E6Mms,Found,06 Jul 2021,20:05,,
3147,"Taarak Mehta Ka Ooltah Chashmah - तारक मेहता - Ep 3147 - Full Episode - 19th April,2021",https://www.youtube.com/watch?v=pN6xWTA7Pkw,Found,06 Jul 2021,19:24,https://www.youtube.com/watch?v=Sw2pZKpcUrQ,
3148,"Taarak Mehta Ka Ooltah Chashmah - तारक मेहता - Ep 3148 - Full Episode - 20th April,2021",https://www.youtube.com/watch?v=2hKMIMyFlc8,Found,06 Jul 2021,21:53,,https://www.youtube.com/watch?v=pIrXqcX9TtI
3149,"Taarak Mehta Ka Ooltah Chashmah - तारक मेहता - Ep 3149 - Full Episode - 21st April,2021",https://www.youtube.com/watch?v=fcKnEfxPuPU,Found,06 Jul 2021,21:15,https://www.youtube.com/watch?v=HD9EvIR7EUk,
3150,"Taarak Mehta Ka Ooltah Chashmah - तारक मेहता - Ep 3150 - Full Episode - 22nd April,2021",https://www.youtube.com/watch?v=PPeZlNb-TEU,Found,06 Jul 2021,19:43,,
3151,"Taarak Mehta Ka Ooltah Chashmah - तारक मेहता - Ep 3151 - Full Episode - 23rd April,2021",https://www.youtube.com/watch?v=sUqMoylgdPU,Found,20 Aug 2021,20:47,,
3152,"Taarak Mehta Ka Ooltah Chashmah - तारक मेहता - Ep 3152 - Full Episode - 26th April,2021",https://www.youtube.com/watch?v=hfT0ytUBKxY,Found,06 Jul 2021,19:59,,https://www.youtube.com/watch?v=wW3lD--eaYs
3153,"Taarak Mehta Ka Ooltah Chashmah - तारक मेहता - Ep 3153 - Full Episode - 27th April,2021",https://www.youtube.com/watch?v=9FOlLnuV1qk,Found,06 Jul 2021,20:39,,https://www.youtube.com/watch?v=e4yBJqcU_d8
3154,"Taarak Mehta Ka Ooltah Chashmah - तारक मेहता - Ep 3154 - Full Episode - 28th April,2021",https://www.youtube.com/watch?v=WXbuwGaJFx4,Found,20 Aug 2021,20:13,,
3155,"Taarak Mehta Ka Ooltah Chashmah - तारक मेहता - Ep 3155 - Full Episode - 29th April,2021",https://www.youtube.com/watch?v=LgSP0KAat1k,Found,06 Jul 2021,22:09,,
3156,"Taarak Mehta Ka Ooltah Chashmah - तारक मेहता - Ep 3156 - Full Episode - 30th April,2021",https://www.youtube.com/watch?v=lETFIEN6EXo,Found,06 Jul 2021,20:37,,
3157,NEW! Ep 3157 - Taarak Mehta Ka Ooltah Chashmah - Full Episode | तारक मेहता का उल्टा चश्मा,https://www.youtube.com/watch?v=ZaPEFNNZCqM,Found,03 Oct 2022,19:05,,https://www.youtube.com/watch?v=vZafqmb9G9U
3158,"Taarak Mehta Ka Ooltah Chashmah -  तारक मेहता - Ep 3158 - Full Episode - 4th May,2021",https://www.youtube.com/watch?v=Dgp4Ria_qWI,Found,20 Aug 2021,20:21,,
3159,"Taarak Mehta Ka Ooltah Chashmah - तारक मेहता - Ep 3159 - Full Episode - 5th May,2021",https://www.youtube.com/watch?v=46blJW9rMLk,Found,08 Aug 2021,18:45,,
3160,"Taarak Mehta Ka Ooltah Chashmah - तारक मेहता - Ep 3160 - Full Episode - 6th May,2021",https://www.youtube.com/watch?v=dHA9c1hIU4I,Found,09 Aug 2021,20:04,,
3161,"Taarak Mehta Ka Ooltah Chashmah - तारक मेहता - Ep 3161 - Full Episode - 7th May,2021",https://www.youtube.com/watch?v=hHvv-n-I2SM,Found,07 Aug 2021,21:15,,
3162,"Taarak Mehta Ka Ooltah Chashmah - Ep 3162 - Full Episode - 10th May,2021",https://www.youtube.com/watch?v=FmVx-H0QJaQ,Found,10 Aug 2021,21:20,,
3163,"Taarak Mehta Ka Ooltah Chashmah - Ep 3163 - Full Episode - 11th May,2021",https://www.youtube.com/watch?v=-yEycMTu_Uw,Found,11 Aug 2021,21:26,,
3164,"Taarak Mehta Ka Ooltah Chashmah - Ep 3164 - Full Episode - 12th May,2021",https://www.youtube.com/watch?v=mhFiWBUCcQ4,Found,11 Aug 2021,21:05,,
3165,"Taarak Mehta Ka Ooltah Chashmah - Ep 3165 - Full Episode - 13th May,2021",https://www.youtube.com/watch?v=wIijTvI2pB8,Found,11 Aug 2021,20:04,,
3166,"Taarak Mehta Ka Ooltah Chashmah - Ep 3166 - Full Episode - 14th May,2021",https://www.youtube.com/watch?v=KZdwQARAppE,Found,11 Aug 2021,20:03,,
3167,"Taarak Mehta Ka Ooltah Chashmah - Ep 3167 - Full Episode - 17th May,2021",https://www.youtube.com/watch?v=dF6WpGqbcFk,Found,11 Aug 2021,20:34,https://www.youtube.com/watch?v=XeIR0U4Mh1Q,
3168,"Taarak Mehta Ka Ooltah Chashmah - Ep 3168 - Full Episode - 18thMay,2021",https://www.youtube.com/watch?v=CQoT-vAUWpM,Found,11 Aug 2021,20:41,,
3169,"Taarak Mehta Ka Ooltah Chashmah - Ep 3169 - Full Episode - 19th May,2021",https://www.youtube.com/watch?v=3bKKRGOAHfc,Found,11 Aug 2021,21:21,,
3170,"Taarak Mehta Ka Ooltah Chashmah - Ep 3170 - Full Episode - 20th May, 2021",https://www.youtube.com/watch?v=c15b_mHMQdE,Found,11 Aug 2021,22:12,,
3171,"Taarak Mehta Ka Ooltah Chashmah - Ep 3171 - Full Episode - 21st May,2021",https://www.youtube.com/watch?v=Wogmww9VLck,Found,12 Aug 2021,20:42,,
3172,"Taarak Mehta Ka Ooltah Chashmah   Ep 3172   Full Episode   24th May,2021",https://www.youtube.com/watch?v=Hl_ed4jKt78,Found,12 Aug 2021,20:53,,
3173,"Taarak Mehta Ka Ooltah Chashmah - Ep 3173 - Full Episode - 25th May,2021",https://www.youtube.com/watch?v=ix1kGqrmZvg,Found,12 Aug 2021,21:57,https://www.youtube.com/watch?v=oyvdr8gT5ac,
3174,"Taarak Mehta Ka Ooltah Chashmah - Ep 3174 - Full Episode - 26th May,2021",https://www.youtube.com/watch?v=4xgVGcSk2n4,Found,12 Aug 2021,21:10,,https://www.youtube.com/watch?v=B7xGK0v_oYA
3175,"Taarak Mehta Ka Ooltah Chashmah - Ep 3175 - Full Episode - 27th May,2021",https://www.youtube.com/watch?v=NXsuOWKU7e8,Found,12 Aug 2021,19:52,https://www.youtube.com/watch?v=80ZrCMCMpyY,https://www.youtube.com/watch?v=EapThwxQ2Tw
3176,"Taarak Mehta Ka Ooltah Chashmah - Ep 3176 - Full Episode - 28th May,2021",https://www.youtube.com/watch?v=xrNnQoymrB4,Found,12 Aug 2021,20:03,,
3177,"Taarak Mehta Ka Ooltah Chashmah - Ep 3177 - Full Episode - 31st May,2021",https://www.youtube.com/watch?v=J26V9qh35oQ,Found,12 Aug 2021,19:54,,https://www.youtube.com/watch?v=_FtpAdqPlFA
3178,Taarak Mehta Ka Ooltah Chashmah - Ep 3178 - Full Episode - 1st June 2021,https://www.youtube.com/watch?v=_pYnJJ_2ynU,Found,06 Sep 2021,20:11,https://www.youtube.com/watch?v=YU43zerfUZs,https://www.youtube.com/watch?v=yIOBdgNxOzs
3179,"Taarak Mehta Ka Ooltah Chashmah - Ep 3179 - Full Episode - 2nd June,2021",https://www.youtube.com/watch?v=VI3DmeLdw_w,Found,06 Sep 2021,19:18,https://www.youtube.com/watch?v=CohT7xuQzf8,https://www.youtube.com/watch?v=0w6sqeLX-xU
3180,"Taarak Mehta Ka Ooltah Chashmah - Ep 3180 - Full Episode - 3rd June,2021",https://www.youtube.com/watch?v=nR6yl-MQd2g,Found,06 Sep 2021,20:05,,https://www.youtube.com/watch?v=zm5mgSHqQoo
3181,"Taarak Mehta Ka Ooltah Chashmah - Ep 3181 - Full Episode - 4th June,2021",https://www.youtube.com/watch?v=NxUs-Z3Zn2Y,Found,06 Sep 2021,20:17,https://www.youtube.com/watch?v=oJaHGevMZMg,
3182,"Taarak Mehta Ka Ooltah Chashmah - Ep 3182 - Full Episode - 7th June,2021",https://www.youtube.com/watch?v=LHrwtsyWhBE,Found,06 Sep 2021,19:53,https://www.youtube.com/watch?v=kOalAX-bi6Y,https://www.youtube.com/watch?v=DekmGvsOnFU
3183,"Taarak Mehta Ka Ooltah Chashmah - Ep 3183 - Full Episode - 8th June,2021",https://www.youtube.com/watch?v=505dcqt-FIw,Found,06 Sep 2021,19:54,https://www.youtube.com/watch?v=4ldbJlsO8PY,https://www.youtube.com/watch?v=DekmGvsOnFU
3184,"Taarak Mehta Ka Ooltah Chashmah - Ep 3184 - Full Episode - 9th June, 2021",https://www.youtube.com/watch?v=8X9ZFYnlEss,Found,06 Sep 2021,19:21,https://www.youtube.com/watch?v=CPTGvmAQNNc,
3185,"Taarak Mehta Ka Ooltah Chashmah - Ep 3185 - Full Episode - 10th June, 2021",https://www.youtube.com/watch?v=WEvjMJ_tZFA,Found,06 Sep 2021,19:18,https://www.youtube.com/watch?v=1-PDuzzcjzc,
3186,"Taarak Mehta Ka Ooltah Chashmah - Ep 3186 - Full Episode - 11th June, 2021",https://www.youtube.com/watch?v=gGRznUrXWe0,Found,06 Sep 2021,20:01,,
3187,"Taarak Mehta Ka Ooltah Chashmah - Ep 3187 - Full Episode - 14th June, 2021",https://www.youtube.com/watch?v=ApL31f6CIXQ,Found,06 Sep 2021,21:09,https://www.youtube.com/watch?v=MbBEaHiUldQ,https://www.youtube.com/watch?v=Woou5SSbv6A
3188,"Taarak Mehta Ka Ooltah Chashmah - Ep 3188 - Full Episode - 15th June, 2021",https://www.youtube.com/watch?v=ZwSWFAmkvfU,Found,06 Sep 2021,21:03,,https://www.youtube.com/watch?v=usucSna7dYc
3189,"Taarak Mehta Ka Ooltah Chashmah - Ep 3189 - Full Episode - 16th June, 2021",https://www.youtube.com/watch?v=ADPvxldUrPc,Found,07 Sep 2021,20:53,,https://www.youtube.com/watch?v=CrJaI6ykJ8k
3190,"Taarak Mehta Ka Ooltah Chashmah - Ep 3190 - Full Episode - 17th June, 2021",https://www.youtube.com/watch?v=4NHtbSSKsSw,Found,07 Sep 2021,19:14,,
3191,"Taarak Mehta Ka Ooltah Chashmah - Ep 3191 - Full Episode - 18th June, 2021",https://www.youtube.com/watch?v=gRjaLw_ZD2o,Found,07 Sep 2021,21:26,,
3192,"Taarak Mehta Ka Ooltah Chashmah - Ep 3192 - Full Episode - 21st June, 2021",https://www.youtube.com/watch?v=_sZCnYQEuW4,Found,07 Sep 2021,20:19,https://www.youtube.com/watch?v=PP1pv1qCaNI,https://www.youtube.com/watch?v=_wXYX3QIPJ0
3193,"Taarak Mehta Ka Ooltah Chashmah - Ep 3193 - Full Episode - 22nd June, 2021",https://www.youtube.com/watch?v=9cRtvRAqyco,Found,07 Sep 2021,20:35,,
3194,"Taarak Mehta Ka Ooltah Chashmah - Ep 3194 - Full Episode - 23rd June, 2021",https://www.youtube.com/watch?v=5uAaBVxdX_c,Found,07 Sep 2021,20:21,https://www.youtube.com/watch?v=vm-HVXmqE5Q,
3195,"Taarak Mehta Ka Ooltah Chashmah - Ep 3195 - Full Episode - 24th June, 2021",https://www.youtube.com/watch?v=5bNh25O5yP0,Found,07 Sep 2021,21:02,https://www.youtube.com/watch?v=wsw7iriSErg,
3196,"Taarak Mehta Ka Ooltah Chashmah - Ep 3196 - Full Episode - 25th June, 2021",https://www.youtube.com/watch?v=HWRj35j2WvQ,Found,07 Sep 2021,21:26,https://www.youtube.com/watch?v=bMDwbA8LUuE,
3197,"Taarak Mehta Ka Ooltah Chashmah - Ep 3197 - Full Episode - 28th June, 2021",https://www.youtube.com/watch?v=Pd_wL3UkTeQ,Found,07 Sep 2021,20:50,https://www.youtube.com/watch?v=a6JlXkGxqP8,
3198,"Taarak Mehta Ka Ooltah Chashmah - Ep 3198 - Full Episode - 29th June, 2021",https://www.youtube.com/watch?v=yDczZmSyV70,Found,07 Sep 2021,21:34,,
3199,"Taarak Mehta Ka Ooltah Chashmah - Ep 3199 - Full Episode - 30th June, 2021",https://www.youtube.com/watch?v=Np5H80Bl_SE,Found,07 Sep 2021,20:54,https://www.youtube.com/watch?v=_ThOmSrrj-E,
3200,"Taarak Mehta Ka Ooltah Chashmah - तारक मेहता - Ep 3200 - Full Episode - 1st July, 2021",https://www.youtube.com/watch?v=Ab8i-qm1P0A,Found,05 Oct 2021,21:40,https://www.youtube.com/watch?v=f9TvTI3WJRM,
3201,"Taarak Mehta Ka Ooltah Chashmah - तारक मेहता - Ep 3201 - Full Episode - 2nd July, 2021",https://www.youtube.com/watch?v=uKsam_bmC1A,Found,05 Oct 2021,19:32,https://www.youtube.com/watch?v=S54zNBOhOoI,
3202,"Taarak Mehta Ka Ooltah Chashmah - तारक मेहता - Ep 3202 - Full Episode - 5th July, 2021",https://www.youtube.com/watch?v=wms6YRbnd-k,Found,05 Oct 2021,19:15,https://www.youtube.com/watch?v=6CHDJU5kxTY,
3203,"Taarak Mehta Ka Ooltah Chashmah - तारक मेहता - Ep 3203 - Full Episode - 6th July, 2021",https://www.youtube.com/watch?v=HEX6-j50uZ4,Found,05 Oct 2021,20:14,https://www.youtube.com/watch?v=WncQF8gngrg,
3204,"Taarak Mehta Ka Ooltah Chashmah - तारक मेहता - Ep 3204 - Full Episode - 7th July, 2021",https://www.youtube.com/watch?v=2H3PW7mZWts,Found,05 Oct 2021,20:22,https://www.youtube.com/watch?v=tTh9G5G34Bg,https://www.youtube.com/watch?v=V6UO_DMl5Fg
3205,"Taarak Mehta Ka Ooltah Chashmah - तारक मेहता - Ep 3205 - Full Episode - 8th July, 2021",https://www.youtube.com/watch?v=Adbir8aq3IE,Found,05 Oct 2021,19:55,https://www.youtube.com/watch?v=VOG7_XwjIPU,
3206,"Taarak Mehta Ka Ooltah Chashmah - तारक मेहता - Ep 3206 - Full Episode - 9th July, 2021",https://www.youtube.com/watch?v=1VFJKJaOspw,Found,05 Oct 2021,20:29,https://www.youtube.com/watch?v=RtXYplvhP6A,
3207,"Taarak Mehta Ka Ooltah Chashmah - तारक मेहता - Ep 3207 - Full Episode - 12th July, 2021",https://www.youtube.com/watch?v=00MfgvqnQsY,Found,05 Oct 2021,19:52,https://www.youtube.com/watch?v=mBK8n0st_Ek,
3208,NEW! Ep 3208 - Rang Tarang Resort | Taarak Mehta Ka Ooltah Chashmah - Full Episode | तारक मेहता,https://www.youtube.com/watch?v=t8hkY_hv8s8,Found,14 Oct 2022,21:45,https://www.youtube.com/watch?v=kReWxVheyks,
3209,NEW! Ep 3209 - Rang Tarang Resort | Taarak Mehta Ka Ooltah Chashmah - Full Episode | तारक मेहता,https://www.youtube.com/watch?v=ryuySvIxlmc,Found,15 Oct 2022,22:03,https://www.youtube.com/watch?v=NXuMrdNJpmI,
3210,"Taarak Mehta Ka Ooltah Chashmah - तारक मेहता - Ep 3210 - Full Episode - 15th July, 2021",https://www.youtube.com/watch?v=2bJ9jzvcJzY,Found,05 Oct 2021,21:15,https://www.youtube.com/watch?v=YJxX9lFX7Qo,https://www.youtube.com/watch?v=kLKcHD7uO_I
3211,"Taarak Mehta Ka Ooltah Chashmah - तारक मेहता - Ep 3211 - Full Episode - 16th July, 2021",https://www.youtube.com/watch?v=TUSrpR7sFIk,Found,06 Oct 2021,20:09,https://www.youtube.com/watch?v=ajnDUaUEbzE,https://www.youtube.com/watch?v=NtoP-zJw65c
3212,NEW! Ep 3212 - Rang Tarang Resort | Taarak Mehta Ka Ooltah Chashmah - Full Episode | तारक मेहता,https://www.youtube.com/watch?v=bZzRFnOgLjw,Found,16 Oct 2022,21:38,https://www.youtube.com/watch?v=480yHqjcmXM,https://www.youtube.com/watch?v=NtoP-zJw65c
3213,"Taarak Mehta Ka Ooltah Chashmah -तारक मेहता - Ep 3213 - Full Episode - 20th July, 2021",https://www.youtube.com/watch?v=5iqURnlpKr0,Found,06 Oct 2021,19:41,https://www.youtube.com/watch?v=BO04oeZ6wQQ,
3214,"Taarak Mehta Ka Ooltah Chashmah -तारक मेहता - Ep 3214 - Full Episode - 21st July, 2021",https://www.youtube.com/watch?v=PntNoouNbso,Found,06 Oct 2021,19:01,https://www.youtube.com/watch?v=D-awdcMcKNY,
3215,"Taarak Mehta Ka Ooltah Chashmah -तारक मेहता - Ep 3215 - Full Episode - 22nd July, 2021",https://www.youtube.com/watch?v=XWoL6da5RCI,Found,06 Oct 2021,20:28,https://www.youtube.com/watch?v=DlFmJag9wDA,
3216,"Taarak Mehta Ka Ooltah Chashmah -तारक मेहता - Ep 3216 - Full Episode - 23rd July, 2021",https://www.youtube.com/watch?v=Mig603H3oNY,Found,06 Oct 2021,21:14,https://www.youtube.com/watch?v=bIj1rmFLE6Y,
3217,NEW! Ep 3217 - Rang Tarang Resort | Taarak Mehta Ka Ooltah Chashmah - Full Episode | तारक मेहता,https://www.youtube.com/watch?v=gofXaAy9r5g,Found,16 Oct 2022,21:48,https://www.youtube.com/watch?v=iHOD6GKZvwA,
3218,NEW! Ep 3218 - Rang Tarang Resort | Taarak Mehta Ka Ooltah Chashmah - Full Episode | तारक मेहता,https://www.youtube.com/watch?v=y3kdNXqN35M,Found,17 Oct 2022,23:18,https://www.youtube.com/watch?v=jA8c9SrUMQ0,
3219,NEW! Ep 3219 - Rang Tarang Resort | Taarak Mehta Ka Ooltah Chashmah - Full Episode | तारक मेहता,https://www.youtube.com/watch?v=rbcciJRzeB0,Found,17 Oct 2022,23:24,https://www.youtube.com/watch?v=YTuUMAVnwbI,
3220,"Taarak Mehta Ka Ooltah Chashmah -तारक मेहता - Ep 3220 - Full Episode - 29th July, 2021",https://www.youtube.com/watch?v=m6xcMSEdO5Y,Found,06 Oct 2021,21:48,https://www.youtube.com/watch?v=HXasHwkurWk,
3221,"Taarak Mehta Ka Ooltah Chashmah -तारक मेहता - Ep 3221 - Full Episode - 30th July, 2021",https://www.youtube.com/watch?v=Nc64pg3UODE,Found,06 Oct 2021,21:34,,
3222,NEW! Ep 3222 - Rang Tarang Resort | Taarak Mehta Ka Ooltah Chashmah - Full Episode | तारक मेहता,https://www.youtube.com/watch?v=dGCBPoQRqP4,Found,18 Oct 2022,21:37,https://www.youtube.com/watch?v=JawyiZbXwzg,
3223,"Taarak Mehta Ka Ooltah Chashmah - Ep 3223 - Full Episode - 3rd August, 2021",https://www.youtube.com/watch?v=Izr-lZWGkZs,Found,25 Oct 2021,12:05,,
3224,"Taarak Mehta Ka Ooltah Chashmah - Ep 3224 - Full Episode - 4th August, 2021",https://www.youtube.com/watch?v=Veda2dGQF00,Found,24 Sep 2021,13:57,,
3225,"Taarak Mehta Ka Ooltah Chashmah -Taarak Describes His Boss- Ep 3225 - Full Episode -5th August, 2021",https://www.youtube.com/watch?v=IsLe0IDA9nA,Found,25 Oct 2021,21:10,https://www.youtube.com/watch?v=-30qlw7tXaA,
3226,"Taarak Mehta Ka Ooltah Chashmah - Ep 3226 - Taarak Is Late-Full Episode - 6th August, 2021",https://www.youtube.com/watch?v=SB-WqzB1kKQ,Found,25 Oct 2021,20:37,,
3227,"Taarak Mehta Ka Ooltah Chashmah -Taarak Gets Over Pressured- Ep 3227 -Full Episode -9th August, 2021",https://www.youtube.com/watch?v=_jXEU9Uzqz8,Found,25 Oct 2021,21:53,,https://www.youtube.com/watch?v=w5kvAzN7eiM
3228,"Taarak Mehta Ka Ooltah Chashmah -Taarak Gets Over Pressured- Ep 3228 -Full Episode-10th August, 2021",https://www.youtube.com/watch?v=krSl1HO8J6I,Found,26 Oct 2021,21:37,https://www.youtube.com/watch?v=PeFIYIJy9ks,
3229,"Taarak Mehta Ka Ooltah Chashmah - Taarak Lies To His Boss-Ep 3229 - Full Episode - 11th August, 2021",https://www.youtube.com/watch?v=9GLAY9mdSM4,Found,26 Oct 2021,20:43,https://www.youtube.com/watch?v=kMp9akxmB8k,https://www.youtube.com/watch?v=0sdzbK-WHqo
3230,"Taarak Mehta Ka Ooltah Chashmah -Jethalal Treats Taarak- Ep 3230 - Full Episode - 12th August, 2021",https://www.youtube.com/watch?v=la7gGx6les4,Found,26 Oct 2021,19:20,https://www.youtube.com/watch?v=xpDaQ_5BOwg,https://www.youtube.com/watch?v=TSvNEa6dpVM
3231,NEW! Ep 3231 - Taarak's Boss | Taarak Mehta Ka Ooltah Chashmah - Full Episode | तारक मेहता,https://www.youtube.com/watch?v=Cjp7cSoDB-w,Found,20 Oct 2022,21:36,https://www.youtube.com/watch?v=cwHq6DIpzOY,
3232,"Taarak Mehta Ka Ooltah Chashmah - Anjali Doubts Taarak - Ep 3232 - 16th August, 2021",https://www.youtube.com/watch?v=kV_fhIgjdKM,Found,26 Oct 2021,21:27,,
3233,"Taarak Mehta Ka Ooltah Chashmah -Bapuji And Tapu's Bond - Ep 3233 - Full Episode - 17th August, 2021",https://www.youtube.com/watch?v=s03ohdm-poo,Found,26 Oct 2021,21:20,,https://www.youtube.com/watch?v=CgxodN4feFM
3234,"Taarak Mehta Ka Ooltah Chashmah - Jethalal Steps Out - Ep 3234 - Full Episode - 18th August, 2021",https://www.youtube.com/watch?v=A8w7RSMiiTg,Found,26 Oct 2021,21:11,,https://www.youtube.com/watch?v=CgxodN4feFM
3235,"Taarak Mehta Ka Ooltah Chashmah -Jethalal Is Scared - Ep 3235 - Full Episode - 19th August, 2021",https://www.youtube.com/watch?v=i2kPPCd4AxU,Found,26 Oct 2021,20:18,,
3236,"Taarak Mehta Ka Ooltah Chashmah -Tapu Sena Have Secret Plan-Ep 3236 -Full Episode -20th August, 2021",https://www.youtube.com/watch?v=4HjDFUrD1Sw,Found,26 Oct 2021,19:39,,
3237,"Taarak Mehta Ka Ooltah Chashmah -Jethalal Gets Scared  Ep 3237 - Full Episode - 23rd August, 2021",https://www.youtube.com/watch?v=aqv_x6XNxcw,Found,26 Oct 2021,21:07,,https://www.youtube.com/watch?v=yTN_qC7j-2g
3238,"Taarak Mehta Ka Ooltah Chashmah -Sodhi Is Strong - Ep 3238 - Full Episode - 24thAugust, 2021",https://www.youtube.com/watch?v=uXQYPY0R-hI,Found,26 Oct 2021,22:09,,https://www.youtube.com/watch?v=mJ55-wXQszU
3239,"Taarak Mehta Ka Ooltah Chashmah -Gokuldham's Vaccination Day- Ep 3239-Full Episode-25th August, 2021",https://www.youtube.com/watch?v=-z3pU-bZDSM,Found,27 Oct 2021,20:07,,
3240,"Taarak Mehta Ka Ooltah Chashmah -Gokuldham Gets Vaccinated- Ep 3240 - Full Episode-26th August, 2021",https://www.youtube.com/watch?v=LXlR-oRWS4I,Found,27 Oct 2021,21:09,https://www.youtube.com/watch?v=Kv7uAeF6VXI,
3241,"Taarak Mehta Ka Ooltah Chashmah -Jethalal Gets Vaccinated- Ep 3241 -Full Episode - 27th August, 2021",https://www.youtube.com/watch?v=7L0_WEzvIG0,Found,27 Oct 2021,20:58,https://www.youtube.com/watch?v=YdOxZubqG8w,https://www.youtube.com/watch?v=nXBd_FZ9Dg4
3242,"Taarak Mehta Ka Ooltah Chashmah - Rumours Of Fake Vaccine - Ep 3242 - Full Episode - 30th Aug, 2021",https://www.youtube.com/watch?v=Fnngwh-04Nc,Found,27 Oct 2021,21:13,https://www.youtube.com/watch?v=bh53FHn41d4,
3243,"Taarak Mehta Ka Ooltah Chashmah -Vaccination Drive Fails- Ep 3243 - Full Episode - 31st Aug, 2021",https://www.youtube.com/watch?v=kUHDz7wy_Uk,Found,27 Oct 2021,20:24,https://www.youtube.com/watch?v=CGKTgUB84l4,
3244,Taarak Mehta Ka Ooltah Chashmah - Gokuldham  Under Arrest  - Ep 3244 - Full Episode -1st Sept  2021,https://www.youtube.com/watch?v=YnZNt554hgM,Found,29 Nov 2021,20:49,,
3245,Taarak Mehta Ka Ooltah Chashmah-Jetha Supports the Vaccine Drive-Ep 3245 -Full Episode-2nd Sept 2021,https://www.youtube.com/watch?v=8VaS-73D5Z0,Found,29 Nov 2021,21:02,,https://www.youtube.com/watch?v=2uWxtqB51m4
3246,Taarak Mehta Ka Ooltah Chashmah - Thief's Get Caught    - Ep 3246 - Full Episode- 3rd Sept  2021,https://www.youtube.com/watch?v=mrFD_qjex98,Found,29 Nov 2021,20:33,,https://www.youtube.com/watch?v=Yh_07D-y7uo
3247,Taarak Mehta Ka Ooltah Chashmah - Jethalal Has A Severe Pain - Ep 3247 - 6th September  2021,https://www.youtube.com/watch?v=ilbidKuTR8E,Found,29 Nov 2021,21:47,https://www.youtube.com/watch?v=Uf5HW7PtJVY,
3248,Taarak Mehta Ka Ooltah Chashmah - Popatlal Returns To Gokuldham  - Ep 3248 -7th September  2021,https://www.youtube.com/watch?v=peY0lip4x7Y,Found,29 Nov 2021,20:16,,https://www.youtube.com/watch?v=veAyCIph-7w
3249,Taarak Mehta Ka Ooltah Chashmah - Jethalal And Bhide Argue - Ep 3249 - Full Episode - 8th Sep 2021,https://www.youtube.com/watch?v=N-GNXH8DXQY,Found,29 Nov 2021,21:33,,https://www.youtube.com/watch?v=suaV1qtS3us
3250,Taarak Mehta Ka Ooltah Chashmah -Scheme for Ganesh Utsav - Ep 3250 - Full Episode - 9th Sep 2021,https://www.youtube.com/watch?v=ahKyZyc1jks,Found,29 Nov 2021,20:57,,https://www.youtube.com/watch?v=0cs2NqFoqzg
3251,Taarak Mehta Ka Ooltah Chashmah -Tapu Sena v/s Bhide- Ep 3251 - Full Episode - 10th Sep 2021,https://www.youtube.com/watch?v=Zmwo4kVKGu0,Found,30 Nov 2021,19:26,,https://www.youtube.com/watch?v=v5_CeNfaGrk
3252,Taarak Mehta Ka Ooltah Chashmah -Bhide and Tapu Sena Together- Ep 3252 - Full Episode -13th Sep 2021,https://www.youtube.com/watch?v=33sAzp8EQ-c,Found,30 Nov 2021,19:37,,https://www.youtube.com/watch?v=v5_CeNfaGrk
3253,Taarak Mehta Ka Ooltah Chashmah-Bhide Recites 108 Names Of Ganesh-Ep 3253-Full Episode-14th Sep 2021,https://www.youtube.com/watch?v=9u1NAko-Ngk,Found,30 Nov 2021,17:31,,https://www.youtube.com/watch?v=GbkR4iECYHY
3254,Taarak Mehta Ka Ooltah Chashmah -Will Bhide's Dream Come True?- Ep 3254 -Full Episode -15th Sep 2021,https://www.youtube.com/watch?v=iJV2UJHAAio,Found,30 Nov 2021,21:16,,https://www.youtube.com/watch?v=aUPmYYYprlo
3255,Taarak Mehta Ka Ooltah Chashmah -Will The Priest Help Bhide? -Ep 3255 - Full Episode - 16th Sep 2021,https://www.youtube.com/watch?v=3AUzOEjudLg,Found,30 Nov 2021,21:12,,
3256,Taarak Mehta Ka Ooltah Chashmah -Why Is Bhide Upset?- Ep 3256 - Full Episode - 17th Sep 2021,https://www.youtube.com/watch?v=YQvaKlGmJ0U,Found,30 Nov 2021,20:04,,
3257,Taarak Mehta Ka Ooltah Chashmah -Sundar Joins The Festival-Ep 3257-Full Episode -20th September 2021,https://www.youtube.com/watch?v=OP_A6cG1eLM,Found,30 Nov 2021,17:55,,
3258,Taarak Mehta Ka Ooltah Chashmah-Gokuldham Prepare For Event-Ep 3258-Full Episode-21st September 2021,https://www.youtube.com/watch?v=KC4yD0GbFLk,Found,30 Nov 2021,20:56,,
3259,Taarak Mehta Ka Ooltah Chashmah -Bhide Discloses The Theme-Ep 3259-Full Episode -22nd September 2021,https://www.youtube.com/watch?v=XdZolW2kLTg,Found,30 Nov 2021,20:56,,
3260,Taarak Mehta Ka Ooltah Chashmah  Who Will Abdul Portray?-Ep 3260-Full Episode-23rd September  2021,https://www.youtube.com/watch?v=S3bxUF7IsJQ,Found,30 Nov 2021,21:38,,
3261,Taarak Mehta Ka Ooltah Chashmah- Sodhi Portrays Udham Singh-Ep 3261-Full Episode-24th September 2021,https://www.youtube.com/watch?v=ee5Cgg3_M-Q,Found,30 Nov 2021,21:46,,https://www.youtube.com/watch?v=WQOx17dgxok
3262,Taarak Mehta Ka Ooltah Chashmah-Babita Portray Annie Besant-Ep 3262-Full Episode-27th September 2021,https://www.youtube.com/watch?v=hVy24m3vVxQ,Found,30 Nov 2021,21:13,https://www.youtube.com/watch?v=TKCXDlGBjfA,
3263,NEW! Ep 3263 - Sunder As Tatya Tope! | Taarak Mehta Ka Ooltah Chashmah | TMKOC Comedy | तारक मेहता,https://www.youtube.com/watch?v=Gp7TVie9s28,Found,28 Sep 2021,6:13,,
3264,Taarak Mehta Ka Ooltah Chashmah-It's Jethalal's Turn -Ep 3264-Full Episode- 29th September  2021,https://www.youtube.com/watch?v=Y0lQQzpqf8U,Found,30 Nov 2021,20:21,,
3265,Taarak Mehta Ka Ooltah Chashmah-Sonu’s Amazing Suggestion-Ep 3265-Full Episode- 30th September  2021,https://www.youtube.com/watch?v=Ls35EkLS0GQ,Found,30 Nov 2021,20:25,https://www.youtube.com/watch?v=Z0L8PnfJ-nQ,
3266,Taarak Mehta Ka Ooltah Chashmah-तारक मेहता का उल्टा चश्मा-Ep 3266 - Full Episode -1 October  2021,https://www.youtube.com/watch?v=oWb9cLMdh_M,Found,23 Dec 2021,20:34,,https://www.youtube.com/watch?v=AxKHa0aWwCo
3267,Taarak Mehta Ka Ooltah Chashmah-तारक मेहता का उल्टा चश्मा- Ep 3267 - Full Episode-4 October  2021,https://www.youtube.com/watch?v=ex27kqYzMa0,Found,23 Dec 2021,20:41,,https://www.youtube.com/watch?v=KZ2-yvnhrTQ
3268,Taarak Mehta Ka Ooltah Chashmah - तारक मेहता - Ep 3268 - Full Episode - 5th  October  2021,https://www.youtube.com/watch?v=vsOz64FZ4yo,Found,23 Dec 2021,20:44,,
3269,Taarak Mehta Ka Ooltah Chashmah -  तारक मेहता- Ep 3269 - Full Episode - 6th  October  2021,https://www.youtube.com/watch?v=lJRF_12T-zs,Found,23 Dec 2021,19:38,https://www.youtube.com/watch?v=BYzLhCRKTv8,
3270,"Taarak Mehta Ka Ooltah Chashmah-Ep 3270 - Full Episode - Where Is Bhide's Money? - 7th October, 2021",https://www.youtube.com/watch?v=WPmvUB78DRc,Found,23 Dec 2021,20:27,https://www.youtube.com/watch?v=xqyVyba4PJg,
3271,Taarak Mehta Ka Ooltah Chashmah - Ep 3271 - Full Episode -Bhide Tests Tapu Sena - 8th  October  2021,https://www.youtube.com/watch?v=0k3IkHjCCrE,Found,23 Dec 2021,20:10,,
3272,Taarak Mehta Ka Ooltah Chashmah - Ep 3272 - Full Episode -Tapu Sena In Trouble - 9th  October  2021,https://www.youtube.com/watch?v=L5QplIMisEY,Found,23 Dec 2021,20:31,https://www.youtube.com/watch?v=_N0PpcB3eic,
3273,Taarak Mehta Ka Ooltah Chashmah - Ep 3273 - Full Episode - Tapu Sena’s New Idea - 11th October  2021,https://www.youtube.com/watch?v=8yfSF0ZVlQc,Found,23 Dec 2021,19:47,https://www.youtube.com/watch?v=Fbe8eDj8fEM,
3274,Taarak Mehta Ka Ooltah Chashmah - Ep 3274 -Full Episode - Will Tapu Sena Succeed?-12th October  2021,https://www.youtube.com/watch?v=z2IxqWHzlJg,Found,23 Dec 2021,21:00,,
3275,Taarak Mehta Ka Ooltah Chashmah -Ep 3275 -Full Episode - Abdul Follows Tapu Sena -13th October  2021,https://www.youtube.com/watch?v=9gQKJCCTAXo,Found,23 Dec 2021,21:09,https://www.youtube.com/watch?v=Vl6a17VCr98,
3276,Taarak Mehta Ka Ooltah Chashmah - Ep 3276 -Full Episode - Sonu Is Being Sent Away -14th October 2021,https://www.youtube.com/watch?v=rZz9mXyA3B0,Found,23 Dec 2021,21:13,,https://www.youtube.com/watch?v=e1JtqdzgZUo
3277,Taarak Mehta Ka Ooltah Chashmah - Ep 3277 -Full Episode -Dada Ji Helped Tapu Sena -15th October 2021,https://www.youtube.com/watch?v=ZOkVGxL05nU,Found,23 Dec 2021,20:40,,https://www.youtube.com/watch?v=5IhN94Vndj8
3278,Taarak Mehta Ka Ooltah Chashmah-Jethalal And Bhide Make Soda-Ep 3278-Full Episode-16th October  2021,https://www.youtube.com/watch?v=hZSlt3k0eN4,Found,23 Dec 2021,21:00,,https://www.youtube.com/watch?v=qyrr0o7JBbI
3279,Taarak Mehta Ka Ooltah Chashmah -Bhide Calls Jethalal-Ep 3279 - Full Episode - 18th October  2021,https://www.youtube.com/watch?v=3zxYxKjHQZI,Found,23 Dec 2021,19:29,,
3280,Taarak Mehta Ka Ooltah Chashmah -Ep 3280 -Full Episode - Secret Gift For Popatlal -19th October 2021,https://www.youtube.com/watch?v=D7hvfZAa6JA,Found,23 Dec 2021,20:07,,
3281,Taarak Mehta Ka Ooltah Chashmah -Ep 3281 -Full Episode - Secret Party Of The Men -20th October 2021,https://www.youtube.com/watch?v=JQoC6S0NGAc,Found,23 Dec 2021,20:52,,
3282,Taarak Mehta Ka Ooltah Chashmah - Jetha Gets A Bank Letter-Ep 3282 -Full Episode -21st  October 2021,https://www.youtube.com/watch?v=dfTCcAbXNEE,Found,23 Dec 2021,19:26,,
3283,Taarak Mehta Ka Ooltah Chashmah-Taarak Gets Tired Of His Boss-Ep 3283-Full Episode-22nd October 2021,https://www.youtube.com/watch?v=WX2s50D1pVA,Found,23 Dec 2021,21:00,,
3284,Taarak Mehta Ka Ooltah Chashmah - Taarak’s Resignation - Ep 3284 - Full Episode - 23rd  October 2021,https://www.youtube.com/watch?v=fw9tHSPJgh4,Found,23 Dec 2021,21:37,,https://www.youtube.com/watch?v=X_H6VrUXoH8
3285,Taarak Mehta Ka Ooltah Chashmah - Jethalal Is Angry - Ep 3285 - Full Episode - 25th  October 2021,https://www.youtube.com/watch?v=UGV3ZVQduoI,Found,23 Dec 2021,19:08,,
3286,Taarak Mehta Ka Ooltah Chashmah - Jethalal Calls Iyer For Help - Ep 3286-Full Episode-26th  Oct 2021,https://www.youtube.com/watch?v=X1V_YLXl1N4,Found,23 Dec 2021,19:51,,
3287,Taarak Mehta Ka Ooltah Chashmah - Iyer In Trouble -  Ep 3287 - Full Episode - 27th  October  2021,https://www.youtube.com/watch?v=d47fh-OfdVw,Found,23 Dec 2021,20:44,https://www.youtube.com/watch?v=Wy9xbUV-srw,
3288,Taarak Mehta Ka Ooltah Chashmah - Iyer Blames Jethalal - Ep 3288 - Full Episode - 28th October  2021,https://www.youtube.com/watch?v=QCY5RD20bhM,Found,23 Dec 2021,20:52,,
3289,Taarak Mehta Ka Ooltah Chashmah - Jethalal’s Plan - Ep 3289 - Full Episode - 29th   October  2021,https://www.youtube.com/watch?v=CoOQdNZcGJg,Found,23 Dec 2021,21:10,,
3290,Taarak Mehta Ka Ooltah Chashmah - Iyer’s Problem Solved - Ep 3290 -Full Episode -30 October 2021,https://www.youtube.com/watch?v=z17VHRBtdhE,Found,23 Dec 2021,20:11,,
3291,Taarak Mehta Ka Ooltah Chashmah - Angry Champaklal - Ep 3291 - Full Episode - 1st November  2021,https://www.youtube.com/watch?v=GaZhrvUYa14,Found,27 Jan 2022,20:57,https://www.youtube.com/watch?v=92H2h3PaqXk,
3292,Taarak Mehta Ka Ooltah Chashmah -No Diet Diwali - Ep 3292 - Full Episode - 2nd November 2021,https://www.youtube.com/watch?v=c5guRdFgJRs,Found,28 Jan 2022,20:32,https://www.youtube.com/watch?v=igLEuO17XYk,
3293,Taarak Mehta Ka Ooltah Chashmah -Ladies To The Rescue - Ep 3293 - Full Episode - 3rd November 2021,https://www.youtube.com/watch?v=vhPmqwtsFYE,Found,04 Feb 2022,19:21,,
3294,Taarak Mehta Ka Ooltah Chashmah - Madhavi Gets Angry - Ep 3294 - Full Episode - 4th November 2021,https://www.youtube.com/watch?v=FaLqnAZi62w,Found,04 Feb 2022,21:49,https://www.youtube.com/watch?v=THAoACyo8iI,
3295,Taarak Mehta Ka Ooltah Chashmah - Ep 3295 - Full Episode - 5th November  2021,https://www.youtube.com/watch?v=GUiRLfL9OE8,Found,16 Aug 2022,21:39,https://www.youtube.com/watch?v=REArhnR777A,
3296,Taarak Mehta Ka Ooltah Chashmah -Theft At Diwali Mela - Ep 3296 - Full Episode - 6th November 2021,https://www.youtube.com/watch?v=6tkyBkhmZb4,Found,04 Feb 2022,20:44,https://www.youtube.com/watch?v=0JmYh21Goqc,
3297,Taarak Mehta Ka Ooltah Chashmah - Has Daya Returned? - Ep 3297 - Full Episode - 8th November 2021,https://www.youtube.com/watch?v=oUeX2IRwzNM,Found,04 Feb 2022,21:10,https://www.youtube.com/watch?v=FFnCoiwc5hE,
3298,Taarak Mehta Ka Ooltah Chashmah -Taarak Eats Kachoris! - Ep 3298 - Full Episode - 9th November 2021,https://www.youtube.com/watch?v=s-Vfg5lqG_U,Found,04 Feb 2022,21:23,https://www.youtube.com/watch?v=UnSlDl5Er5k,
3299,'Kachori' Lover | Taarak Mehta Ka Ooltah Chashmah | Full Episode - 3299 | 11 June 2022,https://www.youtube.com/watch?v=jKTZo5uH6Vo,Found,04 Feb 2022,21:09,https://www.youtube.com/watch?v=jKTZo5uH6Vo,
3300,Taarak Mehta Ka Ooltah Chashmah - Jetha Teaches Googly Bowl - Ep 3300 - Full Episode - 11th November,https://www.youtube.com/watch?v=ILUbeNXG0gw,Found,04 Feb 2022,19:50,https://www.youtube.com/watch?v=XU02_iMMbi8,
3301,Taarak Mehta Ka Ooltah Chashmah - Iyer Slips - Ep 3301 - Full Episode - 12 November 2021,https://www.youtube.com/watch?v=PVhogZFwLio,Found,05 Feb 2022,21:01,https://www.youtube.com/watch?v=_OdXYVMhdIU,
3302,Taarak Mehta Ka Ooltah Chashma- Bhide's Duty As A Teacher - Ep 3302- Full Episode- 13 November 2021,https://www.youtube.com/watch?v=RonO3yxSbtQ,Found,05 Feb 2022,21:05,https://www.youtube.com/watch?v=xAI9EPtE_Tg,
3303,Taarak Mehta Ka Ooltah Chashma - Lenders At Bhide's Place  - Ep 3303 -Full Episode -15 November 2021,https://www.youtube.com/watch?v=iIB0GzNJcGw,Found,05 Feb 2022,20:15,https://www.youtube.com/watch?v=XT5uDs_1Y_Y,
3304,Taarak Mehta Ka Ooltah Chashma- Goons At Jetha's Godown - Ep 3304 - Full Episode - 16 November 2021,https://www.youtube.com/watch?v=XEaWUVydZGo,Found,05 Feb 2022,20:02,https://www.youtube.com/watch?v=sDS36Gu7BqU,
3305,Taarak Mehta Ka Ooltah Chashmah -Will Bagha's Idea Help? -Ep 3305 -Full Episode - 17 November 2021,https://www.youtube.com/watch?v=MLuF9fO5-Kw,Found,05 Feb 2022,19:52,https://www.youtube.com/watch?v=tWaKIB6jEQg,
3306,Taarak Mehta Ka Ooltah Chashmah-How Will Jetha Face Babita?-Ep 3306-Full Episode- 18 November 2021,https://www.youtube.com/watch?v=Xii0zN1Z0jM,Found,05 Feb 2022,20:02,https://www.youtube.com/watch?v=A2z2C8GTvhM,https://www.youtube.com/watch?v=n3oCON61WUs
3307,Taarak Mehta Ka Ooltah Chashmah-Babita Reaches Jetha's Godown-Ep 3307-Full Episode -19 November 2021,https://www.youtube.com/watch?v=DjyTQLNWdok,Found,05 Feb 2022,19:23,https://www.youtube.com/watch?v=MFWK4FVKeZY,
3308,Taarak Mehta Ka Ooltah Chashmah- Will Taarak Help His Friend?-Ep 3308-Full Episode -20 November 2021,https://www.youtube.com/watch?v=Y_3OOjpKOoc,Found,05 Feb 2022,20:01,,
3309,Taarak Mehta Ka Ooltah Chashmah- Mission- Ignore Jethalal- Ep 3309- Full Episode- 22 November 2021,https://www.youtube.com/watch?v=o9Nv3Wafw1Q,Found,05 Feb 2022,21:37,https://www.youtube.com/watch?v=zM9t5e7-Xi4,
3310,Taarak Mehta Ka Ooltah Chashmah- How Will Sodhi Help Jetha?- Ep 3310-Full Episode- 23 November 2021,https://www.youtube.com/watch?v=wPmm5oirXVQ,Found,05 Feb 2022,20:28,https://www.youtube.com/watch?v=C2LZ3pcA9Bs,
3311,Taarak Mehta Ka Ooltah Chashmah -Jethalal Has Been Arrested-Ep 3311-Full Episode -24 November 2021,https://www.youtube.com/watch?v=p1RxQ1rCi1M,Found,05 Feb 2022,19:51,https://www.youtube.com/watch?v=ySKDv5m1gC8,
3312,Taarak Mehta Ka Ooltah Chashmah -Who Made Pandey Ji Angry? -Ep 3312-Full Episode - 25 November 2021,https://www.youtube.com/watch?v=3EOK5zmWyZk,Found,05 Feb 2022,21:13,https://www.youtube.com/watch?v=gNxWIEcJzLY,
3313,Taarak Mehta Ka Ooltah Chashmah-Jetha Gets Babita's Phone! -Ep 3313-Full Episode - 26 November 2021,https://www.youtube.com/watch?v=CA0GjYpLFbM,Found,05 Feb 2022,20:09,https://www.youtube.com/watch?v=DnBnfzB2WbE,
3314,Taarak Mehta Ka Ooltah Chashmah - Jetha Gets A New Name! -Ep 3314 - Full Episode- 27 November 2021,https://www.youtube.com/watch?v=08Y4XmjojPw,Found,05 Feb 2022,20:05,https://www.youtube.com/watch?v=5wt7lZ3dVoc,https://www.youtube.com/watch?v=5SOSvH_5oIY
3315,Taarak Mehta Ka Ooltah Chashmah - Popatlal Gets A Shock -Ep 3315 - Full Episode- 28 November 2022,https://www.youtube.com/watch?v=xRLZo4QcqvY,Found,05 Feb 2022,20:53,https://www.youtube.com/watch?v=HNMVDUCn1UQ,https://www.youtube.com/watch?v=ZsVv7W38qLE
3316,Taarak Mehta Ka Ooltah Chashmah -Bhide Burns The Saree Ep 3316 - Full Episode - 30 November 2021,https://www.youtube.com/watch?v=h3EH164dIlk,Found,05 Feb 2022,20:09,https://www.youtube.com/watch?v=VTIcwWMImiY,
3317,NEW RELEASE | Taarak Mehta Ka Ooltah Chashmah-What Will Bhide Do Next?-Ep 3317 - Full EP -1 Dec 2021,https://www.youtube.com/watch?v=5CCvijTxI_w,Found,08 Mar 2022,20:08,https://www.youtube.com/watch?v=S30XIrqmg5M,
3318,NEW RELEASE | Taarak Mehta Ka Ooltah Chashmah -Taarak Gives An Idea! -Ep 3318 - Full EP - 2 Dec 2021,https://www.youtube.com/watch?v=7pqQUbWz5rE,Found,08 Mar 2022,20:13,https://www.youtube.com/watch?v=dup052cjOEw,
3319,NEW RELEASE | Taarak Mehta Ka Ooltah Chashmah - Is Sakharam Stolen? - Ep 3319 - Full EP - 3 Dec 2021,https://www.youtube.com/watch?v=24b5TzHWH24,Found,09 Mar 2022,18:23,https://www.youtube.com/watch?v=VqGhkD9lHiI,
3320,NEW RELEASE | Taarak Mehta Ka Ooltah Chashmah - Ep 3320 - Full EP - 4 Dec 2021,https://www.youtube.com/watch?v=mJxnrPyuf9Y,Found,09 Mar 2022,19:32,https://www.youtube.com/watch?v=-ZYrbUQTmDk,
3321,NEW RELEASE | Taarak Mehta Ka Ooltah Chashmah - Ep 3321 - Full EP - 6 Dec 2021,https://www.youtube.com/watch?v=bwCfF0bGkSg,Found,10 Mar 2022,20:23,https://www.youtube.com/watch?v=4rIw63zMcHc,
3322,NEW RELEASE | Taarak Mehta Ka Ooltah Chashmah - Ep 3322 - Full EP - 7 Dec 2021,https://www.youtube.com/watch?v=zltfulbfJ8g,Found,10 Mar 2022,21:54,,
3323,NEW RELEASE | Taarak Mehta Ka Ooltah Chashmah-Amitabh Ji Calls Asit Modi-Ep 3323-Full EP -8 Dec 2021,https://www.youtube.com/watch?v=iXQHFfB28oE,Found,11 Mar 2022,19:07,,https://www.youtube.com/watch?v=LAJcVtJPLQo
3324,NEW RELEASE | Taarak Mehta Ka Ooltah Chashmah - Asit Modi's Surprise - Ep 3324- Full EP - 9 Dec 2021,https://www.youtube.com/watch?v=veUFN5YkRDc,Found,11 Mar 2022,20:18,,
3325,NEW RELEASE |Taarak Mehta Ka Ooltah Chashmah-Gokhuldham Gets Invitation-Ep 3325 -Full EP-10 Dec 2021,https://www.youtube.com/watch?v=gF5EIL5wScM,Found,12 Mar 2022,20:18,,
3326,NEW RELEASE | Taarak Mehta Ka Ooltah Chashmah-Reminiscing The Day- Ep 3326-Full Episode- 11 Dec 2021,https://www.youtube.com/watch?v=hHxlZLCRY1o,Found,12 Mar 2022,20:04,,https://www.youtube.com/watch?v=KOFuhKQygdo
3327,NEW RELEASE | Taarak Mehta Ka Ooltah Chashmah-Call From Marriage Bureau-Ep 3327- Full EP-13 Dec 2021,https://www.youtube.com/watch?v=iq7wVd603CI,Found,13 Mar 2022,20:09,,
3328,NEW RELEASE | Taarak Mehta Ka Ooltah Chashmah - Proposals For Popatlal- Ep 3328- Full Ep-14 Dec 2021,https://www.youtube.com/watch?v=D2Jql5zblhk,Found,13 Mar 2022,19:59,https://www.youtube.com/watch?v=8u0BUwejWEU,
3329,NEW! Ep 3329 - Taarak Mehta Ka Ooltah Chashmah - Full Episode | तारक मेहता का उल्टा चश्मा,https://www.youtube.com/watch?v=Yudc5Iy7Cbg,Found,08 Nov 2022,21:35,https://www.youtube.com/watch?v=6iAcGaEmdRA,
3330,NEW RELEASE -Taarak Mehta Ka Ooltah Chashmah-Will Popatlal Regret? Ep 3330-Full Episode-16 Dec 2021,https://www.youtube.com/watch?v=eG-57eMbFp0,Found,14 Mar 2022,18:11,,
3331,NEW RELEASE-Taarak Mehta Ka Ooltah Chashmah- Will Popatlal Get Exposed? Ep 3331- Full EP-17 Dec 2021,https://www.youtube.com/watch?v=4svaE2yt5rc,Found,15 Mar 2022,21:04,,
3332,NEW RELEASE-Taarak Mehta Ka Ooltah Chashmah - Popatlal Is Upset - Ep 3332 -Full Episode-18 Dec 2021,https://www.youtube.com/watch?v=acXRNiQ2Uk0,Found,15 Mar 2022,19:28,,
3333,NEW RELEASE-Taarak Mehta Ka Ooltah Chashmah - Popatlal Gets Irritated -Ep 3333 -Full EP-20 Dec 2021,https://www.youtube.com/watch?v=Q_6BN5HNTAI,Found,16 Mar 2022,19:45,https://www.youtube.com/watch?v=chpxKUEYiyg,
3334,NEW RELEASE-Taarak Mehta Ka Ooltah Chashmah-Vastu Expert At Gokuldham-Ep 3334-Full EP-21 Dec 2021,https://www.youtube.com/watch?v=sKhSLDONbQw,Found,16 Mar 2022,21:43,,
3335,NEW RELEASE | Problems In Popatlal’s Marriage | Taarak Mehta - Ep 3335 | Full Episode | 22 Dec 2021,https://www.youtube.com/watch?v=rXJnOP7Yzyw,Found,17 Mar 2022,21:36,,
3336,NEW RELEASE | Bapuji Gets Angry - Taarak Mehta Ka Ooltah Chashmah - Ep 3336 - Full EP - 23 Dec 2021,https://www.youtube.com/watch?v=catIYtapCcU,Found,17 Mar 2022,18:54,https://www.youtube.com/watch?v=oRMByCy2nTM,
3337,NEW RELEASE | Popatlal Vs Sakharam -Taarak Mehta Ka Ooltah Chashmah - Ep 3337- Full EP - 24 Dec 2021,https://www.youtube.com/watch?v=5apeE_ZrC4M,Found,18 Mar 2022,20:22,https://www.youtube.com/watch?v=FnTjZASOsy0,
3338,NEW RELEASE | Will Taarak Succeed? -Taarak Mehta Ka Ooltah Chashmah- Ep 3338 - Full EP - 25 Dec 2021,https://www.youtube.com/watch?v=kG3b1gHfOI8,Found,18 Mar 2022,21:39,https://www.youtube.com/watch?v=SuJ3Tvu4b74,
3339,NEW RELEASE | Goli Helps Anjali - Taarak Mehta Ka Ooltah Chashmah - Ep 3339 - Full EP - 27 Dec 2021,https://www.youtube.com/watch?v=cUrHnJ2mMO4,Found,19 Mar 2022,20:37,https://www.youtube.com/watch?v=XnuInOLQR50,
3340,NEW RELEASE |Taarak's Strict Diet Plan-Taarak Mehta Ka Ooltah Chashmah -Ep 3340 -Full EP-28 Dec 2021,https://www.youtube.com/watch?v=rR3kc42Mnms,Found,19 Mar 2022,19:54,https://www.youtube.com/watch?v=0xWVUqoBI7A,
3341,NEW RELEASE | Surprise For Taarak -Taarak Mehta Ka Ooltah Chashmah - Ep 3341 - Full EP - 29 Dec 2021,https://www.youtube.com/watch?v=5fkw7s75Qu4,Found,20 Mar 2022,21:56,https://www.youtube.com/watch?v=bj4Rw8-QwWk,
3342,NEW RELEASE| Bitter Gourd As Surprise| Taarak Mehta Ka Ooltah Chashmah-Ep 3342 -Full EP -30 Dec 2021,https://www.youtube.com/watch?v=zUBmNrmX1hc,Found,20 Mar 2022,19:12,https://www.youtube.com/watch?v=6eQir9eUhZU,
3343,NEW RELEASE |Taarak Accuses His Peon -Taarak Mehta Ka Ooltah Chashmah -Ep 3343 -Full EP -31 Dec 2021,https://www.youtube.com/watch?v=s2Da42RLG2c,Found,21 Mar 2022,21:39,https://www.youtube.com/watch?v=LxcQSJyezL4,
3344,NEW RELEASE -Taarak Calls Sodhi For Help-Taarak Mehta Ka Ooltah Chashmah-Ep 3344- Full EP-1 Jan 2022,https://www.youtube.com/watch?v=_mBHc-PUpYg,Found,22 Mar 2022,20:59,https://www.youtube.com/watch?v=L6OSlXvAGdw,
3345,NEW RELEASE - Taarak Is Missing! - Taarak Mehta Ka Ooltah Chashmah - Ep 3345 - Full EP - 3 Jan 2022,https://www.youtube.com/watch?v=Vsmrub2J-ys,Found,22 Mar 2022,20:03,https://www.youtube.com/watch?v=UlW7plycu8w,
3346,NEW RELEASE |Taarak Narrates The Incident-Taarak Mehta Ka Ooltah Chashmah-Ep 3346-Full EP-4 Jan 2022,https://www.youtube.com/watch?v=SmM6eRaVLeo,Found,23 Mar 2022,19:01,https://www.youtube.com/watch?v=gZMBjcHjyTc,
3347,NEW RELEASE | A Scary Story - Taarak Mehta Ka Ooltah Chashmah- Ep 3347- Full Episode- 5 Jan 2022,https://www.youtube.com/watch?v=jg0r3wleR-M,Found,23 Mar 2022,19:58,https://www.youtube.com/watch?v=xsLknyFRr0M,
3348,"NEW RELEASE | The Ghost Of ""Karela"" - Taarak Mehta Ka Ooltah Chashmah-Ep 3348-Full EP- 6 Jan 2022",https://www.youtube.com/watch?v=NgsnZ70c2X0,Found,24 Mar 2022,20:13,https://www.youtube.com/watch?v=ogiN5noTBA8,
3349,NEW RELEASE |Tapu Tries To Incite Taarak- Taarak Mehta Ka Ooltah Chashmah-Ep 3349-Full EP-7 Jan 2022,https://www.youtube.com/watch?v=scd5mvTEt6Y,Found,24 Mar 2022,20:53,https://www.youtube.com/watch?v=KPo7nTllLkg,https://www.youtube.com/watch?v=Qv5s8N6sYEU
3350,'Karele Ka Bhoot' -Taarak Mehta Ka Ooltah Chashmah - Ep 3350- Full Episode - 8 Jan 2022,https://www.youtube.com/watch?v=10_O_q501NQ,Found,25 Mar 2022,20:51,https://www.youtube.com/watch?v=JmRnRyWSD6E,
3351,NEW RELEASE| Taarak Gets Possessed -Taarak Mehta Ka Ooltah Chashmah-Ep 3351-Full Episode-10 Jan 2022,https://www.youtube.com/watch?v=UBDVdqYBaho,Found,25 Mar 2022,20:20,https://www.youtube.com/watch?v=uM8yh_KPlAA,
3352,NEW RELEASE |Taarak Throws Bitter Gourds-Taarak Mehta Ka Ooltah Chashmah-Ep 3352-Full EP-11 Jan 2022,https://www.youtube.com/watch?v=5fTDWbBOyQk,Found,26 Mar 2022,21:18,https://www.youtube.com/watch?v=9vQLdA2OFtg,
3353,NEW RELEASE |Madhavi Suggests A Plan-Taarak Mehta Ka Ooltah Chashmah-Ep 3353-Full EP-12 Jan 2022,https://www.youtube.com/watch?v=WjcM672Ldu4,Found,26 Mar 2022,20:42,https://www.youtube.com/watch?v=g3y6nC0JXPE,https://www.youtube.com/watch?v=2aXalSwNBw8
3354,NEW RELEASE|Bapuji Runs From Karela Ghost-Taarak Mehta Ka Ooltah Chashmah-Ep 3354-Full EP13 Jan 2022,https://www.youtube.com/watch?v=njWlAWpDmDY,Found,27 Mar 2022,20:16,https://www.youtube.com/watch?v=TxuOTp-2rPc,https://www.youtube.com/watch?v=5AfHBt2-Taw
3355,NEW RELEASE | Anjali Brings Taarak - Taarak Mehta Ka Ooltah Chashmah - Ep 3355 - Full EP-14 Jan 2022,https://www.youtube.com/watch?v=k5nKJ5cjviI,Found,27 Mar 2022,21:54,https://www.youtube.com/watch?v=bPFmw8EKsaQ,
3356,NEW RELEASE | Baba Exorcises Taarak -Taarak Mehta Ka Ooltah Chashmah - Ep 3356-Full EP- 15 Jan 2022,https://www.youtube.com/watch?v=ODlzddka5Nw,Found,28 Mar 2022,20:14,https://www.youtube.com/watch?v=4AE0StsQf9I,
3357,NEW! Ep 3357 - Taarak Mehta Ka Ooltah Chashmah - Full Episode | तारक मेहता का उल्टा चश्मा,https://www.youtube.com/watch?v=w1g0I85-X4E,Found,14 Nov 2022,21:53,https://www.youtube.com/watch?v=H9IMG5NFYTM,
3358,NEW RELEASE|Will Taarak Reveal The Truth?Taarak Mehta Ka Ooltah Chashmah-Ep 3358-Full EP-18 Jan 2022,https://www.youtube.com/watch?v=Jxk7NmvwixE,Found,29 Mar 2022,21:11,https://www.youtube.com/watch?v=hE65YTX_gpc,https://www.youtube.com/watch?v=puhIsnsPXts
3359,NEW RELEASE |The Exorcism Of Taarak-Taarak Mehta Ka Ooltah Chashmah- Ep 3359- Full EP- 19 Jan 2022,https://www.youtube.com/watch?v=_ZR806Wc44U,Found,29 Mar 2022,20:29,https://www.youtube.com/watch?v=Fa6MHjnS-NM,
3360,NEW RELEASE | Is Taarak Forgiven? -Taarak Mehta Ka Ooltah Chashmah-Ep 3360- Full EP- 20 Jan 2022,https://www.youtube.com/watch?v=isRJv5wrcow,Found,30 Mar 2022,21:34,https://www.youtube.com/watch?v=vbGoX4e4zKI,
3361,NEW RELEASE| Order For Gada Electronics-Taarak Mehta Ka Ooltah Chashmah-Ep 3361-Full EP- 21 Jan 2022,https://www.youtube.com/watch?v=stJM8KvTBWM,Found,30 Mar 2022,21:03,https://www.youtube.com/watch?v=6Xz4fH0Aa6U,
3362,NEW RELEASE |Big Day For Jethalal - Taarak Mehta Ka Ooltah Chashmah - Ep 3362 -Full EP - 22 Jan 2022,https://www.youtube.com/watch?v=OClGlMQoUcE,Found,31 Mar 2022,20:40,https://www.youtube.com/watch?v=O0KhWoZGkyI,
3363,NEW RELEASE| Hassle For The Keys - Taarak Mehta Ka Ooltah Chashmah - Ep 3363 - Full EP - 24 Jan 2022,https://www.youtube.com/watch?v=ZNiwUOimC3Y,Found,31 Mar 2022,20:08,https://www.youtube.com/watch?v=Vm-rqsXreaU,
3364,NEW Episode | Will Jetha Get The Keys On Time?-Taarak Mehta Ka Ooltah Chashmah- Ep 3364-Full Episode,https://www.youtube.com/watch?v=itsyy7mdqo0,Found,09 May 2022,21:04,https://www.youtube.com/watch?v=I_MPfuS7R9I,
3365,NEW Episode | Will Bagha Get The Keys On Time?-Taarak Mehta Ka Ooltah Chashmah-Ep 3365- Full Episode,https://www.youtube.com/watch?v=kCg7MmoGotw,Found,09 May 2022,20:22,https://www.youtube.com/watch?v=Xtr9aGj1KoQ,https://www.youtube.com/watch?v=mK9VyzgZDAk
3366,NEW Episode | Champaklal Is Missing-Taarak Mehta Ka Ooltah Chashmah-Ep 3366-Full Episode-27 Jan 2022,https://www.youtube.com/watch?v=HGl0KbuEPis,Found,10 May 2022,20:41,https://www.youtube.com/watch?v=oVVwntS987Y,
3367,NEW Episode |Kahan Kho Gaye Bapuji?-Taarak Mehta Ka Ooltah Chashmah-Ep 3367-Full Episode-28 Jan 2022,https://www.youtube.com/watch?v=QFvhPztZ0C8,Found,10 May 2022,21:25,https://www.youtube.com/watch?v=QzEqwg_5MAg,
3368,NEW Episode |Do Tapu & Sonu Make A Good Couple?-Taarak Mehta Ka Ooltah Chashmah-Ep 3368-Full Episode,https://www.youtube.com/watch?v=V2nXV_bkFcA,Found,11 May 2022,20:29,https://www.youtube.com/watch?v=hxDYDCI7GWU,https://www.youtube.com/watch?v=5ETxxaP3ts4
3369,NEW Episode | A New Trouble For Jetha - Taarak Mehta Ka Ooltah Chashmah - Ep 3369 - Full Episode,https://www.youtube.com/watch?v=mfAJXU38cDQ,Found,11 May 2022,19:46,https://www.youtube.com/watch?v=4_FIdoJPpGs,
3370,NEW Episode | Babita Visits Jetha's House - Taarak Mehta Ka Ooltah Chashmah - Ep 3370 - Full Episode,https://www.youtube.com/watch?v=BSD5BlyVm-I,Found,12 May 2022,20:18,https://www.youtube.com/watch?v=FfVNZumFdpQ,
3371,NEW Episode| Why Did Bagha Lie To Jetha? - Taarak Mehta Ka Ooltah Chashmah - Ep 3371 - Full Episode,https://www.youtube.com/watch?v=IXBuOUbBziM,Found,12 May 2022,20:48,https://www.youtube.com/watch?v=WQeOsn2JidQ,
3372,NEW Episode |Will Jetha Agree To The Condition?-Taarak Mehta Ka Ooltah Chashmah-Ep 3372-Full Episode,https://www.youtube.com/watch?v=7xpb21q53A0,Found,13 May 2022,20:57,https://www.youtube.com/watch?v=ImZgYf6ulgA,
3373,NEW Episode | Jetha Gets The Deal-Taarak Mehta Ka Ooltah Chashmah-Ep 3373- Full Episode- 4 Feb 2022,https://www.youtube.com/watch?v=aXx_AhhNjGc,Found,13 May 2022,20:39,https://www.youtube.com/watch?v=akwZn4JiSfo,
3374,NEW Episode- Bhide Gets Jetha Flowers-Taarak Mehta Ka Ooltah Chashmah-Ep 3374-Full Episode-5 Feb2022,https://www.youtube.com/watch?v=ZYxQsX2t_a4,Found,14 May 2022,20:14,,
3375,NEW Episode|Who Will Ask the Wives?-Taarak Mehta Ka Ooltah Chashmah-Ep 3375-Full EP-7Feb 2022,https://www.youtube.com/watch?v=UvIY9vqP2_E,Found,14 May 2022,21:13,https://www.youtube.com/watch?v=_ooSbLO-U6g,
3376,"NEW Episode-Will The ""Party"" Plan Succeed?-Taarak Mehta Ka Ooltah Chashmah-Ep 3376-Full Ep-8 Feb2022",https://www.youtube.com/watch?v=ZiWO70D11oI,Found,15 May 2022,21:26,https://www.youtube.com/watch?v=HMf2mOo19EE,
3377,NEW Episode | Jetha's Successful Plan - Taarak Mehta Ka Ooltah Chashmah - Ep 3377 - Full Episode,https://www.youtube.com/watch?v=oYp1vB9xN9U,Found,15 May 2022,20:49,https://www.youtube.com/watch?v=0Y8FbupPRwg,
3378,NEW Episode | Will The Plan Get Cancelled? -Taarak Mehta Ka Ooltah Chashmah - Ep 3378 - Full Episode,https://www.youtube.com/watch?v=NU0EHe-uEfI,Found,16 May 2022,20:19,https://www.youtube.com/watch?v=DdjYHAnDDf8,
3379,NEW Episode| Everyone Is All Set For Party-Taarak Mehta Ka Ooltah Chashmah-Ep 3379-Full Episode,https://www.youtube.com/watch?v=wpK3sHpwCas,Found,16 May 2022,20:10,https://www.youtube.com/watch?v=xWuDGYRAjq4,
3380,NEW Episode | Will Jetha's Lie Get Caught? -Taarak Mehta Ka Ooltah Chashmah - Ep 3380 - Full Episode,https://www.youtube.com/watch?v=vXKnXhHh9F4,Found,17 May 2022,20:55,https://www.youtube.com/watch?v=XWKkWoYgvZg,
3381,NEW Episode | Announcement From Mahila Mandal-Taarak Mehta Ka Ooltah Chashmah-Ep 3381-Full Episode,https://www.youtube.com/watch?v=Myk7v1tVEV8,Found,17 May 2022,19:37,https://www.youtube.com/watch?v=yxHkR1TlERM,
3382,NEW Episode |Jetha Drops The Bottle-Taarak Mehta Ka Ooltah Chashmah-Ep 3382-Full Episode-15 Feb 2022,https://www.youtube.com/watch?v=j4zLskFeb7g,Found,18 May 2022,19:45,https://www.youtube.com/watch?v=5J3msYhKa_E,
3383,NEW Episode |Will The Men Be Able To Celebrate?-Taarak Mehta Ka Ooltah Chashmah-Ep 3383-Full Episode,https://www.youtube.com/watch?v=Wsn_EmauBR4,Found,18 May 2022,19:48,https://www.youtube.com/watch?v=1jtk3gZSOwc,
3384,NEW Episode | The Police Spills The Liquor -Taarak Mehta Ka Ooltah Chashmah-Ep 3384-Full Episode,https://www.youtube.com/watch?v=d7tU8Q94dZA,Found,19 May 2022,19:45,https://www.youtube.com/watch?v=tpPgc29Fcr4,
3385,NEW! Ep 3385 - Taarak Mehta Ka Ooltah Chashmah - Full Episode,https://www.youtube.com/watch?v=S2udpVK_PY4,Found,19 May 2022,21:56,https://www.youtube.com/watch?v=y9wqD46ACBE,
3386,NEW Episode | Popat Throws Water On Bhide  -Taarak Mehta Ka Ooltah Chashmah-Ep 3386-Full Episode,https://www.youtube.com/watch?v=YhD_PwpCXyI,Found,20 May 2022,20:45,https://www.youtube.com/watch?v=Hj1-VuBt5_g,https://www.youtube.com/watch?v=Mx8Gpq3xU2I
3387,NEW Episode | Bhide Comes To Help Popat -Taarak Mehta Ka Ooltah Chashmah-Ep 3387-Full Episode,https://www.youtube.com/watch?v=gaU3jOxz1Gs,Found,20 May 2022,20:51,https://www.youtube.com/watch?v=KAYTOreSWg4,https://www.youtube.com/watch?v=Mx8Gpq3xU2I
3388,NEW Epiosde | Goli Helps The Kitty-Taarak Mehta Ka Ooltah Chashmah- Ep 3388-Full Episode-22 Feb 2022,https://www.youtube.com/watch?v=ObqDZzz57Sc,Found,21 May 2022,20:19,,
3389,NEW Episode | Tapu Denies Having A Cat -Taarak Mehta Ka Ooltah Chashmah - Ep 3389 -Full Episode,https://www.youtube.com/watch?v=xviP1dxOPsU,Found,21 May 2022,20:34,,https://www.youtube.com/watch?v=C21YyeOp5d0
3390,NEW Episode |Who Will Keep The Cat?-Taarak Mehta Ka Ooltah Chashmah-Ep 3390-Full Episode-24 Feb 2022,https://www.youtube.com/watch?v=SEbkmTMEjQ4,Found,22 May 2022,20:11,,https://www.youtube.com/watch?v=S7yVfHnwEIc
3391,NEW Episode | The Cat Tears Sakharam's Seat -Taarak Mehta Ka Ooltah Chashmah - Ep 3391 -Full Episode,https://www.youtube.com/watch?v=g2zFplB-EpE,Found,22 May 2022,19:33,,
3392,NEW Episode | Tapu's Plan - Taarak Mehta Ka Ooltah Chashmah - Ep 3392 - Full Episode - 26 Feb 2022,https://www.youtube.com/watch?v=NLVGZD4ys0w,Found,23 May 2022,20:46,https://www.youtube.com/watch?v=GxjRuqCj9tU,https://www.youtube.com/watch?v=W-PqWkieBlM
3393,NEW Episode | What’s In The Box? - Taarak Mehta Ka Ooltah Chashmah-Ep 3393-Full Episode -28 Feb 2022,https://www.youtube.com/watch?v=ltyPbHhrBm8,Found,23 May 2022,21:01,,https://www.youtube.com/watch?v=Gp2XZ7PKTn0
3394,NEW RELEASE| Why Is Bhide Angry With Tapu?Taarak Mehta Ka Ooltah Chashmah-Ep 3394-Full Ep 1 Mar 2022,https://www.youtube.com/watch?v=GOvtbHNfbDs,Found,01 Jun 2022,20:48,,
3395,NEW RELEASE| A Marriage Proposal -Taarak Mehta Ka Ooltah Chashmah-Ep 3395-Full Ep- 2 Mar 2022,https://www.youtube.com/watch?v=6UtZpCwuOic,Found,02 Jun 2022,20:12,,
3396,NEW RELEASE | Popatlal Gets Furious- Taarak Mehta Ka Ooltah Chashmah- Ep 3396 -Full Ep- 3 Mar 2022,https://www.youtube.com/watch?v=JM732Ml0YCA,Found,03 Jun 2022,20:44,,
3397,NEW RELEASE | Bhide's Resignation-Taarak Mehta Ka Ooltah Chashmah- Ep 3397-Full Ep- 4 Mar 2022,https://www.youtube.com/watch?v=lwaxtdaiYIw,Found,04 Jun 2022,20:45,,
3398,NEW RELEASE| Champaklal Comes To Aid- Taarak Mehta Ka Ooltah Chashmah- Ep 3398 - FE- 5 March 2022,https://www.youtube.com/watch?v=u0BpzUvzkGY,Found,05 Jun 2022,20:46,,
3399,NEW RELEASE | Goli Sees A Scary Dream- Taarak Mehta Ka Ooltah Chashmah-Ep 3399-Full EP-7 March 2022,https://www.youtube.com/watch?v=fnIBQPGcCNg,Found,06 Jun 2022,20:02,,
3400,NEW RELEASE | Bhide Is In search Of PomPom- Taarak Mehta Ka Ooltah Chashmah- Ep 3400 -FE-8 Mar 2022,https://www.youtube.com/watch?v=p7ZXxthqvoA,Found,07 Jun 2022,20:58,,
3401,NEW RELEASE | Will The Cat Be Caught? - Taarak Mehta Ka Ooltah Chashmah - Ep 3401 - FE - 9 Mar 2022,https://www.youtube.com/watch?v=1tY3hUN6sWs,Found,08 Jun 2022,20:24,,
3402,NEW RELEASE |Jetha's Trust Issues-Taarak Mehta Ka Ooltah Chashmah-Ep 3402-Full Episode-10 March 2022,https://www.youtube.com/watch?v=81CKCvhWiGY,Found,09 Jun 2022,20:38,,
3403,NEW Release | Taarak Is Shocked-Taarak Mehta Ka Ooltah Chashmah-Ep 3403- Full Episode- 11 March 2022,https://www.youtube.com/watch?v=AodRM7VTcY8,Found,10 Jun 2022,19:12,,
3404,NEW RELEASE | Bhide's Reaction- Taarak Mehta Ka Ooltah Chashmah-Ep 3404- Full Episode- 12 March 2022,https://www.youtube.com/watch?v=o8OAeBkZ9EU,Found,11 Jun 2022,21:01,,
3405,Pom Pom Is In Danger- Taarak Mehta Ka Ooltah Chashmah- Ep 3405 - Full Episode- 14 March 2022,https://www.youtube.com/watch?v=IVybfl2960M,Found,12 Jun 2022,20:49,,
3406,NEW RELEASE | Popatlal Bought Flowers -Taarak Mehta Ka Ooltah Chashmah-Ep 3406-FE-15 Mar 2022,https://www.youtube.com/watch?v=JW0JkN4729I,Found,13 Jun 2022,19:12,,
3407,NEW RELEASE | Bapuji Is Frightened Of Cat-Taarak Mehta Ka Ooltah Chashmah-Ep 3407-FE-16 March 2022,https://www.youtube.com/watch?v=7XCEugMFrLw,Found,16 Jun 2022,20:47,,
3408,NEW RELEASE | Popatlal Takes An Oath -Taarak Mehta Ka Ooltah Chashmah-Ep 3408-FE -17 March 2022,https://www.youtube.com/watch?v=NkLROdLLsro,Found,15 Jun 2022,20:39,,https://www.youtube.com/watch?v=9UFgQqpFz2s
3409,NEW RELEASE | Bapuji Is Frightened Of Cat-Taarak Mehta Ka Ooltah Chashmah-Ep 3409-FE-18 March 2022,https://www.youtube.com/watch?v=wzE8nz8jzuo,Found,16 Jun 2022,20:00,,https://www.youtube.com/watch?v=IfoAWBo9YBU
3410,NEW RELEASE | Pom Pom Finds Her Home -Taarak Mehta Ka Ooltah Chashmah-Ep 3410-FE-19 March 2022,https://www.youtube.com/watch?v=bV29skr9ZjM,Found,17 Jun 2022,20:38,,
3411,NEW RELEASE | Bhide's Response - Taarak Mehta Ka Ooltah Chashmah - Ep 3411 Full Episode -21 Mar 2022,https://www.youtube.com/watch?v=vT74Z-Zxzto,Found,18 Jun 2022,20:53,,https://www.youtube.com/watch?v=RK87k3V3GV0
3412,NEW RELEASE | Sodhi Is Afraid Of Roshan-Taarak Mehta Ka Ooltah Chashmah-Ep 3412-Full EP-22 Mar 2022,https://www.youtube.com/watch?v=I_nI4ISDY4I,Found,19 Jun 2022,21:07,,
3413,NEW RELEASE | Will Bapuji Share His Secret? -Taarak Mehta Ka Ooltah Chashmah-Ep 3413- FE- 23 Mar2022,https://www.youtube.com/watch?v=Xol2RBI847s,Found,20 Jun 2022,21:39,,
3414,NEW RELEASE | Jethalal Gets An Order -Taarak Mehta Ka Ooltah Chashmah-Ep 3414-FE-24 Mar 2022,https://www.youtube.com/watch?v=8iqJrFMRYgQ,Found,21 Jun 2022,20:21,,
3415,NEW RELEASE |Jetha And Bapuji's Argument-Taarak Mehta Ka Ooltah Chashmah-Ep 3415-Full EP-25 Mar 2022,https://www.youtube.com/watch?v=DcVnkbq1sb0,Found,22 Jun 2022,20:35,,
3416,NEW RELEASE | 'Kulfi' Party At Gokhuldham -Taarak Mehta Ka Ooltah Chashmah-Ep 3416-FE-26 Mar 2022,https://www.youtube.com/watch?v=pWRF845rklc,Found,23 Jun 2022,19:33,,
3417,NEW RELEASE | Jethalal Questions Sodhi -Taarak Mehta Ka Ooltah Chashmah-Ep 3417-FE-28 Mar 2022,https://www.youtube.com/watch?v=vAfBukvO66Y,Found,24 Jun 2022,20:06,,
3418,NEW RELEASE | Why Is Sodhi Asked To Apologize? -Taarak Mehta Ka Ooltah Chashmah-Ep3418-FE-29 Mar2022,https://www.youtube.com/watch?v=U9Iy-wcP4dA,Found,25 Jun 2022,20:04,,
3419,NEW RELEASE | Bhide Cleans Sakharam -Taarak Mehta Ka Ooltah Chashmah-Ep 3419-FE-30 Mar 2022,https://www.youtube.com/watch?v=raa7OzHYniI,Found,20 Aug 2022,20:42,,
3420,NEW RELEASE | The Obedient Sons Of Gokuldham-Taarak Mehta Ka Ooltah Chashmah-Ep 3420-FE-31 Mar 2022,https://www.youtube.com/watch?v=KT7493rlzaY,Found,27 Jun 2022,20:54,,https://www.youtube.com/watch?v=34pygLRZy0Q
3421,Popu And Sodhi Chase Bapuji-Taarak Mehta Ka Ooltah Chashmah-Ep 3421-Full Episode-1 April 2022,https://www.youtube.com/watch?v=IJDbsn5Kzms,Found,06 Jul 2022,20:40,,
3422,Will Popu Know About Bapuji's Intent?-Taarak Mehta Ka Ooltah Chashmah-Ep 3422-Full EP-2 April 2022,https://www.youtube.com/watch?v=6-fdv7Uk2JU,Found,07 Jul 2022,20:40,,
3423,Popatlal Reveals The Truth - Taarak Mehta Ka Ooltah Chashmah - Ep 3423 - Full Episode - 4 April 2022,https://www.youtube.com/watch?v=Tl4jmNCgCj8,Found,20 Aug 2022,19:35,,
3424,Jethalal Is Back - Taarak Mehta Ka Ooltah Chashmah - Ep 3424 - Full EP - 5 April 2022,https://www.youtube.com/watch?v=e0ZG9GzwyKU,Found,09 Jul 2022,20:42,,
3425,What Happened To Bapuji? - Taarak Mehta Ka Ooltah Chashmah - Ep 3425 - Full EP - 6 April 2022,https://www.youtube.com/watch?v=ci5P_nLCv6g,Found,10 Jul 2022,20:59,,
3426,Jethalal's Shocking Reaction  - Taarak Mehta Ka Ooltah Chashmah - Ep 3426 - Full EP - 7 April 2022,https://www.youtube.com/watch?v=pWOsxNYbRes,Found,11 Jul 2022,21:15,,
3427,Bapuji In Anger  - Taarak Mehta Ka Ooltah Chashmah - Ep 3427 - Full EP - 8 April 2022,https://www.youtube.com/watch?v=aI-Uh32a0Yw,Found,12 Jul 2022,19:04,,
3428,Sodhi's Technique - Taarak Mehta Ka Ooltah Chashmah - Ep 3428  - Full Episode - 9 April 2022,https://www.youtube.com/watch?v=AfzOLPZlqf4,Found,13 Jul 2022,19:12,,https://www.youtube.com/watch?v=FiM_8bTB6rg
3429,Champaklal's Contribution - Taarak Mehta Ka Ooltah Chashmah - Ep 3429 - Full Episode - 11 April 2022,https://www.youtube.com/watch?v=3o6PdiBCsds,Found,14 Jul 2022,19:07,,
3430,Baapu Ji Gets The Liquor Bottle- Taarak Mehta Ka Ooltah Chashmah- Ep 3430 - Full EP - 12 April 2022,https://www.youtube.com/watch?v=vkQIoC9W5HY,Found,20 Aug 2022,19:36,,
3431,Champaklal Gets Angry On Sodhi - Taarak Mehta Ka Ooltah Chashmah- Ep 3431 - Full EP - 13 April 2022,https://www.youtube.com/watch?v=xdquz9ZiXr4,Found,14 Jul 2022,20:01,,
3432,Jethalal Feels Sorry - Taarak Mehta Ka Ooltah Chashmah- Ep 3432 - Full EP - 14 April 2022,https://www.youtube.com/watch?v=suYTywes6Fk,Found,15 Jul 2022,20:28,,https://www.youtube.com/watch?v=XqIpxJ9mCj8
3433,Jetha Narrates The Incident- Taarak Mehta Ka Ooltah Chashmah- Ep 3433 - Full EP - 15 April 2022,https://www.youtube.com/watch?v=91RtNfSDclc,Found,15 Jul 2022,20:00,,
3434,Jethalal's Misconception - Taarak Mehta Ka Ooltah Chashmah- Ep 3434 - Full EP - 16 April 2022,https://www.youtube.com/watch?v=tay6MvjZEuU,Found,16 Jul 2022,20:27,,https://www.youtube.com/watch?v=W0KljaGaZkE
3435,Madhvi Is Confused - Taarak Mehta Ka Ooltah Chashmah- Ep 3435 - Full EP - 18 April 2022,https://www.youtube.com/watch?v=Msujdj6qT_8,Found,16 Jul 2022,20:48,https://www.youtube.com/watch?v=6fPj0bmMeYw,https://www.youtube.com/watch?v=81Q9DrohlLI
3436,Bhide's Sargam Orchestra  - Taarak Mehta Ka Ooltah Chashmah- Ep 3436 - Full EP - 19 April 2022,https://www.youtube.com/watch?v=NX0dPHSwVrM,Found,17 Jul 2022,19:35,,https://www.youtube.com/watch?v=z6FiwTN8SeQ
3437,Bhide's Tape Recorder Is Repaired- Taarak Mehta Ka Ooltah Chashmah- Ep 3437 - Full EP -20 April 2022,https://www.youtube.com/watch?v=pdOaNzuk6eE,Found,17 Jul 2022,19:40,,
3438,Jethalal And Iyer's Argument- Taarak Mehta Ka Ooltah Chashmah- Ep 3438 - Full EP -21 April 2022,https://www.youtube.com/watch?v=RhcmzyuIniA,Found,18 Jul 2022,17:46,,https://www.youtube.com/watch?v=95X5K3ZVpck
3439,Popatlal Remembers Md.Rafi -Taarak Mehta Ka Ooltah Chashma -Ep 3439- Full Episode-22 Apr 2022,https://www.youtube.com/watch?v=1w-LudEu5U4,Found,18 Jul 2022,12:26,,
3440,Remembering The Good Old Days -Taarak Mehta Ka Ooltah Chashma -Ep 3440- Full Episode-23Apr 2022,https://www.youtube.com/watch?v=EuDgmySIccA,Found,19 Jul 2022,9:21,,
3441,Bhide's Connection With Sargam- Taarak Mehta Ka Ooltah Chashmah- Ep 3441 - Full EP -25 April 2022,https://www.youtube.com/watch?v=mJfMXTf5Mxs,Found,19 Jul 2022,16:28,,https://www.youtube.com/watch?v=m8CJNRKakbM
3442,Black Marketing Of Lemon- Taarak Mehta Ka Ooltah Chashmah- Ep 3442 - Full EP -26 April 2022,https://www.youtube.com/watch?v=6wMThDVTpQM,Found,20 Jul 2022,20:37,,
3443,Is Gogi In Love?- Taarak Mehta Ka Ooltah Chashmah- Ep 3443 - Full EP -27 April 2022,https://www.youtube.com/watch?v=ytVzj54PVrg,Found,20 Jul 2022,19:54,,
3444,Will Bhide Be Able To Fulfill The Order?Taarak Mehta Ka Ooltah Chashmah-Ep 3444Full EP-28 April 2022,https://www.youtube.com/watch?v=FcG_9mAoeDE,Found,21 Jul 2022,20:01,,
3445,Bhide Gets A Solution- Taarak Mehta Ka Ooltah Chashmah-Ep 3445 Full EP-29 April 2022,https://www.youtube.com/watch?v=9hiBBvt1MiI,Found,21 Jul 2022,21:43,,
3446,Will Jethalal Purchase Lemons?- Taarak Mehta Ka Ooltah Chashmah-Ep 3446 Full EP-30 April 2022,https://www.youtube.com/watch?v=5ZOn0s4U72Y,Found,22 Jul 2022,21:34,,
3447,Jethalal's Reaction After Seeing The Lemons-Taarak Mehta Ka Ooltah Chashmah-Ep 3447 Full EP2May 2022,https://www.youtube.com/watch?v=FkSo2tTWGDU,Found,22 Jul 2022,20:33,,
3448,Will Bhide Be Able To Get Rid Of Lemons?-Taarak Mehta Ka Ooltah Chashmah-Ep 3448 Full EP3May 2022,https://www.youtube.com/watch?v=9Tbsk5OdxpA,Found,23 Jul 2022,20:29,,
3449,Bhide In Trouble-Taarak Mehta Ka Ooltah Chashmah-Ep 3449 Full EP- 4 May 2022,https://www.youtube.com/watch?v=syhetPqhb2g,Found,23 Jul 2022,19:27,,
3450,How Will Bhide Save Himself?-Taarak Mehta Ka Ooltah Chashmah-Ep 3450 Full EP- 5 May 2022,https://www.youtube.com/watch?v=FEEZ-va5EGE,Found,24 Jul 2022,21:00,,
3451,Jethalal Playing Dumb Charades-Taarak Mehta Ka Ooltah Chashmah-Ep 3451 Full EP- 6 May 2022,https://www.youtube.com/watch?v=srvwm86Fv48,Found,20 Aug 2022,20:13,,
3452,Why Is Madhvi In Shock?-Taarak Mehta Ka Ooltah Chashmah-Ep 3452 Full EP- 7 May 2022,https://www.youtube.com/watch?v=KpH-mf3zAKw,Found,25 Jul 2022,17:21,,
3453,Roshan Convinced To Sodhi -Taarak Mehta Ka Ooltah Chashmah-Ep 3453 Full EP- 9 May 2022,https://www.youtube.com/watch?v=f5jhaX0QlSM,Found,25 Jul 2022,19:48,,https://www.youtube.com/watch?v=KozZimLFQKg
3454,Gokuldham Gets A Notice From BMC -Taarak Mehta Ka Ooltah Chashmah - Ep 3454 - Full EP - 10 May 2022,https://www.youtube.com/watch?v=dkzeDIULt0w,Found,26 Jul 2022,20:45,,
3455,A Beautiful Morning For Jethalal -Taarak Mehta Ka Ooltah Chashmah - Ep 3455 - Full EP - 11 May 2022,https://www.youtube.com/watch?v=wZLtQ_o78Uk,Found,26 Jul 2022,19:48,,
3456,Jethalal's Makeshift -Taarak Mehta Ka Ooltah Chashmah-Ep 3456- Full EP- 12 May 2022,https://www.youtube.com/watch?v=IYCsOHdzEU8,Found,27 Jul 2022,21:03,,https://www.youtube.com/watch?v=Nj86_8eJrfI
3457,Will Popatlal Get Pratiksha's Number? -Taarak Mehta Ka Ooltah Chashmah-Ep 3457- Full EP- 13 May 2022,https://www.youtube.com/watch?v=dA4XvJZpWn8,Found,27 Jul 2022,18:11,,
3458,Popat Asks Bapuji To Accompany Him -Taarak Mehta Ka Ooltah Chashmah-Ep 3458- Full EP- 14 May 2022,https://www.youtube.com/watch?v=oxyvfK7_Mf0,Found,28 Jul 2022,20:25,,https://www.youtube.com/watch?v=mlY65AtN_Iw
3459,Popatlal Is Confused -Taarak Mehta Ka Ooltah Chashmah-Ep 3459- Full EP- 16 May 2022,https://www.youtube.com/watch?v=i7ORN-gZ1pA,Found,28 Jul 2022,18:47,,
3460,Celebrations In Yellow Attire -Taarak Mehta Ka Ooltah Chashmah-Ep 3460- Full EP- 17 May 2022,https://www.youtube.com/watch?v=Cn24vw3ZmuM,Found,29 Jul 2022,19:12,,
3461,Will Popatlal Get Married? -Taarak Mehta Ka Ooltah Chashmah - Ep 3461 - Full EP - 18 May 2022,https://www.youtube.com/watch?v=ulVQ81Yw6cA,Found,29 Jul 2022,19:58,,
3462,Private Time For The Couple -Taarak Mehta Ka Ooltah Chashmah-Ep 3462- Full EP- 19 May 2022,https://www.youtube.com/watch?v=oF0SWxsQOmk,Found,30 Jul 2022,19:40,,
3463,Speculation - Taarak Mehta Ka Ooltah Chashmah - Ep 3463 - Full EP - 20 May 2022,https://www.youtube.com/watch?v=zMGF2d426Yg,Found,30 Jul 2022,21:19,,
3464,Waiting For An Answer - Taarak Mehta Ka Ooltah Chashmah - Ep 3464 - Full EP - 21 May 2022,https://www.youtube.com/watch?v=rVn_wPnr8Kk,Found,31 Jul 2022,19:40,,
3465,Confused Jethalal - Taarak Mehta Ka Ooltah Chashmah - Ep 3465 - Full EP - 23 May 2022,https://www.youtube.com/watch?v=d7yk3pHL0-4,Found,31 Jul 2022,21:28,,
3466,Extremely Hilarious- Taarak Mehta Ka Ooltah Chashmah - Ep 3466 - Full EP - 24 May 2022,https://www.youtube.com/watch?v=0oRl7SMf94A,Found,01 Aug 2022,18:48,,
3467,Happiness- Taarak Mehta Ka Ooltah Chashmah - Ep 3467 - Full EP - 25 May 2022,https://www.youtube.com/watch?v=H5cwco21q08,Found,01 Aug 2022,20:58,,
3468,Marriage Ritual Begins- Taarak Mehta Ka Ooltah Chashmah - Ep 3468 - Full EP - 26 May 2022,https://www.youtube.com/watch?v=pJ9BvPYN1HQ,Found,02 Aug 2022,19:54,,
3469,The Shagun Ceremony - Taarak Mehta Ka Ooltah Chashmah - Ep 3469 - Full EP - 27 May 2022,https://www.youtube.com/watch?v=aH4TteyAfa0,Found,02 Aug 2022,18:02,,
3470,Popatlal Invites Pratiksha's Lover-Taarak Mehta Ka Ooltah Chashmah - Ep 3470 - Full EP - 28 May 2022,https://www.youtube.com/watch?v=gOv5E8V6jPA,Found,03 Aug 2022,21:35,,
3471,Pratiksha And Parekh's Marriage Flashback-Taarak Mehta Ka Ooltah Chashmah-Ep 3471-Full EP-30 May2022,https://www.youtube.com/watch?v=g0EYkb1Uunk,Found,03 Aug 2022,20:37,,
3472,A Confusing Situation-Taarak Mehta Ka Ooltah Chashmah-Ep 3472-Full EP-31 May2022,https://www.youtube.com/watch?v=D59Biw3esok,Found,04 Aug 2022,20:08,,
3473,A Snoring Sleep-Taarak Mehta Ka Ooltah Chashmah-Ep 3473- Full EP-  1 June 2022,https://www.youtube.com/watch?v=sRSqiYS8w44,Found,04 Aug 2022,17:16,,
3474,Early Morning's Frustration-Taarak Mehta Ka Ooltah Chashmah-Ep 3474- Full EP-  2 June 2022,https://www.youtube.com/watch?v=PXLXDjPWoAc,Found,05 Aug 2022,20:54,,
3475,Bhide Wants Jetha To Read His 'Suvichaar'-Taarak Mehta Ka Ooltah Chashmah-Ep3475- Full EP-3June2022,https://www.youtube.com/watch?v=i_oXH5IwtHk,Found,05 Aug 2022,20:01,,https://www.youtube.com/watch?v=wujvQPyco5c
3476,Will Jetha's Shop Be Closed?'-Taarak Mehta Ka Ooltah Chashmah-Ep3476- Full EP-4June2022,https://www.youtube.com/watch?v=jHbMQA7Mi5g,Found,06 Aug 2022,20:41,,
3477,Finalizing The Inaugration Date -Taarak Mehta Ka Ooltah Chashmah-Ep3477- Full EP-6 June2022,https://www.youtube.com/watch?v=MafjQ-7lP5c,Found,06 Aug 2022,21:05,,
3478,A Gratitude -Taarak Mehta Ka Ooltah Chashmah - Ep 3478 - Full Episode - 6 June 2022,https://www.youtube.com/watch?v=7oqyvz96spA,Found,07 Aug 2022,21:01,,
3479,Good News -Taarak Mehta Ka Ooltah Chashmah  - Ep3479 - Full Episode - 7 June 2022,https://www.youtube.com/watch?v=g1ZfpuNt5S4,Found,07 Aug 2022,19:40,,https://www.youtube.com/watch?v=XkRdwt9WBYM
3480,Jetha Is Excited To Meet Daya -Taarak Mehta Ka Ooltah Chashmah - Ep 3480 - Full EP -9 June 2022,https://www.youtube.com/watch?v=etCN2EplYZo,Found,08 Aug 2022,18:48,,
3481,Jetha Recalls Memories With Nattu Kaka-Taarak Mehta Ka Ooltah Chashmah-Ep 3481 -Full EP-10 June 2022,https://www.youtube.com/watch?v=qZTOmd9ZAOk,Found,08 Aug 2022,19:46,,https://www.youtube.com/watch?v=AJ5sA-Sv5iA
3482,A Meeting To Decide The Gift - Taarak Mehta Ka Ooltah Chashmah - Ep 3482 -Full EP-11 June 2022,https://www.youtube.com/watch?v=s-q2TptZyPU,Found,08 Aug 2022,20:30,,
3483,A Surprise For Bapuji - Taarak Mehta Ka Ooltah Chashmah - Ep 3483 - Full Episode -13 June 2022,https://www.youtube.com/watch?v=5FBQsUY7AQU,Found,09 Aug 2022,19:47,,https://www.youtube.com/watch?v=NLwma6dKxpc
3484,Will Jetha's Wait End Today? - Taarak Mehta Ka Ooltah Chashmah - Ep 3484 - Full EP - 14 June 2022,https://www.youtube.com/watch?v=5bihKrWQg6M,Found,09 Aug 2022,19:50,,
3485,What Is Sundar Hiding From Jetha? - Taarak Mehta Ka Ooltah Chashmah -Ep 3485 - Full EP- 15 June 2022,https://www.youtube.com/watch?v=FZdTKUJz4co,Found,10 Aug 2022,18:34,,
3486,Wives Should Get Sufficient Time - Taarak Mehta Ka Ooltah Chashmah - Ep 3486 - FE - 16 June 2022,https://www.youtube.com/watch?v=8oU3poPgZgA,Found,10 Aug 2022,20:23,,
3487,Bapuji Is Missing - Taarak Mehta Ka Ooltah Chashmah - Ep 3487 - Full EP - 17 June 2022,https://www.youtube.com/watch?v=jWKa4aQ04oI,Found,11 Aug 2022,20:52,,
3488,Bapuji Inaugurates The New Shop - Taarak Mehta Ka Ooltah Chashmah - Ep 3488 - Full EP - 18 June 2022,https://www.youtube.com/watch?v=KzNMWGnM1Gs,Found,11 Aug 2022,19:13,,
3489,Will Jethalal Get Arrested? - Taarak Mehta Ka Ooltah Chashmah - Ep 3489 - Full EP - 19 June 2022,https://www.youtube.com/watch?v=LbjS5iDlmUc,Found,12 Aug 2022,19:30,,https://www.youtube.com/watch?v=_45bBfrQX6Y
3490,Jetha Threatens To Go On Hunger Strike- Taarak Mehta Ka Ooltah Chashmah-Ep 3490-Full EP-21 June 2022,https://www.youtube.com/watch?v=f7o4_woYznE,Found,12 Aug 2022,20:30,,
3491,Why Did Bapuji Panic? - Taarak Mehta Ka Ooltah Chashmah - Ep 3491 - Full EP - 22 June 2022,https://www.youtube.com/watch?v=zeJ8rgwdoaY,Found,13 Aug 2022,21:27,,
3492,'One More Surprise' - Taarak Mehta Ka Ooltah Chashmah - Ep 3492 - Full EP - 23 June 2022,https://www.youtube.com/watch?v=tUbE3qLJtsg,Found,13 Aug 2022,19:52,,https://www.youtube.com/watch?v=2bj52mod4xg
3493,How Will Jethalal Arrange The Money? - Taarak Mehta Ka Ooltah Chashmah - Ep 3493 - FE - 24 June 2022,https://www.youtube.com/watch?v=isfyidx8rfg,Found,13 Aug 2022,18:05,,https://www.youtube.com/watch?v=TUMDK_bJ_tY
3494,A Secret Conversation - Taarak Mehta Ka Ooltah Chashmah - Ep 3494 - FE - 25 June 2022,https://www.youtube.com/watch?v=KY2cTz4RxYQ,Found,14 Aug 2022,19:59,,
3495,A New Problem For Jethalal - Taarak Mehta Ka Ooltah Chashmah - Ep 3495 - FE - 27 June 2022,https://www.youtube.com/watch?v=2ZYKHeChW-8,Found,14 Aug 2022,18:19,,
3496,Robbery At Gada Electronics - Taarak Mehta Ka Ooltah Chashmah - Ep 3496 - FE - 28 June 2022,https://www.youtube.com/watch?v=TYxLB7E-sXI,Found,15 Aug 2022,19:00,,https://www.youtube.com/watch?v=VFTQEVka3Cw
3497,Chaalu Pandey Comes To Jetha's Rescue- Taarak Mehta Ka Ooltah Chashmah - Ep 3497 - FE - 29 June 2022,https://www.youtube.com/watch?v=1K2Kvag7Au4,Found,15 Aug 2022,19:46,,
3498,Nattu Kaka Is Back - Taarak Mehta Ka Ooltah Chashmah - Ep 3498 - FE - 30 June 2022,https://www.youtube.com/watch?v=QWAnNvu7Uck,Found,15 Aug 2022,18:39,,
3499,Jethalal Is Impressed By Nattu Kaka - Taarak Mehta Ka Ooltah Chashmah - Ep 3499 - FE - 1 July  2022,https://www.youtube.com/watch?v=SGCLPoymsY8,Found,16 Aug 2022,19:52,,https://www.youtube.com/watch?v=V8fp02eVVuY
3500,Who Is The Teacher's Teacher?- Taarak Mehta Ka Ooltah Chashmah - Ep 3500 - FE - 2 July 2022,https://www.youtube.com/watch?v=GB6IREzRv5g,Found,16 Aug 2022,19:59,,
3501,Enmity - Taarak Mehta Ka Ooltah Chashmah - Ep 3501 - Full Episode - 4 July 2022,https://www.youtube.com/watch?v=D2VSMTH7sIE,Found,16 Aug 2022,20:02,,
3502,Sodhi Have Doubts On Bittu- Taarak Mehta Ka Ooltah Chashmah - Ep 3502 - FE - 5 July 2022,https://www.youtube.com/watch?v=i-uHWtMfcec,Found,17 Aug 2022,20:00,,
3503,Why Is Sodhi Hesitating To Meet Bhide?- Taarak Mehta Ka Ooltah Chashmah - Ep 3503 - FE - 6 July 2022,https://www.youtube.com/watch?v=kiOaNrn-0PE,Found,17 Aug 2022,20:42,,
3504,A Trick To Take A Discount- Taarak Mehta Ka Ooltah Chashmah - Ep 3504 - FE - 7 July 2022,https://www.youtube.com/watch?v=WeDPHlp2qEE,Found,18 Aug 2022,19:04,,
3505,"""Masti Ki Paathshala"" - Taarak Mehta Ka Ooltah Chashmah - Ep 3505 - Full Episode - 8 July 2022",https://www.youtube.com/watch?v=_zqrNaR1fj4,Found,18 Aug 2022,21:06,,
3506,A Big Trouble- Taarak Mehta Ka Ooltah Chashmah - Ep 3506 - FE - 9 July 2022,https://www.youtube.com/watch?v=MHHPrwH4KZw,Found,19 Aug 2022,17:03,,
3507,Bittu Vs Studies- Taarak Mehta Ka Ooltah Chashmah - Ep 3507 - FE - 11 July 2022,https://www.youtube.com/watch?v=OAO9KZt_iVI,Found,19 Aug 2022,19:36,,
3508,Realization- Taarak Mehta Ka Ooltah Chashmah - Ep 3508 - FE - 12 July 2022,https://www.youtube.com/watch?v=FX9wWbhV2QA,Found,20 Aug 2022,16:47,,
3509,Popatlal's Locker Room- Taarak Mehta Ka Ooltah Chashmah - Ep 3509 - FE - 13 July 2022,https://www.youtube.com/watch?v=vhUPMrIqLrw,Found,20 Aug 2022,19:40,,
3510,Why Is Bapuji Angry With Jethalal?- Taarak Mehta Ka Ooltah Chashmah - Ep 3510 - FE - 14 July 2022,https://www.youtube.com/watch?v=-FGy92m7uEw,Found,21 Aug 2022,20:11,,
3511,Thief In Popu's House- Taarak Mehta Ka Ooltah Chashmah - Ep 3511 - FE - 15 July 2022,https://www.youtube.com/watch?v=j7qHoKnS-iw,Found,21 Aug 2022,19:45,,
3512,Bhide Takes The Responsibility For Gold- Taarak Mehta Ka Ooltah Chashmah - Ep 3512 - FE-16 July 2022,https://www.youtube.com/watch?v=neub3BdKhy0,Found,21 Aug 2022,18:50,,https://www.youtube.com/watch?v=ZPXk_sUA1qA
3513,Is Jethalal Absent-Minded? - Taarak Mehta Ka Ooltah Chashmah - Ep 3513 - Full Episode - 18 July 2022,https://www.youtube.com/watch?v=7RE64wNWMw0,Found,22 Aug 2022,19:56,,
3514,Jethalal's Special Treatment For Babita Ji -Taarak Mehta Ka Ooltah Chashmah -Ep 3514-FE-19 July 2022,https://www.youtube.com/watch?v=Xt1Z-D2yYMI,Found,22 Aug 2022,20:45,,
3515,Babita Gave The Gold Box To Anjali -Taarak Mehta Ka Ooltah Chashmah - Ep 3515 - FE - 20 July 2022,https://www.youtube.com/watch?v=3_wxKtYlOCs,Found,24 Aug 2022,19:24,,https://www.youtube.com/watch?v=7SUz27htFX4
3516,Sodhi's Amazing Idea -Taarak Mehta Ka Ooltah Chashmah -Ep 3516-FE-21 July 2022,https://www.youtube.com/watch?v=k0LOARKj4ms,Found,24 Aug 2022,19:59,,
3517,Popatlal Is Back -Taarak Mehta Ka Ooltah Chashmah -Ep 3517-FE-22 July 2022,https://www.youtube.com/watch?v=RnPVEPh9qRs,Found,24 Aug 2022,19:28,,
3518,Is The Gold Box Safe? -Taarak Mehta Ka Ooltah Chashmah - Ep 3518 - Full Episode - 23 July 2022,https://www.youtube.com/watch?v=0RgYIGz-Jgo,Found,24 Aug 2022,19:35,,
3519,Anjali In Trouble -Taarak Mehta Ka Ooltah Chashmah -Ep 3519 -FE-25 July 2022,https://www.youtube.com/watch?v=hevsDdroOTQ,Found,25 Aug 2022,19:35,,
3520,A Big Shock For Jethalal - Taarak Mehta Ka Ooltah Chashmah - Ep 3520 - FE - 26 July 2022,https://www.youtube.com/watch?v=u3H1jwmwbOo,Found,25 Aug 2022,19:49,,
3521,Battle Of Bhide And Popatlal - Taarak Mehta Ka Ooltah Chashmah - Ep 3521 - FE - 27 July 2022,https://www.youtube.com/watch?v=2WqSyW29q8w,Found,20 Aug 2023,20:08,,
3522,'Purush Mandali' At Popatlal's House- Taarak Mehta Ka Ooltah Chashmah - Ep 3522 - FE - 28 July 2022,https://www.youtube.com/watch?v=Kl77bm1nDPE,Found,26 Aug 2022,17:15,,
3523,A New Twist- Taarak Mehta Ka Ooltah Chashmah - Ep 3523  - Full Episode - 29th July  2022,https://www.youtube.com/watch?v=NSkJjtQ5FNk,Found,27 Aug 2022,21:19,,
3524,Bhide's Condition Worsened- Taarak Mehta Ka Ooltah Chashmah - Ep 3524  - FE - 30th July  2022,https://www.youtube.com/watch?v=_lmJ3mWyVbY,Found,27 Aug 2022,21:22,,
3525,Is Popatlal Becoming A Fool?- Taarak Mehta Ka Ooltah Chashmah - Ep 3525  - FE - 1st Aug  2022,https://www.youtube.com/watch?v=oMa0WRsnK-w,Found,28 Aug 2022,20:23,,
3526,The Thief Has Been Caught- Taarak Mehta Ka Ooltah Chashmah - Ep 3526  - FE - 2 Aug  2022,https://www.youtube.com/watch?v=ER52gUG1lsI,Found,28 Aug 2022,20:57,,
3527,A Trauma- Taarak Mehta Ka Ooltah Chashmah - Ep 3527  - FE - 3 Aug  2022,https://www.youtube.com/watch?v=iNaB53HLDxg,Found,29 Aug 2022,20:25,,
3528,Jethalal Got Handcuffed- Taarak Mehta Ka Ooltah Chashmah - Ep 3528  - FE - 4 Aug  2022,https://www.youtube.com/watch?v=l04BCYc5nUc,Found,29 Aug 2022,21:46,,
3529,Bhide Planning For A Long Drive At Home- Taarak Mehta Ka Ooltah Chashmah - Ep 3529 -FE - 5 Aug  2022,https://www.youtube.com/watch?v=-R2pit6Z0S8,Found,31 Aug 2022,18:04,,https://www.youtube.com/watch?v=87ealpgaVvM
3530,Bhide Plans To Buy A Car - Taarak Mehta Ka Ooltah Chashmah - Ep 3530 - FE - 6 Aug  2022,https://www.youtube.com/watch?v=kaBWFWwTpFk,Found,31 Aug 2022,20:25,,https://www.youtube.com/watch?v=NO5J2Yp9-uE
3531,Goli's Secret Mission - Taarak Mehta Ka Ooltah Chashmah - Ep 3531 - FE - 8 Aug  2022,https://www.youtube.com/watch?v=F40gsex6atM,Found,01 Sep 2022,16:48,,
3532,Goli's Exclusive Spy Mission -Taarak Mehta Ka Ooltah Chashmah - Ep 3532 - Full Episode - 9 Aug 2022,https://www.youtube.com/watch?v=axUz2NtJP-U,Found,01 Sep 2022,16:02,,
3533,Sonu Tying The Bridge Of Praise-Taarak Mehta Ka Ooltah Chashmah - Ep 3533  - FE - 10 Aug 2022,https://www.youtube.com/watch?v=_Wo9rZFTC4c,Found,02 Sep 2022,19:38,,
3534,The Discussion Of The New Car -Taarak Mehta Ka Ooltah Chashmah - Ep 3534  - FE - 11 August  2022,https://www.youtube.com/watch?v=-pcvdIJXTjg,Found,02 Sep 2022,20:55,,
3535,Bhide's Surprise For His Family-Taarak Mehta Ka Ooltah Chashmah - Ep 3535  - FE - 12 August  2022,https://www.youtube.com/watch?v=92nlwvZ6eyQ,Found,02 Sep 2022,21:30,,
3536,Bhide's Surprise For His Family-Taarak Mehta Ka Ooltah Chashmah - Ep 3536  - FE - 13 August  2022,https://www.youtube.com/watch?v=BMcy9pyMdKE,Found,03 Sep 2022,20:14,,
3537,Bhide's Surprise For Madhavi -Taarak Mehta Ka Ooltah Chashmah - Ep 3537 - FE - 15 August  2022,https://www.youtube.com/watch?v=hW7xnkc-n58,Found,05 Sep 2022,22:11,,
3538,Quarrel Between Sodhi And Roshan -Taarak Mehta Ka Ooltah Chashmah - Ep 3538 - FE - 16 August  2022,https://www.youtube.com/watch?v=-p1gN08zANE,Found,06 Sep 2022,19:31,,
3539,Navroz Special Surprise For Roshan -Taarak Mehta Ka Ooltah Chashmah - Ep 3539 - FE - 17 August  2022,https://www.youtube.com/watch?v=ga6S48wr1PA,Found,07 Sep 2022,20:47,,
3540,Did Sodhi Get The Green Signal? -Taarak Mehta Ka Ooltah Chashmah - Ep 3540 - FE - 18 August  2022,https://www.youtube.com/watch?v=rYyt_nU0SwY,Found,08 Sep 2022,18:53,,
3541,Navroz Special -Taarak Mehta Ka Ooltah Chashmah - Ep 3541 - Full Episode  - 19 August  2022,https://www.youtube.com/watch?v=Qy6BUX_GGiE,Found,09 Sep 2022,16:57,,
3542,The Preparations Are Underway -Taarak Mehta Ka Ooltah Chashmah - Ep 3542 - Full Episode -20 Aug 2022,https://www.youtube.com/watch?v=O41QAqrlTbQ,Found,10 Sep 2022,13:24,,
3543,Will Popatlal Get Married Soon? -Taarak Mehta Ka Ooltah Chashmah - Ep 3543 - FE - 22 August  2022,https://www.youtube.com/watch?v=lnu-mR8wlUc,Found,14 Sep 2022,21:23,,
3544,A Quest For The Gold Coin -Taarak Mehta Ka Ooltah Chashmah - Ep 3544 - FE - 23 August  2022,https://www.youtube.com/watch?v=WfWMfmvI5ow,Found,15 Sep 2022,17:33,,https://www.youtube.com/watch?v=O-niU9An5Fw
3545,The Empty Lunchbox -Taarak Mehta Ka Ooltah Chashmah - Ep 3545 - FE - 24 August  2022,https://www.youtube.com/watch?v=dvjWwB0oxng,Found,15 Sep 2022,20:05,,https://www.youtube.com/watch?v=f33DEGgCAGA
3546,A Good News -Taarak Mehta Ka Ooltah Chashmah - Ep 3546 - FE - 25 August 2022,https://www.youtube.com/watch?v=EK0wn7OVSR8,Found,16 Sep 2022,20:07,,
3547,Khush Khabri For Jethalal -Taarak Mehta Ka Ooltah Chashmah - Ep 3547 - FE - 26 August 2022,https://www.youtube.com/watch?v=hjS6wAbDSrQ,Found,16 Sep 2022,20:29,,https://www.youtube.com/watch?v=fLnF36fpX18
3548,America Jane Ki Khush Khabri -Taarak Mehta Ka Ooltah Chashmah - Ep 3548 - FE - 27 August 2022,https://www.youtube.com/watch?v=zVlVkyN0DxU,Found,17 Sep 2022,20:14,,
3549,America Ki Taiyyari -Taarak Mehta Ka Ooltah Chashmah - Ep 3549 - FE - 29 August 2022,https://www.youtube.com/watch?v=keczCHP-cTY,Found,19 Sep 2022,20:11,,
3550,A Parcel To America -Taarak Mehta Ka Ooltah Chashmah - Ep 3550 - FE - 30 August 2022,https://www.youtube.com/watch?v=GuBO10OD3g4,Found,20 Sep 2022,20:53,,https://www.youtube.com/watch?v=08NEME_7X7U
3551,Happy Journey -Taarak Mehta Ka Ooltah Chashmah - Ep 3551 - Full Episode - 31 August 2022,https://www.youtube.com/watch?v=xfokOZ6q0Cs,Found,21 Sep 2022,20:11,,
3552,Who Will Take Bapuji's Responsibility?Taarak Mehta Ka Ooltah Chashmah- Ep 3552 - FE - 1 Sep 2022,https://www.youtube.com/watch?v=k8SGr6C1o8w,Found,22 Sep 2022,21:04,,
3553,Bapuji Trembles With Fear-Taarak Mehta Ka Ooltah Chashmah - Ep 3553 - FE - 2 Sep 2022,https://www.youtube.com/watch?v=M7-2qUqcdWA,Found,23 Sep 2022,19:35,,
3554,Ghar Pe Akele Bapuji -Taarak Mehta Ka Ooltah Chashmah - Ep 3554 - FE - 3 Sep 2022,https://www.youtube.com/watch?v=0xUdnqH_LvQ,Found,24 Sep 2022,19:07,,
3555,Bapuji Ka Plan Chowpat -Taarak Mehta Ka Ooltah Chashmah - Ep 3555 - Full Episode  - 5 Sep 2022,https://www.youtube.com/watch?v=Pms1igAv6Oo,Found,26 Sep 2022,20:57,,
3556,Gokuldham's First Priority - Bapuji-Taarak Mehta Ka Ooltah Chashmah-Ep 3556-Full Episode -6 Sep 2022,https://www.youtube.com/watch?v=Qvgy-qvXMm8,Found,27 Sep 2022,21:27,,
3557,Bapuji Kidhar Hai? Taarak Mehta Ka Ooltah Chashmah-Ep 3557-Full Episode -7 Sep 2022,https://www.youtube.com/watch?v=5UYIRzMnVQY,Found,28 Sep 2022,20:25,,
3558,Bapuji Hue Gussa - Taarak Mehta Ka Ooltah Chashmah - Ep 3558 - Full Episode - 8 Sep 2022,https://www.youtube.com/watch?v=97dHD58PziU,Found,29 Sep 2022,20:50,,
3559,Welcoming Bappa- Taarak Mehta Ka Ooltah Chashmah - Ep 3559 - Full Episode - 9 Sep 2022,https://www.youtube.com/watch?v=tcs3c1gpdcs,Found,30 Sep 2022,21:13,,
3560,Ganesh Chaturthi Special - Taarak Mehta Ka Ooltah Chashmah - Ep 3560 - Full Episode - 10 Sep 2022,https://www.youtube.com/watch?v=GCRz4J9_WmA,Found,01 Oct 2022,10:49,,
3561,Bappa Ke Aane Ki Khushiyan - Taarak Mehta Ka Ooltah Chashmah - Ep 3561 - Full Episode - 12 Sep 2022,https://www.youtube.com/watch?v=T0CpZPOMAdM,Found,03 Oct 2022,20:12,,https://www.youtube.com/watch?v=M6TtkJLRrgY
3562,Taarak's Gift - Taarak Mehta Ka Ooltah Chashmah - Ep 3562 - Full Episode - 13 Sep 2022,https://www.youtube.com/watch?v=subV_rK8tQg,Found,04 Oct 2022,19:07,,
3563,Taarak Returns - Taarak Mehta Ka Ooltah Chashmah - Ep 3563 - Full Episode - 14 Sep 2022,https://www.youtube.com/watch?v=IvKI6sSpD-8,Found,05 Oct 2022,17:18,,
3564,Pratiyogita Ka Excitement - Taarak Mehta Ka Ooltah Chashmah - Ep 3564 - Full Episode - 15 Sep 2022,https://www.youtube.com/watch?v=WNm1DzHK8v4,Found,06 Oct 2022,19:37,,
3565,Karyakram Ke Special Guest - Taarak Mehta Ka Ooltah Chashmah - Ep 3565 - Full Episode - 16 Sep 2022,https://www.youtube.com/watch?v=21yqfN6_gSQ,Found,07 Oct 2022,19:22,,
3566,Bharat Ke Prasiddh Mandir - Taarak Mehta Ka Ooltah Chashmah - Ep 3566 - Full Episode - 17 Sep 2022,https://www.youtube.com/watch?v=hxR3HrMRjPg,Found,08 Oct 2022,19:31,,https://www.youtube.com/watch?v=_iVdolViqt0
3567,The Country Of Miracles - Taarak Mehta Ka Ooltah Chashmah - Ep 3567 - Full Episode - 19 Sep 2022,https://www.youtube.com/watch?v=JxULQu6ZbQk,Found,10 Oct 2022,17:56,,
3568,Hindustan Ki Pehchaan- Taarak Mehta Ka Ooltah Chashmah - Ep 3568 - Full Episode - 20 Sep 2022,https://www.youtube.com/watch?v=K13gJbTcweI,Found,11 Oct 2022,16:04,,
3569,Bhartiya Sanskriti Ki Khaasiyat-Taarak Mehta Ka Ooltah Chashmah-Ep 3569 - Full Episode - 21 Sep 2022,https://www.youtube.com/watch?v=buG0vrRYr6I,Found,12 Oct 2022,17:33,,
3570,Rangarang Karyakaram Ki Charam Seema-Taarak Mehta Ka Ooltah Chashmah-Ep3570-Full Episode-22 Sep 2022,https://www.youtube.com/watch?v=u8JHusfKVlU,Found,13 Oct 2022,17:44,,
3571,'Shradh' Ki Zimmedaari -Taarak Mehta Ka Ooltah Chashmah - Ep3571 - Full Episode - 23 Sep 2022,https://www.youtube.com/watch?v=duTDp2P70A0,Found,14 Oct 2022,21:04,,
3572,Shradh Ki Taiyaari -Taarak Mehta Ka Ooltah Chashmah - Ep3572 - Full Episode - 24 Sep 2022,https://www.youtube.com/watch?v=13x2i98QEXg,Found,15 Oct 2022,20:40,,
3573,Kauwe Ki Khoj -Taarak Mehta Ka Ooltah Chashmah-Ep 3573 - Full Episode - 26 Sep 2022,https://www.youtube.com/watch?v=TEVyw1u5-d8,Found,17 Oct 2022,20:12,,
3574,Shradh Specialist - Taarak Mehta Ka Ooltah Chashmah - Ep 3574 - Full Episode - 27 Sep 2022,https://www.youtube.com/watch?v=Z5SD4tmxiWU,Found,18 Oct 2022,19:59,,https://www.youtube.com/watch?v=iaT29lpcRbM
3575,Maha Daan - Taarak Mehta Ka Ooltah Chashmah - Ep 3575 - Full Episode - 28 Sep 2022,https://www.youtube.com/watch?v=MwbO195_k5M,Found,19 Oct 2022,20:56,,
3576,Jethalal Kabh Aayega?- Taarak Mehta Ka Ooltah Chashmah - Ep 3576 - Full Episode - 29 Sep 2022,https://www.youtube.com/watch?v=zgDBnsCVDZg,Found,20 Oct 2022,20:33,,
3577,Jethalal Returns - Taarak Mehta Ka Ooltah Chashmah - Ep 3577 - Full Episode - 30 Sep 2022,https://www.youtube.com/watch?v=mnG0OVkWw6Q,Found,21 Oct 2022,20:48,,
3578,Jetha Ka Bura Naseeb - Taarak Mehta Ka Ooltah Chashmah - Ep 3578 - Full Episode - 1 Oct 2022,https://www.youtube.com/watch?v=O_rBA_Zot5E,Found,24 Oct 2022,19:07,,https://www.youtube.com/watch?v=JgAKdLpv54U
3579,Jethalal Behind Bars - Taarak Mehta Ka Ooltah Chashmah - Ep 3579 - Full Episode - 3 Oct 2022,https://www.youtube.com/watch?v=owXotXDoMSo,Found,25 Oct 2022,20:47,,
3580,Jethalal Ki Ghar Wapsi - Taarak Mehta Ka Ooltah Chashmah - Ep 3580 - Full Episode - 4 Oct 2022,https://www.youtube.com/watch?v=Obozm8Pb9-0,Found,25 Oct 2022,20:16,,
3581,Gifts From Jethalal - Taarak Mehta Ka Ooltah Chashmah - Ep 3581 - Full Episode - 5 Oct 2022,https://www.youtube.com/watch?v=v-QlPKu1umU,Found,26 Oct 2022,20:24,,https://www.youtube.com/watch?v=P53knbu2z6o
3582,Dosti ki Bhasha - Taarak Mehta Ka Ooltah Chashmah - Ep 3582 - Full Episode - 6 Oct 2022,https://www.youtube.com/watch?v=iT0UHqenC3M,Found,27 Oct 2022,19:25,,
3583,Excitement For Navratri - Taarak Mehta Ka Ooltah Chashmah - Ep 3583 - Full Episode - 7 Oct 2022,https://www.youtube.com/watch?v=TjwvBa8nTvk,Found,28 Oct 2022,19:06,,
3584,Society Ki Permission - Taarak Mehta Ka Ooltah Chashmah - Ep 3584 - Full Episode - 8 Oct 2022,https://www.youtube.com/watch?v=_xrcOIOXzy4,Found,29 Oct 2022,20:00,,https://www.youtube.com/watch?v=6NK_uW9bMYs
3585,Jethalal's Meeting - Taarak Mehta Ka Ooltah Chashmah - Ep 3585 - Full Episode - 10 Oct 2022,https://www.youtube.com/watch?v=DrMsfl_VPJY,Found,31 Oct 2022,18:32,,
3586,Jethalal Matlab Musibat - Taarak Mehta Ka Ooltah Chashmah - Ep 3586 - Full Episode - 11 Oct 2022,https://www.youtube.com/watch?v=5XV1e2Jusrw,Found,01 Nov 2022,19:18,,
3587,Divine Visits At Gokuldham - Taarak Mehta Ka Ooltah Chashmah - Ep 3587 - Full Episode - 12 Oct 2022,https://www.youtube.com/watch?v=3ZkH0zNiZUo,Found,24 Sep 2023,11:48,,
3589,Bachat Mantra - Taarak Mehta Ka Ooltah Chashmah - Ep 3589 - Full Episode - 14 Oct 2022,https://www.youtube.com/watch?v=oRgm_Fahb5M,Found,04 Nov 2022,20:21,,https://www.youtube.com/watch?v=XSJ7J9J9dHU
3590,Maintenance Ka Cheque - Taarak Mehta Ka Ooltah Chashmah - Ep 3590 - Full Episode - 15 Oct 2022,https://www.youtube.com/watch?v=LkgS4nXwCoc,Found,05 Nov 2022,20:16,,
3591,Gokuldham Ki Shaan - Taarak Mehta Ka Ooltah Chashmah - Ep 3591 - Full Episode - 17 Oct 2022,https://www.youtube.com/watch?v=cI8pca5WMlM,Found,07 Nov 2022,20:28,,
3592,Doctor Hathi Ki Dawa - Taarak Mehta Ka Ooltah Chashmah - Ep 3592 - Full Episode - 18 Oct 2022,https://www.youtube.com/watch?v=oHH88BUGRB0,Found,08 Nov 2022,20:11,https://www.youtube.com/watch?v=La8Csv7DmqE,
3593,Gokuldham Mein Bhookamp - Taarak Mehta Ka Ooltah Chashmah - Ep 3593 - Full Episode - 19 Oct 2022,https://www.youtube.com/watch?v=tYxnsHzilfQ,Found,09 Nov 2022,19:52,,
3594,Sodhi Ka Idea - Taarak Mehta Ka Ooltah Chashmah - Ep 3594 - Full Episode - 20 Oct 2022,https://www.youtube.com/watch?v=6iPKsGKj7Bc,Found,10 Nov 2022,19:31,,
3595,Contractor Kaha Milega? - Taarak Mehta Ka Ooltah Chashmah - Ep 3595 - Full Episode - 21 Oct 2022,https://www.youtube.com/watch?v=4pIb-LQo3Ic,Found,11 Nov 2022,19:54,,
3596,Contractor Ki Khoj? - Taarak Mehta Ka Ooltah Chashmah - Ep 3596 - Full Episode - 22 Oct 2022,https://www.youtube.com/watch?v=hQ772rNCX1E,Found,12 Nov 2022,20:23,,
3597,Patakho Ki Testing - Taarak Mehta Ka Ooltah Chashmah - Ep 3597 - Full Episode - 24 Oct 2022,https://www.youtube.com/watch?v=fbbgDpACFAc,Found,14 Nov 2022,18:34,https://www.youtube.com/watch?v=XbXaK79rpU4,https://www.youtube.com/watch?v=4M1BQ2KVERk
3598,Contractors Ki Meeting - Taarak Mehta Ka Ooltah Chashmah - Ep 3598 - Full Episode - 25 Oct 2022,https://www.youtube.com/watch?v=a-GqvrNS5b8,Found,15 Nov 2022,20:03,https://www.youtube.com/watch?v=ywnEgRMX9IY,
3599,Contractors Ki Ladaai - Taarak Mehta Ka Ooltah Chashmah - Ep 3599 - Full Episode - 26 Oct 2022,https://www.youtube.com/watch?v=HIQ-cUZTtVY,Found,16 Nov 2022,20:56,https://www.youtube.com/watch?v=lqeA8DoN3n4,
3600,Painting Ka Kaam Shuru - Taarak Mehta Ka Ooltah Chashmah - Ep 3600 - Full Episode - 27 Oct 2022,https://www.youtube.com/watch?v=13HrV-vlYVs,Found,17 Nov 2022,19:52,https://www.youtube.com/watch?v=iIt8pq5_BLU,
3601,Bhide Ka Sabse Bada Darr - Taarak Mehta Ka Ooltah Chashmah - Ep 3601 - Full Episode - 28 Oct 2022,https://www.youtube.com/watch?v=vWe-dug5EzI,Found,18 Nov 2022,20:39,https://www.youtube.com/watch?v=RxHFrBW94PI,
3602,Diwali Ki Excitement - Taarak Mehta Ka Ooltah Chashmah - Ep 3602 - Full Episode - 29 Oct 2022,https://www.youtube.com/watch?v=lI8JdGwppJc,Found,19 Nov 2022,19:12,https://www.youtube.com/watch?v=iRwx3_w0wyQ,https://www.youtube.com/watch?v=hu30DrJXO-M
3603,Bad News For Bhide - Taarak Mehta Ka Ooltah Chashmah - Ep 3603 - Full Episode - 31 Oct 2022,https://www.youtube.com/watch?v=T3DsNG2priA,Found,21 Nov 2022,19:44,https://www.youtube.com/watch?v=Ovz4za_if-g,https://www.youtube.com/watch?v=BoRmBAY5dCw
3604,Saving Diwali - Taarak Mehta Ka Ooltah Chashmah - Ep 3604 - Full Episode - 1 Nov 2022,https://www.youtube.com/watch?v=oK331RRfQac,Found,22 Nov 2022,20:21,https://www.youtube.com/watch?v=bPwY8YIVf4I,https://www.youtube.com/watch?v=BoRmBAY5dCw
3605,Gokhuldham Ki Diwali- Taarak Mehta Ka Ooltah Chashmah - Ep 3605 - Full Episode - 2 Nov 2022,https://www.youtube.com/watch?v=dqgBNZsxmvQ,Found,23 Nov 2022,19:58,,https://www.youtube.com/watch?v=PouC_bO-jSo
3606,Bapuji Ki Treat - Taarak Mehta Ka Ooltah Chashmah - Ep 3606 - Full Episode - 3 Nov 2022,https://www.youtube.com/watch?v=5WrhUv6m-x4,Found,24 Nov 2022,19:58,https://www.youtube.com/watch?v=KviorBmc8Q4,
3607,Jethalal Ki Penalty - Taarak Mehta Ka Ooltah Chashmah - Ep 3607 - Full Episode - 4 Nov 2022,https://www.youtube.com/watch?v=iE71WLbr724,Found,25 Nov 2022,19:19,https://www.youtube.com/watch?v=NOyu08tKn4I,
3608,Jethalal Ke Cheques - Taarak Mehta Ka Ooltah Chashmah - Ep 3608 - Full Episode - 5 Nov 2022,https://www.youtube.com/watch?v=FaWT9JgdbeQ,Found,26 Nov 2022,20:31,https://www.youtube.com/watch?v=KohD0JfdrWs,
3609,Jethalal Ka Sabak - Taarak Mehta Ka Ooltah Chashmah - Ep 3609 - Full Episode - 7 Nov 2022,https://www.youtube.com/watch?v=Ef48fhvJyoc,Found,28 Nov 2022,18:34,https://www.youtube.com/watch?v=1p0KPFhN6sg,
3610,Jethalal Ki Tarkeeb - Taarak Mehta Ka Ooltah Chashmah - Ep 3610 - Full Episode - 8 Nov 2022,https://www.youtube.com/watch?v=f4_6m7iwjSg,Found,29 Nov 2022,20:29,https://www.youtube.com/watch?v=k2uyCsSox4k,
3611,Cheque Ka Hungama - Taarak Mehta Ka Ooltah Chashmah - Ep 3611 - Full Episode - 9 Nov 2022,https://www.youtube.com/watch?v=0COok7FwvNo,Found,30 Nov 2022,21:15,,https://www.youtube.com/watch?v=W4t7JrCMAjg
3612,Guru Nanak Jayanti Ki Badhaiya - Taarak Mehta Ka Ooltah Chashmah -Ep 3612- Full Episode -10 Nov 2022,https://www.youtube.com/watch?v=ajKE1mmVqoA,Found,01 Dec 2022,19:56,https://www.youtube.com/watch?v=6b8SamekZQ4,https://www.youtube.com/watch?v=WC6e9zGevmc
3613,Guru Nanak Ji Ki Anmol Seekh - Taarak Mehta Ka Ooltah Chashmah -Ep 3613- Full Episode -11 Nov 2022,https://www.youtube.com/watch?v=3cokrz109dc,Found,02 Dec 2022,20:01,https://www.youtube.com/watch?v=PAnowrERHww,https://www.youtube.com/watch?v=HJUviHKqdss
3614,'Bhajia' Party At Bhide's House- Taarak Mehta Ka Ooltah Chashmah -Ep 3614- Full Episode -12 Nov 2022,https://www.youtube.com/watch?v=iBXaCoQIAuQ,Found,03 Dec 2022,20:34,https://www.youtube.com/watch?v=eQSjzGTdb-U,https://www.youtube.com/watch?v=P0dZMiVUPlY
3615,Dinner With Bapuji - Taarak Mehta Ka Ooltah Chashmah - Ep 3615 - Full Episode - 14 Nov 2022,https://www.youtube.com/watch?v=4PHnmN-V_8o,Found,05 Dec 2022,20:32,https://www.youtube.com/watch?v=MLUAe40Mh40,https://www.youtube.com/watch?v=guIKfgeAaDI
3616,Restaurant Pauchne Mein Deri- Taarak Mehta Ka Ooltah Chashmah - Ep 3616 - Full Episode - 15 Nov 2022,https://www.youtube.com/watch?v=PDXSnjOT4es,Found,06 Dec 2022,19:12,https://www.youtube.com/watch?v=oYc9ya9LG8c,
3617,International Client - Taarak Mehta Ka Ooltah Chashmah - Ep 3617 - Full Episode - 16 Nov 2022,https://www.youtube.com/watch?v=nlJnKn7jR1U,Found,07 Dec 2022,20:23,https://www.youtube.com/watch?v=1iVlxMExy7w,https://www.youtube.com/watch?v=zxo2d1HbR-s
3618,Taarak's Important Task- Taarak Mehta Ka Ooltah Chashmah - Ep 3618 - Full Episode - 17 Nov 2022,https://www.youtube.com/watch?v=-Bg5CbldcVI,Found,10 Dec 2022,21:21,https://www.youtube.com/watch?v=8l64MOJMgJ0,https://www.youtube.com/watch?v=KsPMufwhxOc
3619,Jethalal Thanks Taarak - Taarak Mehta Ka Ooltah Chashmah - Ep 3619 - Full Episode - 18 Nov 2022,https://www.youtube.com/watch?v=QY9xu_JHQQ4,Found,11 Dec 2022,21:03,https://www.youtube.com/watch?v=3_E_Ey8Cbps,https://www.youtube.com/watch?v=PIhS6rzfNOc
3620,Taarak Rushes To Jetha's Shop-Taarak Mehta Ka Ooltah Chashmah - Ep 3620 - Full Episode - 19 Nov 2022,https://www.youtube.com/watch?v=4m1MW5FggX0,Found,11 Dec 2022,17:32,https://www.youtube.com/watch?v=KOB6mX9EgOE,https://www.youtube.com/watch?v=69MwlZOLVks
3621,Jethalal Welcomes His Clients - Taarak Mehta Ka Ooltah Chashmah - Ep 3621-Full Episode - 21 Nov 2022,https://www.youtube.com/watch?v=iu7rCc-WzgU,Found,12 Dec 2022,20:29,,
3622,Taarak's Boss Is In Jetha's Shop- Taarak Mehta Ka Ooltah Chashmah - Ep 3622-Full Episode-22 Nov 2022,https://www.youtube.com/watch?v=-FsKc6bmEXE,Found,13 Dec 2022,19:40,,
3623,Taarak's Boss Reaches The Society-Taarak Mehta Ka Ooltah Chashmah - Ep 3623 - FE - 23 Nov 2022,https://www.youtube.com/watch?v=ZvERHhqdOnQ,Found,14 Dec 2022,20:44,https://www.youtube.com/watch?v=wVp1wV5Oi2w,https://www.youtube.com/watch?v=UW-5uvyzVQM
3624,Taarak's Boss Waits At Abdul's Shop - Taarak Mehta Ka Ooltah Chashmah - Ep 3624 - FE - 24 Nov 2022,https://www.youtube.com/watch?v=Cwsr-i9vanI,Found,15 Dec 2022,19:41,https://www.youtube.com/watch?v=9bLa4K7XtQ4,https://www.youtube.com/watch?v=O8KYgnvnQXk
3625,Will Jetha And Taraak Get An Auto?-Taarak Mehta Ka Ooltah Chashmah - Ep 3625 - FE - 25 Nov 2022,https://www.youtube.com/watch?v=4orX5i6AkK8,Found,16 Dec 2022,20:12,https://www.youtube.com/watch?v=xH8S1szPPdY,
3626,Taarak Mehta Ka Ooltah Chashmah - Ep 3626 - Full Episode - 26 Nov 2022,https://www.youtube.com/watch?v=qbpK1gfTTtQ,Found,17 Dec 2022,19:46,https://www.youtube.com/watch?v=10ZxFvAOH04,
3627,Taarak's Alibi - Taarak Mehta Ka Ooltah Chashmah - Ep 3627 - Full Episode - 28 Nov 2022,https://www.youtube.com/watch?v=DXVvc3AIjWM,Found,19 Dec 2022,18:52,https://www.youtube.com/watch?v=S_RjjSqAEdM,https://www.youtube.com/watch?v=79Yzlby8-q8
3628,Taarak Narrates His Alibi Story-Taarak Mehta Ka Ooltah Chashmah-Ep 3628 - Full Episode - 29 Nov 2022,https://www.youtube.com/watch?v=DfISFTF4QIM,Found,20 Dec 2022,20:47,https://www.youtube.com/watch?v=gciyYCaMvIc,https://www.youtube.com/watch?v=8jiWmxJAMec
3629,Sakharam Is Missing-Taarak Mehta Ka Ooltah Chashmah - Ep 3629 - Full Episode - 30 Nov 2022,https://www.youtube.com/watch?v=z40bHCJTXts,Found,21 Dec 2022,20:03,https://www.youtube.com/watch?v=Cfs7esgaNMM,https://www.youtube.com/watch?v=AwpMlhlPD2g
3630,Bagha &Nattu Kaka's Fight -Taarak Mehta Ka Ooltah Chashmah - Ep 3630 - Full Episode - 1 Dec 2022,https://www.youtube.com/watch?v=THX0wNNcoT8,Found,22 Dec 2022,18:15,https://www.youtube.com/watch?v=P2bZOEFlqDo,
3631,Bhide Ko Mili Responsibility -Taarak Mehta Ka Ooltah Chashmah - Ep 3631 - Full Episode - 2 Dec 2022,https://www.youtube.com/watch?v=u2X6JqsdNLQ,Found,23 Dec 2022,19:03,https://www.youtube.com/watch?v=qVpZC6h2ae4,https://www.youtube.com/watch?v=w3JzZiUkFok
3632,Will Bhide Help Popatlal? - Taarak Mehta Ka Ooltah Chashmah - Ep 3632 - Full Episode - 3 Dec 2022,https://www.youtube.com/watch?v=DwZmAvUoUCA,Found,24 Dec 2022,21:35,https://www.youtube.com/watch?v=SvyNjWFP5u4,
3633,Will Bhide Accept Popat's Proposal?- Taarak Mehta Ka Ooltah Chashmah - Ep 3633 - FE - 5 Dec 2022,https://www.youtube.com/watch?v=eUPMy67d_Uw,Found,26 Dec 2022,21:03,https://www.youtube.com/watch?v=DI2_qPwcZs4,https://www.youtube.com/watch?v=I5707RGBzdU
3634,Popat Gets Vidya's Info - Taarak Mehta Ka Ooltah Chashmah - Ep 3634 - Full Episode - 6 Dec 2022,https://www.youtube.com/watch?v=3ytmA-VQ1RA,Found,26 Dec 2022,20:20,https://www.youtube.com/watch?v=4Li2SFeLoNw,https://www.youtube.com/watch?v=6KR737rZz3U
3635,Popat Reaches Shiv Ganga - Taarak Mehta Ka Ooltah Chashmah - Ep 3635 - Full Episode - 7 Dec 2022,https://www.youtube.com/watch?v=4Mz61OVuCCY,Found,28 Dec 2022,20:35,https://www.youtube.com/watch?v=tQHIGL6rqAM,
3636,Popat Meets Vidya Ji - Taarak Mehta Ka Ooltah Chashmah - Ep 3636 - Full Episode - 8 Dec 2022,https://www.youtube.com/watch?v=qtH6cxaTNQw,Found,29 Dec 2022,19:55,https://www.youtube.com/watch?v=kk3hO5D_zqI,
3637,How Will Popat Face Bhide's Rage? - Taarak Mehta Ka Ooltah Chashmah - Ep 3637 - FE - 9 Dec 2022,https://www.youtube.com/watch?v=hcd7xij7FPY,Found,30 Dec 2022,19:47,https://www.youtube.com/watch?v=O84IxOiOWiI,
3638,Bhide Ka Gussa - Taarak Mehta Ka Ooltah Chashmah - Ep 3638 - FE - 10 Dec 2022,https://www.youtube.com/watch?v=cjUUVD9KxI8,Found,31 Dec 2022,18:55,https://www.youtube.com/watch?v=U_fHmj9GPP8,
3639,Gogi And Goli Feel Guilty - Taarak Mehta Ka Ooltah Chashmah - Ep 3639 - FE - 12 Dec 2022,https://www.youtube.com/watch?v=o6GZrAFgh9Q,Found,02 Jan 2023,19:20,https://www.youtube.com/watch?v=M3RpmbDVTQw,
3640,Bhide Comes To Taarak's House - Taarak Mehta Ka Ooltah Chashmah - Ep 3640 - FE - 13 Dec 2022,https://www.youtube.com/watch?v=P77M1Zsv6Bg,Found,03 Jan 2023,19:10,https://www.youtube.com/watch?v=RG2hPpNXIwM,
3641,Search For Popat Continues - Taarak Mehta Ka Ooltah Chashmah - Ep 3641 - FE - 14 Dec 2022,https://www.youtube.com/watch?v=vjWyfe4tPF0,Found,04 Jan 2023,20:24,,https://www.youtube.com/watch?v=osgTQoYrOSQ
3642,Bhide Gives A Task To The Members - Taarak Mehta Ka Ooltah Chashmah - Ep 3642 - FE - 15 Dec 2022,https://www.youtube.com/watch?v=O7XhlNesAfE,Found,05 Jan 2023,21:20,https://www.youtube.com/watch?v=VpzVewBXqxc,https://www.youtube.com/watch?v=-sENBI26xNc
3643,Goons At Gokuldham - Taarak Mehta Ka Ooltah Chashmah - Ep 3643 - FE - 16 Dec 2022,https://www.youtube.com/watch?v=eHY9DZq8yNg,Found,06 Jan 2023,20:32,https://www.youtube.com/watch?v=hN6KnyIQ_MU,
3644,Bhide Ka Sapna - Taarak Mehta Ka Ooltah Chashmah - Ep 3644 - FE - 17 Dec 2022,https://www.youtube.com/watch?v=VOsZAzJVeXw,Found,07 Jan 2023,21:09,https://www.youtube.com/watch?v=UMvrbyb9PnI,https://www.youtube.com/watch?v=X8fZbUmi2g4
3645,Bhide's Mama Arrives At Gokuldham - Taarak Mehta Ka Ooltah Chashmah - Ep 3645 - FE - 19 Dec 2022,https://www.youtube.com/watch?v=vGNvn9nClhE,Found,09 Jan 2023,20:39,https://www.youtube.com/watch?v=6WQYFHBvp5g,
3646,Chaalu Pandey Reaches Gokuldham Society-Taarak Mehta Ka Ooltah Chashmah - Ep 3646 - FE - 20 Dec 2022,https://www.youtube.com/watch?v=x5b5LhPqilA,Found,10 Jan 2023,20:59,https://www.youtube.com/watch?v=Z6nM0K_JmBE,
3647,Not Not 9 Assists Chaalu Ji - Taarak Mehta Ka Ooltah Chashmah - Ep 3647 - FE - 21 Dec 2022,https://www.youtube.com/watch?v=1ziQaWV1PU8,Found,11 Jan 2023,19:22,https://www.youtube.com/watch?v=nQptCzjtrQI,
3648,The Truth Comes Out - Taarak Mehta Ka Ooltah Chashmah - Ep 3648 - FE - 22 Dec 2022,https://www.youtube.com/watch?v=hVWoeRSHvG4,Found,12 Jan 2023,20:40,https://www.youtube.com/watch?v=ju86F7vcX6s,
3649,Police Finds Popu At Bhide's House - Taarak Mehta Ka Ooltah Chashmah - Ep 3649 - FE - 23 Dec 2022,https://www.youtube.com/watch?v=aayM-alam9c,Found,13 Jan 2023,21:47,https://www.youtube.com/watch?v=ia1X4qX_oIw,
3650,Popatlal Is Dragged To The Police Station - Taarak Mehta Ka Ooltah Chashmah-Ep 3650 -FE -24 Dec 2022,https://www.youtube.com/watch?v=5rkCaTZRkg0,Found,14 Jan 2023,20:15,https://www.youtube.com/watch?v=ctA0jmoMvfY,
3651,Popatlal's Twist In The Fate - Taarak Mehta Ka Ooltah Chashmah - Ep 3651 - FE - 26 Dec 2022,https://www.youtube.com/watch?v=DRqJ6kyx0xM,Found,16 Jan 2023,21:33,https://www.youtube.com/watch?v=ti1fltsNNoY,
3652,Good News For Popatlal - Taarak Mehta Ka Ooltah Chashmah - Ep 3652 - FE - 27 Dec 2022,https://www.youtube.com/watch?v=5uMGwX_aQQI,Found,17 Jan 2023,20:37,https://www.youtube.com/watch?v=LNA3hTJ8bEY,https://www.youtube.com/watch?v=g7AdvGDK_6g
3653,Will Bhide Get Arrested? - Taarak Mehta Ka Ooltah Chashmah - Ep 3653 - FE - 28 Dec 2022,https://www.youtube.com/watch?v=obnpzGLXwTg,Found,18 Jan 2023,20:12,https://www.youtube.com/watch?v=19IeHXXKd9M,https://www.youtube.com/watch?v=D3CeHyOCxCc
3654,Sonu Ke Special Guests - Taarak Mehta Ka Ooltah Chashmah - Ep 3654 - FE - 29 Dec 2022,https://www.youtube.com/watch?v=Dxg0NVe1TTs,Found,19 Jan 2023,20:20,https://www.youtube.com/watch?v=zCkpUMu1X9I,
3655,Gada Electronic's New Scheme - Taarak Mehta Ka Ooltah Chashmah - Ep 3655 - FE - 30 Dec 2022,https://www.youtube.com/watch?v=_bvFdSa8AAQ,Found,20 Jan 2023,21:33,https://www.youtube.com/watch?v=LjaJuZOltrg,https://www.youtube.com/watch?v=QyBItZ6TeB0
3656,New Year Ki Party Ka Rang-Taarak Mehta Ka Ooltah Chashmah -Ep 3656-Full Episode-31 December 2022,https://www.youtube.com/watch?v=XUFN1PC780g,Found,21 Jan 2023,20:09,https://www.youtube.com/watch?v=ACBZnBn0Ggs,
3657,New Year In Gokuldham - Taarak Mehta Ka Ooltah Chashmah - Ep 3657 - Full Episode - 2 Jan 2023,https://www.youtube.com/watch?v=9z5bhm1__gk,Found,23 Jan 2023,17:20,https://www.youtube.com/watch?v=nxBGjwv68WY,
3658,Naye Saal Ka Naya Suvichaar - Taarak Mehta Ka Ooltah Chashmah - Ep 3658 - Full Episode - 3 Jan 2023,https://www.youtube.com/watch?v=UK9IPeOeOpU,Found,24 Jan 2023,19:09,https://www.youtube.com/watch?v=E5xzQnCsYSc,
3659,Bagha Has Good News For Jetha - Taarak Mehta Ka Ooltah Chashmah -Ep 3659 - Full Episode - 4 Jan 2023,https://www.youtube.com/watch?v=bFLcvfx_FJY,Found,25 Jan 2023,20:19,,https://www.youtube.com/watch?v=HFX8SRz6G8U
3660,Bagha's Date - Taarak Mehta Ka Ooltah Chashmah - Ep 3660 - Full Episode - 5 Jan 2023,https://www.youtube.com/watch?v=OC0B_eoBKqc,Found,26 Jan 2023,21:01,https://www.youtube.com/watch?v=UO_cz19r7zM,
3661,A Heart-Broken Bagha! - Taarak Mehta Ka Ooltah Chashmah -Ep 3661 - Full Episode - 6 Jan 2023,https://www.youtube.com/watch?v=43AAiwa8FYg,Found,27 Jan 2023,20:10,https://www.youtube.com/watch?v=ZJTl29x4e3M,
3662,Jetha: The Kind One - Taarak Mehta Ka Ooltah Chashmah -Ep 3662 - Full Episode - 7 Jan 2023,https://www.youtube.com/watch?v=ll7l6FYjCKI,Found,28 Jan 2023,17:36,https://www.youtube.com/watch?v=RJbJTKPiYpo,
3663,Badey Order Ki Tension - Taarak Mehta Ka Ooltah Chashmah -Ep 3663 - Full Episode - 9 Jan 2023,https://www.youtube.com/watch?v=CIzHaUCb8CU,Found,30 Jan 2023,21:00,https://www.youtube.com/watch?v=e_C2m0qqOTQ,
3664,Bagha Bhaag Gaya - Taarak Mehta Ka Ooltah Chashmah - Ep 3664 - Full Episode - 10 Jan 2023,https://www.youtube.com/watch?v=RjR87tR1F60,Found,31 Jan 2023,19:50,https://www.youtube.com/watch?v=NHUtJNXv3pk,
3665,Bagha Ho Gaya Seedha - Taarak Mehta Ka Ooltah Chashmah - Ep 3665 - Full Episode - 11 Jan 2023,https://www.youtube.com/watch?v=wLF1lpLI49c,Found,01 Feb 2023,20:01,https://www.youtube.com/watch?v=YeaaZGR3nRE,
3666,Party Sharty Ka Nateeja - Taarak Mehta Ka Ooltah Chashmah - Ep 3666 - Full Episode - 12 Jan 2023,https://www.youtube.com/watch?v=GE7czPWeS8k,Found,02 Feb 2023,21:03,https://www.youtube.com/watch?v=iM06QrhYLqQ,
3667,Bagha Ki Zidd - Taarak Mehta Ka Ooltah Chashmah - Ep 3667 - Full Episode - 13 Jan 2023,https://www.youtube.com/watch?v=v7DuNQxj2W0,Found,03 Feb 2023,20:25,https://www.youtube.com/watch?v=nIqPGJkGTT4,
3668,Nashe Mein Bagha - Taarak Mehta Ka Ooltah Chashmah - Ep 3668 - Full Episode - 14 Jan 2023,https://www.youtube.com/watch?v=CDCy5TL4AF8,Found,04 Feb 2023,17:17,https://www.youtube.com/watch?v=qXa6r8r4xww,
3669,Bawri Vapas Aagayi - Taarak Mehta Ka Ooltah Chashmah - Ep 3669 - Full Episode - 16 Jan 2023,https://www.youtube.com/watch?v=KqDWz10dGlo,Found,06 Feb 2023,21:16,https://www.youtube.com/watch?v=fdMHJ7yGq24,
3670,50 TV Ki Delivery - Taarak Mehta Ka Ooltah Chashmah - Ep 3670 - Full Episode - 17 Jan 2023,https://www.youtube.com/watch?v=rOch1jEcik8,Found,07 Feb 2023,20:28,https://www.youtube.com/watch?v=97voXJ82IXU,
3671,Jetha Ki Anghooti - Taarak Mehta Ka Ooltah Chashmah - Ep 3671 - Full Episode - 18 Jan 2023,https://www.youtube.com/watch?v=YLZL3gqicfE,Found,08 Feb 2023,20:47,,https://www.youtube.com/watch?v=0rL-bJP4FsU
3672,Bawri's Surprise - Taarak Mehta Ka Ooltah Chashmah - Ep 3672 - Full Episode - 19 Jan 2023,https://www.youtube.com/watch?v=j6T1M4c8Ehc,Found,09 Feb 2023,20:43,,
3673,Employee Aur Boss Ka Rishta - Taarak Mehta Ka Ooltah Chashmah - Ep 3673 - Full Episode - 20 Jan 2023,https://www.youtube.com/watch?v=yevfUPdflTc,Found,10 Feb 2023,20:10,https://www.youtube.com/watch?v=RTpmyoHCBf8,https://www.youtube.com/watch?v=XxWfEWCJOeI
3674,Taarak's Boss Gives A Surprise - Taarak Mehta Ka Ooltah Chashmah- Ep 3674- Full Episode -21 Jan 2023,https://www.youtube.com/watch?v=QOCrmdTGPEA,Found,11 Feb 2023,21:00,https://www.youtube.com/watch?v=Gp_JyPlLBvc,https://www.youtube.com/watch?v=YxMpM4QXNAk
3675,Taarak Ki Good News - Taarak Mehta Ka Ooltah Chashmah- Ep 3675 - Full Episode - 23 Jan 2023,https://www.youtube.com/watch?v=kITNDzM5XTw,Found,13 Feb 2023,20:01,,
3676,Yellow Shirt Ki Problem - Taarak Mehta Ka Ooltah Chashmah- Ep 3676 - Full Episode - 24 Jan 2023,https://www.youtube.com/watch?v=euD6bnhxceQ,Found,14 Feb 2023,20:33,https://www.youtube.com/watch?v=0k0U_mrW2Ag,https://www.youtube.com/watch?v=5nOZiXLdINw
3677,Taarak Ki Akhri Ummeed - Taarak Mehta Ka Ooltah Chashmah - Ep 3677 - Full Episode - 25 Jan 2023,https://www.youtube.com/watch?v=eQf9-JId7i0,Found,15 Feb 2023,20:02,https://www.youtube.com/watch?v=p7E1mRE0t1g,https://www.youtube.com/watch?v=rqB4AxvzbnA
3678,Taarak Ka Luck - Taarak Mehta Ka Ooltah Chashmah- Ep 3678 - Full Episode - 26 Jan 2023,https://www.youtube.com/watch?v=5-KyGQWhW78,Found,16 Feb 2023,20:27,https://www.youtube.com/watch?v=x-Wld1fJuGQ,
3679,Taarak Phas Gaya - Taarak Mehta Ka Ooltah Chashmah- Ep 3679 - Full Episode - 27 Jan 2023,https://www.youtube.com/watch?v=OGh_usU3jPQ,Found,17 Feb 2023,20:55,https://www.youtube.com/watch?v=rN0u-E3N_k0,https://www.youtube.com/watch?v=YyBAfct8Bjs
3680,Taarak's Green Shirt - Taarak Mehta Ka Ooltah Chashmah- Ep 3680 - Full Episode - 28 Jan 2023,https://www.youtube.com/watch?v=aeKfgLYo4FM,Found,18 Feb 2023,20:53,,
3681,Badey Guru Ji Ke Darshan - Taarak Mehta Ka Ooltah Chashmah- Ep 3681- Full Episode - 30 Jan 2023,https://www.youtube.com/watch?v=2_9LDKRv22Q,Found,20 Feb 2023,19:39,https://www.youtube.com/watch?v=K6D_eBdROYg,
3682,Badey Guru Ji Ki Advice - Taarak Mehta Ka Ooltah Chashmah- Ep 3682 - Full Episode - 31 Jan 2023,https://www.youtube.com/watch?v=GFdU7P6pq2I,Found,21 Feb 2023,20:15,https://www.youtube.com/watch?v=EIFzzyb8gZA,
3683,Bapuji Ki Jaadui Chhadi - Taarak Mehta Ka Ooltah Chashmah - Ep 3683 - Full Episode - 1 Feb 2023,https://www.youtube.com/watch?v=JQ0_c0ZzGdM,Found,22 Feb 2023,21:17,https://www.youtube.com/watch?v=jruGcFX18WA,https://www.youtube.com/watch?v=YPUGBZBqRZY
3684,Boss Ka Surprise - Taarak Mehta Ka Ooltah Chashmah- Ep 3684 - Full Episode - 2 Feb 2023,https://www.youtube.com/watch?v=59Fg8XS3q3I,Found,23 Feb 2023,20:14,https://www.youtube.com/watch?v=GYMVlAOY17A,https://www.youtube.com/watch?v=1X2uBZ-VXWo
3685,Surprise Gift For Taarak - Taarak Mehta Ka Ooltah Chashmah - Ep 3685 - Full Episode - 3 Feb 2023,https://www.youtube.com/watch?v=XTBgJZQeAbE,Found,24 Feb 2023,20:34,https://www.youtube.com/watch?v=BlHnSlXuW60,https://www.youtube.com/watch?v=qntpIu5nb0o
3686,Bade Guruji - Taarak Mehta Ka Ooltah Chashmah - Ep 3686 - Full Episode - 4 Feb 2023,https://www.youtube.com/watch?v=7q6C-uscOQk,Found,25 Feb 2023,19:45,https://www.youtube.com/watch?v=2enn3udRfFA,
3687,Jhoot Ka Jaal - Taarak Mehta Ka Ooltah Chashmah - Ep 3687 - Full Episode - 6 Feb 2023,https://www.youtube.com/watch?v=LVkr-SEp7hk,Found,27 Feb 2023,21:15,,
3688,Tapu Sena's Request - Taarak Mehta Ka Ooltah Chashmah - Ep 3688 - Full Episode - 7 Feb 2023,https://www.youtube.com/watch?v=QaSx0ZMuvUY,Found,28 Feb 2023,19:08,,
3689,Bagha Ki Laparvahi - Taarak Mehta Ka Ooltah Chashmah - Ep 3689 - Full Episode - 8 Feb 2023,https://www.youtube.com/watch?v=kFBwR2Hb1yY,Found,01 Mar 2023,21:31,https://www.youtube.com/watch?v=wX0GYrrM75w,
3690,Bagha's Ghost Story - Taarak Mehta Ka Ooltah Chashmah - Ep 3690 - Full Episode - 9 Feb 2023,https://www.youtube.com/watch?v=XJJTp1TrgQI,Found,02 Mar 2023,21:20,https://www.youtube.com/watch?v=j11yPNRSCOg,https://www.youtube.com/watch?v=TPctXPZoT-k
3691,Mystery Box In Gokuldham - Taarak Mehta Ka Ooltah Chashmah - Ep 3691 - Full Episode - 10 Feb 2023,https://www.youtube.com/watch?v=cpYUbuxNFIA,Found,03 Mar 2023,20:23,https://www.youtube.com/watch?v=-1IYbEq2n88,https://www.youtube.com/watch?v=-hLrZKLYJpY
3692,Prankster Of Gokuldham - Taarak Mehta Ka Ooltah Chashmah - Ep 3692 - Full Episode - 11 Feb 2023,https://www.youtube.com/watch?v=LN4JhFQJgT8,Found,04 Mar 2023,20:28,https://www.youtube.com/watch?v=ySagRa7kFeU,https://www.youtube.com/watch?v=iE0yi0uqfg4
3693,तूफ़ान आ गया है - Taarak Mehta Ka Ooltah Chashmah - Ep 3693 - Full Episode - Tapu Returns,https://www.youtube.com/watch?v=bB21PsG3P00,Found,13 Oct 2023,19:52,,
3694,Toofan Aa Gaya Hai - Taarak Mehta Ka Ooltah Chashmah - Ep 3694 - Full Episode - 14 Feb 2023,https://www.youtube.com/watch?v=2OJVt9axZLw,Found,07 Mar 2023,19:01,https://www.youtube.com/watch?v=4ifwqseEgE0,https://www.youtube.com/watch?v=MJ7720O0s9M
3695,Bhoot Ka Hungama - Taarak Mehta Ka Ooltah Chashmah - Ep 3695 - Full Episode - 15 Feb 2023,https://www.youtube.com/watch?v=Saie923tVys,Found,09 Mar 2023,21:47,https://www.youtube.com/watch?v=9V6zR37mgWE,
3696,Prankster Ki Shart - Taarak Mehta Ka Ooltah Chashmah - Ep 3696 - Full Episode - 16 Feb 2023,https://www.youtube.com/watch?v=DzvbajH2pT4,Found,10 Mar 2023,16:45,https://www.youtube.com/watch?v=UBZyrpJsRZA,
3697,Tappu Is Back - Taarak Mehta Ka Ooltah Chashmah - Ep 3697 - Full Episode - 17 Feb 2023,https://www.youtube.com/watch?v=vGTAnj4Ir2Y,Found,11 Mar 2023,15:56,,
3698,Tapu Ka Dhamakedaar Surprise- Taarak Mehta Ka Ooltah Chashmah - Ep 3698 - Full Episode - 18 Feb 2023,https://www.youtube.com/watch?v=mKnxbzkbGHY,Found,12 Mar 2023,18:11,https://www.youtube.com/watch?v=1WlVLDx4-mU,
3699,Tapu Brings Gifts - Taarak Mehta Ka Ooltah Chashmah - Ep 3699 - Full Episode - 20 Feb 2023,https://www.youtube.com/watch?v=Z6LyjfdpJKI,Found,13 Mar 2023,20:39,https://www.youtube.com/watch?v=qe-UAIOhdiU,
3700,Tapu Ka Style - Taarak Mehta Ka Ooltah Chashmah - Ep 3700 - Full Episode - 21 Feb 2023,https://www.youtube.com/watch?v=53LUAO5GKIs,Found,14 Mar 2023,20:35,https://www.youtube.com/watch?v=65rVTrGqVBQ,
3701,Tapu Ka Result - Taarak Mehta Ka Ooltah Chashmah - Ep 3701 - Full Episode - 22 Feb 2023,https://www.youtube.com/watch?v=e_LtvPVqr8o,Found,15 Mar 2023,21:54,https://www.youtube.com/watch?v=JflbvnPj-fY,
3702,Gada Pariwaar Ki Nayi Bahu - Taarak Mehta Ka Ooltah Chashmah - Ep 3702 - Full Episode - 23 Feb 2023,https://www.youtube.com/watch?v=dpJH1ll0Vt0,Found,16 Mar 2023,20:35,https://www.youtube.com/watch?v=hosz3Gvjmc0,
3703,Bhide Ka Sar Dard - Taarak Mehta Ka Ooltah Chashmah - Ep 3703 - Full Episode - 24 Feb 2023,https://www.youtube.com/watch?v=x93vbSm1mLc,Found,17 Mar 2023,19:52,https://www.youtube.com/watch?v=k7rOcTjqn94,
3704,Tapu Aur Champaklal Ka Dance- Taarak Mehta Ka Ooltah Chashmah - Ep 3704 - Full Episode - 25 Feb 2023,https://www.youtube.com/watch?v=CJxHArFRJ1Y,Found,18 Mar 2023,18:40,https://www.youtube.com/watch?v=Szp0nEtrgvk,https://www.youtube.com/watch?v=_7Z4cIbCnJY
3705,Babita Needs Help - Taarak Mehta Ka Ooltah Chashmah - Ep 3705 - Full Episode - 27 Feb 2023,https://www.youtube.com/watch?v=925kEDVggog,Found,20 Mar 2023,20:45,https://www.youtube.com/watch?v=2eMaDPJSJGI,https://www.youtube.com/watch?v=CVqAuhRMr1Q
3706,Jethalal Ki Pratigya - Taarak Mehta Ka Ooltah Chashmah - Ep 3706 - Full Episode - 28 Feb 2023,https://www.youtube.com/watch?v=6cTMKJFpWlQ,Found,21 Mar 2023,20:03,https://www.youtube.com/watch?v=bVNPcRbdHX4,
3707,Profit Ka Dukh - Taarak Mehta Ka Ooltah Chashmah - Ep 3707 - Full Episode - 1 Mar 2023,https://www.youtube.com/watch?v=s4rz-1-uf9s,Found,22 Mar 2023,19:31,https://www.youtube.com/watch?v=5r9rIgiGuo8,
3708,Search For The TV - Taarak Mehta Ka Ooltah Chashmah - Ep 3708 - Full Episode - 2 Mar 2023,https://www.youtube.com/watch?v=53bfclcQhok,Found,23 Mar 2023,20:43,https://www.youtube.com/watch?v=UwvVRFvyHJY,
3709,Jethalal Ke Baal Khatre Mein Hai - Taarak Mehta Ka Ooltah Chashmah -Ep 3709-Full Episode -3 Mar 2023,https://www.youtube.com/watch?v=YeIalG1Ecm4,Found,24 Mar 2023,20:29,https://www.youtube.com/watch?v=bZ5XTq4Hcso,
3710,Jethalal Ka Promise - Taarak Mehta Ka Ooltah Chashmah - Ep 3710 - Full Episode - 4 Mar 2023,https://www.youtube.com/watch?v=A93c-D5Z0AY,Found,25 Mar 2023,21:32,https://www.youtube.com/watch?v=3IXLebJethY,
3711,Holi Ki Taiyyari - Taarak Mehta Ka Ooltah Chashmah - Ep 3711 - Full Episode - 6 Mar 2023,https://www.youtube.com/watch?v=dOCFunpOwwE,Found,27 Mar 2023,19:36,,
3712,Holika Dahan In Gokuldham - Taarak Mehta Ka Ooltah Chashmah - Ep 3712 - Full Episode - 7 Mar 2023,https://www.youtube.com/watch?v=3MBbzhFPqVs,Found,28 Mar 2023,20:54,,
3713,Tapu Sena Ke Holi Plans - Taarak Mehta Ka Ooltah Chashmah - Ep 3713 - Full Episode - 8 Mar 2023,https://www.youtube.com/watch?v=NwZ76QP7eSg,Found,29 Mar 2023,18:04,,https://www.youtube.com/watch?v=pxAgumX9DmM
3714,Hungame Vaali Holi - Taarak Mehta Ka Ooltah Chashmah - Ep 3714 - Full Episode - 9 Mar 2023,https://www.youtube.com/watch?v=sybSi4iOhGA,Found,30 Mar 2023,20:04,,
3715,Tension Ke Rang - Taarak Mehta Ka Ooltah Chashmah - Ep 3715 - Full Episode - 10 Mar 2023,https://www.youtube.com/watch?v=ZrO6SPxZkPo,Found,31 Mar 2023,18:32,,https://www.youtube.com/watch?v=bw4dsLc1qP4
3716,Khujli Powder Ka Sach - Taarak Mehta Ka Ooltah Chashmah - Ep 3716 - Full Episode - 11 Mar 2023,https://www.youtube.com/watch?v=e7JArmCeO7U,Found,01 Apr 2023,20:45,,https://www.youtube.com/watch?v=cOlVYnLv790
3717,Aage Ki Soch - Taarak Mehta Ka Ooltah Chashmah - Ep 3717 - Full Episode - 13 Mar 2023,https://www.youtube.com/watch?v=Cxeey6iEycA,Found,03 Apr 2023,20:53,,
3718,Baccho Ka Bhavishya - Taarak Mehta Ka Ooltah Chashmah - Ep 3718 - Full Episode - 14 Mar 2023,https://www.youtube.com/watch?v=t36Gl4BNeOc,Found,04 Apr 2023,20:38,,
3719,Tapu Sena's New Mission - Taarak Mehta Ka Ooltah Chashmah - Ep 3719 - FE - 15 Mar 2023,https://www.youtube.com/watch?v=8wjn2R3WHWg,Found,16 Aug 2023,19:12,https://www.youtube.com/watch?v=uyrzob_201U,https://www.youtube.com/watch?v=j2d3ADD9tpQ
3720,Baccho Ka Secret Project - Taarak Mehta Ka Ooltah Chashmah - Ep 3720 - Full Episode - 16 Mar 2023,https://www.youtube.com/watch?v=iyMthbQBg_c,Found,06 Apr 2023,20:30,,https://www.youtube.com/watch?v=yJlO3m73-dY
3721,Tapu Sena Ka Nimantran - Taarak Mehta Ka Ooltah Chashmah - Ep 3721 - Full Episode - 17 Mar 2023,https://www.youtube.com/watch?v=tbxo6tWBT5M,Found,07 Apr 2023,19:53,,
3722,Bhide Hai Pareshaan - Taarak Mehta Ka Ooltah Chashmah - Ep 3722 - Full Episode - 18 Mar 2023,https://www.youtube.com/watch?v=t991COHzqAg,Found,08 Apr 2023,19:19,,https://www.youtube.com/watch?v=5mNeAObFmgo
3723,Program Ka Chief Guest - Taarak Mehta Ka Ooltah Chashmah - Ep 3723 - Full Episode - 20 Mar 2023,https://www.youtube.com/watch?v=x0eWrMTXX_M,Found,10 Apr 2023,19:25,https://www.youtube.com/watch?v=dSwN_7QW6DU,
3724,Suspense Khatam Hua - Taarak Mehta Ka Ooltah Chashmah - Ep 3724 - Full Episode - 21 Mar 2023,https://www.youtube.com/watch?v=umSX7PBOT_Q,Found,11 Apr 2023,19:45,https://www.youtube.com/watch?v=j7JPpr5O-Go,
3725,Manoranjan Ka Khazana - Taarak Mehta Ka Ooltah Chashmah - Ep 3725 - Full Episode - 22 Mar 2023,https://www.youtube.com/watch?v=V7Aq0Nb0hbs,Found,12 Apr 2023,16:59,https://www.youtube.com/watch?v=AhCGZrn8aFU,
3726,Tapu Sena Ki Safalta - Taarak Mehta Ka Ooltah Chashmah - Ep 3726 - Full Episode - 23 Mar 2023,https://www.youtube.com/watch?v=1K7sl6etjgg,Found,13 Apr 2023,18:08,https://www.youtube.com/watch?v=pAOoIcwsQag,https://www.youtube.com/watch?v=nH4ejW_8L6k
3727,Rickshaw Kahan Hain? - Taarak Mehta Ka Ooltah Chashmah - Ep 3727 - Full Episode - 24 Mar 2023,https://www.youtube.com/watch?v=OPimISULOfU,Found,14 Apr 2023,20:52,https://www.youtube.com/watch?v=fLGKyOOwizA,
3728,Nayi Scheme - Taarak Mehta Ka Ooltah Chashmah - Ep 3728 - Full Episode - 25 Mar 2023,https://www.youtube.com/watch?v=jGU_-LzgOws,Found,15 Apr 2023,20:51,https://www.youtube.com/watch?v=Fs70qwsxp64,
3729,Gada Electronics Ki Scheme - Taarak Mehta Ka Ooltah Chashmah - Ep 3729 - Full Episode - 27 Mar 2023,https://www.youtube.com/watch?v=1yAKoct-YeE,Found,17 Apr 2023,20:54,,
3730,Popatlal Calls Out On The Scheme- Taarak Mehta Ka Ooltah Chashmah - Ep 3730 - FE - 28 Mar 2023,https://www.youtube.com/watch?v=olk_H5IlxdY,Found,18 Apr 2023,18:43,,https://www.youtube.com/watch?v=r6Dd1DaSKls
3731,Scheme Ke Liye Excitement - Taarak Mehta Ka Ooltah Chashmah - Ep 3731 - Full Episode - 29 Mar 2023,https://www.youtube.com/watch?v=3_ZlexXDMtw,Found,19 Apr 2023,20:42,,
3732,Tapu Sena Ka Marketing Plan - Taarak Mehta Ka Ooltah Chashmah - Ep 3732 - Full Episode - 30 Mar 2023,https://www.youtube.com/watch?v=5N60cE0qfrc,Found,20 Apr 2023,19:31,,https://www.youtube.com/watch?v=UsleffU9itg
3733,Jethalal Gets Concerned - Taarak Mehta Ka Ooltah Chashmah - Ep 3733 - FE - 31 Mar 2023,https://www.youtube.com/watch?v=kms9GcVYCVU,Found,21 Apr 2023,19:04,,
3734,Sale At Gada Electronics - Taarak Mehta Ka Ooltah Chashmah - Ep 3734 - FE - 1 Apr 2023,https://www.youtube.com/watch?v=YWneu_3EOGw,Found,22 Apr 2023,20:50,,
3735,The Day Of The Scheme - Taarak Mehta Ka Ooltah Chashmah - Ep 3735 - FE - 3 Apr 2023,https://www.youtube.com/watch?v=7-tZ6-MSUy0,Found,24 Apr 2023,20:19,,https://www.youtube.com/watch?v=3LczFRV0ZIU
3736,The Society Members Reach The Shop - Taarak Mehta Ka Ooltah Chashmah - Ep 3736 - FE - 4 Apr 2023,https://www.youtube.com/watch?v=Wy7wPR4A_ro,Found,25 Apr 2023,21:38,,
3737,Chaalu Pandey Arrives At Gada Electronics - Taarak Mehta Ka Ooltah Chashmah -Ep 3737-FE - 5 Apr 2023,https://www.youtube.com/watch?v=HYtN7A9HVHU,Found,26 Apr 2023,20:35,,
3738,NEW! Ep 3738 - Taarak Mehta Ka Ooltah Chashmah - Full Episode | तारक मेहता का उल्टा चश्मा,https://www.youtube.com/watch?v=LMAtP82ES4w,Found,13 Apr 2023,20:47,https://www.youtube.com/watch?v=Ubc-IViM11s,https://www.youtube.com/watch?v=_mdeMEfT1wk
3739,Kaash Mujhe Car Mil Jae - Taarak Mehta Ka Ooltah Chashmah - Ep 3739 - Full Episode - 7 Apr 2023,https://www.youtube.com/watch?v=8jOnwpydzmc,Found,28 Apr 2023,20:55,,
3740,Lucky Draw Ka Din - Taarak Mehta Ka Ooltah Chashmah - Ep 3740 - Full Episode - 8 Apr 2023,https://www.youtube.com/watch?v=bso8RoJ_czE,Found,29 Apr 2023,20:53,,
3741,Popatlal Wins The Honeymoon Coupon - Taarak Mehta Ka Ooltah Chashmah - Ep 3741 - FE - 10 Apr 2023,https://www.youtube.com/watch?v=uczRw57xbSM,Found,01 May 2023,18:48,,
3742,Khushi Bhet - Taarak Mehta Ka Ooltah Chashmah - Ep 3742 - Full Episode - 11 Apr 2023,https://www.youtube.com/watch?v=d1bm1R3nvL4,Found,02 May 2023,20:01,,
3743,Coupon Kahan Gaya? - Taarak Mehta Ka Ooltah Chashmah - Ep 3743 - Full Episode - 12 Apr 2023,https://www.youtube.com/watch?v=W6PxNE-UyE8,Found,03 May 2023,19:00,https://www.youtube.com/watch?v=RP5wKZwyLGQ,
3744,Taarak Warns Jethalal - Taarak Mehta Ka Ooltah Chashmah - Ep 3744 - Full Episode - 13 Apr 2023,https://www.youtube.com/watch?v=QVLfz5dN_ig,Found,04 May 2023,21:27,,
3745,Is The Coupon At Risk? - Taarak Mehta Ka Ooltah Chashmah - Ep 3745 - Full Episode - 14 Apr 2023,https://www.youtube.com/watch?v=oyaqoCYEwQc,Found,05 May 2023,21:12,,
3746,Car Coupon - Taarak Mehta Ka Ooltah Chashmah - Ep 3746 - Full Episode - 15 Apr 2023,https://www.youtube.com/watch?v=2LpkbPnKcbo,Found,06 May 2023,20:42,,https://www.youtube.com/watch?v=BSgfjs1yeCE
3747,Babita Ka License - Taarak Mehta Ka Ooltah Chashmah - Ep 3747 - Full Episode - 17 Apr 2023,https://www.youtube.com/watch?v=jbBtC1jKJpQ,Found,08 May 2023,18:26,https://www.youtube.com/watch?v=KoppEBEp0Q4,
3748,Sihayi Hatane Ka Idea - Taarak Mehta Ka Ooltah Chashmah - Ep 3748 - Full Episode - 18 Apr 2023,https://www.youtube.com/watch?v=mF7QpzmMx1Q,Found,09 May 2023,19:21,,https://www.youtube.com/watch?v=hY6JH77YpF8
3749,Taarak Ka Tedha Idea - Taarak Mehta Ka Ooltah Chashmah - Ep 3749 - Full Episode - 19 Apr 2023,https://www.youtube.com/watch?v=m8mNxKCUN98,Found,10 May 2023,18:50,,https://www.youtube.com/watch?v=SG9mvdd-IXo
3750,Car Coupon Ka Sach - Taarak Mehta Ka Ooltah Chashmah - Ep 3750 - Full Episode - 20 Apr 2023,https://www.youtube.com/watch?v=6e-ec-Lust8,Found,11 May 2023,20:17,,https://www.youtube.com/watch?v=zXBgYuDH7sw
3751,Sachai Ki Raah - Taarak Mehta Ka Ooltah Chashmah - Ep 3751 - Full Episode - 21 Apr 2023,https://www.youtube.com/watch?v=KzKWzf1RBW4,Found,12 May 2023,17:39,https://www.youtube.com/watch?v=AnwqCPuIDVM,
3752,Babita Ki Narazgi - Taarak Mehta Ka Ooltah Chashmah - Ep 3752 - Full Episode - 22 Apr 2023,https://www.youtube.com/watch?v=SLrWknaur74,Found,13 May 2023,20:18,,
3753,Taarak And Jethalal Are Stressed - Taarak Mehta Ka Ooltah Chashmah - Ep 3753 - FE - 24 Apr 2023,https://www.youtube.com/watch?v=oHIypjNjcZg,Found,15 May 2023,18:54,,
3754,Jethalal Is Restless - Taarak Mehta Ka Ooltah Chashmah - Ep 3754 - FE - 25 Apr 2023,https://www.youtube.com/watch?v=W9HW9MGTKgw,Found,16 May 2023,20:03,,
3755,Dukh Dayak Samachar - Taarak Mehta Ka Ooltah Chashmah - Ep 3755 - FE - 26 Apr 2023,https://www.youtube.com/watch?v=UmhUCvGrjj4,Found,17 May 2023,19:11,,
3756,Jethalal Ka Khat - Taarak Mehta Ka Ooltah Chashmah - Ep 3756 - FE - 27 Apr 2023,https://www.youtube.com/watch?v=xKDWCWDiUT4,Found,18 May 2023,19:40,,
3757,Iyer Ke Liye Surprise - Taarak Mehta Ka Ooltah Chashmah - Ep 3757 - FE - 28 Apr 2023,https://www.youtube.com/watch?v=ki8rAKHlN7Q,Found,19 May 2023,21:11,,https://www.youtube.com/watch?v=gcjEhrHpLv8
3758,Car Ka Golmol - Taarak Mehta Ka Ooltah Chashmah - Ep 3758 - FE - 29 Apr 2023,https://www.youtube.com/watch?v=7tPaix32Whw,Found,20 May 2023,20:36,,
3759,Jethalal's Letter - Taarak Mehta Ka Ooltah Chashmah - Ep 3759 - FE - 01 May 2023,https://www.youtube.com/watch?v=vaqeDvzV-0A,Found,22 May 2023,21:40,https://www.youtube.com/watch?v=l15sbN34c6k,https://www.youtube.com/watch?v=uIeffhJdXlE
3760,Chamatkari Baba - Taarak Mehta Ka Ooltah Chashmah - Ep 3760 - FE - 02 May 2023,https://www.youtube.com/watch?v=Nvqk_Kkvrp8,Found,23 May 2023,21:08,,https://www.youtube.com/watch?v=q5UFUu-IRQU
3761,Babita Ke Car Ka Sapna Hua Poora - Taarak Mehta Ka Ooltah Chashmah - Ep 3761 - FE - 3 May 2023,https://www.youtube.com/watch?v=Cbe2S-XwURM,Found,24 May 2023,21:26,https://www.youtube.com/watch?v=AZXJDMzZnMw,https://www.youtube.com/watch?v=SwIXFQRJ4-E
3762,Surprise Gift - Taarak Mehta Ka Ooltah Chashmah - Ep 3762 - FE - 4 May 2023,https://www.youtube.com/watch?v=5h_W1Nsq77I,Found,25 May 2023,20:49,,
3763,Bhide Gets Protective - Taarak Mehta Ka Ooltah Chashmah - Ep 3763 - FE - 5 May 2023,https://www.youtube.com/watch?v=Folu7ebfhg4,Found,26 May 2023,20:59,,https://www.youtube.com/watch?v=rMIW5WcJIF0
3764,Jasoos Bhide - Taarak Mehta Ka Ooltah Chashmah - Ep 3764 - Full Episode - 6 May 2023,https://www.youtube.com/watch?v=Es6gpzXlT9E,Found,27 May 2023,20:09,,
3765,Tapu Ka Proposal - Taarak Mehta Ka Ooltah Chashmah - Ep 3765 - FE - 8 May 2023,https://www.youtube.com/watch?v=ODwG3P29f7s,Found,29 May 2023,21:11,https://www.youtube.com/watch?v=m_MJZY9xF6I,
3766,NEW! Ep 3766 - Taarak Mehta Ka Ooltah Chashmah - Full Episode | तारक मेहता का उल्टा चश्मा,https://www.youtube.com/watch?v=UH0uLzPpinI,Found,06 Jun 2023,21:25,https://www.youtube.com/watch?v=TjMhC0bTu20,
3767,Problem Kya Hai? | Taarak Mehta Ka Ooltah Chashmah | Ep 3767 | FE | 10 May 2023,https://www.youtube.com/watch?v=7sv_rc5WR7A,Found,31 May 2023,20:09,https://www.youtube.com/watch?v=tfs15t1PlS8,
3768,NEW! Ep 3768 - Taarak Mehta Ka Ooltah Chashmah - Full Episode | तारक मेहता का उल्टा चश्मा,https://www.youtube.com/watch?v=ReEpgrZOCIo,Found,08 Jun 2023,22:30,https://www.youtube.com/watch?v=FPn7ckk9XPc,
3769,Bhide Ki Asli Baat | Taarak Mehta Ka Ooltah Chashmah | Ep 3769 | Full Episode | 12 May 2023,https://www.youtube.com/watch?v=m37ZyJIS_p8,Found,02 Jun 2023,20:26,,https://www.youtube.com/watch?v=cRQcOEuazHU
3770,Popatlal Ki Shaadi Ki Charcha | Taarak Mehta Ka Ooltah Chashmah |Ep 3770 | Full Episode| 13 May 2023,https://www.youtube.com/watch?v=bKP0_z20_Z4,Found,03 Jun 2023,21:23,https://www.youtube.com/watch?v=ykThRJTbOYQ,
3771,Hasi Khushi Se Raho | Taarak Mehta Ka Ooltah Chashmah | Ep 3771 | Full Episode | 15 May 2023,https://www.youtube.com/watch?v=Rf_RxZEbYjc,Found,05 Jun 2023,21:04,https://www.youtube.com/watch?v=cBv0xf4BZXM,
3772,Popatlal Is Hurt | Taarak Mehta Ka Ooltah Chashmah | Ep 3772 | Full Episode | 16 May 2023,https://www.youtube.com/watch?v=xi_0DemEfFE,Found,06 Jun 2023,20:17,,
3773,Matchmaker Vinu Kaka | Taarak Mehta Ka Ooltah Chashmah | Ep 3773 | Full Episode | 17 May 2023,https://www.youtube.com/watch?v=1HnIISIWvrE,Found,07 Jun 2023,21:00,https://www.youtube.com/watch?v=yRnIpttXjKE,https://www.youtube.com/watch?v=qjHFanqYEIg
3774,Kuch Pao Aur Kuch Kho | Taarak Mehta Ka Ooltah Chashmah | Ep 3774 | Full Episode | 18 May 2023,https://www.youtube.com/watch?v=gD2zLD3yik4,Found,08 Jun 2023,21:40,https://www.youtube.com/watch?v=mHWKVoT4LAU,
3775,Beheno Ka Decision | Taarak Mehta Ka Ooltah Chashmah | Ep 3775 | Full Episode | 19 May 2023,https://www.youtube.com/watch?v=qn9NcBNkFeo,Found,09 Jun 2023,20:32,https://www.youtube.com/watch?v=WL4jDom5OKU,
3776,P Se Naam | Taarak Mehta Ka Ooltah Chashmah | Ep 3776 | Full Episode | 20 May 2023,https://www.youtube.com/watch?v=d66Mv6afMqY,Found,10 Jun 2023,18:45,https://www.youtube.com/watch?v=N-EeXepANis,
3777,Name Voting | Taarak Mehta Ka Ooltah Chashmah | Ep 3777 | Full Episode | 22 May 2023,https://www.youtube.com/watch?v=lVmXIlN2PK4,Found,12 Jun 2023,20:32,,
3778,NEW! Ep 3778 - Taarak Mehta Ka Ooltah Chashmah - Full Episode | तारक मेहता का उल्टा चश्मा,https://www.youtube.com/watch?v=98A332VmnnU,Found,20 Jun 2023,21:48,https://www.youtube.com/watch?v=TbB_yXv7EFk,
3779,Unlucky Name | Taarak Mehta Ka Ooltah Chashmah | Ep 3779 | Full Episode | 24 May 2023,https://www.youtube.com/watch?v=rVmEa_Rdczo,Found,14 Jun 2023,20:54,,
3780,Alvida Popatlal | Taarak Mehta Ka Ooltah Chashmah | Ep 3780 | Full Episode | 25 May 2023,https://www.youtube.com/watch?v=kn2rxMd5NMI,Found,15 Jun 2023,20:42,,https://www.youtube.com/watch?v=ecc1oj9mWBA
3781,Pyaarelal Ka Purse | Taarak Mehta Ka Ooltah Chashmah | Ep 3781 | Full Episode | 26 May 2023,https://www.youtube.com/watch?v=elbmkjOi4vA,Found,16 Jun 2023,21:11,,https://www.youtube.com/watch?v=5P3kQcFp4aI
3782,Rishta Aa Gaya | Taarak Mehta Ka Ooltah Chashmah | Ep 3782 | Full Episode | 27 May 2023,https://www.youtube.com/watch?v=vtnjoBpwmb0,Found,17 Jun 2023,21:12,,
3783,Do Do Rishte - Taarak Mehta Ka Ooltah Chashmah - Ep 3783 - Full Episode - 29 May 2023,https://www.youtube.com/watch?v=W7H134Js_yg,Found,19 Jun 2023,21:10,,
3784,Ek Ghante Ki Meeting | Taarak Mehta Ka Ooltah Chashmah | Ep 3784 | Full Episode | 30 May 2023,https://www.youtube.com/watch?v=aAOGE_qWdh8,Found,20 Jun 2023,20:56,,
3785,Sapna Ka Jawab | Taarak Mehta Ka Ooltah Chashmah | Ep 3785 | Full Episode | 31 May 2023,https://www.youtube.com/watch?v=67_Xg32QqQg,Found,21 Jun 2023,19:25,https://www.youtube.com/watch?v=PSnpZhBU0vo,https://www.youtube.com/watch?v=1Mv_VAhsPAU
3786,Sapna Ya Kalpana? | Taarak Mehta Ka Ooltah Chashmah | Ep 3786 | Full Episode | 1 June 2023,https://www.youtube.com/watch?v=cSbKQMbVGN0,Found,22 Jun 2023,19:57,https://www.youtube.com/watch?v=BSzwuaNwrLE,
3787,Hum Dono Ki Haan Hai | Taarak Mehta Ka Ooltah Chashmah | Ep 3787 | Full Episode | 2 June 2023,https://www.youtube.com/watch?v=6_DO2yVQxc8,Found,23 Jun 2023,19:30,,https://www.youtube.com/watch?v=OPXvYx27P_U
3788,1 Popatlal -2 Shaadi Ke Rishte | Taarak Mehta Ka Ooltah Chashmah |Ep 3788 |Full Episode |3 June 2023,https://www.youtube.com/watch?v=GCIRlvfPexw,Found,24 Jun 2023,20:36,,https://www.youtube.com/watch?v=OPXvYx27P_U
3789,Tapu Sena Ka Idea | Taarak Mehta Ka Ooltah Chashmah | Ep 3789 | Full Episode | 5 June 2023,https://www.youtube.com/watch?v=nRBOq_BgtIw,Found,26 Jun 2023,20:41,,
3790,Pyaarelal Under Pressure | Taarak Mehta Ka Ooltah Chashmah | Ep 3790 | Full Episode | 6 June 2023,https://www.youtube.com/watch?v=lK2FkbrGbhw,Found,27 Jun 2023,19:32,,https://www.youtube.com/watch?v=T4RakmtSM3g
3791,Pyaarelal Ke Bahane | Taarak Mehta Ka Ooltah Chashmah | Ep 3791 | Full Episode | 7 June 2023,https://www.youtube.com/watch?v=SApvk89gEso,Found,28 Jun 2023,20:40,https://www.youtube.com/watch?v=TJX5oZ1e_E0,
3792,Bohot Sara Khaana | Taarak Mehta Ka Ooltah Chashmah | Ep 3792 | Full Episode | 8 June 2023,https://www.youtube.com/watch?v=iXWESU9iW7o,Found,29 Jun 2023,19:02,,https://www.youtube.com/watch?v=TCZk2MxBOG4
3793,6 Baje Wali Samasya | Taarak Mehta Ka Ooltah Chashmah | Ep 3793 | Full Episode | 9 June 2023,https://www.youtube.com/watch?v=M4s0uG6hvT0,Found,30 Jun 2023,20:53,,https://www.youtube.com/watch?v=1sH-YAcaNRA
3794,Yellow Or Blue? | Taarak Mehta Ka Ooltah Chashmah | Ep 3794 | Full Episode | 10 June 2023,https://www.youtube.com/watch?v=KgSsKflAyzI,Found,01 Jul 2023,18:42,https://www.youtube.com/watch?v=Uo_lvzt0_Fs,
3795,Pyaarelal Ka Shagun | Taarak Mehta Ka Ooltah Chashmah | Ep 3795 | Full Episode | 12 June 2023,https://www.youtube.com/watch?v=IldfQ7fRtPQ,Found,03 Jul 2023,20:16,,https://www.youtube.com/watch?v=TeJvoIo7xkc
3796,Pyaarelal Ke Khushi Ka Din | Taarak Mehta Ka Ooltah Chashmah | Ep 3796 | Full Episode | 13 June 2023,https://www.youtube.com/watch?v=x7lu9xTeHuk,Found,04 Jul 2023,20:40,,
3797,Kalpana Ka Final Decision | Taarak Mehta Ka Ooltah Chashmah | Ep 3797 | Full Episode | 14 June 2023,https://www.youtube.com/watch?v=jGmbR9YRF_A,Found,05 Jul 2023,19:53,https://www.youtube.com/watch?v=WVgrvOiH_go,
3798,Yellow Shagun Ceremony | Taarak Mehta Ka Ooltah Chashmah | Ep 3798 | Full Episode | 15 June 2023,https://www.youtube.com/watch?v=Vos2E9j4cjk,Found,06 Jul 2023,19:23,https://www.youtube.com/watch?v=4TkGcyoYSPI,
3799,Sapna Ki Love Story | Taarak Mehta Ka Ooltah Chashmah | Ep 3799 | Full Episode | 16 June 2023,https://www.youtube.com/watch?v=yEhXf8Q_2P4,Found,07 Jul 2023,21:02,https://www.youtube.com/watch?v=arfG0LNY-Sc,
3800,Tapu Sena Ki Outstation Trip | Taarak Mehta Ka Ooltah Chashmah |Ep 3800 |Full Episode | 17 June 2023,https://www.youtube.com/watch?v=zPE8lR6gOpo,Found,08 Jul 2023,21:27,,
3801,Leave Ki Permission | Taarak Mehta Ka Ooltah Chashmah | Ep 3801 | Full Episode | 19 June 2023,https://www.youtube.com/watch?v=CWOawkBVa8g,Found,10 Jul 2023,20:21,,https://www.youtube.com/watch?v=PMgE1wShJCE
3802,Bagha Ka Idea | Taarak Mehta Ka Ooltah Chashmah | Ep 3802 | Full Episode | 20 June 2023,https://www.youtube.com/watch?v=NnFmpB1q9l4,Found,11 Jul 2023,20:59,,https://www.youtube.com/watch?v=vtW8FYePQh8
3803,Boss Ki Permission | Taarak Mehta Ka Ooltah Chashmah | Ep 3803 | Full Episode | 21 June 2023,https://www.youtube.com/watch?v=YEDFBhaDT6c,Found,12 Jul 2023,21:19,,https://www.youtube.com/watch?v=81btkFIu0p0
3804,Taarak Ka Special Day | Taarak Mehta Ka Ooltah Chashmah | Ep 3804 | Full Episode | 22 June 2023,https://www.youtube.com/watch?v=F32A2yEjdis,Found,13 Jul 2023,21:17,,https://www.youtube.com/watch?v=gYQsQFAB__0
3805,Important Meeting Ki Tyaari | Taarak Mehta Ka Ooltah Chashmah | Ep 3805 | Full Episode| 23 June 2023,https://www.youtube.com/watch?v=XlVrnlyqmgw,Found,14 Jul 2023,20:55,,https://www.youtube.com/watch?v=4ryNJfU5tfQ
3806,Bagha Is Well Prepared | Taarak Mehta Ka Ooltah Chashmah | Ep 3806 | Full Episode| 24 June 2023,https://www.youtube.com/watch?v=6aJArQQwy7E,Found,15 Jul 2023,18:24,https://www.youtube.com/watch?v=TpXn78gjwB0,https://www.youtube.com/watch?v=syq_9JiB-1Y
3807,Meeting Ke Liye Taiyyar Hain| Taarak Mehta Ka Ooltah Chashmah | Ep 3807 | Full Episode| 26 June 2023,https://www.youtube.com/watch?v=HHQ7l3AuoiY,Found,17 Jul 2023,20:53,,https://www.youtube.com/watch?v=Xj2uNzVXhWc
3808,Jethalal Ke Priya Mitra | Taarak Mehta Ka Ooltah Chashmah | Ep 3808 | Full Episode | 27 June 2023,https://www.youtube.com/watch?v=l9U6J_Xzq4k,Found,18 Jul 2023,20:13,,
3809,FULL EPISODE! 3809 - Taarak Mehta Ka Ooltah Chashmah - Full Episode | तारक मेहता का उल्टा चश्मा,https://www.youtube.com/watch?v=mqO0mLZ8jFA,Found,30 Aug 2023,21:59,https://www.youtube.com/watch?v=ILdZdvFnQzc,https://www.youtube.com/watch?v=ZtSARBB_acU
3810,Wakeel Ka Number | Taarak Mehta Ka Ooltah Chashmah | Ep 3810 | Full Episode | 29 June 2023,https://www.youtube.com/watch?v=Ie5c9F6p6bM,Found,20 Jul 2023,18:52,https://www.youtube.com/watch?v=s4z_wnhNJUQ,https://www.youtube.com/watch?v=UtNHZTAD7ww
3811,Bagha Bana Vakeel | Taarak Mehta Ka Ooltah Chashmah | Ep 3811 | Full Episode | 30 June 2023,https://www.youtube.com/watch?v=noYXyRp1FpY,Found,21 Jul 2023,19:54,,
3812,Mall Ke Daam | Taarak Mehta Ka Ooltah Chashmah | Ep 3812 | Full Episode | 1 July 2023,https://www.youtube.com/watch?v=YDhq-bHzmZI,Found,22 Jul 2023,20:12,,https://www.youtube.com/watch?v=mNQlXlJCwsg
3813,Daya Ki Yaad | Taarak Mehta Ka Ooltah Chashmah | Ep 3813 | Full Episode | 3 July 2023,https://www.youtube.com/watch?v=QzrQzUGJyPY,Found,24 Jul 2023,20:55,,
3814,Sundar In Trouble | Taarak Mehta Ka Ooltah Chashmah | Ep 3814 | Full Episode | 4 July 2023,https://www.youtube.com/watch?v=AoNoU8UQj3A,Found,25 Jul 2023,20:02,,https://www.youtube.com/watch?v=qyH0tPZ_I1E
3815,Jethalal Ko Mila Bhoot | Taarak Mehta Ka Ooltah Chashmah | Ep 3815 | Full Episode | 5 July 2023,https://www.youtube.com/watch?v=wcOEuzZ3-o4,Found,26 Jul 2023,19:54,https://www.youtube.com/watch?v=z_nqS4n69Fs,
3816,Bin Bulaye Mehman | Taarak Mehta Ka Ooltah Chashmah | Ep 3816 | Full Episode | 6 July 2023,https://www.youtube.com/watch?v=tDnkta9yw2Y,Found,27 Jul 2023,20:32,,
3817,Ghost Show | Taarak Mehta Ka Ooltah Chashmah | Ep 3817 | Full Episode | 7 July 2023,https://www.youtube.com/watch?v=-bFCsGaWPPk,Found,28 Jul 2023,20:23,,
3818,Sundar's Friend's Loan | Taarak Mehta Ka Ooltah Chashmah | Ep 3818 | Full Episode | 8 July 2023,https://www.youtube.com/watch?v=STADifwluxg,Found,29 Jul 2023,19:52,https://www.youtube.com/watch?v=0-Hp7Vr5-A4,https://www.youtube.com/watch?v=IOxolKJAD6U
3819,Ek Bhayanak Sapna | Taarak Mehta Ka Ooltah Chashmah | Ep 3819 | Full Episode | 10 July 2023,https://www.youtube.com/watch?v=TFfMKt9Ud5g,Found,30 Jul 2023,18:49,https://www.youtube.com/watch?v=M6r6liDgAmA,
3820,Surprise Ka Secret | Taarak Mehta Ka Ooltah Chashmah | Ep 3820 | Full Episode | 11 July 2023,https://www.youtube.com/watch?v=1ImADAm6Sgo,Found,01 Aug 2023,20:25,,https://www.youtube.com/watch?v=VkXmTHOSCZw
3821,Sundar Ka Start-Up | Taarak Mehta Ka Ooltah Chashmah | Ep 3821 | Full Episode | 12 July 2023,https://www.youtube.com/watch?v=IvC1vTii4zU,Found,02 Aug 2023,20:43,,https://www.youtube.com/watch?v=zv-Z84s0e1k
3822,Jethalal Tries To Run | Taarak Mehta Ka Ooltah Chashmah | Ep 3822 | Full Episode | 13 July 2023,https://www.youtube.com/watch?v=mFyZ3DauFLY,Found,03 Aug 2023,20:03,,https://www.youtube.com/watch?v=VsWMdT7NPfo
3823,Jethalal Ki Doosri Shaadi | Taarak Mehta Ka Ooltah Chashmah | Ep 3823 | Full Episode | 14 July 2023,https://www.youtube.com/watch?v=PsJoPFSD2Ig,Found,04 Aug 2023,19:56,,
3824,Doosri Shaadi Ke Sapne | Taarak Mehta Ka Ooltah Chashmah | Ep 3824 | Full Episode | 15 July 2023,https://www.youtube.com/watch?v=rDt_WB6yA-4,Found,05 Aug 2023,20:58,,
3825,Daya Ke Wapas Aane Ki News | Taarak Mehta Ka Ooltah Chashmah | Ep 3825 | Full Episode | 17 July 2023,https://www.youtube.com/watch?v=PDhkhQfe2ys,Found,07 Aug 2023,18:51,,
3826,Iyer Ki Good News | Taarak Mehta Ka Ooltah Chashmah | Ep 3826 | Full Episode | 18 July 2023,https://www.youtube.com/watch?v=VE0j61NXHxk,Found,08 Aug 2023,20:31,,https://www.youtube.com/watch?v=GttaYpoKJ_k
3827,Jethalal Ka Wrong Guess | Taarak Mehta Ka Ooltah Chashmah | Ep 3827 | Full Episode | 19 July 2023,https://www.youtube.com/watch?v=U2M11X7VYI8,Found,09 Aug 2023,20:11,,https://www.youtube.com/watch?v=HOb62PXYd94
3828,Jethalal Bribes Goli | Taarak Mehta Ka Ooltah Chashmah | Ep 3828 | Full Episode | 20 July 2023,https://www.youtube.com/watch?v=dFl6LZZpqfE,Found,10 Aug 2023,21:18,,
3829,Bazigar Iyer | Taarak Mehta Ka Ooltah Chashmah | Ep 3829 | Full Episode | 21 July 2023,https://www.youtube.com/watch?v=_icYFes-yY0,Found,11 Aug 2023,21:46,,
3830,Car Ki Tamanna | Taarak Mehta Ka Ooltah Chashmah | Ep 3830 | Full Episode | 22 July 2023,https://www.youtube.com/watch?v=L7pi4Z00v-U,Found,12 Aug 2023,20:32,,
3831,Toofani Din | Taarak Mehta Ka Ooltah Chashmah | Ep 3831 | Full Episode | 24 July 2023,https://www.youtube.com/watch?v=Yl4anIvkckg,Found,14 Aug 2023,20:13,,
3832,Barsat Mein Pareshani | Taarak Mehta Ka Ooltah Chashmah | Ep 3832 | Full Episode | 25 July 2023,https://www.youtube.com/watch?v=5EV-pb53cmc,Found,15 Aug 2023,19:45,,
3833,Haso Hasao Divas | Taarak Mehta Ka Ooltah Chashmah | Ep 3833 | Full Episode | 26 July 2023,https://www.youtube.com/watch?v=pvnTAHatDSM,Found,16 Aug 2023,21:26,,
3834,Bade Bhi Bane Bacche | Taarak Mehta Ka Ooltah Chashmah | Ep 3834 | Full Episode | 27 July 2023,https://www.youtube.com/watch?v=_3OlUXXhqi4,Found,17 Aug 2023,20:54,,https://www.youtube.com/watch?v=kP4WF2esKQk
3835,Bhagwan Krishna Ki Gokul Nagri | Taarak Mehta Ka Ooltah Chashmah | Ep 3835 | FE | 28 July 2023,https://www.youtube.com/watch?v=W38oIKExeoU,Found,18 Aug 2023,22:01,https://www.youtube.com/watch?v=gsyv1tS6QJo,
3836,Khushiyon Ke 15 Saal | Taarak Mehta Ka Ooltah Chashmah | Ep 3836 | Full Episode | 29 July 2023,https://www.youtube.com/watch?v=yQFAV1X2GiY,Found,19 Aug 2023,44:05,,
3837,Champaklal Plays Pool | Taarak Mehta Ka Ooltah Chashmah | Ep 3837 | Full Episode | 31 July 2023,https://www.youtube.com/watch?v=wFDiiWFVqCY,Found,21 Aug 2023,19:53,,https://www.youtube.com/watch?v=ENvjkFvqJpY
3838,Mehenge Tamatar | Taarak Mehta Ka Ooltah Chashmah | Ep 3838 | Full Episode | 1 Aug 2023,https://www.youtube.com/watch?v=zc-s2trbuB0,Found,22 Aug 2023,21:21,,https://www.youtube.com/watch?v=C3oTZtzT8Bo
3839,Tamatar Ka Achaar | Taarak Mehta Ka Ooltah Chashmah | Ep 3839 | Full Episode | 2 Aug 2023,https://www.youtube.com/watch?v=GFiGYonZSVY,Found,23 Aug 2023,20:47,,
3840,Tamatar Milna Hua Mushkil | Taarak Mehta Ka Ooltah Chashmah | Ep 3840 | Full Episode | 3 Aug 2023,https://www.youtube.com/watch?v=rZzSzvQGx3E,Found,24 Aug 2023,19:35,https://www.youtube.com/watch?v=fyVa5kyyO6o,https://www.youtube.com/watch?v=5ZIKY6xY6Vo
3841,Tempo Mein Tamatar | Taarak Mehta Ka Ooltah Chashmah | Ep 3841 | Full Episode | 4 Aug 2023,https://www.youtube.com/watch?v=09L9sendUPM,Found,25 Aug 2023,20:24,,https://www.youtube.com/watch?v=Cess7MN-wAc
3842,Tamatar Ne Badhai Tension | Taarak Mehta Ka Ooltah Chashmah | Ep 3842 | Full Episode | 5 Aug 2023,https://www.youtube.com/watch?v=33ADQzB73Y8,Found,26 Aug 2023,18:17,,https://www.youtube.com/watch?v=jSZnj6I8TkA
3843,Tamatar Ki Chori | Taarak Mehta Ka Ooltah Chashmah | Ep 3843 | Full Episode | 7 Aug 2023,https://www.youtube.com/watch?v=3Av0pt3hvYE,Found,28 Aug 2023,20:17,,https://www.youtube.com/watch?v=n7FeDkRVBVo
3844,Kon Hai Tamatar Chor? | Taarak Mehta Ka Ooltah Chashmah | Ep 3844 | Full Episode | 8 Aug 2023,https://www.youtube.com/watch?v=kQypTtslGxQ,Found,29 Aug 2023,19:55,,https://www.youtube.com/watch?v=ZX706S24sMM
3845,Nau Do Gyaara | Taarak Mehta Ka Ooltah Chashmah | Ep 3845 | Full Episode | 9 Aug 2023,https://www.youtube.com/watch?v=unyXAzwzdww,Found,30 Aug 2023,19:58,,https://www.youtube.com/watch?v=rEAztroU15o
3846,Padosi Ne Ki Padosi Ki Madad |Taarak Mehta Ka Ooltah Chashmah | Ep 3846 | Full Episode | 10 Aug 2023,https://www.youtube.com/watch?v=Ou1c8s6O6R4,Found,31 Aug 2023,20:36,,https://www.youtube.com/watch?v=SN5Nr15jg4g
3847,FULL EPISODE! 3847 - Taarak Mehta Ka Ooltah Chashmah - NEW Episodes | तारक मेहता का उल्टा चश्मा,https://www.youtube.com/watch?v=1XlXVmH5eK4,Found,13 Oct 2023,22:14,https://www.youtube.com/watch?v=2Qgc_KzpYB4,
3848,Time Par Order Ready | Taarak Mehta Ka Ooltah Chashmah | Ep 3848 | Full Episode | 12 Aug 2023,https://www.youtube.com/watch?v=rQouRKxpu64,Found,02 Sep 2023,21:29,,https://www.youtube.com/watch?v=_BpOqSYZOUU
3849,FULL EPISODE! 3849 - Taarak Mehta Ka Ooltah Chashmah - NEW Episodes | तारक मेहता का उल्टा चश्मा,https://www.youtube.com/watch?v=8zQL9QAgkic,Found,16 Oct 2023,21:55,https://www.youtube.com/watch?v=mQEsYYUvnNY,https://www.youtube.com/watch?v=UGoEZFRp4X8
3850,Bhide VS Tapu Sena | Taarak Mehta Ka Ooltah Chashmah | Ep 3850 | Full Episode | 15 Aug 2023,https://www.youtube.com/watch?v=lY_UwE8cGxQ,Found,05 Sep 2023,21:07,https://www.youtube.com/watch?v=JSO2jcquGJs,
3851,Saare Bhartiya Bhai Bhai | Taarak Mehta Ka Ooltah Chashmah | Ep 3851 | Full Episode | 16 Aug 2023,https://www.youtube.com/watch?v=7kzvjsg5Dgs,Found,06 Sep 2023,19:34,https://www.youtube.com/watch?v=CTdnclyG-iA,
3852,Long Drive Ke Sapne | Taarak Mehta Ka Ooltah Chashmah | Ep 3852 | Full Episode | 17 Aug 2023,https://www.youtube.com/watch?v=Fv-8yjt1E8Q,Found,07 Sep 2023,18:17,https://www.youtube.com/watch?v=CS3mJpcrDcA,https://www.youtube.com/watch?v=0VOxKg0X_E4
3853,Chintamani | Taarak Mehta Ka Ooltah Chashmah | Ep 3853 | Full Episode | 18 Aug 2023,https://www.youtube.com/watch?v=wi4qzUj5DtE,Found,08 Sep 2023,20:49,,https://www.youtube.com/watch?v=1ltt7L6Qkdc
3854,FULL EPISODE! 3854 - Taarak Mehta Ka Ooltah Chashmah - NEW Episodes | तारक मेहता का उल्टा चश्मा,https://www.youtube.com/watch?v=5OMG-YoEUBY,Found,21 Oct 2023,21:06,https://www.youtube.com/watch?v=pZuhgIYoh-4,
3855,Champaklal Is Sick | Taarak Mehta Ka Ooltah Chashmah | Ep 3855 | Full Episode | 21 Aug 2023,https://www.youtube.com/watch?v=6F9VRN-RCu4,Found,11 Sep 2023,21:19,,https://www.youtube.com/watch?v=Vrt_TXyqCXs
3856,FULL EPISODE! 3856 - Taarak Mehta Ka Ooltah Chashmah - NEW Episodes | तारक मेहता का उल्टा चश्मा,https://www.youtube.com/watch?v=kSDdjvr1UZI,Found,24 Oct 2023,20:39,https://www.youtube.com/watch?v=ZU3UPW1a1as,
3857,Chintamani Piche Padh Gaya | Taarak Mehta Ka Ooltah Chashmah | Ep 3857 | Full Episode | 23 Aug 2023,https://www.youtube.com/watch?v=VRswv6E4DKc,Found,13 Sep 2023,21:26,https://www.youtube.com/watch?v=ZyqCmcCcju8,https://www.youtube.com/watch?v=K4JUVi-NCqQ
3858,Danger Bhai | Taarak Mehta Ka Ooltah Chashmah | Ep 3858 | Full Episode | 24 Aug 2023,https://www.youtube.com/watch?v=_EaSRt2bm74,Found,14 Sep 2023,18:14,,https://www.youtube.com/watch?v=ZfKrH7iplUc
3859,Danger Bhai से लड़ने के लिए Bapuji और Bhide लाए घर से बर्तन | Taarak Mehta Ka Ooltah Chashmah,https://www.youtube.com/watch?v=ozBvPzCYESM,Found,18 Feb 2024,59:44,,
3860,Danger Bhai से लड़ने के लिए Bapuji और Bhide लाए घर से बर्तन | Taarak Mehta Ka Ooltah Chashmah,https://www.youtube.com/watch?v=ozBvPzCYESM,Found,18 Feb 2024,59:44,,
3861,Taarak Mehta Ka Ooltah Chashmah Episode 3861/तारक मेहता का उलता चश्मा 😀😀,https://www.youtube.com/watch?v=-DtL1GjuXaQ,Found,27 Aug 2023,1:28,,
3862,Danger Bhai से लड़ने के लिए Bapuji और Bhide लाए घर से बर्तन | Taarak Mehta Ka Ooltah Chashmah,https://www.youtube.com/watch?v=ozBvPzCYESM,Found,18 Feb 2024,59:44,,
3863,FULL EPISODE! 3863 - Taarak Mehta Ka Ooltah Chashmah - NEW Episodes | तारक मेहता का उल्टा चश्मा,https://www.youtube.com/watch?v=H_8-DjiZe8w,Found,30 Oct 2023,20:46,https://www.youtube.com/watch?v=LA0GbO0MSxg,https://www.youtube.com/watch?v=jau_PAXOE74
3864,Galat Dawai Ki Kahani | Taarak Mehta Ka Ooltah Chashmah | Ep 3864 | Full Episode | 31 Aug 2023,https://www.youtube.com/watch?v=2HpZHAhkGAI,Found,21 Sep 2023,20:13,,https://www.youtube.com/watch?v=gK2ulBvMjsc
3865,FULL EPISODE! 3865 - Taarak Mehta Ka Ooltah Chashmah - NEW Episodes | तारक मेहता का उल्टा चश्मा,https://www.youtube.com/watch?v=EDon8yhKvVI,Found,30 Oct 2023,21:51,https://www.youtube.com/watch?v=zeWt_fWc0Z8,
3866,Jetha Ke Peeth Piche Hua Drama| Taarak Mehta Ka Ooltah Chashmah | Ep 3866| Full Episode | 2 Sep 2023,https://www.youtube.com/watch?v=LRCLV3HqlLU,Found,23 Sep 2023,20:20,,https://www.youtube.com/watch?v=HcX8IliUtFs
3867,Bhagwat Geeta Ka Shlok | Taarak Mehta Ka Ooltah Chashmah | Ep 3867 | Full Episode | 4 Sep 2023,https://www.youtube.com/watch?v=YjcYKiZmapk,Found,25 Sep 2023,20:22,,https://www.youtube.com/watch?v=Z0IupK9B_NQ
3868,Tapu Ki Maafi | Taarak Mehta Ka Ooltah Chashmah | Ep 3868 | Full Episode | 5 Sep 2023,https://www.youtube.com/watch?v=vhyoqp24-rM,Found,26 Sep 2023,20:34,,
3869,Iccha Purti Matki | Taarak Mehta Ka Ooltah Chashmah | Ep 3869 | Full Episode | 6 Sep 2023,https://www.youtube.com/watch?v=zvnjt-vhlUE,Found,27 Sep 2023,21:04,https://www.youtube.com/watch?v=-IkhaLacQ7o,https://www.youtube.com/watch?v=LkG3tSBPack
3870,FULL EPISODE! 3870 - Taarak Mehta Ka Ooltah Chashmah - NEW Episodes | तारक मेहता का उल्टा चश्मा,https://www.youtube.com/watch?v=pA3XGcSGD4E,Found,02 Nov 2023,21:15,https://www.youtube.com/watch?v=05DNttPMAqA,
3871,Matki Phodne Ka Decision | Taarak Mehta Ka Ooltah Chashmah | Ep 3871 | Full Episode | 8 Sep 2023,https://www.youtube.com/watch?v=0pGGYiz0UqE,Found,29 Sep 2023,19:05,,https://www.youtube.com/watch?v=SZrjhGOXVTk
3872,Gokuldham Janmashtami Mahotsav |Taarak Mehta Ka Ooltah Chashmah | Ep 3872| Full Episode | 9 Sep 2023,https://www.youtube.com/watch?v=pPAvS-DwX90,Found,30 Sep 2023,19:38,,
3873,Iccha Purti Matki Ke Rules | Taarak Mehta Ka Ooltah Chashmah | Ep 3873 | Full Episode | 11 Sep 2023,https://www.youtube.com/watch?v=xKGL2Ft-xLQ,Found,02 Oct 2023,20:12,,
3874,Ek Pareshaan Parivar | Taarak Mehta Ka Ooltah Chashmah | Ep 3874 | Full Episode | 12 Sep 2023,https://www.youtube.com/watch?v=oPrEmffOEf4,Found,03 Oct 2023,20:39,https://www.youtube.com/watch?v=Vu-DIeVJtbY,https://www.youtube.com/watch?v=h05zJVhZyQ8
3875,कौन फोड़ेगा Iccha Purti मटकी? | Taarak Mehta Ka Ooltah Chashmah |Ep 3875 | Full Episode |13 Sep 2023,https://www.youtube.com/watch?v=VstiXR0A41I,Found,04 Oct 2023,21:21,,
3876,FULL EPISODE! 3876 - Taarak Mehta Ka Ooltah Chashmah - NEW Episodes | तारक मेहता का उल्टा चश्मा,https://www.youtube.com/watch?v=g9mkAQ1cJtw,Found,09 Nov 2023,21:08,,https://www.youtube.com/watch?v=aU-2Nool9x0
3877,B.K. Su | Taarak Mehta Ka Ooltah Chashmah | Ep 3877 | Full Episode | 15 Sep 2023,https://www.youtube.com/watch?v=QMMIBJ7EJ9c,Found,06 Oct 2023,20:13,https://www.youtube.com/watch?v=DXWuXkgLDmo,
3878,Paryushan Ki Shuruaat | Taarak Mehta Ka Ooltah Chashmah | Ep 3878 | Full Episode | 16 Sep 2023,https://www.youtube.com/watch?v=TXVlnq068Yg,Found,07 Oct 2023,21:38,,https://www.youtube.com/watch?v=G_q55BHBFPU
3879,Imaandari | Taarak Mehta Ka Ooltah Chashmah | Ep 3879 | Full Episode | 18 Sep 2023,https://www.youtube.com/watch?v=t7XsLat47kw,Found,09 Oct 2023,19:58,https://www.youtube.com/watch?v=6Y9LXoABdYY,
3880,Workload Se Pareshaan | Taarak Mehta Ka Ooltah Chashmah | Ep 3880 | Full Episode | 19 Sep 2023,https://www.youtube.com/watch?v=rkCLKDEx4Hs,Found,10 Oct 2023,21:17,,https://www.youtube.com/watch?v=M_QbPpvQSpw
3881,Manager Naam Ki Tension | Taarak Mehta Ka Ooltah Chashmah | Ep 3881 | Full Episode | 20 Sep 2023,https://www.youtube.com/watch?v=3Iz9DShLytE,Found,11 Oct 2023,20:59,,https://www.youtube.com/watch?v=MEZKS4igpRI
3882,Badla Bartav | Taarak Mehta Ka Ooltah Chashmah | Ep 3882 | Full Episode | 21 Sep 2023,https://www.youtube.com/watch?v=vT4dyu-Z1cw,Found,12 Oct 2023,19:46,,https://www.youtube.com/watch?v=lcrA0EMKHfU
3883,Bawri Ki Pariksha | Taarak Mehta Ka Ooltah Chashmah | Ep 3883 | Full Episode | 22 Sep 2023,https://www.youtube.com/watch?v=OXDtx-C4iSY,Found,13 Oct 2023,20:01,https://www.youtube.com/watch?v=g_XUOk6KM0Y,https://www.youtube.com/watch?v=j_5hW7d0YCQ
3884,Payment Mila Ya Nahi? | Taarak Mehta Ka Ooltah Chashmah | Ep 3884 | Full Episode | 23 Sep 2023,https://www.youtube.com/watch?v=aC-WDxpw1B0,Found,14 Oct 2023,20:45,,https://www.youtube.com/watch?v=oYW87zGz_90
3885,Freelancer Bawri | Taarak Mehta Ka Ooltah Chashmah | Ep 3885 | Full Episode | 25 Sep 2023,https://www.youtube.com/watch?v=wO6Vu8AZTD0,Found,16 Oct 2023,20:04,https://www.youtube.com/watch?v=mCO06aZUJ5Y,https://www.youtube.com/watch?v=R4oVlh7Z6vA
3886,Kharab Speaker | Taarak Mehta Ka Ooltah Chashmah | Ep 3886 | Full Episode | 26 Sep 2023,https://www.youtube.com/watch?v=VMfUuv3Tlwc,Found,17 Oct 2023,20:04,,
3887,Secret Decoration | Taarak Mehta Ka Ooltah Chashmah | Ep 3887 | Full Episode | 27 Sep 2023,https://www.youtube.com/watch?v=A8gGwAB6Qt4,Found,18 Oct 2023,18:13,https://www.youtube.com/watch?v=chjDGh2Cbqg,https://www.youtube.com/watch?v=x0dCddkypYs
3888,FULL EPISODE! 3888 - Taarak Mehta Ka Ooltah Chashmah - NEW Episodes | तारक मेहता का उल्टा चश्मा,https://www.youtube.com/watch?v=SX7LMCrhF9c,Found,23 Nov 2023,21:40,https://www.youtube.com/watch?v=VcnOsDncsGY,https://www.youtube.com/watch?v=vwtmOj22h8A
3889,Sonu Ki Surprise Performance | Taarak Mehta Ka Ooltah Chashmah | Ep 3889 |Full Episode | 29 Sep 2023,https://www.youtube.com/watch?v=VYSD-J_9Ros,Found,20 Oct 2023,19:38,https://www.youtube.com/watch?v=xQjAJnvniyo,
3890,FULL EPISODE! 3890 - Taarak Mehta Ka Ooltah Chashmah - NEW Episodes | तारक मेहता का उल्टा चश्मा,https://www.youtube.com/watch?v=sLDy_-dNeUs,Found,25 Nov 2023,20:46,https://www.youtube.com/watch?v=tVDY98htVUE,
3891,Bhagwan Ke Abhushan Ki Raksha | Taarak Mehta Ka Ooltah Chashmah | Ep 3891 |Full Episode | 2 Oct 2023,https://www.youtube.com/watch?v=5tXJpb2fhes,Found,23 Oct 2023,21:06,,
3892,FULL EPISODE! 3892 - Taarak Mehta Ka Ooltah Chashmah - NEW Episodes | तारक मेहता का उल्टा चश्मा,https://www.youtube.com/watch?v=aOlI8w0k9vU,Found,28 Nov 2023,22:15,https://www.youtube.com/watch?v=3AH4ImBhiUE,
3893,Anghoti Mil Gayi | Taarak Mehta Ka Ooltah Chashmah | Ep 3893 | Full Episode | 4 Oct 2023,https://www.youtube.com/watch?v=U2ng3Y03IqU,Found,25 Oct 2023,17:19,https://www.youtube.com/watch?v=NN5pp2SfVjo,https://www.youtube.com/watch?v=qto5qiXiJds
3894,Anjali And Babita's Dance | Taarak Mehta Ka Ooltah Chashmah | Ep 3894 | Full Episode | 5 Oct 2023,https://www.youtube.com/watch?v=J7KrduHZ4GE,Found,26 Oct 2023,16:30,https://www.youtube.com/watch?v=ZH4cPZiYi-k,https://www.youtube.com/watch?v=XSPewbMvNco
3895,Ganpati Ki Param Bhakt | Taarak Mehta Ka Ooltah Chashmah | Ep 3895 | Full Episode | 6 Oct 2023,https://www.youtube.com/watch?v=TzBUEAPwkjY,Found,27 Oct 2023,21:19,https://www.youtube.com/watch?v=pYXljzo1jTg,
3896,Bhakti Ka Vachan | Taarak Mehta Ka Ooltah Chashmah | Ep 3896 | Full Episode | 7 Oct 2023,https://www.youtube.com/watch?v=yKKj7SPJZYI,Found,28 Oct 2023,17:10,https://www.youtube.com/watch?v=7bLoDFOObcg,
3897,Zidd Ya Bhakti? | Taarak Mehta Ka Ooltah Chashmah | Ep 3897 | Full Episode | 9 Oct 2023,https://www.youtube.com/watch?v=XKsFTuOR9Ek,Found,30 Oct 2023,20:03,,
3898,FULL EPISODE! 3898 - Taarak Mehta Ka Ooltah Chashmah - NEW Episodes | तारक मेहता का उल्टा चश्मा,https://www.youtube.com/watch?v=UA-WAylq8M8,Found,05 Dec 2023,20:40,https://www.youtube.com/watch?v=AA38OPi_bdk,https://www.youtube.com/watch?v=fgEYv78BlIc
3899,Goli Ka Naya Roop | Taarak Mehta Ka Ooltah Chashmah | Ep 3899 | Full Episode | 11 Oct 2023,https://www.youtube.com/watch?v=zvhonu5M1kQ,Found,01 Nov 2023,18:27,https://www.youtube.com/watch?v=M2qCPXp006M,
3900,Bhakti Ka Sapna Hua Poora | Taarak Mehta Ka Ooltah Chashmah | Ep 3900 | Full Episode | 12 Oct 2023,https://www.youtube.com/watch?v=uKMeTUDh1Mw,Found,02 Nov 2023,19:40,,
3901,FULL EPISODE! 3901 - Taarak Mehta Ka Ooltah Chashmah - NEW Episodes | तारक मेहता का उल्टा चश्मा,https://www.youtube.com/watch?v=HZAI_GnGKgM,Found,08 Dec 2023,21:41,https://www.youtube.com/watch?v=LisIotxcyvs,
3902,Gokuldham Is Blessed | Taarak Mehta Ka Ooltah Chashmah | Ep 3902 | Full Episode | 14 Oct 2023,https://www.youtube.com/watch?v=y-1mxyPuFjU,Found,04 Nov 2023,19:56,https://www.youtube.com/watch?v=fTuPXIqlCgU,
3903,Gir Pade Bapuji | Taarak Mehta Ka Ooltah Chashmah | Ep 3903 | Full Episode | 16 Oct 2023,https://www.youtube.com/watch?v=ot_IqiRi0Xo,Found,06 Nov 2023,21:22,https://www.youtube.com/watch?v=g0gMPV-q88s,
3904,FULL EPISODE! 3904 - Taarak Mehta Ka Ooltah Chashmah - NEW Episodes | तारक मेहता का उल्टा चश्मा,https://www.youtube.com/watch?v=VGEgrOWYFvo,Found,12 Dec 2023,21:55,https://www.youtube.com/watch?v=wWpU_WaT0gM,
3905,Babita Bani Mediator | Taarak Mehta Ka Ooltah Chashmah | Ep 3905 | Full Episode | 18 Oct 2023,https://www.youtube.com/watch?v=3uJCaKcxADA,Found,08 Nov 2023,20:35,,
3906,Vicky Ka Cheque | Taarak Mehta Ka Ooltah Chashmah | Ep 3906 | Full Episode | 19 Oct 2023,https://www.youtube.com/watch?v=_ZWQqDx2JDA,Found,09 Nov 2023,18:28,https://www.youtube.com/watch?v=Wo3f4aIyj-0,
3907,Shiny Dandiya Sticks | Taarak Mehta Ka Ooltah Chashmah | Ep 3907 | Full Episode | 20 Oct 2023,https://www.youtube.com/watch?v=q4Ixa-TV6MM,Found,10 Nov 2023,17:54,https://www.youtube.com/watch?v=_uKXdc0HULc,
3908,Ziddi Box | Taarak Mehta Ka Ooltah Chashmah | Ep 3908 | Full Episode | 21 Oct 2023,https://www.youtube.com/watch?v=3_LeCYnWciA,Found,11 Nov 2023,20:28,https://www.youtube.com/watch?v=Bm4Nvi9k3eo,
3909,FULL EPISODE! 3909 - Taarak Mehta Ka Ooltah Chashmah - NEW Episodes | तारक मेहता का उल्टा चश्मा,https://www.youtube.com/watch?v=BQkIS2Eeggg,Found,18 Dec 2023,20:30,,https://www.youtube.com/watch?v=W3iH9gsSlMU
3910,Sabse Pehele Aya Jethalal | Taarak Mehta Ka Ooltah Chashmah | Ep 3910 | Full Episode | 24 Oct 2023,https://www.youtube.com/watch?v=QUHjsreG9q0,Found,14 Nov 2023,20:18,https://www.youtube.com/watch?v=uVtBx3Ejbmo,
3911,Bina Budget Ki Navratri | Taarak Mehta Ka Ooltah Chashmah | Ep 3911 | Full Episode | 25 Oct 2023,https://www.youtube.com/watch?v=J7G6PISLZig,Found,15 Nov 2023,20:40,https://www.youtube.com/watch?v=slYkwyhZn4c,
3912,Artists Kaha Hai? | Taarak Mehta Ka Ooltah Chashmah | Ep 3912 | Full Episode | 26 Oct 2023,https://www.youtube.com/watch?v=TDCheCB6fi4,Found,16 Nov 2023,18:32,https://www.youtube.com/watch?v=ia5mrAiRtt8,
3913,FULL EPISODE! 3913 - Taarak Mehta Ka Ooltah Chashmah - NEW Episodes | तारक मेहता का उल्टा चश्मा,https://www.youtube.com/watch?v=uTL7nCEfClQ,Found,22 Dec 2023,20:34,https://www.youtube.com/watch?v=e4Z4StZ1tC8,
3914,FULL EPISODE! 3914 - Taarak Mehta Ka Ooltah Chashmah - NEW Episodes | तारक मेहता का उल्टा चश्मा,https://www.youtube.com/watch?v=7-q3eRM8uTo,Found,23 Dec 2023,21:49,https://www.youtube.com/watch?v=K7ObRv6TsGI,https://www.youtube.com/watch?v=k51N0-uVn3g
3915,Gift Ki Khoj | Taarak Mehta Ka Ooltah Chashmah | Ep 3915 | Full Episode | 30 Oct 2023,https://www.youtube.com/watch?v=J-KrIWPUT1s,Found,20 Nov 2023,20:25,https://www.youtube.com/watch?v=Fq8FfaiNgFU,
3916,The Perfect Gift | Taarak Mehta Ka Ooltah Chashmah | Ep 3916 | Full Episode | 31 Oct 2023,https://www.youtube.com/watch?v=5mOvbUZgazo,Found,21 Nov 2023,19:22,https://www.youtube.com/watch?v=OX1Cxs5uqA4,
3917,Babita Ka Mushkil Gift | Taarak Mehta Ka Ooltah Chashmah | Ep 3917 | Full Episode | 1 Nov 2023,https://www.youtube.com/watch?v=z88vAzXZZ5U,Found,22 Nov 2023,19:41,https://www.youtube.com/watch?v=MDS9JCTzRpQ,
3918,Chand Par Zameen | Taarak Mehta Ka Ooltah Chashmah | Ep 3918 | Full Episode | 2 Nov 2023,https://www.youtube.com/watch?v=QcctpGGwrs4,Found,23 Nov 2023,18:39,https://www.youtube.com/watch?v=xr-TkjClRTo,
3919,NASA Se Call | Taarak Mehta Ka Ooltah Chashmah | Ep 3919 | Full Episode | 3 Nov 2023,https://www.youtube.com/watch?v=1yDH6Oy1_o8,Found,24 Nov 2023,19:30,https://www.youtube.com/watch?v=ujoFZaaDI08,https://www.youtube.com/watch?v=m5KCnO_Phgc
3920,Moon Residential Program | Taarak Mehta Ka Ooltah Chashmah | Ep 3920 | Full Episode | 4 Nov 2023,https://www.youtube.com/watch?v=7TGski6TB_E,Found,25 Nov 2023,19:46,https://www.youtube.com/watch?v=Ya9saT-mpqQ,https://www.youtube.com/watch?v=fMvbSK1xGIE
3921,Chand Par Padosi | Taarak Mehta Ka Ooltah Chashmah | Ep 3921 | Full Episode | 6 Nov 2023,https://www.youtube.com/watch?v=g9BV3B5wTHM,Found,27 Nov 2023,17:24,https://www.youtube.com/watch?v=zqCFf69StXY,
3922,Jetha Ka Zabardast Surprise | Taarak Mehta Ka Ooltah Chashmah | Ep 3922 | Full Episode | 7 Nov 2023,https://www.youtube.com/watch?v=9uYbfj9uXTo,Found,28 Nov 2023,21:23,,
3923,Babita Ke Liye Best Gift | Taarak Mehta Ka Ooltah Chashmah | Ep 3923 | Full Episode | 8 Nov 2023,https://www.youtube.com/watch?v=KycDoad0xUE,Found,29 Nov 2023,19:50,,https://www.youtube.com/watch?v=9DzfgvaR9qY
3924,Sapna Reh Gaya Sapna | Taarak Mehta Ka Ooltah Chashmah | Ep 3924 | Full Episode | 9 Nov 2023,https://www.youtube.com/watch?v=M01jLQzv5oA,Found,30 Nov 2023,20:13,,
3925,FULL EPISODE! 3925 - Taarak Mehta Ka Ooltah Chashmah - NEW Episodes | तारक मेहता का उल्टा चश्मा,https://www.youtube.com/watch?v=nYDOF1TFUGM,Found,05 Jan 2024,20:56,https://www.youtube.com/watch?v=tLsZTXB0A-s,
3926,Jethalal's Surprise Gift | Taarak Mehta Ka Ooltah Chashmah | Ep 3926 | Full Episode | 11 Nov 2023,https://www.youtube.com/watch?v=Rp4q3RGNj38,Found,02 Dec 2023,20:54,https://www.youtube.com/watch?v=dWMA_7h2OcM,https://www.youtube.com/watch?v=kDnbok5PrPw
3927,Diwali Ki Tayariyan | Taarak Mehta Ka Ooltah Chashmah | Ep 3927 | Full Episode | 13 Nov 2023,https://www.youtube.com/watch?v=kQ767TCwVgo,Found,04 Dec 2023,19:49,,
3928,Diwali Ka Maahol | Taarak Mehta Ka Ooltah Chashmah | Ep 3928 | Full Episode | 14 Nov 2023,https://www.youtube.com/watch?v=3Iik0TOfzZM,Found,05 Dec 2023,21:40,,
3929,Surprise Dham | Taarak Mehta Ka Ooltah Chashmah | Ep 3929 | Full Episode | 15 Nov 2023,https://www.youtube.com/watch?v=b5AqHSdTkwk,Found,06 Dec 2023,19:10,https://www.youtube.com/watch?v=vUVFqwC1GGQ,https://www.youtube.com/watch?v=bnjVAoYdCg0
3930,Sundar Ko Phone Lagao | Taarak Mehta Ka Ooltah Chashmah | Ep 3930 | Full Episode | 16 Nov 2023,https://www.youtube.com/watch?v=vTPAXT7Dpz4,Found,07 Dec 2023,19:43,,
3931,Jethalal Gets Impatient | Taarak Mehta Ka Ooltah Chashmah | Ep 3931 | Full Episode | 17 Nov 2023,https://www.youtube.com/watch?v=o2PtX3BkJbw,Found,08 Dec 2023,21:02,,https://www.youtube.com/watch?v=mquEnkLW9JU
3932,Sundar Ka Waada | Taarak Mehta Ka Ooltah Chashmah | Ep 3932 | Full Episode | 18 Nov 2023,https://www.youtube.com/watch?v=AT1HC5C1oPc,Found,09 Dec 2023,16:33,https://www.youtube.com/watch?v=xc5RIU9clkQ,https://www.youtube.com/watch?v=hrNhYObr83o
3933,Apradhi Jethalal | Taarak Mehta Ka Ooltah Chashmah | Ep 3933 | Full Episode | 20 Nov 2023,https://www.youtube.com/watch?v=ySZTIaEUosw,Found,11 Dec 2023,20:43,,
3934,Jethalal Ne Kara Kya Hai? | Taarak Mehta Ka Ooltah Chashmah | Ep 3934 | Full Episode | 21 Nov 2023,https://www.youtube.com/watch?v=vl3b1MsU7Es,Found,12 Dec 2023,19:10,,https://www.youtube.com/watch?v=Af7gX_hf354
3935,Reason Kya Hai? | Taarak Mehta Ka Ooltah Chashmah | Ep 3935 | Full Episode | 22 Nov 2023,https://www.youtube.com/watch?v=gbpbrFHXWxk,Found,13 Dec 2023,20:41,,
3936,FULL EPISODE! 3936 - Taarak Mehta Ka Ooltah Chashmah - NEW Episodes | तारक मेहता का उल्टा चश्मा,https://www.youtube.com/watch?v=TJA2WcsjOq8,Found,18 Jan 2024,21:45,https://www.youtube.com/watch?v=9NplteRHsPI,
3937,ACP Ki Biwi Ko Di Dhamki | Taarak Mehta Ka Ooltah Chashmah | Ep 3937 | Full Episode | 24 Nov 2023,https://www.youtube.com/watch?v=97QAyDhrs14,Found,15 Dec 2023,21:23,https://www.youtube.com/watch?v=OIaMNmRaWG0,https://www.youtube.com/watch?v=9jIub8JRBSY
3938,Jethalal Ke Khilaaf Complaint| Taarak Mehta Ka Ooltah Chashmah| Ep 3938 | Full Episode | 25 Nov 2023,https://www.youtube.com/watch?v=T6K1jDiJAuA,Found,16 Dec 2023,20:43,,https://www.youtube.com/watch?v=ijifCT_8GbI
3939,Misunderstanding Clear Karo | Taarak Mehta Ka Ooltah Chashmah | Ep 3939 | Full Episode | 27 Nov 2023,https://www.youtube.com/watch?v=nQdT2GqI768,Found,18 Dec 2023,21:03,,
3940,Kiski Galti Hai? | Taarak Mehta Ka Ooltah Chashmah | Ep 3940 | Full Episode | 28 Nov 2023,https://www.youtube.com/watch?v=ZMa0zBkzqCs,Found,19 Dec 2023,20:41,https://www.youtube.com/watch?v=EBmC8BvUtRA,
3941,Daya Ke Aane Ki Khushi | Taarak Mehta Ka Ooltah Chashmah | Ep 3941 | Full Episode | 29 Nov 2023,https://www.youtube.com/watch?v=q4NR32sbtqE,Found,20 Dec 2023,20:20,https://www.youtube.com/watch?v=gS0WR029hj4,https://www.youtube.com/watch?v=myAeeP-QQao
3942,Sundar Ka Vaada | Taarak Mehta Ka Ooltah Chashmah | Ep 3942 | Full Episode | 30 Nov 2023,https://www.youtube.com/watch?v=nEMJT2lxwLU,Found,21 Dec 2023,19:58,https://www.youtube.com/watch?v=9o4iBL80r0c,
3943,Sundar Ka Intezaar | Taarak Mehta Ka Ooltah Chashmah | Ep 3943 | Full Episode | 1 Dec 2023,https://www.youtube.com/watch?v=urclNoHNHA8,Found,22 Dec 2023,20:30,https://www.youtube.com/watch?v=R4c2XLuDAIM,https://www.youtube.com/watch?v=XSc4g3HemuY
3944,FULL EPISODE! 3944 - Taarak Mehta Ka Ooltah Chashmah - NEW Episodes | तारक मेहता का उल्टा चश्मा,https://www.youtube.com/watch?v=3t3lCfrKBvA,Found,27 Jan 2024,20:29,https://www.youtube.com/watch?v=Z2UUkMUTO8o,
3945,Daya Bhabhi Kaha Hai? | Taarak Mehta Ka Ooltah Chashmah | Ep 3945 | Full Episode | 4 Dec 2023,https://www.youtube.com/watch?v=hcS7_xVLNz4,Found,25 Dec 2023,20:48,,
3946,Daya Ka Intezaar | Taarak Mehta Ka Ooltah Chashmah | Ep 3946 | Full Episode | 5 Dec 2023,https://www.youtube.com/watch?v=DbcWAkVxiso,Found,26 Dec 2023,19:49,https://www.youtube.com/watch?v=86k074K-eCY,
3947,Khush Rehne Ka Secret | Taarak Mehta Ka Ooltah Chashmah | Ep 3947 | Full Episode | 6 Dec 2023,https://www.youtube.com/watch?v=0OZCgTHcz7k,Found,27 Dec 2023,19:45,https://www.youtube.com/watch?v=Kpp8fXxnP5c,
3948,Sakharam Ko Lagi Chot | Taarak Mehta Ka Ooltah Chashmah | Ep 3948 | Full Episode | 7 Dec 2023,https://www.youtube.com/watch?v=sWc2PS6Gu-M,Found,19 Aug 2024,20:43,,https://www.youtube.com/watch?v=ICSUG4PZEqQ
3949,FULL EPISODE! 3949 - Taarak Mehta Ka Ooltah Chashmah - NEW Episodes | तारक मेहता का उल्टा चश्मा,https://www.youtube.com/watch?v=9OWVgkFhwus,Found,01 Feb 2024,21:49,https://www.youtube.com/watch?v=ULbNPDZhKEs,https://www.youtube.com/watch?v=0X5MdlxiuGs
3950,Anniversary Ki Taiyyari | Taarak Mehta Ka Ooltah Chashmah | Ep 3950 | Full Episode | 9 Dec 2023,https://www.youtube.com/watch?v=C63Pqkw4b0I,Found,30 Dec 2023,19:49,,
3951,Sodhi Parties With His Friends |Taarak Mehta Ka Ooltah Chashmah |Ep 3951 |Full Episode | 11 Dec 2023,https://www.youtube.com/watch?v=5eZJMB2Hsvk,Found,01 Jan 2024,20:55,,https://www.youtube.com/watch?v=k9FIcAM9ASA
3952,Museebat Mein Yaad Kiya Hai | Taarak Mehta Ka Ooltah Chashmah | Ep 3952 | Full Episode | 12 Dec 2023,https://www.youtube.com/watch?v=2gr03DWc-T8,Found,02 Jan 2024,17:07,https://www.youtube.com/watch?v=LTKdQe3BudA,
3953,Roshan Returns To Gokuldham | Taarak Mehta Ka Ooltah Chashmah | Ep 3953 | Full Episode | 13 Dec 2023,https://www.youtube.com/watch?v=Zs9myrrkgHw,Found,03 Jan 2024,20:57,,https://www.youtube.com/watch?v=znMvZ3iGsnM
3954,Planning Sodhi's Escape | Taarak Mehta Ka Ooltah Chashmah | Ep 3954 | Full Episode | 14 Dec 2023,https://www.youtube.com/watch?v=Wn7E_Tt-0D4,Found,04 Jan 2024,21:22,,
3955,Kya Sodhi Ka Jooth Pakda Jayega?| Taarak Mehta Ka Ooltah Chashmah | Full Episode 3955 | 15 Dec 2023,https://www.youtube.com/watch?v=46P5siKtTWY,Found,05 Jan 2024,20:38,,
3956,Bhide Ki Chinta | Taarak Mehta Ka Ooltah Chashmah | Full Episode 3956 | 16 Dec 2023,https://www.youtube.com/watch?v=lBAAMayzuJg,Found,06 Jan 2024,20:31,,
3957,Sodhi Ka Jhooth Pakda Gaya | Taarak Mehta Ka Ooltah Chashmah | Full Episode 3957 | 18 Dec 2023,https://www.youtube.com/watch?v=mvYv7laBgZk,Found,08 Jan 2024,20:38,https://www.youtube.com/watch?v=-jGipNPcou0,https://www.youtube.com/watch?v=gcEVqvNxDhc
3958,Sodhi Kaha Hai | Taarak Mehta Ka Ooltah Chashmah | Full Episode 3958 | 19 Dec 2023,https://www.youtube.com/watch?v=dbMIAm0GV3I,Found,09 Jan 2024,19:52,,https://www.youtube.com/watch?v=EzXUF1BPrPY
3959,Jethalal Bhi Hai Gayab | Taarak Mehta Ka Ooltah Chashmah | Full Episode 3959 | 20 Dec 2023,https://www.youtube.com/watch?v=v1-pUi4O-Is,Found,10 Jan 2024,20:59,,
3960,Roshan Ghar Chor Kar Mat Jao | Taarak Mehta Ka Ooltah Chashmah | Full Episode 3960 | 21 Dec 2023,https://www.youtube.com/watch?v=iwLDH9xqkhQ,Found,11 Jan 2024,21:22,,https://www.youtube.com/watch?v=q_fdpQF7Fn4
3961,Sodhi Aur Roshan Ki Sulha | Taarak Mehta Ka Ooltah Chashmah | Full Episode 3961 | 22 Dec 2023,https://www.youtube.com/watch?v=4JpybbiIRH4,Found,12 Jan 2024,18:55,https://www.youtube.com/watch?v=ll9n7qOI93Q,https://www.youtube.com/watch?v=Cec0pKVh8XU
3962,Anniversary Ki Mithaas | Taarak Mehta Ka Ooltah Chashmah | Full Episode 3962 | 23 Dec 2023,https://www.youtube.com/watch?v=0JPFNotUGH8,Found,13 Jan 2024,20:15,https://www.youtube.com/watch?v=VpqphZWeQuA,
3963,Sodhi Aur Roshan Ki Party | Taarak Mehta Ka Ooltah Chashmah | Full Episode 3963 | 25 Dec 2023,https://www.youtube.com/watch?v=8lE29fSWTXY,Found,15 Jan 2024,21:14,https://www.youtube.com/watch?v=qnQhhpuCg00,
3964,FULL EPISODE! 3964 - Taarak Mehta Ka Ooltah Chashmah - NEW Episodes | तारक मेहता का उल्टा चश्मा,https://www.youtube.com/watch?v=rEvvgenOcsA,Found,16 Feb 2024,20:59,https://www.youtube.com/watch?v=5BshmEsGvUk,
3965,Meeting Ka Reason | Taarak Mehta Ka Ooltah Chashmah | Full Episode 3965 | 27 Dec 2023,https://www.youtube.com/watch?v=rtKM_e1oKds,Found,17 Jan 2024,20:53,,https://www.youtube.com/watch?v=5YWUk1kfqsU
3966,Fine Dena Hoga | Taarak Mehta Ka Ooltah Chashmah | Full Episode 3966 | 28 Dec 2023,https://www.youtube.com/watch?v=aIARabEr8ac,Found,18 Jan 2024,19:35,,https://www.youtube.com/watch?v=JU2hEIv5kso
3967,Chit Uthao | Taarak Mehta Ka Ooltah Chashmah | Full Episode 3967 | 29 Dec 2023,https://www.youtube.com/watch?v=EgL1rcVgCw8,Found,19 Jan 2024,20:12,https://www.youtube.com/watch?v=cbCxAU7bDAk,https://www.youtube.com/watch?v=C6shTKITEH0
3968,FULL EPISODE! 3968 - Taarak Mehta Ka Ooltah Chashmah - NEW Episodes | तारक मेहता का उल्टा चश्मा,https://www.youtube.com/watch?v=-juKSd4lIn8,Found,21 Feb 2024,21:26,https://www.youtube.com/watch?v=Fh74LTdMRa4,
3969,FULL EPISODE! 3969 - Taarak Mehta Ka Ooltah Chashmah - NEW Episodes | तारक मेहता का उल्टा चश्मा,https://www.youtube.com/watch?v=b1Mn_um_nPM,Found,22 Feb 2024,21:11,https://www.youtube.com/watch?v=yLXf78CO9xc,
3970,Gift Uthao | Taarak Mehta Ka Ooltah Chashmah | Full Episode 3970 | 2 Jan 2024,https://www.youtube.com/watch?v=lCs0AAhKLZ4,Found,23 Jan 2024,20:34,,https://www.youtube.com/watch?v=id9YMA505lU
3971,Acche Aur Bure Gifts | Taarak Mehta Ka Ooltah Chashmah | Full Episode 3971 | 3 Jan 2024,https://www.youtube.com/watch?v=BIpqKlftxiU,Found,24 Jan 2024,20:00,,
3972,Kisne Diya Gift? | Taarak Mehta Ka Ooltah Chashmah | Full Episode 3972 | 4 Jan 2024,https://www.youtube.com/watch?v=7LJiMDswA7g,Found,25 Jan 2024,18:52,https://www.youtube.com/watch?v=DjrcQQlyvGk,https://www.youtube.com/watch?v=6UjSMVCYf08
3973,Pichle Saal Ke Events | Taarak Mehta Ka Ooltah Chashmah | Full Episode 3973 | 5 Jan 2024,https://www.youtube.com/watch?v=woLsEdnIX-k,Found,26 Jan 2024,19:29,,
3974,Naye Saal Ka Josh | Taarak Mehta Ka Ooltah Chashmah | Full Episode 3974 | 6 Jan 2024,https://www.youtube.com/watch?v=y4Qe0xDyf5I,Found,27 Jan 2024,19:52,,
3975,Jagah Kam Aur Saman Zyada | Taarak Mehta Ka Ooltah Chashmah | Full Episode 3975 | 8 Jan 2024,https://www.youtube.com/watch?v=pE49Bh8iBrQ,Found,29 Jan 2024,18:35,,
3976,Purana Saman Pheko | Taarak Mehta Ka Ooltah Chashmah | Full Episode 3976 | 9 Jan 2024,https://www.youtube.com/watch?v=IoOTlrhPJ1U,Found,19 Aug 2024,20:35,https://www.youtube.com/watch?v=EXz7q3c3LBk,
3977,Purana Saman Pheko | Taarak Mehta Ka Ooltah Chashmah | Full Episode 3977 | 10 Jan 2024,https://www.youtube.com/watch?v=ZiytMxuLXEs,Found,31 Jan 2024,20:55,,
3978,Goli's Wise Advice | Taarak Mehta Ka Ooltah Chashmah | Full Episode 3978 | 11 Jan 2024,https://www.youtube.com/watch?v=ezJxgA_LFBs,Found,01 Feb 2024,20:41,https://www.youtube.com/watch?v=SqN0f109pRQ,https://www.youtube.com/watch?v=oXcUzRyjoQY
3979,Popatlal Maan Gaya | Taarak Mehta Ka Ooltah Chashmah | Full Episode 3979 | 12 Jan 2024,https://www.youtube.com/watch?v=ojJvb68NIFo,Found,02 Feb 2024,20:32,,https://www.youtube.com/watch?v=5rwfpDFR4PQ
3980,Bhide Ki Anmol Yaadein | Taarak Mehta Ka Ooltah Chashmah | Full Episode 3980 | 13 Jan 2024,https://www.youtube.com/watch?v=3vfbTAbrdtw,Found,03 Feb 2024,18:37,,
3981,Bhide Gets His Things Back | Taarak Mehta Ka Ooltah Chashmah | Full Episode 3981 | 15 Jan 2024,https://www.youtube.com/watch?v=OVLU8ZUEKfM,Found,05 Feb 2024,20:28,https://www.youtube.com/watch?v=H4QWYNBtuDQ,
3982,Sodhi Ki Gadi Ruk Gayi | Taarak Mehta Ka Ooltah Chashmah | Full Episode 3982 | 16 Jan 2024,https://www.youtube.com/watch?v=oD_5eHCUXQY,Found,06 Feb 2024,21:02,https://www.youtube.com/watch?v=WVVUMy1TNBQ,https://www.youtube.com/watch?v=vHq8RpLqMQg
3983,Sher Kharab Ho Gaya | Taarak Mehta Ka Ooltah Chashmah | Full Episode 3983 | 17 Jan 2024,https://www.youtube.com/watch?v=1hvmtD5qH7s,Found,07 Feb 2024,20:39,,
3984,Sher Ko Kara Repair | Taarak Mehta Ka Ooltah Chashmah | Full Episode 3984 | 18 Jan 2024,https://www.youtube.com/watch?v=58pKrBndt54,Found,08 Feb 2024,19:09,https://www.youtube.com/watch?v=a9sQ_svQm8s,
3985,Tapu Sena Helps Popatlal | Taarak Mehta Ka Ooltah Chashmah | Full Episode 3985 | 19 Jan 2024,https://www.youtube.com/watch?v=afzS7X3I9P8,Found,09 Feb 2024,19:38,https://www.youtube.com/watch?v=LHgST-xuZIg,
3986,Popatlal Ki Date | Taarak Mehta Ka Ooltah Chashmah | Full Episode 3986 | 20 Jan 2024,https://www.youtube.com/watch?v=x-K7PMQN2Ao,Found,10 Feb 2024,19:48,https://www.youtube.com/watch?v=lgFcyc9uPOo,
3987,Jethalal Has Jalebi And Fafda | Taarak Mehta Ka Ooltah Chashmah | Full Episode 3987 | 22 Jan 2024,https://www.youtube.com/watch?v=Touhl7wTWR0,Found,12 Feb 2024,19:11,,
3988,FULL EPISODE! 3988 - Taarak Mehta Ka Ooltah Chashmah - NEW Episodes | तारक मेहता का उल्टा चश्मा,https://www.youtube.com/watch?v=Ui6fw4DW2Tk,Found,16 Mar 2024,20:43,https://www.youtube.com/watch?v=w-UMCYWsyWQ,
3989,Gaddi Band Ho Gayi | Taarak Mehta Ka Ooltah Chashmah | Full Episode 3989 | 24 Jan 2024,https://www.youtube.com/watch?v=fWvchec5QJM,Found,14 Feb 2024,20:25,https://www.youtube.com/watch?v=cdXFGwR-O-w,
3990,Gaddi Kaha Hai? | Taarak Mehta Ka Ooltah Chashmah | Full Episode 3990 | 25 Jan 2024,https://www.youtube.com/watch?v=7NZLuanxae8,Found,15 Feb 2024,19:52,,https://www.youtube.com/watch?v=it22hZolGbs
3991,FULL EPISODE! 3991 - Taarak Mehta Ka Ooltah Chashmah - NEW Episodes | तारक मेहता का उल्टा चश्मा,https://www.youtube.com/watch?v=6dUTYr0OgtY,Found,21 Mar 2024,21:42,https://www.youtube.com/watch?v=3_SIqcQwpog,https://www.youtube.com/watch?v=aQV5RoY9Xzs
3992,Sher Ki Missing Complaint | Taarak Mehta Ka Ooltah Chashmah | Full Episode 3992 | 27 Jan 2024,https://www.youtube.com/watch?v=DfhgqwkMI9M,Found,17 Feb 2024,20:13,https://www.youtube.com/watch?v=kcQUGMHPZrI,
3993,Inspector Pandey Looks For Sodhi's Car|Taarak Mehta Ka Ooltah Chashmah|Full Episode 3993|29 Jan 2024,https://www.youtube.com/watch?v=T4abqkFoFRo,Found,19 Feb 2024,20:56,,
3994,Inspector Pandey Is Angry | Taarak Mehta Ka Ooltah Chashmah | Full Episode 3994 | 30 Jan 2024,https://www.youtube.com/watch?v=6Wu4wGGnjrY,Found,20 Feb 2024,19:20,https://www.youtube.com/watch?v=vE8hU1I5ajA,https://www.youtube.com/watch?v=xqRvx_Yi41A
3995,FULL EPISODE! 3995 - Taarak Mehta Ka Ooltah Chashmah - NEW Episodes | तारक मेहता का उल्टा चश्मा,https://www.youtube.com/watch?v=1uLg97II1tY,Found,26 Mar 2024,20:49,https://www.youtube.com/watch?v=quFYaX0zKRQ,
3996,Sodhi's New Car | Taarak Mehta Ka Ooltah Chashmah | Full Episode 3996 | 1 Feb 2024,https://www.youtube.com/watch?v=xHO2CjxXWRg,Found,22 Feb 2024,19:42,https://www.youtube.com/watch?v=MyrYJDL-X6o,https://www.youtube.com/watch?v=h3NQakZTsIc
3997,Sodhi Ke Naye Number | Taarak Mehta Ka Ooltah Chashmah | Full Episode 3997 | 2 Feb 2024,https://www.youtube.com/watch?v=5zsbtRhrHIo,Found,23 Feb 2024,20:22,https://www.youtube.com/watch?v=b43iUO57PC4,
3998,Permanent Number Ka Celebration | Taarak Mehta Ka Ooltah Chashmah | Full Episode 3998 | 3 Feb 2024,https://www.youtube.com/watch?v=q9XrzU0VPWw,Found,24 Feb 2024,20:26,https://www.youtube.com/watch?v=YaF5yA_UPdA,https://www.youtube.com/watch?v=gWFA44VYluw
3999,Sodhi Ki Nayi Gaadi | Taarak Mehta Ka Ooltah Chashmah | Full Episode 3999 | 5 Feb 2024,https://www.youtube.com/watch?v=15iPYRUp7iE,Found,26 Feb 2024,20:11,,https://www.youtube.com/watch?v=jD4ZJ4lhzGw
4000,4000 Episodes Ki Khushi | Taarak Mehta Ka Ooltah Chashmah | Full Episode 4000 | 6 Feb 2024,https://www.youtube.com/watch?v=4EaZbZ-nsok,Found,27 Feb 2024,19:35,https://www.youtube.com/watch?v=C_1E0IfgFSc,
4001,4000 Episodes Ki Journey | Taarak Mehta Ka Ooltah Chashmah | Full Episode 4001 | 7 Feb 2024,https://www.youtube.com/watch?v=oyJymhE4gEQ,Found,28 Feb 2024,19:28,https://www.youtube.com/watch?v=mizn8j10aZA,
4002,Bhide Ke Liye Surprise | Taarak Mehta Ka Ooltah Chashmah | Full Episode 4002 | 8 Feb 2024,https://www.youtube.com/watch?v=Yavwzarz_bA,Found,29 Feb 2024,21:06,,https://www.youtube.com/watch?v=6A1JuujBqPo
4003,Online Scams Se Bacho | Taarak Mehta Ka Ooltah Chashmah | Full Episode 4003 | 9 Feb 2024,https://www.youtube.com/watch?v=FebwoENdsH0,Found,01 Mar 2024,20:20,https://www.youtube.com/watch?v=PtBhknWycPo,https://www.youtube.com/watch?v=3MNslVEiUdw
4004,Madhavi's Surprise | Taarak Mehta Ka Ooltah Chashmah | Full Episode 4004 | 10 Feb 2024,https://www.youtube.com/watch?v=_76U04Vwh3I,Found,02 Mar 2024,19:32,https://www.youtube.com/watch?v=seX3DIqKdoo,https://www.youtube.com/watch?v=38t4aZJUeGc
4005,Madhavi Ko Scam Karne Ki Koshish | Taarak Mehta Ka Ooltah Chashmah | Full Episode 4005 | 12 Feb 2024,https://www.youtube.com/watch?v=SZt6QtR793s,Found,04 Mar 2024,21:06,https://www.youtube.com/watch?v=l5qssMmPYAQ,
4006,Madhavi Ka Parcel | Taarak Mehta Ka Ooltah Chashmah | Full Episode 4006 | 13 Feb 2024,https://www.youtube.com/watch?v=efCeHzJIix8,Found,05 Mar 2024,20:27,https://www.youtube.com/watch?v=Y88RloptApU,https://www.youtube.com/watch?v=2E0_81B5Pls
4007,Cyber Crime Unit Helps Madhavi | Taarak Mehta Ka Ooltah Chashmah | Full Episode 4007 | 14 Feb 2024,https://www.youtube.com/watch?v=j4isjF-9eTw,Found,06 Mar 2024,20:30,https://www.youtube.com/watch?v=v2V7lIERU6g,https://www.youtube.com/watch?v=8kllkwMMREA
4008,Madhavi Lies To Bhide | Taarak Mehta Ka Ooltah Chashmah | Full Episode 4008 | 15 Feb 2024,https://www.youtube.com/watch?v=tMCbeV-TbMw,Found,07 Mar 2024,20:17,,https://www.youtube.com/watch?v=74jgDWyAKQU
4009,Fake Chain For Bhide | Taarak Mehta Ka Ooltah Chashmah | Full Episode 4009 | 16 Feb 2024,https://www.youtube.com/watch?v=l5neF8TbPhw,Found,08 Mar 2024,20:10,,https://www.youtube.com/watch?v=WkJqCe9Yiik
4010,Search For The Scammer | Taarak Mehta Ka Ooltah Chashmah | Full Episode 4010 | 17 Feb 2024,https://www.youtube.com/watch?v=EIPR_Iq_mfg,Found,09 Mar 2024,20:27,,https://www.youtube.com/watch?v=AdS9VP4CcHE
4011,Scammer Ko Pakadna Hoga | Taarak Mehta Ka Ooltah Chashmah | Full Episode 4011 | 19 Feb 2024,https://www.youtube.com/watch?v=_bhOfu7cXZM,Found,11 Mar 2024,21:21,,https://www.youtube.com/watch?v=ucMIzZaesSs
4012,FULL EPISODE! 4012 - Taarak Mehta Ka Ooltah Chashmah - NEW Episodes | तारक मेहता का उल्टा चश्मा,https://www.youtube.com/watch?v=UfJ2-QCNpGw,Found,23 Apr 2024,21:40,https://www.youtube.com/watch?v=9Sx1BlK8PBU,
4013,Mahila Mandal Ko Chain Dekhni Hai| Taarak Mehta Ka Ooltah Chashmah | Full Episode 4013 | 21 Feb 2024,https://www.youtube.com/watch?v=cJE5UH0gQc8,Found,13 Mar 2024,20:55,https://www.youtube.com/watch?v=-iG5PTQsg2U,https://www.youtube.com/watch?v=lM51q245RPU
4014,FULL EPISODE! 4014 - Jethalal Ko Ho Raha Hai Late?! | Taarak Mehta Ka Ooltah Chashmah - NEW Episodes,https://www.youtube.com/watch?v=AOu46bDyUV8,Found,25 Apr 2024,21:34,https://www.youtube.com/watch?v=ICEctaBpvpk,https://www.youtube.com/watch?v=WVhE9e_PlWk
4015,Jethalal And Iyer Banne Police | Taarak Mehta Ka Ooltah Chashmah | Full Episode 4015 | 23 Feb 2024,https://www.youtube.com/watch?v=kNLDTvnDMtQ,Found,15 Mar 2024,20:39,,https://www.youtube.com/watch?v=oGONvZ8u2U8
4016,Nakli Police Ka Mission | Taarak Mehta Ka Ooltah Chashmah | Full Episode 4016 | 24 Feb 2024,https://www.youtube.com/watch?v=1OVk32wV7WQ,Found,16 Mar 2024,21:09,,https://www.youtube.com/watch?v=lT9h1CnZNFQ
4017,Tattoo Wala Clue | Taarak Mehta Ka Ooltah Chashmah | Full Episode 4017 | 26 Feb 2024,https://www.youtube.com/watch?v=tcx-AxZM7E4,Found,18 Mar 2024,20:01,https://www.youtube.com/watch?v=REI84qa_oso,
4018,Tattoo Artist Ki Help Chahiye Hai | Taarak Mehta Ka Ooltah Chashmah |Full Episode 4018 | 27 Feb 2024,https://www.youtube.com/watch?v=lwNQscXmfTY,Found,19 Mar 2024,21:26,https://www.youtube.com/watch?v=2hptHfwNMjg,
4019,Scammer Ko Diya Lalach | Taarak Mehta Ka Ooltah Chashmah | Full Episode 4019 | 28 Feb 2024,https://www.youtube.com/watch?v=5pRmuaMMQrc,Found,20 Mar 2024,19:15,https://www.youtube.com/watch?v=dEwpv__EWSI,
4020,Scammer Pakda Gaya | Taarak Mehta Ka Ooltah Chashmah | Full Episode 4020 | 29 Feb 2024,https://www.youtube.com/watch?v=gGlKvfBvgNk,Found,21 Mar 2024,16:53,https://www.youtube.com/watch?v=QNa4yid3_DU,
4021,Jethalal And Iyer In Danger | Taarak Mehta Ka Ooltah Chashmah | Full Episode 4021 | 1 Mar 2024,https://www.youtube.com/watch?v=2kYXHnf2GZc,Found,22 Mar 2024,20:02,,https://www.youtube.com/watch?v=bJ10B7WpDGM
4022,Popatlal Ka Janam Din | Taarak Mehta Ka Ooltah Chashmah | Full Episode 4022 | 2 Mar 2024,https://www.youtube.com/watch?v=a81knIshREU,Found,23 Mar 2024,20:00,,https://www.youtube.com/watch?v=_ZOVYxmIybg
4023,Popatlal Akela Rahega | Taarak Mehta Ka Ooltah Chashmah | Full Episode 4023 | 4 Mar 2024,https://www.youtube.com/watch?v=oCTW1t54c6g,Found,25 Mar 2024,19:48,https://www.youtube.com/watch?v=X5eUjQJXueo,https://www.youtube.com/watch?v=3HFy0Rc3zwo
4024,Akele Mein Birthday | Taarak Mehta Ka Ooltah Chashmah | Full Episode 4024 | 5 Mar 2024,https://www.youtube.com/watch?v=2pgpkVPtDp0,Found,26 Mar 2024,21:03,,
4025,FULL EPISODE! 4025 - Jethalal Ne Kyu Mangi Mafi?! | Taarak Mehta Ka Ooltah Chashmah,https://www.youtube.com/watch?v=HAJPRw6k3X4,Found,08 May 2024,21:00,,https://www.youtube.com/watch?v=hnYb8_kLSYQ
4026,Important Sting Operation | Taarak Mehta Ka Ooltah Chashmah | Full Episode 4026 | 7 Mar 2024,https://www.youtube.com/watch?v=ZhkuM7LYF2Q,Found,28 Mar 2024,19:30,https://www.youtube.com/watch?v=i5aEgedIwq8,https://www.youtube.com/watch?v=QxKkOKmm2Ac
4027,Popatlal Ne Bhes Badla | Taarak Mehta Ka Ooltah Chashmah | Full Episode 4027 | 8 Mar 2024,https://www.youtube.com/watch?v=PxwcBbjp04M,Found,29 Mar 2024,20:12,https://www.youtube.com/watch?v=kxvuy-1pRlg,https://www.youtube.com/watch?v=1PJ0D4EaGko
4028,Surprise Party For Popatlal | Taarak Mehta Ka Ooltah Chashmah | Full Episode 4028 | 9 Mar 2024,https://www.youtube.com/watch?v=V7Zsxhc4F-g,Found,30 Mar 2024,18:43,https://www.youtube.com/watch?v=9tpXFA6K8mg,https://www.youtube.com/watch?v=oyC-AucfxZ0
4029,Popatlal Bachayega Paise | Taarak Mehta Ka Ooltah Chashmah | Full Episode 4029 | 11 Mar 2024,https://www.youtube.com/watch?v=UlUQjloQ0SA,Found,01 Apr 2024,20:27,https://www.youtube.com/watch?v=1PKU8OMi9DQ,https://www.youtube.com/watch?v=LJQOZibo_GQ
4030,Asli Ya Nakli Delivery Boy | Taarak Mehta Ka Ooltah Chashmah | Full Episode 4030 | 12 Mar 2024,https://www.youtube.com/watch?v=bEK_qoO7siY,Found,02 Apr 2024,21:11,https://www.youtube.com/watch?v=ru0sB0DUv2A,
4031,Kiska Parcel Hai? | Taarak Mehta Ka Ooltah Chashmah | Full Episode 4031 | 13 Mar 2024,https://www.youtube.com/watch?v=rU_AqMa3tPU,Found,03 Apr 2024,16:34,https://www.youtube.com/watch?v=KDNFRXcPbWg,
4032,OTP Chahiye Hai | Taarak Mehta Ka Ooltah Chashmah | Full Episode 4032 | 14 Mar 2024,https://www.youtube.com/watch?v=Pmmb35JTSsc,Found,04 Apr 2024,20:59,https://www.youtube.com/watch?v=qgp86mSQIjY,https://www.youtube.com/watch?v=ptuwILalgRY
4033,Commissioner Se Panga | Taarak Mehta Ka Ooltah Chashmah | Full Episode 4033 | 15 Mar 2024,https://www.youtube.com/watch?v=DCwFetbP14U,Found,05 Apr 2024,20:25,https://www.youtube.com/watch?v=lT2VAyICT4Y,https://www.youtube.com/watch?v=JO2MoXVlCNI
4034,Adhunik Duniya Ke Nuksaan | Taarak Mehta Ka Ooltah Chashmah | Full Episode 4034 | 16 Mar 2024,https://www.youtube.com/watch?v=Qk9j49MBAC8,Found,06 Apr 2024,21:02,https://www.youtube.com/watch?v=Q6egDmBT18s,https://www.youtube.com/watch?v=UavZE31hAO4
4035,Taarak Ka Half-Day | Taarak Mehta Ka Ooltah Chashmah | Full Episode 4035 | 18 Mar 2024,https://www.youtube.com/watch?v=6oW_grwjR50,Found,08 Apr 2024,21:11,https://www.youtube.com/watch?v=Mbz_M5lnuoA,https://www.youtube.com/watch?v=xRQBLjexGA0
4036,Holi Par Bach Kar Raho | Taarak Mehta Ka Ooltah Chashmah | Full Episode 4036 | 19 Mar 2024,https://www.youtube.com/watch?v=EfnQbZyyfkM,Found,09 Apr 2024,17:15,https://www.youtube.com/watch?v=stufOb0SYqU,
4037,Tapu Sena Ne Sikhaya Sabak | Taarak Mehta Ka Ooltah Chashmah | Full Episode 4037 | 20 Mar 2024,https://www.youtube.com/watch?v=c4YAywZ2Ve8,Found,10 Apr 2024,20:40,https://www.youtube.com/watch?v=d5j2CI5LxV0,https://www.youtube.com/watch?v=UN-GttfHMks
4038,Holi Celebration Ki Shuruat | Taarak Mehta Ka Ooltah Chashmah | Full Episode 4038 | 21 Mar 2024,https://www.youtube.com/watch?v=aUHq2IkDVZI,Found,11 Apr 2024,20:55,https://www.youtube.com/watch?v=RlTYYUnEhsY,
4039,Gokuldham Wasiyo Ki Kavita | Taarak Mehta Ka Ooltah Chashmah | Full Episode 4039 | 22 Mar 2024,https://www.youtube.com/watch?v=KcH6KZ9OYfA,Found,12 Apr 2024,21:58,,
4040,Trouble At Holi Celebration | Taarak Mehta Ka Ooltah Chashmah | Full Episode 4040 | 23 Mar 2024,https://www.youtube.com/watch?v=yXNaF7asTXU,Found,13 Apr 2024,20:29,,
4041,Sonu In Danger | Taarak Mehta Ka Ooltah Chashmah | Full Episode 4041 | 25 Mar 2024,https://www.youtube.com/watch?v=N0NYdYVjXns,Found,15 Apr 2024,21:21,,
4042,Bawri Ke Parents Aa Gaye | Taarak Mehta Ka Ooltah Chashmah | Full Episode 4042 | 26 Mar 2024,https://www.youtube.com/watch?v=LWaHDgml7Bk,Found,16 Apr 2024,20:34,,https://www.youtube.com/watch?v=Q3Upkd00fIA
4043,FULL EPISODE! 4043 - April Fool Ki Shuruwat ?! | Taarak Mehta Ka Ooltah Chashmah,https://www.youtube.com/watch?v=C6a2FbO1MU4,Found,29 May 2024,21:41,https://www.youtube.com/watch?v=1eFd89ysEmY,
4044,April Fool Ki Planning | Taarak Mehta Ka Ooltah Chashmah | Full Episode 4044 | 28 Mar 2024,https://www.youtube.com/watch?v=wmx3gxYdB8U,Found,18 Apr 2024,21:15,https://www.youtube.com/watch?v=8BQReJG9oVE,https://www.youtube.com/watch?v=idx56km1o50
4045,Sabke Alag Bahane | Taarak Mehta Ka Ooltah Chashmah | Full Episode 4045 | 29 Mar 2024,https://www.youtube.com/watch?v=qaoQ6-d0iGY,Found,19 Apr 2024,21:10,https://www.youtube.com/watch?v=2OcbY_jSoj8,https://www.youtube.com/watch?v=G1BJckD6Zs4
4046,Clubhouse Mein Party Sharty | Taarak Mehta Ka Ooltah Chashmah | Full Episode 4046 | 30 Mar 2024,https://www.youtube.com/watch?v=cA6xhee1Qms,Found,20 Apr 2024,21:24,,
4047,Popatlal Ne Kari Complain | Taarak Mehta Ka Ooltah Chashmah | Full Episode 4047 | 1 April 2024,https://www.youtube.com/watch?v=o1IZ0VmrcYw,Found,22 Apr 2024,21:04,,https://www.youtube.com/watch?v=qAszgsJLM-k
4048,Champaklal Is Back | Taarak Mehta Ka Ooltah Chashmah | Full Episode 4048 | 2 April 2024,https://www.youtube.com/watch?v=ZLlc16Yov_o,Found,23 Apr 2024,20:33,https://www.youtube.com/watch?v=B0JKuuPppbo,https://www.youtube.com/watch?v=TTgNt1UotCQ
4049,Sharbat Ya Sharab? | Taarak Mehta Ka Ooltah Chashmah | Full Episode 4049 | 3 April 2024,https://www.youtube.com/watch?v=80p61AExCQw,Found,24 Apr 2024,18:39,https://www.youtube.com/watch?v=f1LqhzGm69k,https://www.youtube.com/watch?v=d5zlRdUWkfY
4050,Prank Ulta Padh Gaya | Taarak Mehta Ka Ooltah Chashmah | Full Episode 4050 | 4 April 2024,https://www.youtube.com/watch?v=b5YC9Elmcgw,Found,25 Apr 2024,21:32,,
4051,Bapuji Hue AC Se Uncomfortable | Taarak Mehta Ka Ooltah Chashmah | Full Episode 4051 | 5 April 2024,https://www.youtube.com/watch?v=_8InseIiCrI,Found,26 Apr 2024,20:56,https://www.youtube.com/watch?v=M1yFbEDA4qg,
4052,Electrician Jethalal | Taarak Mehta Ka Ooltah Chashmah | Full Episode 4052 | 6 April 2024,https://www.youtube.com/watch?v=RVuHi06OrSk,Found,27 Apr 2024,20:34,,https://www.youtube.com/watch?v=BKxP0XmgQXU
4053,Jethalal Calls Bagha For Help | Taarak Mehta Ka Ooltah Chashmah | Full Episode 4053 | 8 April 2024,https://www.youtube.com/watch?v=stnH8UY5mjI,Found,29 Apr 2024,20:54,,
4054,Naya AC Lelo | Taarak Mehta Ka Ooltah Chashmah | Full Episode 4054 | 9 April 2024,https://www.youtube.com/watch?v=BMe44o5-hug,Found,30 Apr 2024,20:07,https://www.youtube.com/watch?v=2i11PNKg0vU,https://www.youtube.com/watch?v=JkvnjFjrYUg
4055,Iyer Ka Mazak | Taarak Mehta Ka Ooltah Chashmah | Full Episode 4055 | 10 April 2024,https://www.youtube.com/watch?v=fjs-Zcvgo9k,Found,01 May 2024,21:27,,
4056,Tapu Prepares Breakfast | Taarak Mehta Ka Ooltah Chashmah | Full Episode 4056 | 11 April 2024,https://www.youtube.com/watch?v=z01k7l9HR-g,Found,02 May 2024,21:16,https://www.youtube.com/watch?v=YNYf46M03q8,https://www.youtube.com/watch?v=obHk5l_VTkM
4057,Jethalal Ki Important Meeting | Taarak Mehta Ka Ooltah Chashmah | Full Episode 4057 | 12 April 2024,https://www.youtube.com/watch?v=K5waNCr_FDg,Found,03 May 2024,21:02,,https://www.youtube.com/watch?v=GWXADBwu5e8
4058,Bawri's Apology | Taarak Mehta Ka Ooltah Chashmah | Full Episode 4058 | 13 April 2024,https://www.youtube.com/watch?v=pA21TVuhhcc,Found,04 May 2024,21:03,https://www.youtube.com/watch?v=IJBKd7IkyRM,https://www.youtube.com/watch?v=amsO0by_EU0
4059,Bawri Ki Entry Hui Band | Taarak Mehta Ka Ooltah Chashmah | Full Episode 4059 | 15 April 2024,https://www.youtube.com/watch?v=Xv37uTv-l5U,Found,06 May 2024,20:56,https://www.youtube.com/watch?v=XdOxSkZUR7k,
4060,Bawri In Gada Electronics | Taarak Mehta Ka Ooltah Chashmah | Full Episode 4060 | 16 April 2024,https://www.youtube.com/watch?v=I6kfNyxfp0M,Found,07 May 2024,19:30,,https://www.youtube.com/watch?v=R0_ZzOrucI0
4061,Warehouse Mein Kon Hai? | Taarak Mehta Ka Ooltah Chashmah | Full Episode 4061 | 17 April 2024,https://www.youtube.com/watch?v=mVnxw8BmoS0,Found,08 May 2024,21:13,https://www.youtube.com/watch?v=VuGwUw3gyz8,
4062,Gokuldham Mein Hai Pooja | Taarak Mehta Ka Ooltah Chashmah | Full Episode 4062 | 18 April 2024,https://www.youtube.com/watch?v=pJPSKJu5QsQ,Found,09 May 2024,17:22,https://www.youtube.com/watch?v=H9jpaKwjHjk,https://www.youtube.com/watch?v=y8py6EuR-O8
4063,Bawri In Disguise | Taarak Mehta Ka Ooltah Chashmah | Full Episode 4063 | 19 April 2024,https://www.youtube.com/watch?v=Wu0n8X4GTp4,Found,10 May 2024,19:16,,https://www.youtube.com/watch?v=5Rd9bSj1TMQ
4064,The Plan To Catch Bawri | Taarak Mehta Ka Ooltah Chashmah | Full Episode 4064 | 20 April 2024,https://www.youtube.com/watch?v=nDFb0nMm5Eo,Found,11 May 2024,21:21,,https://www.youtube.com/watch?v=81VSMLJNfa0
4065,Bawri's New Attempt | Taarak Mehta Ka Ooltah Chashmah | Full Episode 4065 | 22 April 2024,https://www.youtube.com/watch?v=JNeOPpgVhME,Found,13 May 2024,21:08,,https://www.youtube.com/watch?v=4Vp_dX80NkQ
4066,Jethalal Gets Arrested | Taarak Mehta Ka Ooltah Chashmah | Full Episode 4066 | 23 April 2024,https://www.youtube.com/watch?v=wtk_wHBoLg0,Found,14 May 2024,19:45,,https://www.youtube.com/watch?v=NwGFId2qPvQ
4067,Permission Mil Gayi | Taarak Mehta Ka Ooltah Chashmah | Full Episode 4067 | 24 April 2024,https://www.youtube.com/watch?v=Ad0Ojd4nxME,Found,15 May 2024,19:15,,https://www.youtube.com/watch?v=VJbLVR6Q1Lg
4068,Husbands Ke Sath Shopping | Taarak Mehta Ka Ooltah Chashmah | Full Episode 4068 | 25 April 2024,https://www.youtube.com/watch?v=fp-fw57yp5U,Found,16 May 2024,20:10,https://www.youtube.com/watch?v=23J_pYzUnJE,https://www.youtube.com/watch?v=mcTt10PhehM
4069,Taarak Ko Chhutti Nahi Mil Rahi | Taarak Mehta Ka Ooltah Chashmah |Full Episode 4069 | 26 April 2024,https://www.youtube.com/watch?v=XKwUslgdCkE,Found,17 May 2024,19:32,,https://www.youtube.com/watch?v=2ghmDskEwJU
4070,Taarak's Shopping Trip | Taarak Mehta Ka Ooltah Chashmah | Full Episode 4070 | 27 April 2024,https://www.youtube.com/watch?v=vAAHurLu_Qk,Found,18 May 2024,16:44,,https://www.youtube.com/watch?v=MMV7Okaw64M
4071,Taarak's Boss In The Mall | Taarak Mehta Ka Ooltah Chashmah | Full Episode 4071 | 29 April 2024,https://www.youtube.com/watch?v=Qj_Xyhy5q9Y,Found,20 May 2024,19:18,,https://www.youtube.com/watch?v=Yzbc_xyHJiM
4072,Taarak Mall Mein Hai Ya Nahi? | Taarak Mehta Ka Ooltah Chashmah | Full Episode 4072 | 30 April 2024,https://www.youtube.com/watch?v=3r5Zy-Jdu-A,Found,21 May 2024,20:49,https://www.youtube.com/watch?v=Ke0TnmBHZgI,
4073,Taarak Ki Sundar Kavita | Taarak Mehta Ka Ooltah Chashmah | Full Episode 4073 | 1 May 2024,https://www.youtube.com/watch?v=IblfOIv3Qvw,Found,22 May 2024,20:07,https://www.youtube.com/watch?v=av_W8itz4Y8,https://www.youtube.com/watch?v=tv4a3bAgT14
4074,Jethalal's Political Stance | Taarak Mehta Ka Ooltah Chashmah | Full Episode 4074 | 2 May 2024,https://www.youtube.com/watch?v=hHM6rPpFZEA,Found,23 May 2024,20:27,,https://www.youtube.com/watch?v=PHI2gq3xlQQ
4075,Konsa Neta Better Hai? | Taarak Mehta Ka Ooltah Chashmah | Full Episode 4075 | 3 May 2024,https://www.youtube.com/watch?v=N-P-dlpdpdA,Found,24 May 2024,20:56,,https://www.youtube.com/watch?v=qFKZCieebKk
4076,Chunaav Ka Mahol | Taarak Mehta Ka Ooltah Chashmah | Full Episode 4076 | 4 May 2024,https://www.youtube.com/watch?v=r9SeGlnz3hc,Found,25 May 2024,18:02,,https://www.youtube.com/watch?v=U69YU308Yd4
4077,FULL EPISODE! 4077 - Kisne Pheka Bhide Ke Upar Pani! | Taarak Mehta Ka Ooltah Chashmah,https://www.youtube.com/watch?v=eYYvqsUj5mU,Found,08 Jul 2024,21:03,https://www.youtube.com/watch?v=iPifUHQnBbQ,
4078,Summer Solutions | Taarak Mehta Ka Ooltah Chashmah | Full Episode 4078 | 7 May 2024,https://www.youtube.com/watch?v=QpiuYQ9TrV4,Found,28 May 2024,19:10,https://www.youtube.com/watch?v=wqyOppGmdb8,https://www.youtube.com/watch?v=5HyvikdDT4c
4079,Zaruratmand Ki Madad | Taarak Mehta Ka Ooltah Chashmah | Full Episode 4079 | 8 May 2024,https://www.youtube.com/watch?v=r75PjRvgezo,Found,29 May 2024,21:05,https://www.youtube.com/watch?v=GeijcGNBPIw,https://www.youtube.com/watch?v=oVG753rKkNA
4080,Free Mein Buttermilk | Taarak Mehta Ka Ooltah Chashmah | Full Episode 4080 | 9 May 2024,https://www.youtube.com/watch?v=qc696XFSzbw,Found,30 May 2024,19:56,,https://www.youtube.com/watch?v=pAVD-bfwqLQ
4081,Bhide Is Worried For Tapu Sena | Taarak Mehta Ka Ooltah Chashmah | Full Episode 4081 | 10 May 2024,https://www.youtube.com/watch?v=FDCI0Hj8gMw,Found,31 May 2024,19:00,https://www.youtube.com/watch?v=hSkj41vtlN0,https://www.youtube.com/watch?v=JAfueIaa9VA
4082,FULL EPISODE! 4082 - Tapu Sena Ka Stall! | Taarak Mehta Ka Ooltah Chashmah,https://www.youtube.com/watch?v=mEaP50sQQbk,Found,13 Jul 2024,20:57,https://www.youtube.com/watch?v=ZuIvSd7NTMw,
4083,Purush Mandli Ko Karni Hai Madad | Taarak Mehta Ka Ooltah Chashmah | Full Episode 4083 | 13 May 2024,https://www.youtube.com/watch?v=mA7OLaLn3us,Found,03 Jun 2024,20:41,,https://www.youtube.com/watch?v=kcvRJOTHpRo
4084,Bina Mewa Kare Sabki Seva | Taarak Mehta Ka Ooltah Chashmah | Full Episode 4084 | 14 May 2024,https://www.youtube.com/watch?v=xZzWSwaelRc,Found,04 Jun 2024,19:48,https://www.youtube.com/watch?v=hBYblSzrhDc,https://www.youtube.com/watch?v=fApVhePsXMU
4085,Kurmura Kumar Ka Banner | Taarak Mehta Ka Ooltah Chashmah | Full Episode 4085 | 15 May 2024,https://www.youtube.com/watch?v=TKyq75aOo5I,Found,05 Jun 2024,20:33,,https://www.youtube.com/watch?v=8uVsXsSSPNU
4086,Banner Ki Tension | Taarak Mehta Ka Ooltah Chashmah | Full Episode 4086 | 16 May 2024,https://www.youtube.com/watch?v=Zunc2PLpPc4,Found,06 Jun 2024,20:58,,https://www.youtube.com/watch?v=wnhh9zyDixc
4087,Kurmura Kumar Ki Pyaar Wali Dhamki | Taarak Mehta Ka Ooltah Chashmah | Full Episode 4087 |17 May2024,https://www.youtube.com/watch?v=Ss6Ko7wEydI,Found,07 Jun 2024,18:41,https://www.youtube.com/watch?v=69mMeIR_YY8,https://www.youtube.com/watch?v=ZiKPBWZ7lv0
4088,Chana Kumar's Suggestion | Taarak Mehta Ka Ooltah Chashmah | Full Episode 4088 | 18 May 2024,https://www.youtube.com/watch?v=KDFzwudAKQI,Found,08 Jun 2024,20:26,https://www.youtube.com/watch?v=J5Jj6NEet-I,https://www.youtube.com/watch?v=9tFrVyqEW04
4089,Lemonade Vs Buttermilk | Taarak Mehta Ka Ooltah Chashmah | Full Episode 4089 | 20 May 2024,https://www.youtube.com/watch?v=oPissZlv4bE,Found,10 Jun 2024,20:59,https://www.youtube.com/watch?v=0NmH3liqLsc,https://www.youtube.com/watch?v=dkilbamjK0o
4090,FULL EPISODE! 4090 - Jethalal Ka Nimbu Pani Stall! | Taarak Mehta Ka Ooltah Chashmah,https://www.youtube.com/watch?v=BbGKxMDFFiA,Found,23 Jul 2024,20:52,https://www.youtube.com/watch?v=HEGnHJk0zi0,
4091,Gokuldham Ho Gaya Hai Divide | Taarak Mehta Ka Ooltah Chashmah | Full Episode 4091 | 22 May 2024,https://www.youtube.com/watch?v=IVTjzoZf_BA,Found,12 Jun 2024,19:49,,
4092,Dono Parties Mein Hua Jhagda | Taarak Mehta Ka Ooltah Chashmah | Full Episode 4092 | 23 May 2024,https://www.youtube.com/watch?v=TNoh0VM1rHY,Found,13 Jun 2024,20:19,https://www.youtube.com/watch?v=u1BdNObLhbk,https://www.youtube.com/watch?v=24Am31-NbcY
4093,FULL EPISODE! 4093 - Jethalal Hua Arrest! | Taarak Mehta Ka Ooltah Chashmah | तारक मेहता,https://www.youtube.com/watch?v=wftXXgT_c08,Found,26 Jul 2024,22:21,https://www.youtube.com/watch?v=qOZ41a7UysM,
4094,Chana Kumar Ke Supporters | Taarak Mehta Ka Ooltah Chashmah | Full Episode 4094 | 25 May 2024,https://www.youtube.com/watch?v=yDBpW8k-VwE,Found,15 Jun 2024,20:45,https://www.youtube.com/watch?v=b2NiNWt6A_k,https://www.youtube.com/watch?v=DfbT41-_7Uo
4095,Problems Se Kaise Bache? | Taarak Mehta Ka Ooltah Chashmah | Full Episode 4095 | 27 May 2024,https://www.youtube.com/watch?v=9Twe_MYIea0,Found,17 Jun 2024,20:52,https://www.youtube.com/watch?v=5LC4BTQjUGU,
4096,Mission Paar Paar | Taarak Mehta Ka Ooltah Chashmah | Full Episode 4096 | 28 May 2024,https://www.youtube.com/watch?v=J0Np-rlNyvE,Found,18 Jun 2024,20:22,https://www.youtube.com/watch?v=AiVJfSY4RRs,
4097,Gokuldham Vasiyon Ka Plan | Taarak Mehta Ka Ooltah Chashmah | Full Episode 4097 | 29 May 2024,https://www.youtube.com/watch?v=ykBIu9guPgY,Found,19 Jun 2024,20:24,https://www.youtube.com/watch?v=CCdXuWwQkyQ,
4098,Kumura Aur Chana Fass Gaye | Taarak Mehta Ka Ooltah Chashmah | Full Episode 4098 | 30 May 2024,https://www.youtube.com/watch?v=VwfGGiSoS1Y,Found,20 Jun 2024,19:08,https://www.youtube.com/watch?v=X4-vGSUE2Lc,https://www.youtube.com/watch?v=-a7a73-UiHs
4099,Jethalal Scolds Abdul | Taarak Mehta Ka Ooltah Chashmah | Full Episode 4099 | 31 May 2024,https://www.youtube.com/watch?v=Nlpre54SSLo,Found,19 Aug 2024,21:14,https://www.youtube.com/watch?v=a4S3-7ynO5Y,https://www.youtube.com/watch?v=9a0BhMG-fGM
4100,Abdul Ki Duty | Taarak Mehta Ka Ooltah Chashmah | Full Episode 4100 | 1 June 2024,https://www.youtube.com/watch?v=yItlNYAgTT4,Found,22 Jun 2024,19:32,https://www.youtube.com/watch?v=nEbsvbIwIbM,
4101,Cake Gir Gaya | Taarak Mehta Ka Ooltah Chashmah | Full Episode 4101 | 3 June 2024,https://www.youtube.com/watch?v=auSapA-9pjs,Found,24 Jun 2024,20:44,https://www.youtube.com/watch?v=hoIydoDOrMg,
4102,Abdul Ki Value Nahi Hai? | Taarak Mehta Ka Ooltah Chashmah | Full Episode 4102 | 4 June 2024,https://www.youtube.com/watch?v=kXyahWAZ7z4,Found,25 Jun 2024,19:58,https://www.youtube.com/watch?v=mvTWhRkHwBU,
4103,Abdul's Birthday | Taarak Mehta Ka Ooltah Chashmah | Full Episode 4103 | 5 June 2024,https://www.youtube.com/watch?v=y5IoUhf1lZ8,Found,26 Jun 2024,20:55,,
4104,The Forgotten Birthday | Taarak Mehta Ka Ooltah Chashmah | Full Episode 4104 | 6 June 2024,https://www.youtube.com/watch?v=XwpiEyCJV0s,Found,27 Jun 2024,20:11,https://www.youtube.com/watch?v=javwq704HLU,
4105,FULL EPISODE! 4105 - Gokuldhamvasiyo Ne Diya Abdul Ko Surprise! | Taarak Mehta Ka Ooltah Chashmah,https://www.youtube.com/watch?v=GoV1tr3wjEk,Found,09 Aug 2024,21:13,https://www.youtube.com/watch?v=45c0Wkg2lls,
4106,Bawri's Phone Call | Taarak Mehta Ka Ooltah Chashmah | Full Episode 4106 | 8 June 2024,https://www.youtube.com/watch?v=Nkvw0UTHwig,Found,29 Jun 2024,20:30,https://www.youtube.com/watch?v=_6qZmnnicUw,https://www.youtube.com/watch?v=UiffRIl5WeQ
4107,Bagha Needs A Holiday | Taarak Mehta Ka Ooltah Chashmah | Full Episode 4107 | 10 June 2024,https://www.youtube.com/watch?v=pq7DfXnmL7A,Found,01 Jul 2024,19:46,,https://www.youtube.com/watch?v=mqKvkpgJhUM
4108,Jetha's 18 Lakh Rupees Are Stuck | Taarak Mehta Ka Ooltah Chashmah |Full Episode 4108 | 11 June 2024,https://www.youtube.com/watch?v=cuzPHYKediQ,Found,02 Jul 2024,21:20,,https://www.youtube.com/watch?v=yeyvtHFMS_U
4109,Jetha Ko Aaya Daruwala Ka Call | Taarak Mehta Ka Ooltah Chashmah | Full Episode 4109 | 12 June 2024,https://www.youtube.com/watch?v=wJ_23xnArZw,Found,03 Jul 2024,19:40,,https://www.youtube.com/watch?v=-5Lk8djC8W0
4110,Jethalal Feels Anxious | Taarak Mehta Ka Ooltah Chashmah | Full Episode 4110 | 13 June 2024,https://www.youtube.com/watch?v=5YbBkMEHOKE,Found,04 Jul 2024,19:30,https://www.youtube.com/watch?v=DK97of2Ul_g,
4111,Bawri Misplaces Jetha’s Cheque | Taarak Mehta Ka Ooltah Chashmah | Full Episode 4111 | 14 June 2024,https://www.youtube.com/watch?v=BQG387iZgIg,Found,05 Jul 2024,19:17,https://www.youtube.com/watch?v=D-QkUHcNL3A,
4112,FULL EPISODE! 4112 - Kya Milega Cheque Ka Bag! | Taarak Mehta Ka Ooltah Chashmah | तारक मेहता,https://www.youtube.com/watch?v=Vnhq0BEuSS4,Found,17 Aug 2024,22:11,https://www.youtube.com/watch?v=qxGpUjLdEnY,
4113,Installments Pe Phone | Taarak Mehta Ka Ooltah Chashmah | Full Episode 4113 | 17 June 2024,https://www.youtube.com/watch?v=dkvGI1qU4uo,Found,08 Jul 2024,16:44,https://www.youtube.com/watch?v=LGeLcznqI70,https://www.youtube.com/watch?v=Lak_IcHMMQU
4114,FULL EPISODE! 4114 - Tapu Sena Ko Mila Invitation! | Taarak Mehta Ka Ooltah Chashmah | तारक मेहता,https://www.youtube.com/watch?v=V8EGmZLTyNM,Found,20 Aug 2024,22:13,https://www.youtube.com/watch?v=rHsRfAXzwlc,
4115,Tapu Sena Leaves For Pune | Taarak Mehta Ka Ooltah Chashmah | Full Episode 4115 | 19 June 2024,https://www.youtube.com/watch?v=IqflI4R6HIk,Found,10 Jul 2024,21:13,https://www.youtube.com/watch?v=XxBW4Cajxtk,https://www.youtube.com/watch?v=_OgfVBicgck
4116,Sakharam Ki Chori | Taarak Mehta Ka Ooltah Chashmah | Full Episode 4116 | 20 June 2024,https://www.youtube.com/watch?v=lenHjhN-P3I,Found,11 Jul 2024,21:07,https://www.youtube.com/watch?v=P5Kw_0DHsYM,https://www.youtube.com/watch?v=Kcp4F0qk4eA
4117,Pareshaan Popatlal | Taarak Mehta Ka Ooltah Chashmah | Full Episode 4117 | 21 June 2024,https://www.youtube.com/watch?v=GF6Vr_T9cC4,Found,19 Aug 2024,20:53,,https://www.youtube.com/watch?v=9PZ-B_wTIkc
4118,Champaklal Ko Pakda Police Ne | Taarak Mehta Ka Ooltah Chashmah | Full Episode 4118 | 22 June 2024,https://www.youtube.com/watch?v=54UAWjyaI6E,Found,13 Jul 2024,20:33,,https://www.youtube.com/watch?v=bWfux2M8dBE
4119,Popatlal Kaha Hai? | Taarak Mehta Ka Ooltah Chashmah | Full Episode 4119 | 24 June 2024,https://www.youtube.com/watch?v=wtMgY61Vw3o,Found,15 Jul 2024,21:09,https://www.youtube.com/watch?v=FNDI1X8M6I0,https://www.youtube.com/watch?v=tcT93djGa0Y
4120,On Popatlal's Trail | Taarak Mehta Ka Ooltah Chashmah | Full Episode 4120 | 25 June 2024,https://www.youtube.com/watch?v=iion0SeiBFc,Found,16 Jul 2024,19:30,https://www.youtube.com/watch?v=TMoC4UFxy_M,https://www.youtube.com/watch?v=5Vwbp6YrgTs
4121,Musibat Ki Jad - Popatlal | Taarak Mehta Ka Ooltah Chashmah | Full Episode 4121 | 26 June 2024,https://www.youtube.com/watch?v=UbzC_HBpIWA,Found,17 Jul 2024,21:39,,https://www.youtube.com/watch?v=iOQBxWrt1Wo
4122,Tension Mein Popatlal | Taarak Mehta Ka Ooltah Chashmah | Full Episode 4122 | 27 June 2024,https://www.youtube.com/watch?v=y9xOrm-PLCI,Found,18 Jul 2024,20:41,https://www.youtube.com/watch?v=NadM3_XmsNE,https://www.youtube.com/watch?v=ZWZv5U7d6ck
4123,Ek Aur Rishta For Popatlal | Taarak Mehta Ka Ooltah Chashmah | Full Episode 4123 | 28 June 2024,https://www.youtube.com/watch?v=g8TV7eJto7M,Found,19 Jul 2024,19:59,https://www.youtube.com/watch?v=Wp06PAZmPhE,
4124,Popatlal Ki Kundli | Taarak Mehta Ka Ooltah Chashmah | Full Episode 4124 | 29 June 2024,https://www.youtube.com/watch?v=w5jmhwYYhPs,Found,20 Jul 2024,18:01,https://www.youtube.com/watch?v=aP6dbmzbexk,
4125,Big Day For Popatlal | Taarak Mehta Ka Ooltah Chashmah | Full Episode 4125 | 1 July 2024,https://www.youtube.com/watch?v=isiBNzp4bAk,Found,22 Jul 2024,21:02,,https://www.youtube.com/watch?v=8mRkHQIQUrY
4126,Popatlal Ki Kismat | Taarak Mehta Ka Ooltah Chashmah | Full Episode 4126 | 2 July 2024,https://www.youtube.com/watch?v=BVSD4wkazMc,Found,02 Aug 2024,19:32,https://www.youtube.com/watch?v=MfwOYOzM6r4,https://www.youtube.com/watch?v=doThLK8w5EI
4127,Ladki Ka Decision | Taarak Mehta Ka Ooltah Chashmah | Full Episode 4127 | 3 July 2024,https://www.youtube.com/watch?v=pTWvkjqpims,Found,03 Aug 2024,19:25,,
4128,Last Chance For Popatlal | Taarak Mehta Ka Ooltah Chashmah | Full Episode 4128 | 4 July 2024,https://www.youtube.com/watch?v=pQIPKr079YU,Found,04 Aug 2024,19:08,https://www.youtube.com/watch?v=EC7MwQ4x2Y4,
4129,Popatlal Goes On A Date | Taarak Mehta Ka Ooltah Chashmah | Full Episode 4129 | 5 July 2024,https://www.youtube.com/watch?v=TfSnb0JQ-fY,Found,05 Aug 2024,20:23,https://www.youtube.com/watch?v=doAx4mkgVp0,
4130,Popatlal Ko Kaise Sambhale? | Taarak Mehta Ka Ooltah Chashmah | Full Episode 4130 | 6 July 2024,https://www.youtube.com/watch?v=7aYigg2Kp-8,Found,06 Aug 2024,20:31,,
4131,Popatlal Ki Sagaai | Taarak Mehta Ka Ooltah Chashmah | Full Episode 4131 | 8 July 2024,https://www.youtube.com/watch?v=bz3fDhMxltQ,Found,08 Aug 2024,19:44,,
4132,Engagement Ki Taiyyari | Taarak Mehta Ka Ooltah Chashmah | Full Episode 4132 | 9 July 2024,https://www.youtube.com/watch?v=Vb3K65na1kM,Found,09 Aug 2024,20:32,https://www.youtube.com/watch?v=g1nmBVWh0AY,
4133,Popatlal Gets Anxious | Taarak Mehta Ka Ooltah Chashmah | Full Episode 4133 | 10 July 2024,https://www.youtube.com/watch?v=p39DJ2nWJeA,Found,10 Aug 2024,20:31,https://www.youtube.com/watch?v=Gyqtw5FiSDQ,https://www.youtube.com/watch?v=g_cuesUAUVA
4134,Popatlal's Engagement Day | Taarak Mehta Ka Ooltah Chashmah | Full Episode 4134 | 11 July 2024,https://www.youtube.com/watch?v=4dMI46nx5x8,Found,11 Aug 2024,18:34,https://www.youtube.com/watch?v=_c28hLBl-bE,https://www.youtube.com/watch?v=C4PErVktL2U
4135,Kya Hua Popatlal Ke Engagement Me?| Taarak Mehta Ka Ooltah Chashmah| Full Episode 4135 |12 July 2024,https://www.youtube.com/watch?v=egRq6Y27MyY,Found,12 Aug 2024,21:20,https://www.youtube.com/watch?v=QdezKpQDVQ8,
4136,Popatlal Gayab Hain | Taarak Mehta Ka Ooltah Chashmah | Full Episode 4136 |13 July 2024,https://www.youtube.com/watch?v=dNKt6iVNh2g,Found,13 Aug 2024,21:20,https://www.youtube.com/watch?v=YHB5ClfTG7E,
4137,Popatlal Ki Sagaai Tooti | Taarak Mehta Ka Ooltah Chashmah | Full Episode 4137 | 15 July 2024,https://www.youtube.com/watch?v=RhWxNZCuMaY,Found,15 Aug 2024,20:23,https://www.youtube.com/watch?v=umyTXOqGFAI,
4138,Celebrating Tapu Sena | Taarak Mehta Ka Ooltah Chashmah | Full Episode 4138 | 16 July 2024,https://www.youtube.com/watch?v=41RD3nF2lsM,Found,16 Aug 2024,19:47,https://www.youtube.com/watch?v=olvrjkyIf_g,https://www.youtube.com/watch?v=aamolpG6EuQ
4139,FULL EPISODE! 4139 -  Mahila Mandal Ki Kitty Party!| Taarak Mehta Ka Ooltah Chashmah,https://www.youtube.com/watch?v=rxhbCOq-wC8,Found,16 Sep 2024,21:39,,https://www.youtube.com/watch?v=--UuZ4qHFd0
4140,FULL EPISODE! 4140 - Mahila Mandal Ka New Hair Cut!| Taarak Mehta Ka Ooltah Chashmah | तारक मेहता,https://www.youtube.com/watch?v=SImnP047N8E,Found,16 Sep 2024,21:50,,https://www.youtube.com/watch?v=EwcWEOhmIz8
4141,Surprise For Bhide | Taarak Mehta Ka Ooltah Chashmah| Full Episode 4141 | 19 July 2024,https://www.youtube.com/watch?v=tWoVWLY_ACA,Found,19 Aug 2024,19:45,,https://www.youtube.com/watch?v=oMKn1mQbZes
4142,Jethalal Ka Meetha Sapna | Taarak Mehta Ka Ooltah Chashmah | Full Episode 4142 | 20 July 2024,https://www.youtube.com/watch?v=uFKZBqKB7IY,Found,19 Aug 2025,20:06,https://www.youtube.com/watch?v=1uyHU0L1q-A,https://www.youtube.com/watch?v=38NigAfffV4
4143,Breakfast For Gokuldham | Taarak Mehta Ka Ooltah Chashmah| Full Episode 4143 | 22 July 2024,https://www.youtube.com/watch?v=lZTs66k-g9Q,Found,22 Aug 2024,20:46,,https://www.youtube.com/watch?v=-j1aArpvUM0
4144,Banarasi Breakfast | Taarak Mehta Ka Ooltah Chashmah | Full Episode 4144 | 23 July 2024,https://www.youtube.com/watch?v=h3wnff-zHrs,Found,23 Aug 2024,20:31,https://www.youtube.com/watch?v=gXuhtT653uo,https://www.youtube.com/watch?v=6Eeel3yIB08
4145,Bhide Looks For Popatlal | Taarak Mehta Ka Ooltah Chashmah| Full Episode 4145 | 24 July 2024,https://www.youtube.com/watch?v=GlYdlFqf2VE,Found,24 Aug 2024,21:36,https://www.youtube.com/watch?v=J4tcYPtpwvQ,https://www.youtube.com/watch?v=Gm0wxggK2ng
4146,Goli Kaha Hai? | Taarak Mehta Ka Ooltah Chashmah | Full Episode 4146 | 25 July 2024,https://www.youtube.com/watch?v=6NhNgnzw6ZQ,Found,25 Aug 2024,21:23,https://www.youtube.com/watch?v=hVaWeY_hd40,https://www.youtube.com/watch?v=v_rZbJtxLPo
4147,Goli And Sakharam Return | Taarak Mehta Ka Ooltah Chashmah| Full Episode 4147 | 26 July 2024,https://www.youtube.com/watch?v=G_GWzkNCOVk,Found,26 Aug 2024,20:22,https://www.youtube.com/watch?v=X47xpnsnivQ,https://www.youtube.com/watch?v=-wk5ceYHJZI
4148,A Successful Breakfast | Taarak Mehta Ka Ooltah Chashmah | Full Episode 4148 | 27 July 2024,https://www.youtube.com/watch?v=T09b-y68cK0,Found,27 Aug 2024,20:51,,https://www.youtube.com/watch?v=luTFvonAxdU
4149,FULL EPISODE! 4149 - Celebrating 16 Years of TMKOC!| Taarak Mehta Ka Ooltah Chashmah,https://www.youtube.com/watch?v=U3OwrhQAVWc,Found,19 Aug 2025,20:51,https://www.youtube.com/watch?v=1-CgcN8gph0,
4150,Bhide Ne Rakhi Shart | Taarak Mehta Ka Ooltah Chashmah| Full Episode 4150 | 30 July 2024,https://www.youtube.com/watch?v=xY13HtkRBk8,Found,30 Aug 2024,20:19,https://www.youtube.com/watch?v=HYcpVjrm3js,
4151,Penalty Shoot Out | Taarak Mehta Ka Ooltah Chashmah| Full Episode 4151 | 31 July 2024,https://www.youtube.com/watch?v=xFuzt8vdj18,Found,31 Aug 2024,20:43,,
4152,Roshan Ki Maangein | Taarak Mehta Ka Ooltah Chashmah | Full Episode 4152 | 1 Aug 2024,https://www.youtube.com/watch?v=ANT_HNmTBtc,Found,01 Sep 2024,19:53,,
4153,Jethalal's Business Trip | Taarak Mehta Ka Ooltah Chashmah | Full Episode 4153 | 2 Aug 2024,https://www.youtube.com/watch?v=EENc5fZn72Q,Found,02 Sep 2024,21:11,,https://www.youtube.com/watch?v=tI-F22bvt1Q
4154,Early Morning Flight | Taarak Mehta Ka Ooltah Chashmah | Full Episode 4154 | 3 Aug 2024,https://www.youtube.com/watch?v=YSCYt0CbAq8,Found,03 Sep 2024,18:19,https://www.youtube.com/watch?v=dqI4PkIcWrc,https://www.youtube.com/watch?v=o0CYgRMAQC8
4155,Jethalal Needs A Ride | Taarak Mehta Ka Ooltah Chashmah | Full Episode 4155 | 5 Aug 2024,https://www.youtube.com/watch?v=-VTB7BKnUl8,Found,05 Sep 2024,20:02,,
4156,Jethalal Misses His Flight | Taarak Mehta Ka Ooltah Chashmah | Full Episode 4156 | 6 Aug 2024,https://www.youtube.com/watch?v=SJg8RmrJIYY,Found,06 Sep 2024,20:36,https://www.youtube.com/watch?v=VhC_lEYxPfo,
4157,FULL EPISODE! 4157 -Jethalal Ka Hua Popat!| Taarak Mehta Ka Ooltah Chashmah | तारक मेहता,https://www.youtube.com/watch?v=JMaY60JxoFE,Found,26 Sep 2024,21:53,https://www.youtube.com/watch?v=F_0IwaygMlc,
4158,Finding A Dinner Spot | Taarak Mehta Ka Ooltah Chashmah | Full Episode 4158 | 8 Aug 2024,https://www.youtube.com/watch?v=jwzA0XPAlII,Found,08 Sep 2024,20:19,https://www.youtube.com/watch?v=zu13BGvYRCA,https://www.youtube.com/watch?v=IDIkYGTEXLw
4159,FULL EPISODE! 4159 -Jal hi Jeevan hai! | Taarak Mehta Ka Ooltah Chashmah | तारक मेहता का उल्टा चश्मा,https://www.youtube.com/watch?v=WzKCN-rD03E,Found,19 Aug 2025,22:20,https://www.youtube.com/watch?v=0N-KQVzwv0Y,https://www.youtube.com/watch?v=IwWcYuGrR8I
4160,Ziddi Nalka | Taarak Mehta Ka Ooltah Chashmah | Full Episode 4160 | 10 Aug 2024,https://www.youtube.com/watch?v=YdbDROIDSw4,Found,10 Sep 2024,19:50,,https://www.youtube.com/watch?v=VbBgPI1UI6g
4161,Tala Nahi Todne Denge | Taarak Mehta Ka Ooltah Chashmah | Full Episode 4161 | 12 Aug 2024,https://www.youtube.com/watch?v=do5rABZfCEI,Found,12 Sep 2024,20:44,https://www.youtube.com/watch?v=6t_yzeYh2Kc,
4162,Chaabi Kaha Hai? | Taarak Mehta Ka Ooltah Chashmah | Full Episode 4162 | 13 Aug 2024,https://www.youtube.com/watch?v=83b3yfvYG_U,Found,13 Sep 2024,19:47,https://www.youtube.com/watch?v=qLa6-nA2dTY,https://www.youtube.com/watch?v=xZ09J0xmVtQ
4163,Chaabi Wale Ko Bulao | Taarak Mehta Ka Ooltah Chashmah | Full Episode 4163 | 14 Aug 2024,https://www.youtube.com/watch?v=l7pJKBmiEBk,Found,14 Sep 2024,21:30,https://www.youtube.com/watch?v=-srKbTSqQXQ,https://www.youtube.com/watch?v=3iiQBL2lD14
4164,Bholaram's Anniversary | Taarak Mehta Ka Ooltah Chashmah | Full Episode 4164 | 15 Aug 2024,https://www.youtube.com/watch?v=juV-rYBx2ls,Found,15 Sep 2024,19:53,https://www.youtube.com/watch?v=gixKjNggHn0,https://www.youtube.com/watch?v=JnrE0bJueus
4165,Ravivaar Ka Plan | Taarak Mehta Ka Ooltah Chashmah | Full Episode 4165 | 16 Aug 2024,https://www.youtube.com/watch?v=WkGT4oBjugs,Found,16 Sep 2024,20:12,,https://www.youtube.com/watch?v=iU8fCwuVuG8
4166,Abdul Kaha Hain? | Taarak Mehta Ka Ooltah Chashmah | Full Episode 4166 | 17 Aug 2024,https://www.youtube.com/watch?v=fNJCTHYP5Do,Found,17 Sep 2024,20:07,https://www.youtube.com/watch?v=JVYQsJCFlQ4,https://www.youtube.com/watch?v=aTXNwZ9xrGA
4167,Paani Khatam | Taarak Mehta Ka Ooltah Chashmah | Full Episode 4167 | 19 Aug 2024,https://www.youtube.com/watch?v=maPubReDe_8,Found,19 Sep 2024,18:57,https://www.youtube.com/watch?v=_C5N1KbdjnE,
4168,The Search Of Abdul | Taarak Mehta Ka Ooltah Chashmah | Full Episode 4168 | 20 Aug 2024,https://www.youtube.com/watch?v=tMIute4JKbg,Found,20 Sep 2024,20:16,,
4169,Abdul Ki Udhaari | Taarak Mehta Ka Ooltah Chashmah | Full Episode 4169 | 21 Aug 2024,https://www.youtube.com/watch?v=CS5qiZ_w2VA,Found,21 Sep 2024,20:24,https://www.youtube.com/watch?v=ggsLuoqRdB0,https://www.youtube.com/watch?v=T9nEOpK-CGE
4170,Abdul Ki Waapsi | Taarak Mehta Ka Ooltah Chashmah | Full Episode 4170 | 22 Aug 2024,https://www.youtube.com/watch?v=PnxswnGlgvE,Found,22 Sep 2024,18:49,,https://www.youtube.com/watch?v=t94sxex88bQ
4171,Abdul Ki Majboori | Taarak Mehta Ka Ooltah Chashmah | Full Episode 4171 | 23 Aug 2024,https://www.youtube.com/watch?v=BNUwyHJ4_70,Found,23 Sep 2024,21:38,https://www.youtube.com/watch?v=HNcNGV4Owbo,https://www.youtube.com/watch?v=t_WZPqQycj8
4172,FULL EPISODE! 4172 -Soda Shop me Kyu Chupi Purush Mandli! | Taarak Mehta Ka Ooltah Chashmah,https://www.youtube.com/watch?v=Y2GPghhhtqY,Found,04 Oct 2024,22:16,https://www.youtube.com/watch?v=nGCBpOJuAXY,https://www.youtube.com/watch?v=MrbJPnqpjKE
4173,Abdul Ke Dukaan Pe Sale | Taarak Mehta Ka Ooltah Chashmah | Full Episode 4173 | 26 Aug 2024,https://www.youtube.com/watch?v=VzJ5juvk17c,Found,26 Sep 2024,19:36,https://www.youtube.com/watch?v=Jieunje2ZQ8,https://www.youtube.com/watch?v=lJ9MYR7PUQ4
4174,Nattu Kaka's Urgency | Taarak Mehta Ka Ooltah Chashmah | Full Episode 4174 | 27 Aug 2024,https://www.youtube.com/watch?v=0AEeVKx4aOw,Found,27 Sep 2024,20:18,https://www.youtube.com/watch?v=gX0x-vBYIGI,https://www.youtube.com/watch?v=3S_hzwaOUBs
4175,Tapu Sena Investigates | Taarak Mehta Ka Ooltah Chashmah | Full Episode 4175 | 28 Aug 2024,https://www.youtube.com/watch?v=ZrDbfKfmUCM,Found,28 Sep 2024,21:25,,https://www.youtube.com/watch?v=WLR--S7sTxk
4176,Spying On Abdul | Taarak Mehta Ka Ooltah Chashmah | Full Episode 4176 | 29 Aug 2024,https://www.youtube.com/watch?v=geaOOwrovX4,Found,29 Sep 2024,20:31,https://www.youtube.com/watch?v=T-9bZvaMgzs,https://www.youtube.com/watch?v=5N3VX44Wdr0
4177,Abdul Ki Dukaan | Taarak Mehta Ka Ooltah Chashmah | Full Episode 4177 | 30 Aug 2024,https://www.youtube.com/watch?v=LuuPt03pDYs,Found,30 Sep 2024,21:47,,
4178,FULL EPISODE! 4178 -Soda Shop Kharidne ko Tayar Hua Jethalal! | Taarak Mehta Ka Ooltah Chashmah,https://www.youtube.com/watch?v=9Ue0Mg22EjQ,Found,08 Oct 2024,22:09,https://www.youtube.com/watch?v=4bfkz8sXZ98,
4179,FULL EPISODE! 4179 -Kya Tapu Sena Tod Payegi Handi! | Taarak Mehta Ka Ooltah Chashmah,https://www.youtube.com/watch?v=20fT-5Tl-9s,Found,09 Oct 2024,21:48,https://www.youtube.com/watch?v=MmsjTI8LkGc,
4180,All Eyes On The Matki | Taarak Mehta Ka Ooltah Chashmah | Full Episode 4180 | 3 Sep 2024,https://www.youtube.com/watch?v=dC8HrbMpBo4,Found,04 Oct 2024,19:36,https://www.youtube.com/watch?v=CgTYQCsWv3U,
4181,Tapu Sena Find A Loophole | Taarak Mehta Ka Ooltah Chashmah | Full Episode 4181 | 4 Sep 2024,https://www.youtube.com/watch?v=eRAZddDwL7M,Found,05 Oct 2024,19:23,https://www.youtube.com/watch?v=GuZbgVzHWUE,
4182,FULL EPISODE! 4182 -Tapu Sena Ka hua Apman! | Taarak Mehta Ka Ooltah Chashmah,https://www.youtube.com/watch?v=JZ9W0Ot5PTs,Found,10 Oct 2024,21:39,https://www.youtube.com/watch?v=3ak5CRZlU7Y,
4183,FULL EPISODE! 4183 -Bal Gopal Gokuldham Group! | Taarak Mehta Ka Ooltah Chashmah,https://www.youtube.com/watch?v=T-BfXutzPKA,Found,11 Oct 2024,21:27,https://www.youtube.com/watch?v=iCUBpUGb9o0,https://www.youtube.com/watch?v=fE7MCTOizG4
4184,Abdul Ki Kahaani | Taarak Mehta Ka Ooltah Chashmah | Full Episode 4184 | 7 Sep 2024,https://www.youtube.com/watch?v=9C5LX0JsjCQ,Found,08 Oct 2024,20:18,https://www.youtube.com/watch?v=z_U5Z32amGY,
4185,Too Many Customers | Taarak Mehta Ka Ooltah Chashmah | Full Episode 4185 | 9 Sep 2024,https://www.youtube.com/watch?v=Gg8k_w4K2Ys,Found,09 Oct 2024,20:33,https://www.youtube.com/watch?v=X7iXPfUIsHY,https://www.youtube.com/watch?v=Jze26cLtSOg
4186,Ganpati Decorations | Taarak Mehta Ka Ooltah Chashmah | Full Episode 4186 | 10 Sep 2024,https://www.youtube.com/watch?v=UPNDczEn8k4,Found,11 Oct 2024,21:12,https://www.youtube.com/watch?v=biHZXoPf-Nc,https://www.youtube.com/watch?v=TIJ1XSvRPtE
4187,Mahila Mandal's Planning | Taarak Mehta Ka Ooltah Chashmah | Full Episode 4187 | 11 Sep 2024,https://www.youtube.com/watch?v=Qq7CuHQ4k5A,Found,12 Oct 2024,20:03,https://www.youtube.com/watch?v=T0MyzOw-TTU,
4188,Decoration Ka Theme Kya Hai? | Taarak Mehta Ka Ooltah Chashmah | Full Episode 4188 | 12 Sep 2024,https://www.youtube.com/watch?v=9X6CXHqpyhg,Found,13 Oct 2024,16:28,https://www.youtube.com/watch?v=gtmYXuw7uiI,
4189,Decoration Ka Suspense | Taarak Mehta Ka Ooltah Chashmah | Full Episode 4189 | 13 Sep 2024,https://www.youtube.com/watch?v=oLRoXZpmmsM,Found,14 Oct 2024,20:19,https://www.youtube.com/watch?v=YlkRtjU8xAY,https://www.youtube.com/watch?v=aHWpW2RBwLA
4190,FULL EPISODE! 4190 -Gokuldham me Aaye Mehman! | Taarak Mehta Ka Ooltah Chashmah | तारक मेहता,https://www.youtube.com/watch?v=7QIgWdHILAQ,Found,15 Oct 2024,21:52,https://www.youtube.com/watch?v=ATllc3FpkLM,
4191,Bappa Ke Darshan | Taarak Mehta Ka Ooltah Chashmah | Full Episode 4191 | 16 Sep 2024,https://www.youtube.com/watch?v=9Qo7fA1tzTk,Found,17 Oct 2024,20:13,https://www.youtube.com/watch?v=eCWIwVDx9ko,
4192,Devotion Towards Bappa | Taarak Mehta Ka Ooltah Chashmah | Full Episode 4192 | 17 Sep 2024,https://www.youtube.com/watch?v=qSr-GE1cuuc,Found,18 Oct 2024,19:07,https://www.youtube.com/watch?v=Lgt_-8S3XuU,
4193,21 Lakh Ka Cheque | Taarak Mehta Ka Ooltah Chashmah | Full Episode 4193 | 18 Sep 2024,https://www.youtube.com/watch?v=iN3syIpEEyg,Found,19 Oct 2024,20:26,,
4194,Cheque Ka Kya Karein? | Taarak Mehta Ka Ooltah Chashmah | Full Episode 4194 | 19 Sep 2024,https://www.youtube.com/watch?v=LSwDRZWtGQU,Found,20 Oct 2024,21:14,https://www.youtube.com/watch?v=yd5Lwh1Dik0,https://www.youtube.com/watch?v=4LNOJ3oShtE
4195,Bank Manager Se Mulaqat | Taarak Mehta Ka Ooltah Chashmah | Full Episode 4195 | 20 Sep 2024,https://www.youtube.com/watch?v=8RrEbUmncf0,Found,21 Oct 2024,21:37,,https://www.youtube.com/watch?v=YecZdL9mgZg
4196,Ganpati Celebrations Ka Cheque | Taarak Mehta Ka Ooltah Chashmah | Full Episode 4196 | 21 Sep 2024,https://www.youtube.com/watch?v=ipBAYzfSPyA,Found,22 Oct 2024,18:23,https://www.youtube.com/watch?v=GqT8xkCVr9U,
4197,Zaroorat Mand Bacche | Taarak Mehta Ka Ooltah Chashmah | Full Episode 4197 | 23 Sep 2024,https://www.youtube.com/watch?v=GwdOYEvhNxI,Found,24 Oct 2024,19:24,https://www.youtube.com/watch?v=vPxbeoeuGwE,https://www.youtube.com/watch?v=e5PGKNJbcfg
4198,Young Minds Unite | Taarak Mehta Ka Ooltah Chashmah | Full Episode 4198 | 24 Sep 2024,https://www.youtube.com/watch?v=54c9hZI5-is,Found,25 Oct 2024,20:24,,
4199,Vicky Ki Saajish | Taarak Mehta Ka Ooltah Chashmah | Full Episode 4199 | 25 Sep 2024,https://www.youtube.com/watch?v=fZDZJ8p9XRM,Found,26 Oct 2024,19:46,https://www.youtube.com/watch?v=FumuQiOUZR4,
4200,A Big Shock For Gokuldham | Taarak Mehta Ka Ooltah Chashmah | Full Episode 4200 | 26 Sep 2024,https://www.youtube.com/watch?v=2UX_K8WFRRA,Found,27 Oct 2024,20:50,,
4201,Vicky Ki Marzi | Taarak Mehta Ka Ooltah Chashmah | Full Episode 4201 | 27 Sep 2024,https://www.youtube.com/watch?v=FuiUGUnb1J0,Found,28 Oct 2024,20:08,https://www.youtube.com/watch?v=XQmXq3CA5VI,https://www.youtube.com/watch?v=a_Wic9qtXWQ
4202,FULL EPISODE! 4202 -Gokuldhamvasiyo ko Sata Raha hai Dar!| Taarak Mehta Ka Ooltah Chashmah,https://www.youtube.com/watch?v=5E88HMwyZaU,Found,22 Oct 2024,20:07,https://www.youtube.com/watch?v=PSXZG09aeuE,https://www.youtube.com/watch?v=mfnlme_DvzY
4203,FULL EPISODE! 4203 -Bhide ko Aaya Bura Sapna!| Taarak Mehta Ka Ooltah Chashmah | तारक मेहता,https://www.youtube.com/watch?v=GzBLItruOmg,Found,23 Oct 2024,21:51,https://www.youtube.com/watch?v=GKWAtYlAa6E,
4204,Paiso Ka Bandobast | Taarak Mehta Ka Ooltah Chashmah | Full Episode 4204 | 1 Oct 2024,https://www.youtube.com/watch?v=ZeyZ7A34HRY,Found,01 Nov 2024,18:46,https://www.youtube.com/watch?v=DLEpvZ8IBLE,
4205,Mahalaya Amavasya | Taarak Mehta Ka Ooltah Chashmah | Full Episode 4205 | 2 Oct 2024,https://www.youtube.com/watch?v=_lFotJ2Lrnw,Found,02 Nov 2024,20:40,https://www.youtube.com/watch?v=KZhsGm0w6vE,
4206,Discount Dilemma | Taarak Mehta Ka Ooltah Chashmah | Full Episode 4206 | 3 Oct 2024,https://www.youtube.com/watch?v=m0M7RBMXzf8,Found,03 Nov 2024,21:01,,https://www.youtube.com/watch?v=ykEvpY6s_f0
4207,Gada Electronics Ki Nayi Scheme | Taarak Mehta Ka Ooltah Chashmah | Full Episode 4207 | 4 Oct 2024,https://www.youtube.com/watch?v=CUC30GNkCn4,Found,04 Nov 2024,20:50,https://www.youtube.com/watch?v=rNXjbzL03aQ,
4208,FULL EPISODE! 4208 -Jethalal ko Laga Shock!| Taarak Mehta Ka Ooltah Chashmah,https://www.youtube.com/watch?v=I4LnffpzLKs,Found,29 Oct 2024,21:52,https://www.youtube.com/watch?v=mYbjkYTqtGQ,https://www.youtube.com/watch?v=f16KDi2QIg0
4209,FULL EPISODE! 4209 - Akhir Kya Hai Tapu Ka Surprise! | Taarak Mehta Ka Ooltah Chashmah,https://www.youtube.com/watch?v=1YkNgW2Xz6M,Found,30 Oct 2024,21:27,https://www.youtube.com/watch?v=RElbEq4o_CQ,
4210,Bhide Falls Sick | Taarak Mehta Ka Ooltah Chashmah | Full Episode 4210 | 8 Oct 2024,https://www.youtube.com/watch?v=_YDnoHBO8Wk,Found,08 Nov 2024,21:11,https://www.youtube.com/watch?v=19DQRmJdTjY,https://www.youtube.com/watch?v=H1xGrQMaTLA
4211,Navratri Decorations | Taarak Mehta Ka Ooltah Chashmah | Full Episode 4211 | 9 Oct 2024,https://www.youtube.com/watch?v=U1iYZi6lYH8,Found,09 Nov 2024,21:14,https://www.youtube.com/watch?v=JqTOy15va5A,https://www.youtube.com/watch?v=eGtv2IYi1TM
4212,Confronting Danav | Taarak Mehta Ka Ooltah Chashmah | Full Episode 4212 | 10 Oct 2024,https://www.youtube.com/watch?v=JWayEAq21Ew,Found,10 Nov 2024,19:34,https://www.youtube.com/watch?v=kW1jArGJmNY,https://www.youtube.com/watch?v=6jNuXJBEkMA
4213,An Urgent Meeting | Taarak Mehta Ka Ooltah Chashmah | Full Episode 4213 | 11 Oct 2024,https://www.youtube.com/watch?v=DnmcpzKhvO4,Found,11 Nov 2024,20:40,,https://www.youtube.com/watch?v=rr4kos90iVM
4214,Dushman Ka Dushman Dost Hota Hain| Taarak Mehta Ka Ooltah Chashmah | Full Episode 4214 | 12 Oct 2024,https://www.youtube.com/watch?v=gq4pZ855BQA,Found,12 Nov 2024,21:10,https://www.youtube.com/watch?v=Xapwwmk-Jkg,https://www.youtube.com/watch?v=Wbk3YPEr65Y
4215,Danav Ki Complaint | Taarak Mehta Ka Ooltah Chashmah | Full Episode 4215 | 14 Oct 2024,https://www.youtube.com/watch?v=I6g0NKYHsgs,Found,14 Nov 2024,21:39,,https://www.youtube.com/watch?v=iZHiOSJekiE
4216,Danav Ki Dhamki | Taarak Mehta Ka Ooltah Chashmah | Full Episode 4216 | 15 Oct 2024,https://www.youtube.com/watch?v=m-E4EL5lqys,Found,15 Nov 2024,21:28,https://www.youtube.com/watch?v=EfzuNgF1QHk,https://www.youtube.com/watch?v=3Baq0P0K-Do
4217,Danav's Revenge | Taarak Mehta Ka Ooltah Chashmah | Full Episode 4217 | 16 Oct 2024,https://www.youtube.com/watch?v=6xVH7tRPdo4,Found,16 Nov 2024,17:04,https://www.youtube.com/watch?v=_MdEnMJKajc,https://www.youtube.com/watch?v=MDb3kzRPSWc
4218,Saving Danav's Life | Taarak Mehta Ka Ooltah Chashmah | Full Episode 4218 | 17 Oct 2024,https://www.youtube.com/watch?v=d2U26PY73Zs,Found,17 Nov 2024,20:29,https://www.youtube.com/watch?v=yjn_GUTLgpA,https://www.youtube.com/watch?v=78WZSYAlEFA
4219,FULL EPISODE! 4219 - Danav Dahan in Gokuldham! | Taarak Mehta Ka Ooltah Chashmah | तारक मेहता,https://www.youtube.com/watch?v=g2ik1HkaAMU,Found,11 Nov 2024,21:42,https://www.youtube.com/watch?v=bVebDPA11DY,https://www.youtube.com/watch?v=osTPY9R_ROY
4220,FULL EPISODE! 4220 - Taarak ka Lonavala Trip! | Taarak Mehta Ka Ooltah Chashmah | तारक मेहता,https://www.youtube.com/watch?v=GycaRV8yTq0,Found,12 Nov 2024,22:23,https://www.youtube.com/watch?v=kUWwNJIqxoU,https://www.youtube.com/watch?v=1gJnD0b2sSc
4221,Taarak's Day Off | Taarak Mehta Ka Ooltah Chashmah | Full Episode 4221 | 21 Oct 2024,https://www.youtube.com/watch?v=u35xMAPPpWc,Found,21 Nov 2024,18:22,,https://www.youtube.com/watch?v=nCilDvF2R4I
4222,Boss Se Chutkara | Taarak Mehta Ka Ooltah Chashmah | Full Episode 4222 | 22 Oct 2024,https://www.youtube.com/watch?v=vqxRQs1lPu0,Found,22 Nov 2024,21:26,,https://www.youtube.com/watch?v=YNjK_OQXO-s
4223,Taarak Ko Ho Rahi Tension | Taarak Mehta Ka Ooltah Chashmah | Full Episode 4223 | 23 Oct 2024,https://www.youtube.com/watch?v=KmIu2P9uu64,Found,22 Nov 2024,19:13,https://www.youtube.com/watch?v=2qitxpi4MSs,https://www.youtube.com/watch?v=7QPk_yb_yK4
4224,Bade Guruji Se Mulaqat | Taarak Mehta Ka Ooltah Chashmah | Full Episode 4224 | 24 Oct 2024,https://www.youtube.com/watch?v=YyPqP1FSuV0,Found,24 Nov 2024,21:30,,
4225,Bapuji Ko Kaise Manaye? | Taarak Mehta Ka Ooltah Chashmah | Full Episode 4225 | 25 Oct 2024,https://www.youtube.com/watch?v=XFbXV0407H0,Found,23 Nov 2024,21:14,,https://www.youtube.com/watch?v=XM7VP1lMMSc
4226,Taarak Ki Chinta | Taarak Mehta Ka Ooltah Chashmah | Full Episode 4226 | 26 Oct 2024,https://www.youtube.com/watch?v=2DApVbfrorc,Found,24 Nov 2024,20:28,https://www.youtube.com/watch?v=pcwWDeIMs3s,https://www.youtube.com/watch?v=jfDGeFdnddI
4227,Bade Guruji Ke Saath Mulaqat | Taarak Mehta Ka Ooltah Chashmah | Full Episode 4227 | 28 Oct 2024,https://www.youtube.com/watch?v=8_BdBCI-XfU,Found,24 Nov 2024,20:30,,
4228,Guruji's Double Trouble | Taarak Mehta Ka Ooltah Chashmah | Full Episode 4228 | 29 Oct 2024,https://www.youtube.com/watch?v=t3o1Gc-jCEw,Found,25 Nov 2024,21:19,https://www.youtube.com/watch?v=uYnXP2p0xqQ,https://www.youtube.com/watch?v=yEGxc3bwAUs
4229,Boss Aur Guruji Ki Meeting | Taarak Mehta Ka Ooltah Chashmah | Full Episode 4229 | 30 Oct 2024,https://www.youtube.com/watch?v=aS53Ch5VKo0,Found,25 Nov 2024,21:03,https://www.youtube.com/watch?v=pdjzaE8Cxm0,https://www.youtube.com/watch?v=ROpFXr7VdvE
4230,Bade Guruji Ka Parda Faash | Taarak Mehta Ka Ooltah Chashmah | Full Episode 4230 | 31 Oct 2024,https://www.youtube.com/watch?v=w9L0zGAIPB8,Found,26 Nov 2024,20:57,,https://www.youtube.com/watch?v=l7tbOQ7DuKM
4231,Diwali Ki Taiyyari | Taarak Mehta Ka Ooltah Chashmah | Full Episode 4231 | 1 Nov 2024,https://www.youtube.com/watch?v=2FuThuwrqeg,Found,26 Nov 2024,19:50,https://www.youtube.com/watch?v=Z-jhs3NBotU,https://www.youtube.com/watch?v=RwcTdR4NkB8
4232,Sarees For Mahila Mandal | Taarak Mehta Ka Ooltah Chashmah | Full Episode 4232 | 2 Nov 2024,https://www.youtube.com/watch?v=gAIijUf6Jrk,Found,27 Nov 2024,21:06,,https://www.youtube.com/watch?v=NZ00Oyfkvlw
4233,Free Patakhe | Taarak Mehta Ka Ooltah Chashmah | Full Episode 4233 | 4 Nov 2024,https://www.youtube.com/watch?v=sx0nIkDtU_k,Found,27 Nov 2024,21:12,,
4234,Allrounder Patakha | Taarak Mehta Ka Ooltah Chashmah | Full Episode 4234 | 5 Nov 2024,https://www.youtube.com/watch?v=Oe_WM23BQSo,Found,28 Nov 2024,20:54,,
4235,Patakha Panic | Taarak Mehta Ka Ooltah Chashmah | Full Episode 4235 | 6 Nov 2024,https://www.youtube.com/watch?v=2OTfzRihRl8,Found,28 Nov 2024,19:12,,
4236,Allrounder Patakha's Final Test | Taarak Mehta Ka Ooltah Chashmah | Full Episode 4236 | 7 Nov 2024,https://www.youtube.com/watch?v=XXck3muzIfg,Found,29 Nov 2024,19:03,,
4237,FULL EPISODE! 4237 - New Technology In Gokuldham Society! | Taarak Mehta Ka Ooltah Chashmah,https://www.youtube.com/watch?v=GILBAQCCOuo,Found,13 Dec 2024,21:29,,https://www.youtube.com/watch?v=yx669cWEWLQ
4238,Jethalal Ki Exercise | Taarak Mehta Ka Ooltah Chashmah | Full Episode 4238 | 9 Nov 2024,https://www.youtube.com/watch?v=zmyFjbT8stw,Found,01 Dec 2024,20:24,https://www.youtube.com/watch?v=z_WbW17BpTk,
4239,Surprise Trip | Taarak Mehta Ka Ooltah Chashmah | Full Episode 4239 | 11 Nov 2024,https://www.youtube.com/watch?v=mtJHA4BFeW8,Found,03 Dec 2024,18:26,,https://www.youtube.com/watch?v=aX-9HZu4lpI
4240,Old Is Gold | Taarak Mehta Ka Ooltah Chashmah | Full Episode 4240 | 12 Nov 2024,https://www.youtube.com/watch?v=ywdg3IHYhnU,Found,04 Dec 2024,18:17,https://www.youtube.com/watch?v=wtjq-vJVAFA,
4241,Fun At The Old Age Home | Taarak Mehta Ka Ooltah Chashmah | Full Episode 4241 | 13 Nov 2024,https://www.youtube.com/watch?v=DIc0OSMRWIo,Found,05 Dec 2024,18:56,,https://www.youtube.com/watch?v=jvxHNHyTOkk
4242,Dairy Strike | Taarak Mehta Ka Ooltah Chashmah | Full Episode 4242 | 14 Nov 2024,https://www.youtube.com/watch?v=-GDU0zMcIlo,Found,06 Dec 2024,19:57,,
4243,Morning Chai | Taarak Mehta Ka Ooltah Chashmah | Full Episode 4243 | 15 Nov 2024,https://www.youtube.com/watch?v=8bweabTwFoU,Found,07 Dec 2024,20:58,https://www.youtube.com/watch?v=MJ1GtZcp0lc,https://www.youtube.com/watch?v=BZOvrmjWJSo
4244,Bhide's Fridge Repair | Taarak Mehta Ka Ooltah Chashmah | Full Episode 4244 | 16 Nov 2024,https://www.youtube.com/watch?v=TVRgV7O_bR8,Found,08 Dec 2024,20:30,,https://www.youtube.com/watch?v=XYrpzFwe7Xs
4245,Fridge Ka Sauda | Taarak Mehta Ka Ooltah Chashmah | Full Episode 4245 | 18 Nov 2024,https://www.youtube.com/watch?v=nNsHBqk4FXc,Found,10 Dec 2024,19:30,,https://www.youtube.com/watch?v=IubqjTonXlg
4246,Jethalal Ke Liye Sunahara Mauka | Taarak Mehta Ka Ooltah Chashmah | Full Episode 4246 | 19 Nov 2024,https://www.youtube.com/watch?v=LXK0Sqj0wNw,Found,11 Dec 2024,20:00,,
4247,Cooling King Ka Offer | Taarak Mehta Ka Ooltah Chashmah | Full Episode 4247 | 20 Nov 2024,https://www.youtube.com/watch?v=8G0mbbdeYpo,Found,12 Dec 2024,20:18,,https://www.youtube.com/watch?v=fgFHXlOaJsI
4248,Mega Exchange Offer | Taarak Mehta Ka Ooltah Chashmah | Full Episode 4248 | 21 Nov 2024,https://www.youtube.com/watch?v=aQTFXvDzPEE,Found,13 Dec 2024,20:48,,https://www.youtube.com/watch?v=8zkUg1hOUUY
4249,Jethalal Ki Khushi | Taarak Mehta Ka Ooltah Chashmah | Full Episode 4249 | 22 Nov 2024,https://www.youtube.com/watch?v=zaJ6YNVp1xs,Found,14 Dec 2024,20:57,https://www.youtube.com/watch?v=g3Me7ct60jQ,https://www.youtube.com/watch?v=tftPBegAg6E
4250,Jethalal Ki Duvidha | Taarak Mehta Ka Ooltah Chashmah | Full Episode 4250 | 23 Nov 2024,https://www.youtube.com/watch?v=IptqRy-Pkus,Found,15 Dec 2024,19:10,,
4251,Macchar Problem | Taarak Mehta Ka Ooltah Chashmah | Full Episode 4251 | 25 Nov 2024,https://www.youtube.com/watch?v=lbRNVli0wQw,Found,17 Dec 2024,20:57,,https://www.youtube.com/watch?v=DQbPqhKrkjk
4252,What To Do With The Fridges? | Taarak Mehta Ka Ooltah Chashmah | Full Episode 4252 | 26 Nov 2024,https://www.youtube.com/watch?v=YYgmejb1oZ4,Found,18 Dec 2024,19:42,https://www.youtube.com/watch?v=7jMgE_OLYfg,
4253,Jethalal Ke Saath Fraud | Taarak Mehta Ka Ooltah Chashmah | Full Episode 4253 | 27 Nov 2024,https://www.youtube.com/watch?v=gmgCjqB2gkg,Found,19 Dec 2024,21:34,https://www.youtube.com/watch?v=lo-KSsu5x30,https://www.youtube.com/watch?v=97T4ZiZFhbY
4254,Dunkiwala Ko Kaise Pakde? | Taarak Mehta Ka Ooltah Chashmah | Full Episode 4254 | 28 Nov 2024,https://www.youtube.com/watch?v=_KKYHVWVvkU,Found,20 Dec 2024,21:40,,https://www.youtube.com/watch?v=BETTHNnhjOw
4255,Dunkiwala Ke Saath Meeting | Taarak Mehta Ka Ooltah Chashmah | Full Episode 4255 | 29 Nov 2024,https://www.youtube.com/watch?v=ztfhgy4oG2g,Found,21 Dec 2024,21:35,,https://www.youtube.com/watch?v=U1NNzh3ImcU
4256,Dunkiwala Ka Fraud | Taarak Mehta Ka Ooltah Chashmah | Full Episode 4256 | 30 Nov 2024,https://www.youtube.com/watch?v=wa5CDkBuhKE,Found,22 Dec 2024,21:17,,https://www.youtube.com/watch?v=cM_tB0vJQig
4257,Purush Mandali's Party Plan | Taarak Mehta Ka Ooltah Chashmah | Full Episode 4257 | 2 Dec 2024,https://www.youtube.com/watch?v=qhZfXUXTHkg,Found,24 Dec 2024,19:41,https://www.youtube.com/watch?v=H8GHMak1iAM,https://www.youtube.com/watch?v=NUlBJSO1XjI
4258,Paratha Party | Taarak Mehta Ka Ooltah Chashmah | Full Episode 4258 | 3 Dec 2024,https://www.youtube.com/watch?v=GXUSD5NkM3U,Found,25 Dec 2024,20:08,https://www.youtube.com/watch?v=Wl70IgnLg3o,https://www.youtube.com/watch?v=vju-Eol56Hc
4259,No Party Sharty | Taarak Mehta Ka Ooltah Chashmah | Full Episode 4259 | 4 Dec 2024,https://www.youtube.com/watch?v=goNQO-cE3Lk,Found,26 Dec 2024,19:23,,https://www.youtube.com/watch?v=SuxPiLMPFKA
4260,Harmeet’s Party | Taarak Mehta Ka Ooltah Chashmah | Full Episode 4260 | 5 Dec 2024,https://www.youtube.com/watch?v=mMQqLI4W0jE,Found,27 Dec 2024,21:49,https://www.youtube.com/watch?v=Sq0YjZyJIl0,https://www.youtube.com/watch?v=1Ni6_PmiIZ4
4261,Cheers Or Not? | Taarak Mehta Ka Ooltah Chashmah | Full Episode 4261 | 6 Dec 2024,https://www.youtube.com/watch?v=2xVF_bTAw4k,Found,28 Dec 2024,21:05,https://www.youtube.com/watch?v=jqK_-JnBVq4,https://www.youtube.com/watch?v=w26_K9TvJw0
4262,Sodhi Ki Party-Sharty | Taarak Mehta Ka Ooltah Chashmah | Full Episode 4262 | 7 Dec 2024,https://www.youtube.com/watch?v=GIRPE2Jh-4A,Found,29 Dec 2024,19:39,https://www.youtube.com/watch?v=AOMd2DuZbRg,https://www.youtube.com/watch?v=yVw8hnY6U78
4263,Bhide Seeks Jethalal's Help | Taarak Mehta Ka Ooltah Chashmah | Full Episode 4263 | 9 Dec 2024,https://www.youtube.com/watch?v=p_1PoCz5KCo,Found,31 Dec 2024,20:46,https://www.youtube.com/watch?v=0ILT5I5hatg,https://www.youtube.com/watch?v=KGjg8gK2e8Y
4264,Taarak Ka Idea | Taarak Mehta Ka Ooltah Chashmah | Full Episode 4264 | 10 Dec 2024,https://www.youtube.com/watch?v=bDAO0rk9WOk,Found,01 Jan 2025,20:58,https://www.youtube.com/watch?v=bxNgxLT2_9c,
4265,Is Sodhi In Big Trouble? | Taarak Mehta Ka Ooltah Chashmah | Full Episode 4265 | 11 Dec 2024,https://www.youtube.com/watch?v=uYneo6WK0PU,Found,11 Dec 2024,22:12,https://www.youtube.com/watch?v=mLuPHhZIrDA,https://www.youtube.com/watch?v=hZ4gRK7bf0U
4266,Sodhi Confesses | Taarak Mehta Ka Ooltah Chashmah | Full Episode 4266 | 12 Dec 2024,https://www.youtube.com/watch?v=nkdvTT0vlKg,Found,03 Jan 2025,21:03,https://www.youtube.com/watch?v=RcfHlJ4b_hg,https://www.youtube.com/watch?v=tNfSAkKSQ_E
4267,FULL EPISODE! 4267 - Tapu Sena ko Chahiye Party ki Permission! | Taarak Mehta Ka Ooltah Chashmah,https://www.youtube.com/watch?v=wD-tKTg4IOI,Found,17 Jan 2025,22:19,,
4268,Baccho Ka Bhavishya | Taarak Mehta Ka Ooltah Chashmah | Full Episode 4268 | 14 Dec 2024,https://www.youtube.com/watch?v=T8e2XOYRS6Q,Found,05 Jan 2025,20:23,https://www.youtube.com/watch?v=a-EEoRG3hI0,https://www.youtube.com/watch?v=ApXUT2koQgc
4269,FULL EPISODE! 4269 - Kyu Hua Sonu Ko Late! | Taarak Mehta Ka Ooltah Chashmah | तारक मेहता,https://www.youtube.com/watch?v=jdKP0GnykeM,Found,20 Jan 2025,21:50,https://www.youtube.com/watch?v=D1lGjtfOS8g,
4270,Sonu Ki Chinta | Taarak Mehta Ka Ooltah Chashmah | Full Episode 4270 | 17 Dec 2024,https://www.youtube.com/watch?v=l558S5L0j1w,Found,08 Jan 2025,21:07,,
4271,Shaadi Ki Umr | Taarak Mehta Ka Ooltah Chashmah | Full Episode 4271 | 18 Dec 2024,https://www.youtube.com/watch?v=8FH-uUwYFpg,Found,09 Jan 2025,20:53,https://www.youtube.com/watch?v=4xoKET5boxY,https://www.youtube.com/watch?v=kKofr98toV4
4272,Bhide Ki Jaldbaazi | Taarak Mehta Ka Ooltah Chashmah | Full Episode 4272 | 19 Dec 2024,https://www.youtube.com/watch?v=ruYD1CgLmaY,Found,10 Jan 2025,20:07,https://www.youtube.com/watch?v=JBEID2UEfso,https://www.youtube.com/watch?v=vmWgyYA2pyM
4273,Suitable Groom For Sonu | Taarak Mehta Ka Ooltah Chashmah | Full Episode 4273 | 20 Dec 2024,https://www.youtube.com/watch?v=zFT9q-5g9hQ,Found,11 Jan 2025,20:24,https://www.youtube.com/watch?v=IGpX2bgxxa4,https://www.youtube.com/watch?v=00MAh0DAWBc
4274,Shaadi Pressure | Taarak Mehta Ka Ooltah Chashmah | Full Episode 4274 | 21 Dec 2024,https://www.youtube.com/watch?v=Fw6hZJE98dQ,Found,12 Jan 2025,19:15,,https://www.youtube.com/watch?v=WUjiLrGVC9M
4275,Shaadi Ka Darr | Taarak Mehta Ka Ooltah Chashmah | Full Episode 4275 | 23 Dec 2024,https://www.youtube.com/watch?v=c6qFFVnlzwY,Found,14 Jan 2025,19:49,,https://www.youtube.com/watch?v=nQYFUUG7Dd4
4276,Tapu's Wedding Woes | Taarak Mehta Ka Ooltah Chashmah | Full Episode 4276 | 24 Dec 2024,https://www.youtube.com/watch?v=JQ6XlzXnHNA,Found,15 Jan 2025,21:05,,https://www.youtube.com/watch?v=D4QtPBKrdSw
4277,Tapu And Sonu Hire An Actor | Taarak Mehta Ka Ooltah Chashmah | Full Episode 4277 | 25 Dec 2024,https://www.youtube.com/watch?v=1hUso614KgM,Found,16 Jan 2025,20:58,,https://www.youtube.com/watch?v=krWSxxxo3L0
4278,Mission Shaadi Atkao | Taarak Mehta Ka Ooltah Chashmah | Full Episode 4278 | 26 Dec 2024,https://www.youtube.com/watch?v=J5ljfVIy10M,Found,17 Jan 2025,20:19,https://www.youtube.com/watch?v=qjRZcms8wwc,
4279,Chotelal Ki Bhavishyavaani | Taarak Mehta Ka Ooltah Chashmah | Full Episode 4279 | 27 Dec 2024,https://www.youtube.com/watch?v=5Qqy23YimZ8,Found,18 Jan 2025,21:02,,https://www.youtube.com/watch?v=XKsstLg5cjc
4280,Popatlal's Suspense | Taarak Mehta Ka Ooltah Chashmah | Full Episode 4280 | 28 Dec 2024,https://www.youtube.com/watch?v=XO0h4Fi8R-U,Found,19 Jan 2025,20:14,https://www.youtube.com/watch?v=KhPlRG-7YcE,https://www.youtube.com/watch?v=Q1dms43QLw4
4281,Rahsyamai Meeting | Taarak Mehta Ka Ooltah Chashmah | Full Episode 4281 | 30 Dec 2024,https://www.youtube.com/watch?v=vp_L5SC96RQ,Found,21 Jan 2025,19:57,,https://www.youtube.com/watch?v=CMxAT5dNHNc
4282,Popatlal's Huge Announcement | Taarak Mehta Ka Ooltah Chashmah | Full Episode 4282 | 31 Dec 2024,https://www.youtube.com/watch?v=3NUr9XuI_mI,Found,22 Jan 2025,21:07,https://www.youtube.com/watch?v=rme4qtFCTZE,https://www.youtube.com/watch?v=-2uhfZWLeh8
4283,Sabki Bhavishyavaani | Taarak Mehta Ka Ooltah Chashmah | Full Episode 4283 | 1 Jan 2025,https://www.youtube.com/watch?v=ZhpukJdUUIw,Found,23 Jan 2025,20:05,https://www.youtube.com/watch?v=w6pxTRb5FzY,
4284,Bapuji's Future | Taarak Mehta Ka Ooltah Chashmah | Full Episode 4284 | 2 Jan 2025,https://www.youtube.com/watch?v=9izCm19zLsw,Found,24 Jan 2025,20:56,https://www.youtube.com/watch?v=O5YjXhIV6bk,https://www.youtube.com/watch?v=yE4XW6S3Q1I
4285,Gokuldham New Year Celebration | Taarak Mehta Ka Ooltah Chashmah | Full Episode 4285 | 3 Jan 2025,https://www.youtube.com/watch?v=nvJywr_zfKw,Found,25 Jan 2025,21:15,,https://www.youtube.com/watch?v=dnhpI2uHd8Y
4286,Secret Surprise | Taarak Mehta Ka Ooltah Chashmah | Full Episode 4286 | 4 Jan 2025,https://www.youtube.com/watch?v=aXeLvPguGC4,Found,26 Jan 2025,21:44,https://www.youtube.com/watch?v=YLHeTUQ9wzI,https://www.youtube.com/watch?v=8kEjwPqfAgs
4287,Ek Nayi Shuruaat | Taarak Mehta Ka Ooltah Chashmah | Full Episode 4287 | 6 Jan 2025,https://www.youtube.com/watch?v=z6RcySnqKeA,Found,28 Jan 2025,19:21,https://www.youtube.com/watch?v=LJBXDxPdcGw,
4288,Bapuji Ki Udaan | Taarak Mehta Ka Ooltah Chashmah | Full Episode 4288 | 7 Jan 2025,https://www.youtube.com/watch?v=Js3bRRdElXk,Found,29 Jan 2025,21:17,https://www.youtube.com/watch?v=degnchfTutI,
4289,Bapuji's Balloon Adventure | Taarak Mehta Ka Ooltah Chashmah | Full Episode 4289 | 8 Jan 2025,https://www.youtube.com/watch?v=yIji_HWZybA,Found,30 Jan 2025,19:07,https://www.youtube.com/watch?v=aCCf7-1PHWQ,https://www.youtube.com/watch?v=cSY8d55Y8Q4
4290,Bapuji Ko Kaise Utaare? | Taarak Mehta Ka Ooltah Chashmah | Full Episode 4290 | 9 Jan 2025,https://www.youtube.com/watch?v=XrSF61vmDZE,Found,31 Jan 2025,20:07,,https://www.youtube.com/watch?v=ItUDWGB3QXA
4291,Bapuji Kaha Hai? | Taarak Mehta Ka Ooltah Chashmah | Full Episode 4291 | 10 Jan 2025,https://www.youtube.com/watch?v=UxmeAZ5esYo,Found,01 Feb 2025,21:42,,https://www.youtube.com/watch?v=6X0PUXgSuzE
4292,Maa Ka Abhaas | Taarak Mehta Ka Ooltah Chashmah | Full Episode 4292 | 11 Jan 2025,https://www.youtube.com/watch?v=sQ2xxAidwMI,Found,02 Feb 2025,20:29,,https://www.youtube.com/watch?v=RuL3hp-67uI
4293,Pakistani Jasoos | Taarak Mehta Ka Ooltah Chashmah | Full Episode 4293 | 13 Jan 2025,https://www.youtube.com/watch?v=58jzMVzyobM,Found,04 Feb 2025,21:08,,https://www.youtube.com/watch?v=2mErDYITSYg
4294,Bapuji in Trouble | Taarak Mehta Ka Ooltah Chashmah | Full Episode 4294 | 14 Jan 2025,https://www.youtube.com/watch?v=ehB3wy9Y-Rs,Found,05 Feb 2025,21:51,https://www.youtube.com/watch?v=b8AhjTxWQjY,https://www.youtube.com/watch?v=Z8pdbnUlPj8
4295,Bapuji Pakde Gaye | Taarak Mehta Ka Ooltah Chashmah | Full Episode 4295 | 15 Jan 2025,https://www.youtube.com/watch?v=aI5G1k3IiIk,Found,06 Feb 2025,18:58,,
4296,FULL EPISODE! 4296 - Hindustan Zindabad?!  | Taarak Mehta Ka Ooltah Chashmah,https://www.youtube.com/watch?v=9VxmkXKxrt8,Found,20 Feb 2025,18:16,,https://www.youtube.com/watch?v=0wruTL713Sk
4297,Bapuji's Rescue | Taarak Mehta Ka Ooltah Chashmah | Full Episode 4297 | 17 Jan 2025,https://www.youtube.com/watch?v=pxMBtHvw_OE,Found,08 Feb 2025,21:22,,https://www.youtube.com/watch?v=-DD2L2yQt2U
4298,Champaklal Is Safe | Taarak Mehta Ka Ooltah Chashmah | Full Episode 4298 | 18 Jan 2025,https://www.youtube.com/watch?v=b8SNsc6dGww,Found,09 Feb 2025,19:49,https://www.youtube.com/watch?v=5owd1_GCquw,
4299,Champaklal Returns Home | Taarak Mehta Ka Ooltah Chashmah | Full Episode 4299 | 20 Jan 2025,https://www.youtube.com/watch?v=4252-mUVReY,Found,11 Feb 2025,20:50,,https://www.youtube.com/watch?v=BUJfhoCvMXc
4300,AI Ki Bhavishyavaani | Taarak Mehta Ka Ooltah Chashmah | Full Episode 4300 | 21 Jan 2025,https://www.youtube.com/watch?v=n1YdrbMiPMA,Found,12 Feb 2025,20:49,,https://www.youtube.com/watch?v=EoemIHja9Fw
4301,Jethalal Ko Aaya Sapna | Taarak Mehta Ka Ooltah Chashmah | Full Episode 4301 | 22 Jan 2025,https://www.youtube.com/watch?v=xgxIofbHzkY,Found,13 Feb 2025,21:21,https://www.youtube.com/watch?v=Lvgv2o9bG_w,https://www.youtube.com/watch?v=diy2OajY9ac
4302,Jethalal Out Of Stock | Taarak Mehta Ka Ooltah Chashmah | Full Episode 4302 | 23 Jan 2025,https://www.youtube.com/watch?v=dVj3VaJTydQ,Found,14 Feb 2025,21:38,https://www.youtube.com/watch?v=4qlVHc4GU00,https://www.youtube.com/watch?v=Sg3JWRarjvM
4303,Dhanda Bandh | Taarak Mehta Ka Ooltah Chashmah | Full Episode 4303 | 24 Jan 2025,https://www.youtube.com/watch?v=U1Kg59RWfms,Found,15 Feb 2025,21:00,https://www.youtube.com/watch?v=q3Or5yidIaA,https://www.youtube.com/watch?v=hLpGZXMCTuc
4304,Ramsang Se Panga | Taarak Mehta Ka Ooltah Chashmah | Full Episode 4304 | 25 Jan 2025,https://www.youtube.com/watch?v=QqH4JHtgZcU,Found,16 Feb 2025,20:42,,
4305,Surprise Visit | Taarak Mehta Ka Ooltah Chashmah | Full Episode 4305 | 27 Jan 2025,https://www.youtube.com/watch?v=vClHrLy2lRU,Found,18 Feb 2025,21:14,,https://www.youtube.com/watch?v=N1rQfPzh3FQ
4306,Shutter Bandh | Taarak Mehta Ka Ooltah Chashmah | Full Episode 4306 | 28 Jan 2025,https://www.youtube.com/watch?v=1U_scELLvYg,Found,19 Feb 2025,22:05,https://www.youtube.com/watch?v=Ne_k4hUkBcM,https://www.youtube.com/watch?v=aCBMYL5na8g
4307,Venu Kutti's Arrival | Taarak Mehta Ka Ooltah Chashmah | Full Episode 4307 | 29 Jan 2025,https://www.youtube.com/watch?v=SS0MkABFHJw,Found,20 Feb 2025,21:02,https://www.youtube.com/watch?v=P6LHt0KuXe8,https://www.youtube.com/watch?v=9yOQ849GeCM
4308,Nakli Venukutti | Taarak Mehta Ka Ooltah Chashmah | Full Episode 4308 | 30 Jan 2025,https://www.youtube.com/watch?v=10hrwwDjfe8,Found,21 Feb 2025,19:58,https://www.youtube.com/watch?v=H0Iy4Gnzw0w,
4309,Bagha Tries His Best | Taarak Mehta Ka Ooltah Chashmah | Full Episode 4309 | 31 Jan 2025,https://www.youtube.com/watch?v=Rzmz8LoULwA,Found,22 Feb 2025,20:25,https://www.youtube.com/watch?v=JMshcDI8Iz4,
4310,Cutter And Shutter | Taarak Mehta Ka Ooltah Chashmah | Full Episode 4310 | 1 Feb 2025,https://www.youtube.com/watch?v=wsaSxtkbBNE,Found,23 Feb 2025,19:07,https://www.youtube.com/watch?v=fvhJenOe2zQ,
4311,Bagha Loses Venukutti | Taarak Mehta Ka Ooltah Chashmah | Full Episode 4311 | 3 Feb 2025,https://www.youtube.com/watch?v=B7IYIVmyACA,Found,25 Feb 2025,18:13,https://www.youtube.com/watch?v=l8NgPBjywNY,
4312,Venukutti Questions Jethalal | Taarak Mehta Ka Ooltah Chashmah | Full Episode 4312 | 4 Feb 2025,https://www.youtube.com/watch?v=dw4UASOtgJI,Found,26 Feb 2025,20:58,,
4313,Bapuji's Trip | Taarak Mehta Ka Ooltah Chashmah | Full Episode 4313 | 5 Feb 2025,https://www.youtube.com/watch?v=ed_e3UDOYTc,Found,27 Feb 2025,19:30,https://www.youtube.com/watch?v=mC2ywxnAehI,https://www.youtube.com/watch?v=0r9lr19O1GU
4314,Jethalal Ki Pol Pakdi Gayi | Taarak Mehta Ka Ooltah Chashmah | Full Episode 4314 | 6 Feb 2025,https://www.youtube.com/watch?v=k1CGj2ZhCt4,Found,28 Feb 2025,20:44,https://www.youtube.com/watch?v=xYjlUw9Azh8,
4315,Lunch Invitation For Jethalal | Taarak Mehta Ka Ooltah Chashmah | Full Episode 4315 | 7 Feb 2025,https://www.youtube.com/watch?v=deUTMxksNxM,Found,01 Mar 2025,19:24,https://www.youtube.com/watch?v=fPUPd6YaLtQ,https://www.youtube.com/watch?v=sOv1GExPgYQ
4316,Jethalal Ki Duvidha | Taarak Mehta Ka Ooltah Chashmah | Full Episode 4316 | 8 Feb 2025,https://www.youtube.com/watch?v=LlaCHYRZdiE,Found,02 Mar 2025,21:01,,https://www.youtube.com/watch?v=uyypsX2AtXI
4317,Jethalal Ka Jhoot Pakda Gaya | Taarak Mehta Ka Ooltah Chashmah | Full Episode 4317 | 10 Feb 2025,https://www.youtube.com/watch?v=Y3FtPHSNxrU,Found,04 Mar 2025,21:25,,https://www.youtube.com/watch?v=s1kmEXPTG2o
4318,Special Day Ki Special Baat | Taarak Mehta Ka Ooltah Chashmah | Full Episode 4318 | 11 Feb 2025,https://www.youtube.com/watch?v=LK8hEiMMPOY,Found,05 Mar 2025,20:09,https://www.youtube.com/watch?v=klEziNeXof4,https://www.youtube.com/watch?v=c-Yji4hi9g0
4319,Sakharam Par Kabootar Ke Daane | Taarak Mehta Ka Ooltah Chashmah | Full Episode 4319 | 12 Feb 2025,https://www.youtube.com/watch?v=vHN3vJMHtNY,Found,06 Mar 2025,21:24,https://www.youtube.com/watch?v=1BYEDEm0vXg,https://www.youtube.com/watch?v=dydKkq3-KWo
4320,Bluetooth Baba Ka Interview | Taarak Mehta Ka Ooltah Chashmah | Full Episode 4320 | 13 Feb 2025,https://www.youtube.com/watch?v=Rh4RnCfzzNM,Found,07 Mar 2025,19:38,,https://www.youtube.com/watch?v=BlthPg8FePs
4321,Bluetooth Baba Ka Prediction | Taarak Mehta Ka Ooltah Chashmah | Full Episode 4321 | 14 Feb 2025,https://www.youtube.com/watch?v=IpPaMOPKVAc,Found,08 Mar 2025,21:12,,https://www.youtube.com/watch?v=U_yzkRrAsmM
4322,Bhoot Ka Darr | Taarak Mehta Ka Ooltah Chashmah | Full Episode 4322 | 15 Feb 2025,https://www.youtube.com/watch?v=DybnqOzvr2A,Found,09 Mar 2025,20:27,,https://www.youtube.com/watch?v=DinWus6FO2M
4323,Champaklal Ka Darr | Taarak Mehta Ka Ooltah Chashmah | Full Episode 4323 | 17 Feb 2025,https://www.youtube.com/watch?v=LMSwVG0dOKs,Found,11 Mar 2025,21:12,https://www.youtube.com/watch?v=TnNn-hnw870,https://www.youtube.com/watch?v=A5puq6Ce7qM
4324,Bhoothnath In Gokuldham | Taarak Mehta Ka Ooltah Chashmah | Full Episode 4324 | 18 Feb 2025,https://www.youtube.com/watch?v=i6HOX3FU_r0,Found,12 Mar 2025,20:11,,https://www.youtube.com/watch?v=T_NfOcUuTaA
4325,Society Rules For Bhoothnath | Taarak Mehta Ka Ooltah Chashmah | Full Episode 4325 | 19 Feb 2025,https://www.youtube.com/watch?v=YIGXp0wGVSo,Found,13 Mar 2025,19:14,https://www.youtube.com/watch?v=EChNcdk6xDM,https://www.youtube.com/watch?v=x3TDOPurTOo
4326,Champaklal Meets The Fraud Baba | Taarak Mehta Ka Ooltah Chashmah | Full Episode 4326 | 20 Feb 2025,https://www.youtube.com/watch?v=N8NVf80oEsg,Found,14 Mar 2025,20:53,https://www.youtube.com/watch?v=-2u3uMcdMIM,https://www.youtube.com/watch?v=40CD5ZINqOk
4327,Sonu Ke Liye Ladka | Taarak Mehta Ka Ooltah Chashmah | Full Episode 4327 | 21 Feb 2025,https://www.youtube.com/watch?v=KfXQ1WJPHDw,Found,15 Mar 2025,20:57,https://www.youtube.com/watch?v=--3o1zEqh8U,https://www.youtube.com/watch?v=AZmjiloD51k
4328,Tapu Aur Sonu Ki Majboori | Taarak Mehta Ka Ooltah Chashmah | Full Episode 4328 | 22 Feb 2025,https://www.youtube.com/watch?v=t8jZRcp8y3w,Found,16 Mar 2025,20:45,,https://www.youtube.com/watch?v=LiKJJH9gCuU
4329,Bhide Meets Raja Mastana | Taarak Mehta Ka Ooltah Chashmah | Full Episode 4329 | 24 Feb 2025,https://www.youtube.com/watch?v=xpAxUgjAsF0,Found,18 Mar 2025,21:08,,https://www.youtube.com/watch?v=HfJbTIIAd9s
4330,Bhide Ka Surprise | Taarak Mehta Ka Ooltah Chashmah | Full Episode 4330 | 25 Feb 2025,https://www.youtube.com/watch?v=ga8LhjbGmFc,Found,19 Mar 2025,20:18,https://www.youtube.com/watch?v=TLKiZFgxcMo,
4331,Raja Mastana's Prediction | Taarak Mehta Ka Ooltah Chashmah | Full Episode 4331 | 26 Feb 2025,https://www.youtube.com/watch?v=BVIkC0t-koo,Found,20 Mar 2025,20:08,https://www.youtube.com/watch?v=QBTefp2Q9ak,https://www.youtube.com/watch?v=H1dAgw3pagg
4332,Tapu And Sonu Get Reprimanded | Taarak Mehta Ka Ooltah Chashmah | Full Episode 4332 | 27 Feb 2025,https://www.youtube.com/watch?v=TH-B2ah95TE,Found,21 Mar 2025,20:05,,https://www.youtube.com/watch?v=j9EXeEMQoVg
4333,Kar Bhala To Hoga Bhala | Taarak Mehta Ka Ooltah Chashmah | Full Episode 4333 | 28 Feb 2025,https://www.youtube.com/watch?v=NUMp2Ra-O3o,Found,22 Mar 2025,19:12,,https://www.youtube.com/watch?v=jgY0kG2bb00
4334,Sonu And Tapu's Grooming Day | Taarak Mehta Ka Ooltah Chashmah | Full Episode 4334 | 1 Mar 2025,https://www.youtube.com/watch?v=4YIOgQqV6SQ,Found,23 Mar 2025,21:50,https://www.youtube.com/watch?v=rERl8ApN4AE,https://www.youtube.com/watch?v=MZSp4_KUpi8
4335,Sonu Aur Tapu Ka Dukh | Taarak Mehta Ka Ooltah Chashmah | Full Episode 4335 | 3 Mar 2025,https://www.youtube.com/watch?v=NrxekJ8rvRA,Found,25 Mar 2025,19:48,,https://www.youtube.com/watch?v=hTpi0SyZfx8
4336,Sonu Ki Mangni | Taarak Mehta Ka Ooltah Chashmah | Full Episode 4336 | 4 Mar 2025,https://www.youtube.com/watch?v=ZVM3F2eJG2g,Found,26 Mar 2025,19:31,,https://www.youtube.com/watch?v=Yg538MvIOuk
4337,Bhaag Ke Shaadi | Taarak Mehta Ka Ooltah Chashmah | Full Episode 4337 | 5 Mar 2025,https://www.youtube.com/watch?v=jjVDOjHpL3M,Found,27 Mar 2025,21:02,,https://www.youtube.com/watch?v=sCi9yjJNzxQ
4338,FULL EPISODE! 4338 -  Kya Bhide Tapu Sena Ka plan Pakad Payega?! | Taarak Mehta Ka Ooltah Chashmah,https://www.youtube.com/watch?v=z1dlLa4c1Mw,Found,10 Apr 2025,22:31,https://www.youtube.com/watch?v=bgB1ErLlc8I,https://www.youtube.com/watch?v=54tP4Fj5xV4
4339,Tapu Consoles Sonu | Taarak Mehta Ka Ooltah Chashmah | Full Episode 4339 | 7 Mar 2025,https://www.youtube.com/watch?v=ucx88avIWDw,Found,29 Mar 2025,20:12,https://www.youtube.com/watch?v=KfcR-uL9h_M,https://www.youtube.com/watch?v=4lqW9GVROE0
4340,Bhide Realizes His Mistake | Taarak Mehta Ka Ooltah Chashmah | Full Episode 4340 | 8 Mar 2025,https://www.youtube.com/watch?v=Y-cs9UR5aaQ,Found,30 Mar 2025,21:42,https://www.youtube.com/watch?v=LdkfrZ4pbUM,https://www.youtube.com/watch?v=Gq6SI-hVi04
4341,Shaadi Ka Pavitra Bandhan | Taarak Mehta Ka Ooltah Chashmah | Full Episode 4341 | 10 Mar 2025,https://www.youtube.com/watch?v=BLixsvcflPc,Found,01 Apr 2025,19:44,,https://www.youtube.com/watch?v=DVdGzgJxMRg
4342,Bhide Files A Complaint | Taarak Mehta Ka Ooltah Chashmah | Full Episode 4342 | 11 Mar 2025,https://www.youtube.com/watch?v=w6d3LLhmWhw,Found,02 Apr 2025,19:38,,https://www.youtube.com/watch?v=q6yymTe6L6s
4343,Varmala Ki Katha | Taarak Mehta Ka Ooltah Chashmah | Full Episode 4343 | 12 Mar 2025,https://www.youtube.com/watch?v=kTZhvTkl6tc,Found,03 Apr 2025,19:56,,https://www.youtube.com/watch?v=f1evgmI9Zro
4344,Tapu Aur Sonu Ka Interrogation | Taarak Mehta Ka Ooltah Chashmah | Full Episode 4344 | 13 Mar 2025,https://www.youtube.com/watch?v=RcA2zBhZLvM,Found,04 Apr 2025,21:16,,https://www.youtube.com/watch?v=pBWzUDAZ3oQ
4345,Sanskari Aur Samajhdar | Taarak Mehta Ka Ooltah Chashmah | Full Episode 4345 | 14 Mar 2025,https://www.youtube.com/watch?v=cTpVWzwmqFY,Found,05 Apr 2025,20:50,https://www.youtube.com/watch?v=BaUKtPR4l3k,https://www.youtube.com/watch?v=V3XgCrjNeik
4346,FULL EPISODE! 4346 - Gokuldham ki Holi! | Taarak Mehta Ka Ooltah Chashmah| तारक मेहता का उल्टा चश्मा,https://www.youtube.com/watch?v=gKdh3G88j1g,Found,19 Apr 2025,20:57,https://www.youtube.com/watch?v=KDZkBeHLcQQ,https://www.youtube.com/watch?v=HzKdJRwySCM
4347,Taarak Ke Liye Mithai | Taarak Mehta Ka Ooltah Chashmah | Full Episode 4347 | 17 Mar 2025,https://www.youtube.com/watch?v=yRS6HvoKqzs,Found,08 Apr 2025,20:29,,https://www.youtube.com/watch?v=gHFNc8BAGQo
4348,Popatlal Creates A Scene | Taarak Mehta Ka Ooltah Chashmah | Full Episode 4348 | 18 Mar 2025,https://www.youtube.com/watch?v=KjpJO8OXXfk,Found,09 Apr 2025,19:50,,https://www.youtube.com/watch?v=pyUuYsqjQqg
4349,FULL EPISODE! 4349 - Aisa Kya Dekh Liya Mahila Mandal Ne?! | Taarak Mehta Ka Ooltah Chashmah,https://www.youtube.com/watch?v=YUfbJ__oSC8,Found,23 Apr 2025,20:47,,https://www.youtube.com/watch?v=fpe1jmTa-t0
4350,Verma Ji Ke Ghar Ka Siren | Taarak Mehta Ka Ooltah Chashmah | Full Episode 4350 | 20 Mar 2025,https://www.youtube.com/watch?v=E8O1dznhfL8,Found,11 Apr 2025,19:35,,https://www.youtube.com/watch?v=rRHdLnMmu0Y
4351,FULL EPISODE! 4351 - Jethalal ne Bawri ko Phasaya Apne Jaal me?! | Taarak Mehta Ka Ooltah Chashmah,https://www.youtube.com/watch?v=bFCXftHmbXc,Found,25 Apr 2025,21:18,,https://www.youtube.com/watch?v=QFVvdxpk7HM
4352,Meeting Ka Din | Taarak Mehta Ka Ooltah Chashmah | Full Episode 4352 | 22 Mar 2025,https://www.youtube.com/watch?v=HCNAI_2-12o,Found,13 Apr 2025,20:39,https://www.youtube.com/watch?v=1YLuSu-i36Q,https://www.youtube.com/watch?v=2NYGWOtl1BA
4353,Jethalal Gets A Lift | Taarak Mehta Ka Ooltah Chashmah | Full Episode 4353 | 24 Mar 2025,https://www.youtube.com/watch?v=LSIK6QJj20Q,Found,15 Apr 2025,19:03,https://www.youtube.com/watch?v=z7RYoHhfig4,https://www.youtube.com/watch?v=8SnfIbBz44A
4354,Jethalal Gets Stuck In The Car | Taarak Mehta Ka Ooltah Chashmah | Full Episode 4354 | 25 Mar 2025,https://www.youtube.com/watch?v=Tbe-ozKpozo,Found,16 Apr 2025,20:56,,
4355,Jethalal Runs Late | Taarak Mehta Ka Ooltah Chashmah | Full Episode 4355 | 26 Mar 2025,https://www.youtube.com/watch?v=jkdw_EXxmyQ,Found,17 Apr 2025,20:50,,https://www.youtube.com/watch?v=qxq_y_jpTQ0
4356,Kya Deal Hogi Pakki? | Taarak Mehta Ka Ooltah Chashmah | Full Episode 4356 | 27 Mar 2025,https://www.youtube.com/watch?v=hmyu-09QQnU,Found,18 Apr 2025,19:33,,https://www.youtube.com/watch?v=iVyhBZYwM6U
4357,Sawal-Jawab Ka Khel | Taarak Mehta Ka Ooltah Chashmah | Full Episode 4357 | 28 Mar 2025,https://www.youtube.com/watch?v=wuogb9APdZM,Found,19 Apr 2025,20:43,,https://www.youtube.com/watch?v=qGBs_oaIK_U
4359,Goni Mein Kya Hai? | Taarak Mehta Ka Ooltah Chashmah | Full Episode 4359 | 31 Mar 2025,https://www.youtube.com/watch?v=WKuFAMYbs2o,Found,22 Apr 2025,18:49,,https://www.youtube.com/watch?v=CX1zXjjMe6s
4360,Kathal Season | Taarak Mehta Ka Ooltah Chashmah | Full Episode 4360 | 1 Apr 2025,https://www.youtube.com/watch?v=QDWOBLaeNTg,Found,23 Apr 2025,20:41,https://www.youtube.com/watch?v=cZ2BaKLXe4Q,https://www.youtube.com/watch?v=iPLI-gOvOIU
4361,Gudi Padwa In Gokuldham | Taarak Mehta Ka Ooltah Chashmah | Full Episode 4361 | 2 Apr 2025,https://www.youtube.com/watch?v=Ksd4KrHzTus,Found,24 Apr 2025,18:26,https://www.youtube.com/watch?v=jhsPbJqqRqk,https://www.youtube.com/watch?v=B665_6iBA4M
4362,Naya Saal Nayi Shuruat | Taarak Mehta Ka Ooltah Chashmah | Full Episode 4362 | 3 Apr 2025,https://www.youtube.com/watch?v=NEvyymQDADQ,Found,25 Apr 2025,17:21,https://www.youtube.com/watch?v=p02waWTyJIg,https://www.youtube.com/watch?v=FRBn2BuCaRw
4363,Jethalal Ko Hua Profit | Taarak Mehta Ka Ooltah Chashmah | Full Episode 4363 | 4 Apr 2025,https://www.youtube.com/watch?v=VnNOmzV-ktI,Found,26 Apr 2025,20:34,https://www.youtube.com/watch?v=Pulu4UEw514,https://www.youtube.com/watch?v=7s3WhpSZQTM
4364,Champaklal Has Tears In His Eyes | Taarak Mehta Ka Ooltah Chashmah | Full Episode 4364 | 5 Apr 2025,https://www.youtube.com/watch?v=Ix0Z1J5OVtE,Found,27 Apr 2025,21:00,,https://www.youtube.com/watch?v=AGd9m_u6BE4
4365,Locked Inside | Taarak Mehta Ka Ooltah Chashmah | Full Episode 4365 | 7 Apr 2025,https://www.youtube.com/watch?v=TeMXk5FhTig,Found,29 Apr 2025,19:32,https://www.youtube.com/watch?v=o4HlhWv_HQw,
4366,Ghar Ki Chaabi | Taarak Mehta Ka Ooltah Chashmah | Full Episode 4366 | 8 Apr 2025,https://www.youtube.com/watch?v=GRe12XpMhw0,Found,30 Apr 2025,20:36,https://www.youtube.com/watch?v=6nrQiWJg4fM,https://www.youtube.com/watch?v=lRmQzn3BOs8
4367,Tala Kaise Tode? | Taarak Mehta Ka Ooltah Chashmah | Full Episode 4367 | 9 Apr 2025,https://www.youtube.com/watch?v=OQ1Ou63y-ww,Found,01 May 2025,19:17,,https://www.youtube.com/watch?v=1iRkX5OWNYo
4368,Mannu Se Mulaqat | Taarak Mehta Ka Ooltah Chashmah | Full Episode 4368 | 10 Apr 2025,https://www.youtube.com/watch?v=abxDvlTW3G8,Found,02 May 2025,20:15,https://www.youtube.com/watch?v=s9VLtXIjQ9Y,https://www.youtube.com/watch?v=oHE-mTN7H-s
4369,Bapuji’s Race Against Time | Taarak Mehta Ka Ooltah Chashmah | Full Episode 4369 | 11 Apr 2025,https://www.youtube.com/watch?v=-BROsy2n6bc,Found,03 May 2025,18:23,,https://www.youtube.com/watch?v=-84NJFlD2Cg
4370,Champaklal Meets His Friend | Taarak Mehta Ka Ooltah Chashmah | Full Episode 4370 | 12 Apr 2025,https://www.youtube.com/watch?v=BYa17UbHWtA,Found,04 May 2025,21:54,https://www.youtube.com/watch?v=HfUPQCayAcM,https://www.youtube.com/watch?v=T-WAWwQ_6_s
4371,Jethalal Throws A Party | Taarak Mehta Ka Ooltah Chashmah| Full Episode 4371 | 14 Apr 2025,https://www.youtube.com/watch?v=ojo3ebUyoxs,Found,23 Sep 2025,19:52,,https://www.youtube.com/watch?v=t8WInIP3XPI
4372,Gogi's Dream Bike | Taarak Mehta Ka Ooltah Chashmah | Full Episode 4372 | 15 Apr 2025,https://www.youtube.com/watch?v=lNFdMC1H-58,Found,07 May 2025,21:57,https://www.youtube.com/watch?v=kz9WMsJU-6E,https://www.youtube.com/watch?v=Y46uM1NEGlM
4373,Cricket Ka Bhoot | Taarak Mehta Ka Ooltah Chashmah | Full Episode 4373 | 16 Apr 2025,https://www.youtube.com/watch?v=mvOkGIHdmlo,Found,08 May 2025,18:56,,https://www.youtube.com/watch?v=CybBF3bK47Y
4374,Rocky's Surprise | Taarak Mehta Ka Ooltah Chashmah | Full Episode 4374 | 17 Apr 2025,https://www.youtube.com/watch?v=0NfNFnoBByE,Found,09 May 2025,21:49,,https://www.youtube.com/watch?v=JArD3u-TkMQ
4375,Raato Raat Ameeri | Taarak Mehta Ka Ooltah Chashmah | Full Episode 4375 | 18 Apr 2025,https://www.youtube.com/watch?v=ENvfLrKTqVo,Found,10 May 2025,21:44,,https://www.youtube.com/watch?v=CeafOt9olj8
4376,Gogi Opens A Bank Account | Taarak Mehta Ka Ooltah Chashmah | Full Episode 4376 | 19 Apr 2025,https://www.youtube.com/watch?v=YDKqxPwUKuo,Found,11 May 2025,20:36,https://www.youtube.com/watch?v=sB1Y7_dqBBk,https://www.youtube.com/watch?v=78OaDizy_sU
4377,Gogi Ko Hua Munafa | Taarak Mehta Ka Ooltah Chashmah | Full Episode 4377 | 21 Apr 2025,https://www.youtube.com/watch?v=KM4rWwkPChk,Found,13 May 2025,21:00,https://www.youtube.com/watch?v=WCOvi6tyr5I,https://www.youtube.com/watch?v=Gjb_yZa80zM
4378,Gogi Ki Nayi Bike | Taarak Mehta Ka Ooltah Chashmah | Full Episode 4378 | 22 Apr 2025,https://www.youtube.com/watch?v=RmzvNDY7e7Y,Found,14 May 2025,20:50,,https://www.youtube.com/watch?v=eZsoLx_8-OQ
4379,Gogi Needs Money | Taarak Mehta Ka Ooltah Chashmah | Full Episode 4379 | 23 Apr 2025,https://www.youtube.com/watch?v=7QDsTbvXE1I,Found,15 May 2025,21:44,https://www.youtube.com/watch?v=WXc5kQISUUI,https://www.youtube.com/watch?v=6vPZ_w8fNzo
4380,Gogi Risks It All | Taarak Mehta Ka Ooltah Chashmah | Full Episode 4380 | 24 Apr 2025,https://www.youtube.com/watch?v=9NSdpFuOyQI,Found,16 May 2025,21:32,https://www.youtube.com/watch?v=n3BiT6B1ng0,https://www.youtube.com/watch?v=v_ELX8awWPs
4381,Gogi Needs More Money | Taarak Mehta Ka Ooltah Chashmah | Full Episode 4381 | 25 Apr 2025,https://www.youtube.com/watch?v=aHrVfSaY9_w,Found,17 May 2025,21:07,https://www.youtube.com/watch?v=rG097IENzi8,https://www.youtube.com/watch?v=9xZbsMfD4N8
4382,Gogi Ka Online Course | Taarak Mehta Ka Ooltah Chashmah | Full Episode 4382 | 26 Apr 2025,https://www.youtube.com/watch?v=0k8PrxGq4KY,Found,18 May 2025,20:43,https://www.youtube.com/watch?v=u2-x9ySCvx8,https://www.youtube.com/watch?v=AbGJwGs_kQo
4383,Gogi's Web Of Lies | Taarak Mehta Ka Ooltah Chashmah | Full Episode 4383 | 28 Apr 2025,https://www.youtube.com/watch?v=7Fb7k44bf5Y,Found,20 May 2025,20:41,https://www.youtube.com/watch?v=vlxwzqhXttQ,https://www.youtube.com/watch?v=PLmwR4MC7LI
4384,Gogi Ko Hua Loss | Taarak Mehta Ka Ooltah Chashmah | Full Episode 4384 | 29 Apr 2025,https://www.youtube.com/watch?v=6i8A6iaU4EU,Found,21 May 2025,21:05,https://www.youtube.com/watch?v=O9Fzihc8ST0,https://www.youtube.com/watch?v=6FyZf2vFij0
4385,Gogi In Big Trouble | Taarak Mehta Ka Ooltah Chashmah | Full Episode 4385 | 30 Apr 2025,https://www.youtube.com/watch?v=ysnFma-J_cU,Found,22 May 2025,20:44,,https://www.youtube.com/watch?v=WLtOm_dWoFk
4386,Gogi Kaha Hai? | Taarak Mehta Ka Ooltah Chashmah | Full Episode 4386 | 1 May 2025,https://www.youtube.com/watch?v=BdcONGw8ZAs,Found,23 May 2025,20:31,https://www.youtube.com/watch?v=c0CVWD89B9s,https://www.youtube.com/watch?v=HcV8K148jOg
4387,Gogi Ki Talash | Taarak Mehta Ka Ooltah Chashmah | Full Episode 4387 | 2 May 2025,https://www.youtube.com/watch?v=xJSC4w1A_TI,Found,24 May 2025,21:02,,https://www.youtube.com/watch?v=692RU8IB6WA
4388,Sodhi's Vow | Taarak Mehta Ka Ooltah Chashmah | Full Episode 4388 | 3 May 2025,https://www.youtube.com/watch?v=5fiJTV_tWSY,Found,25 May 2025,21:05,https://www.youtube.com/watch?v=PfNB8Ip9kfY,https://www.youtube.com/watch?v=G6WugvENekY
4389,Finding Gogi | Taarak Mehta Ka Ooltah Chashmah | Full Episode 4389 | 5 May 2025,https://www.youtube.com/watch?v=g2BIVXzDClg,Found,27 May 2025,19:55,,https://www.youtube.com/watch?v=7zhkSVMA0a8
4390,Gogi Comes Clean | Taarak Mehta Ka Ooltah Chashmah | Full Episode 4390 | 6 May 2025,https://www.youtube.com/watch?v=uLRGnWUOowc,Found,28 May 2025,17:36,https://www.youtube.com/watch?v=w7b-HXcmGeI,
4391,Bhide Pe Aarop | Taarak Mehta Ka Ooltah Chashmah | Full Episode 4391 | 7 May 2025,https://www.youtube.com/watch?v=u-t6TwwY6uU,Found,29 May 2025,22:10,,https://www.youtube.com/watch?v=GeIKv2me19c
4392,Bhide Ke Khilaaf Saboot | Taarak Mehta Ka Ooltah Chashmah | Full Episode 4392 | 8 May 2025,https://www.youtube.com/watch?v=v0y113VMq-E,Found,30 May 2025,21:10,,https://www.youtube.com/watch?v=VygxV8LxSO0
4393,Defective Samaan | Taarak Mehta Ka Ooltah Chashmah | Full Episode 4393 | 9 May 2025,https://www.youtube.com/watch?v=4EPjeVo-y28,Found,31 May 2025,19:13,,https://www.youtube.com/watch?v=DlFblJeqJ58
4394,Gokuldham Members Ko Laga Shock | Taarak Mehta Ka Ooltah Chashmah | Full Episode 4394 | 10 May 2025,https://www.youtube.com/watch?v=Ke6aaXB8sQY,Found,01 Jun 2025,19:59,,https://www.youtube.com/watch?v=qgzWqsF6Fj4
4395,Meter Ki Chaabi Kaha Hai? | Taarak Mehta Ka Ooltah Chashmah | Full Episode 4395 | 12 May 2025,https://www.youtube.com/watch?v=8I58xYuWTZE,Found,03 Jun 2025,20:25,,https://www.youtube.com/watch?v=DgnANTDZR6A
4396,Bhide Ki Galti | Taarak Mehta Ka Ooltah Chashmah | Full Episode 4396 | 13 May 2025,https://www.youtube.com/watch?v=NtW62kJqCzQ,Found,04 Jun 2025,21:21,https://www.youtube.com/watch?v=bV75glgOt78,https://www.youtube.com/watch?v=h0AFU-bNTqQ
4397,Bhootnaath Kidhar Hai? | Taarak Mehta Ka Ooltah Chashmah | Full Episode 4397 | 14 May 2025,https://www.youtube.com/watch?v=6Unsk2gjO7A,Found,05 Jun 2025,19:34,https://www.youtube.com/watch?v=ojgBBOAESyY,https://www.youtube.com/watch?v=lpDvAcLOJFM
4398,FULL EPISODE! 4398 - Sonu ne chakaya bhide ko Videshi Khana!  | Taarak Mehta Ka Ooltah Chashmah,https://www.youtube.com/watch?v=-qmHuJWP-Ec,Found,19 Jun 2025,20:46,https://www.youtube.com/watch?v=J8hrOaLPwh8,https://www.youtube.com/watch?v=X4oFy0xbBrs
4399,FULL EPISODE! 4399 - Bhide kyu darr raha hai popatlal se? | Taarak Mehta Ka Ooltah Chashmah,https://www.youtube.com/watch?v=Ox9T0qz9usA,Found,20 Jun 2025,22:26,https://www.youtube.com/watch?v=-GDg7dn1z2k,https://www.youtube.com/watch?v=yt57szl_tU4
4400,Naye Parivaar Ka Swagat | Taarak Mehta Ka Ooltah Chashmah | Full Episode 4400 | 17 May 2025,https://www.youtube.com/watch?v=LZxDZ36JaMc,Found,08 Jun 2025,19:32,,https://www.youtube.com/watch?v=ksLrS2cvKus
4401,Nakli Customer | Taarak Mehta Ka Ooltah Chashmah | Full Episode 4401 | 19 May 2025,https://www.youtube.com/watch?v=l1uu-MI17M0,Found,10 Jun 2025,19:45,https://www.youtube.com/watch?v=gbqH4jHXqSE,https://www.youtube.com/watch?v=JszUt6tWA44
4402,Himalaya Trip | Taarak Mehta Ka Ooltah Chashmah | Full Episode 4402 | 20 May 2025,https://www.youtube.com/watch?v=ZWPRDp545ZM,Found,11 Jun 2025,20:46,https://www.youtube.com/watch?v=dzepAcpT1XA,https://www.youtube.com/watch?v=-cFPyEauHXA
4403,Trip Ki Taiyyari | Taarak Mehta Ka Ooltah Chashmah | Full Episode 4403 | 21 May 2025,https://www.youtube.com/watch?v=4vfVfqqeRdI,Found,12 Jun 2025,19:33,,https://www.youtube.com/watch?v=lnztC9H14fY
4404,Paiso Ki Baarish | Taarak Mehta Ka Ooltah Chashmah | Full Episode 4404 | 22 May 2025,https://www.youtube.com/watch?v=fz8VDCc8Pdo,Found,13 Jun 2025,21:44,https://www.youtube.com/watch?v=mfOQwbhDXHY,https://www.youtube.com/watch?v=ocA12fN5xg0
4405,Taarak Runs Late | Taarak Mehta Ka Ooltah Chashmah | Full Episode 4405 | 23 May 2025,https://www.youtube.com/watch?v=4rFhFWb13go,Found,14 Jun 2025,21:04,https://www.youtube.com/watch?v=t2ZqOsxeP3I,https://www.youtube.com/watch?v=LMnIVHS1sC4
4406,Taarak Invests Money | Taarak Mehta Ka Ooltah Chashmah | Full Episode 4406 | 24 May 2025,https://www.youtube.com/watch?v=_6xqd3Bs7pY,Found,15 Jun 2025,21:26,https://www.youtube.com/watch?v=r2IDjSfBhUQ,https://www.youtube.com/watch?v=LfPGNs44_tU
4407,Gokuldham Colony Invests Money | Taarak Mehta Ka Ooltah Chashmah | Full Episode 4407 | 26 May 2025,https://www.youtube.com/watch?v=XOPF_LOngNM,Found,17 Jun 2025,21:33,https://www.youtube.com/watch?v=iwy63PDRxgU,https://www.youtube.com/watch?v=tkKaRqV13a0
4408,Investment Ki Chinta | Taarak Mehta Ka Ooltah Chashmah | Full Episode 4408 | 27 May 2025,https://www.youtube.com/watch?v=raz_tFQabNk,Found,18 Jun 2025,19:59,,https://www.youtube.com/watch?v=6ACLUmKWung
4409,Investment Meeting | Taarak Mehta Ka Ooltah Chashmah | Full Episode 4409 | 28 May 2025,https://www.youtube.com/watch?v=nf3TYSxFyrM,Found,19 Jun 2025,20:22,https://www.youtube.com/watch?v=zUBDwELtp8M,https://www.youtube.com/watch?v=QhlQ_PRH7sM
4410,Bumper Munafa Fund | Taarak Mehta Ka Ooltah Chashmah | Full Episode 4410 | 29 May 2025,https://www.youtube.com/watch?v=QC5-R_ybNZo,Found,20 Jun 2025,19:32,,https://www.youtube.com/watch?v=Nc1EqnaFIjI
4411,Investment Ki Excitement | Taarak Mehta Ka Ooltah Chashmah | Full Episode 4411 | 30 May 2025,https://www.youtube.com/watch?v=1jS8PFqRWsE,Found,21 Jun 2025,20:44,https://www.youtube.com/watch?v=heiaaDXoN0Y,https://www.youtube.com/watch?v=23X0PmtAua4
4412,Paiso Ki Baarish Group Mein Error| Taarak Mehta Ka Ooltah Chashmah | Full Episode 4412 | 31 May 2025,https://www.youtube.com/watch?v=E49r4SPSvIo,Found,22 Jun 2025,20:53,https://www.youtube.com/watch?v=4HEW9n503G8,https://www.youtube.com/watch?v=AH5IW7JmrbQ
4413,Gokuldham Mein Fraud | Taarak Mehta Ka Ooltah Chashmah | Full Episode 4413 | 2 June 2025,https://www.youtube.com/watch?v=fyGB6MBU1aE,Found,24 Jun 2025,20:42,https://www.youtube.com/watch?v=rCndUZth_4g,https://www.youtube.com/watch?v=7tzNmFcMhMU
4414,Cyber Dhokha | Taarak Mehta Ka Ooltah Chashmah | Full Episode 4414 | 3 June 2025,https://www.youtube.com/watch?v=tMltDXj2WMk,Found,25 Jun 2025,20:52,https://www.youtube.com/watch?v=j8OSEfvoGnQ,https://www.youtube.com/watch?v=L_zp-OwJLT8
4415,FULL EPISODE! 4415 - Kya Popatlal Hai Scam Ka Mastermind?! |  Taarak Mehta Ka Ooltah Chashmah,https://www.youtube.com/watch?v=P29nBJrv76I,Found,09 Jul 2025,20:36,https://www.youtube.com/watch?v=DbK9cVUSdb4,https://www.youtube.com/watch?v=A-GpA3xJqDY
4416,FULL EPISODE! 4416 - Popatlal Ne Lakho Ka Nuksan Hone Se Bachaya! |  Taarak Mehta Ka Ooltah Chashmah,https://www.youtube.com/watch?v=21DGRxwRdWw,Found,10 Jul 2025,20:42,https://www.youtube.com/watch?v=kDbHPMf-F5o,https://www.youtube.com/watch?v=6loFBNtPpnM
4417,Popatlal In Dhumtara | Taarak Mehta Ka Ooltah Chashmah | Full Episode 4417 | 6 June 2025,https://www.youtube.com/watch?v=4kGyi5puKaw,Found,28 Jun 2025,20:10,,https://www.youtube.com/watch?v=gIlPJGUia80
4418,FULL EPISODE! 4418 - Popatlal Ne Bachayi Taarak Ki Naukri! |  Taarak Mehta Ka Ooltah Chashmah,https://www.youtube.com/watch?v=ZfFGRmP722o,Found,12 Jul 2025,20:43,https://www.youtube.com/watch?v=nJo2VTa15rY,https://www.youtube.com/watch?v=T244DldIlWg
4419,Popatlal Ko Mila Award | Taarak Mehta Ka Ooltah Chashmah | Full Episode 4419 | 9 June 2025,https://www.youtube.com/watch?v=rHh4RAVco3M,Found,01 Jul 2025,20:25,https://www.youtube.com/watch?v=95rwD8_tSkg,https://www.youtube.com/watch?v=Y3xlJkPsmOA
4420,Taarak's Leave Application | Taarak Mehta Ka Ooltah Chashmah | Full Episode 4420 | 10 June 2025,https://www.youtube.com/watch?v=kioQRlaQl54,Found,02 Jul 2025,20:28,,https://www.youtube.com/watch?v=6e-2yJ6wrF0
4421,Boss Se Mulaqat | Taarak Mehta Ka Ooltah Chashmah | Full Episode 4421 | 11 June 2025,https://www.youtube.com/watch?v=xF5BsakjuQo,Found,03 Jul 2025,20:08,https://www.youtube.com/watch?v=uq4f8p8XDso,https://www.youtube.com/watch?v=nKzbSu7YZBs
4422,Bungalow Mein Picnic | Taarak Mehta Ka Ooltah Chashmah | Full Episode 4422 | 12 June 2025,https://www.youtube.com/watch?v=R81QBqdlakU,Found,04 Jul 2025,20:07,https://www.youtube.com/watch?v=BldgB8RQ9u4,https://www.youtube.com/watch?v=EtOMepGvJls
4423,Picnic Ki Taiyyari | Taarak Mehta Ka Ooltah Chashmah | Full Episode 4423 | 13 June 2025,https://www.youtube.com/watch?v=c7V1pm-fTSc,Found,05 Jul 2025,21:21,,https://www.youtube.com/watch?v=qJSMmirVvgU
4424,Gokuldham Waalo Ki Picnic | Taarak Mehta Ka Ooltah Chashmah | Full Episode 4424 | 14 June 2025,https://www.youtube.com/watch?v=zkgpRUolPlE,Found,06 Jul 2025,21:15,,https://www.youtube.com/watch?v=2fRua6ozDMc
4425,Bus Mein Masti | Taarak Mehta Ka Ooltah Chashmah | Full Episode 4425 | 16 June 2025,https://www.youtube.com/watch?v=4sIAvyaCKlA,Found,08 Jul 2025,20:59,,https://www.youtube.com/watch?v=hdjckvt8mqk
4426,Bhoot Bangle Mein Picnic | Taarak Mehta Ka Ooltah Chashmah | Full Episode 4426 | 17 June 2025,https://www.youtube.com/watch?v=9GyKRrFkemM,Found,09 Jul 2025,20:52,https://www.youtube.com/watch?v=3HLE_xdixRE,https://www.youtube.com/watch?v=kvA07w8tpI8
4427,Masti Ka Mood On | Taarak Mehta Ka Ooltah Chashmah | Full Episode 4427 | 18 June 2025,https://www.youtube.com/watch?v=QaxYUW73wbM,Found,10 Jul 2025,19:30,https://www.youtube.com/watch?v=z-1CKJABDxU,https://www.youtube.com/watch?v=MPQJniyVrrE
4428,Chakori Se Mulaqat | Taarak Mehta Ka Ooltah Chashmah | Full Episode 4428 | 19 June 2025,https://www.youtube.com/watch?v=IHvU13nhdLU,Found,11 Jul 2025,20:25,,https://www.youtube.com/watch?v=8e0EU9c_Dlw
4429,Raat ka Intezaar | Taarak Mehta Ka Ooltah Chashmah | Full Episode 4429 | 20 June 2025,https://www.youtube.com/watch?v=n_mzomFpvrc,Found,12 Jul 2025,19:19,https://www.youtube.com/watch?v=CwMcj5i5cBw,https://www.youtube.com/watch?v=-SwlxBjBaSw
4430,Bhide Ka Darr | Taarak Mehta Ka Ooltah Chashmah | Full Episode 4430 | 21 June 2025,https://www.youtube.com/watch?v=OORW4U_PNGE,Found,13 Jul 2025,20:19,https://www.youtube.com/watch?v=1Lm1BCkpPao,https://www.youtube.com/watch?v=TPWDfHu7UuI
4431,Popatlal And Chakori's Friendship |Taarak Mehta Ka Ooltah Chashmah |Full Episode 4431 | 23 June 2025,https://www.youtube.com/watch?v=qhIntrQbQlE,Found,15 Jul 2025,19:31,https://www.youtube.com/watch?v=KvXZqoRJeDA,https://www.youtube.com/watch?v=KwSAs8TlHRw
4432,Last Day In The Bungalow | Taarak Mehta Ka Ooltah Chashmah | Full Episode 4432 | 24 June 2025,https://www.youtube.com/watch?v=lhJPp3ipKWE,Found,16 Jul 2025,21:56,,https://www.youtube.com/watch?v=gZ5RPCWm7nY
4433,Bungalow Mein Party Sharty | Taarak Mehta Ka Ooltah Chashmah | Full Episode 4433 | 25 June 2025,https://www.youtube.com/watch?v=SuUS6Q8uVhM,Found,17 Jul 2025,21:57,,https://www.youtube.com/watch?v=UPcXVBI2ro4
4434,Chakori Ke Saamne Bhide | Taarak Mehta Ka Ooltah Chashmah | Full Episode 4434 | 26 June 2025,https://www.youtube.com/watch?v=-54jGvFEu2E,Found,18 Jul 2025,21:20,https://www.youtube.com/watch?v=MA5XfhbJP4w,https://www.youtube.com/watch?v=GTbkAqXRUSQ
4435,Bhootiya Raat | Taarak Mehta Ka Ooltah Chashmah | Full Episode 4435 | 27 June 2025,https://www.youtube.com/watch?v=GJjbm1TFwug,Found,19 Jul 2025,22:12,https://www.youtube.com/watch?v=VGWpRuGRl-0,https://www.youtube.com/watch?v=AUth7HiNKEw
4436,Popatlal's Plan To Meet Chakori | Taarak Mehta Ka Ooltah Chashmah | Full Episode 4436 | 28 June 2025,https://www.youtube.com/watch?v=a7O4YmU9kWI,Found,20 Jul 2025,20:51,https://www.youtube.com/watch?v=1jIYkbsMd1s,https://www.youtube.com/watch?v=B2rCEuxSVR8
4437,Chakori Se Hua Pyaar | Taarak Mehta Ka Ooltah Chashmah | Full Episode 4437 | 30 June 2025,https://www.youtube.com/watch?v=ElznaI0N7Xw,Found,22 Jul 2025,19:37,,https://www.youtube.com/watch?v=-k_f9L6Fmb0
4438,Pyaar Mein Lattu Popatlal | Taarak Mehta Ka Ooltah Chashmah | Full Episode 4438 | 1 July 2025,https://www.youtube.com/watch?v=koOFt7rbbE0,Found,23 Jul 2025,19:45,https://www.youtube.com/watch?v=S8EDUgGF54c,https://www.youtube.com/watch?v=78rj4zUzaP4
4439,Bhide's Spooky Night | Taarak Mehta Ka Ooltah Chashmah | Full Episode 4439 | 2 July 2025,https://www.youtube.com/watch?v=V73YfSSYOoQ,Found,24 Jul 2025,20:37,https://www.youtube.com/watch?v=PItHEzSDWwA,https://www.youtube.com/watch?v=ftoE9O2_ggo
4440,FULL EPISODE! 4440 - Popatlal ka Toota Dil?! | Taarak Mehta Ka Ooltah Chashmah,https://www.youtube.com/watch?v=8F9EScF1kkY,Found,07 Aug 2025,22:31,https://www.youtube.com/watch?v=HZmtGYYjYI8,https://www.youtube.com/watch?v=zS5qzWLRYl4
4441,Bangle Mein Fase Gokuldham Wale | Taarak Mehta Ka Ooltah Chashmah | Full Episode 4441 | 4 July 2025,https://www.youtube.com/watch?v=02UmQiWjjdY,Found,26 Jul 2025,22:59,https://www.youtube.com/watch?v=KTUfGtQ_iNY,https://www.youtube.com/watch?v=oxMMg6GslSY
4442,Gokuldham Residents Get Stuck | Taarak Mehta Ka Ooltah Chashmah | Full Episode 4442 | 5 July 2025,https://www.youtube.com/watch?v=3LDCXaHdatw,Found,27 Jul 2025,21:45,,https://www.youtube.com/watch?v=eMhWtVB1xaM
4443,Chakori Ka Saamna | Taarak Mehta Ka Ooltah Chashmah | Full Episode 4443 | 7 July 2025,https://www.youtube.com/watch?v=3LuL1DtLETI,Found,29 Jul 2025,22:37,,https://www.youtube.com/watch?v=9qTFCUK4XD8
4444,Chakori Ki Chetavni | Taarak Mehta Ka Ooltah Chashmah | Full Episode 4444 | 8 July 2025,https://www.youtube.com/watch?v=7RyUsOZfWRE,Found,30 Jul 2025,22:12,,https://www.youtube.com/watch?v=-ZPBtUx6y4Y
4445,Will Popatlal Marry Chakori? | Taarak Mehta Ka Ooltah Chashmah | Full Episode 4445 | 9 July 2025,https://www.youtube.com/watch?v=AsBzt2kb0eI,Found,15 Aug 2025,20:53,https://www.youtube.com/watch?v=qKHXM3A1Wrg,https://www.youtube.com/watch?v=ImHXDoiB3dw
4446,Chakori Ki Asliyat | Taarak Mehta Ka Ooltah Chashmah | Full Episode 4446 | 10 July 2025,https://www.youtube.com/watch?v=-0dMDJplS3s,Found,01 Aug 2025,21:32,https://www.youtube.com/watch?v=WJ_urv4u7W4,https://www.youtube.com/watch?v=WniwMGaNSv4
4447,Chakori Ka Khel Khatam | Taarak Mehta Ka Ooltah Chashmah | Full Episode 4447 | 11 July 2025,https://www.youtube.com/watch?v=4y_WkmQ1hKE,Found,02 Aug 2025,20:11,,https://www.youtube.com/watch?v=geHQezlxmXE
4448,The Real Culprit | Taarak Mehta Ka Ooltah Chashmah | Full Episode 4448 | 12 July 2025,https://www.youtube.com/watch?v=lk8CjOs0LNE,Found,03 Aug 2025,20:38,https://www.youtube.com/watch?v=sDB5fg378OA,https://www.youtube.com/watch?v=SMoiJAv2Vu4
4449,Jethalal Returns From His Trip | Taarak Mehta Ka Ooltah Chashmah | Full Episode 4449 | 14 July 2025,https://www.youtube.com/watch?v=thKMyRQKmHg,Found,05 Aug 2025,21:48,https://www.youtube.com/watch?v=V3cnvpsRD3o,https://www.youtube.com/watch?v=_adAt2DgULg
4450,FULL EPISODE! 4450 - Akhir kon Rehne Aaya Verma Ji ke ghar? | Taarak Mehta Ka Ooltah Chashmah,https://www.youtube.com/watch?v=OhKMBdv4J70,Found,19 Aug 2025,21:51,https://www.youtube.com/watch?v=fkrM2yt_8Fs,https://www.youtube.com/watch?v=AMPuAr18yMw
4451,Bawri Bani Customer | Taarak Mehta Ka Ooltah Chashmah | Full Episode 4451 | 16 July 2025,https://www.youtube.com/watch?v=Kebmr0MHl1o,Found,07 Aug 2025,21:21,,https://www.youtube.com/watch?v=OfmYLSrjJPg
4452,Payment Mein Gadbadi | Taarak Mehta Ka Ooltah Chashmah | Full Episode 4452 | 17 July 2025,https://www.youtube.com/watch?v=P7HvQuK4GSE,Found,08 Aug 2025,22:15,,https://www.youtube.com/watch?v=8IjuB-OPIP4
4453,Pachchis Lakh Ki Galti | Taarak Mehta Ka Ooltah Chashmah | Full Episode 4453 | 18 July 2025,https://www.youtube.com/watch?v=PjoQVQRUD9Y,Found,09 Aug 2025,21:51,,https://www.youtube.com/watch?v=Stlrk_-9eVU
4454,Jethalal Ke Atke Hue Payments | Taarak Mehta Ka Ooltah Chashmah | Full Episode 4454 | 19 July 2025,https://www.youtube.com/watch?v=FceFIUgPpDk,Found,10 Aug 2025,20:40,,https://www.youtube.com/watch?v=ZguujWaic58
4455,Tension Mein Jethalal | Taarak Mehta Ka Ooltah Chashmah | Full Episode 4455 | 21 July 2025,https://www.youtube.com/watch?v=Ga82v-Yghvw,Found,12 Aug 2025,20:49,,
4456,Asli Parivaar | Taarak Mehta Ka Ooltah Chashmah | Full Episode 4456 | 22 July 2025,https://www.youtube.com/watch?v=GWjCPXMLRvE,Found,13 Aug 2025,19:52,,https://www.youtube.com/watch?v=4FXEMNFy6o4
4457,Paiso Ka Bandobast | Taarak Mehta Ka Ooltah Chashmah | Full Episode 4457 | 23 July 2025,https://www.youtube.com/watch?v=co3aLS5AHQQ,Found,14 Aug 2025,20:23,,https://www.youtube.com/watch?v=knCVjnrptUQ
4458,Jethalal Wants His Money Back | Taarak Mehta Ka Ooltah Chashmah | Full Episode 4458 | 24 July 2025,https://www.youtube.com/watch?v=zcvVyia7ylY,Found,15 Aug 2025,21:38,https://www.youtube.com/watch?v=l-w3jmEJ6O4,
4459,Jethalal Mila Wakeel Se | Taarak Mehta Ka Ooltah Chashmah | Full Episode 4459 | 25 July 2025,https://www.youtube.com/watch?v=x2jwAim1RxY,Found,16 Aug 2025,21:34,https://www.youtube.com/watch?v=yf1cyDvOvhI,https://www.youtube.com/watch?v=BJx6xtmoTx8
4460,Jethalal Feels Helpless | Taarak Mehta Ka Ooltah Chashmah | Full Episode 4460 | 26 July 2025,https://www.youtube.com/watch?v=-xDIE_lt05g,Found,17 Aug 2025,23:12,,https://www.youtube.com/watch?v=Q4M8VbBld1k
4461,Celebrating 17 Years | Taarak Mehta Ka Ooltah Chashmah | Full Episode 4461 | 28 July 2025,https://www.youtube.com/watch?v=7KLIHdeorDc,Found,19 Aug 2025,18:16,https://www.youtube.com/watch?v=cRiZvW-Sf_k,
4462,Paiso Ki Firauti | Taarak Mehta Ka Ooltah Chashmah | Full Episode 4462 | 29 July 2025,https://www.youtube.com/watch?v=wgYYsZcazm8,Found,20 Aug 2025,18:29,https://www.youtube.com/watch?v=muiafe3fOPM,https://www.youtube.com/watch?v=1ZnahD9XcZ4
4463,Mission Vasooli | Taarak Mehta Ka Ooltah Chashmah | Full Episode 4463 | 30 July 2025,https://www.youtube.com/watch?v=22epaO4TvIE,Found,21 Aug 2025,21:42,https://www.youtube.com/watch?v=EmNOGeevJ6w,https://www.youtube.com/watch?v=v5NVcXHZSxM
4464,Nekchand Ko Mili Dhamki | Taarak Mehta Ka Ooltah Chashmah | Full Episode 4464 | 31 July 2025,https://www.youtube.com/watch?v=AqFx6b3fIr4,Found,22 Aug 2025,21:19,https://www.youtube.com/watch?v=yMQ750kiwF8,https://www.youtube.com/watch?v=PNflcRVCt20
4465,Musibat Mein Jethalal And Friends | Taarak Mehta Ka Ooltah Chashmah | Full Episode 4465 | 1 Aug 2025,https://www.youtube.com/watch?v=NKUJC4T1sJU,Found,23 Aug 2025,21:19,,
4466,Champaklal Aur Tapu Ki Koshish | Taarak Mehta Ka Ooltah Chashmah | Full Episode 4466 | 2 Aug 2025,https://www.youtube.com/watch?v=cDFCE0BZN7k,Found,24 Aug 2025,21:36,,https://www.youtube.com/watch?v=umy3DhMzhk0
4467,Tapu Ka Naya Idea | Taarak Mehta Ka Ooltah Chashmah | Full Episode 4467 | 4 Aug 2025,https://www.youtube.com/watch?v=KFUCElZw7EA,Found,26 Aug 2025,20:46,,https://www.youtube.com/watch?v=hiYORvLP9P4
4468,Trapping Nekchand | Taarak Mehta Ka Ooltah Chashmah | Full Episode 4468 | 5 Aug 2025,https://www.youtube.com/watch?v=UgZDylpSzmo,Found,27 Aug 2025,21:18,https://www.youtube.com/watch?v=4uYMtr2XXHk,https://www.youtube.com/watch?v=UH1v4Ej_ZQM
4469,Jaal Mein Fasa Nekchand | Taarak Mehta Ka Ooltah Chashmah | Full Episode 4469 | 6 Aug 2025,https://www.youtube.com/watch?v=1t0NG2JvQUg,Found,28 Aug 2025,20:39,,https://www.youtube.com/watch?v=_3WO98bLtmI
4470,Popatlal Bana Pyarelal | Taarak Mehta Ka Ooltah Chashmah | Full Episode 4470 | 7 Aug 2025,https://www.youtube.com/watch?v=hBCwYgPYpm4,Found,29 Aug 2025,22:11,,https://www.youtube.com/watch?v=tdORdFXaUUo
4471,Token Ke Liye Taiyyar Nekchand | Taarak Mehta Ka Ooltah Chashmah | Full Episode 4471 | 8 Aug 2025,https://www.youtube.com/watch?v=e4XSGnocy2Q,Found,30 Aug 2025,20:23,,https://www.youtube.com/watch?v=ZlFUJky7Gw4
4472,Nekchand Aaya Gokuldham | Taarak Mehta Ka Ooltah Chashmah | Full Episode 4472 | 9 Aug 2025,https://www.youtube.com/watch?v=BDyD9M_oT1M,Found,31 Aug 2025,19:32,,https://www.youtube.com/watch?v=SH_g1AuKAzk
4473,Nekchand Ko Mila Sabak | Taarak Mehta Ka Ooltah Chashmah | Full Episode 4473 | 11 Aug 2025,https://www.youtube.com/watch?v=8jbD1KkT5W4,Found,02 Sep 2025,20:41,,https://www.youtube.com/watch?v=vSmLVzOClck
4474,Nekchand Ko Lautaye Paise | Taarak Mehta Ka Ooltah Chashmah | Full Episode 4474 | 12 Aug 2025,https://www.youtube.com/watch?v=B3zfceqrDLo,Found,03 Sep 2025,22:08,,https://www.youtube.com/watch?v=9brBZJkjLUs
4475,Naye Neighbours Ka Intezaar | Taarak Mehta Ka Ooltah Chashmah | Full Episode 4475 | 13 Aug 2025,https://www.youtube.com/watch?v=CXcGu5q3w0s,Found,04 Sep 2025,19:34,,https://www.youtube.com/watch?v=L7BP-8alnOA
4476,Bhootnath Ka Badla | Taarak Mehta Ka Ooltah Chashmah | Full Episode 4476 | 14 Aug 2025,https://www.youtube.com/watch?v=ZRzffNVRTNM,Found,05 Sep 2025,21:46,https://www.youtube.com/watch?v=n9ovVu7MUM0,https://www.youtube.com/watch?v=NXdPUeDNbdk
4477,Kab Aayenge Naye Padosi? | Taarak Mehta Ka Ooltah Chashmah | Full Episode 4477 | 15 Aug 2025,https://www.youtube.com/watch?v=r3-pAS87JOQ,Found,06 Sep 2025,20:05,,https://www.youtube.com/watch?v=qvndJ-X6Z9I
4478,Naye Parivar Ka Tempo | Taarak Mehta Ka Ooltah Chashmah | Full Episode 4478 | 16 Aug 2025,https://www.youtube.com/watch?v=v32WUMDOGgI,Found,07 Sep 2025,21:06,https://www.youtube.com/watch?v=m2rJ0mtljao,https://www.youtube.com/watch?v=nGLG1OzQXow
4479,Naye Parivaar Ka Swagat | Taarak Mehta Ka Ooltah Chashmah | Full Episode 4479 | 18 Aug 2025,https://www.youtube.com/watch?v=ZmRcqUo-VRw,Found,09 Sep 2025,21:08,,https://www.youtube.com/watch?v=bCLszTJuWb0
4480,New Family Arrives At Gokuldham | Taarak Mehta Ka Ooltah Chashmah | Full Episode 4480 | 19 Aug 2025,https://www.youtube.com/watch?v=HdPGKmIKRJ4,Found,19 Sep 2025,21:25,https://www.youtube.com/watch?v=seYCRs1tFwM,https://www.youtube.com/watch?v=W77L9XhPfaM
4481,Meet The Binjolas | Taarak Mehta Ka Ooltah Chashmah | Full Episode 4481 | 20 Aug 2025,https://www.youtube.com/watch?v=ph7__VK8LY4,Found,11 Sep 2025,20:39,,https://www.youtube.com/watch?v=Xr2eFB_f6Oc
4482,Tempo Ki Chori | Taarak Mehta Ka Ooltah Chashmah | Full Episode 4482 | 21 Aug 2025,https://www.youtube.com/watch?v=75QU18i037I,Found,12 Sep 2025,21:32,https://www.youtube.com/watch?v=Pi2mUVT8M-c,https://www.youtube.com/watch?v=HcWKf3NgAZ0
4483,Pandey Ji To The Rescue | Taarak Mehta Ka Ooltah Chashmah | Full Episode 4483 | 22 Aug 2025,https://www.youtube.com/watch?v=8BY3fpF7-UY,Found,13 Sep 2025,20:57,https://www.youtube.com/watch?v=aHaU6fW6kCI,https://www.youtube.com/watch?v=VoC013cyckI
4484,Bhide Is Blamed | Taarak Mehta Ka Ooltah Chashmah | Full Episode 4484 | 23 Aug 2025,https://www.youtube.com/watch?v=mTD-Kq7gF1U,Found,14 Sep 2025,21:31,https://www.youtube.com/watch?v=2DAsmrplHq8,https://www.youtube.com/watch?v=4Xyebf_VnNY
4485,Bhide Se Poochtach | Taarak Mehta Ka Ooltah Chashmah | Full Episode 4485 | 25 Aug 2025,https://www.youtube.com/watch?v=ggM9z6cPptQ,Found,16 Sep 2025,21:05,https://www.youtube.com/watch?v=KoqoesXNcCo,https://www.youtube.com/watch?v=jQha83vJejA
4486,Tempo Ki Khoj | Taarak Mehta Ka Ooltah Chashmah | Full Episode 4486 | 26 Aug 2025,https://www.youtube.com/watch?v=P-I3eKgSS7Y,Found,17 Sep 2025,20:56,https://www.youtube.com/watch?v=B3dKF0jffBI,https://www.youtube.com/watch?v=yl-TcOQEcsI
4487,Ek Tempo Do Number | Taarak Mehta Ka Ooltah Chashmah | Full Episode 4487 | 27 Aug 2025,https://www.youtube.com/watch?v=HtXrnuo3U3g,Found,18 Sep 2025,21:13,,https://www.youtube.com/watch?v=-OEri5av8Ss
4488,Tempo Chor Faraar | Taarak Mehta Ka Ooltah Chashmah | Full Episode 4488 | 28 Aug 2025,https://www.youtube.com/watch?v=NSX_EkGBoPc,Found,19 Sep 2025,20:35,https://www.youtube.com/watch?v=VzKOAYwIdhI,https://www.youtube.com/watch?v=plGEBFPI60Y
4489,Tempo Chor Ka Mila Pata | Taarak Mehta Ka Ooltah Chashmah | Full Episode 4489 | 29 Aug 2025,https://www.youtube.com/watch?v=snwXf6xLl_o,Found,20 Sep 2025,21:20,https://www.youtube.com/watch?v=ykOARfn8kMI,https://www.youtube.com/watch?v=aocuD-n9SoM
4490,Sodhi Ka Smart Mechanic | Taarak Mehta Ka Ooltah Chashmah | Full Episode 4490 | 30 Aug 2025,https://www.youtube.com/watch?v=pqFu7nd7A-s,Found,21 Sep 2025,21:02,,https://www.youtube.com/watch?v=GEBiFIsrFHc
4491,Choro Ka Peecha | Taarak Mehta Ka Ooltah Chashmah | Full Episode 4491 | 1 Sept 2025,https://www.youtube.com/watch?v=vAiBGiaF68Q,Found,23 Sep 2025,27:08,,https://www.youtube.com/watch?v=C651Xy6YDZo
4492,Last Chance For The Binjolas | Taarak Mehta Ka Ooltah Chashmah | Full Episode 4492 | 2 Sept 2025,https://www.youtube.com/watch?v=8_bBMzGQMj4,Found,24 Sep 2025,26:45,https://www.youtube.com/watch?v=TdPkQeiu9WM,https://www.youtube.com/watch?v=7YUB-dGzcBQ
4493,Tapu Ne Lagaya Brilliant Idea | Taarak Mehta Ka Ooltah Chashmah | Full Episode 4493 | 3 Sept 2025,https://www.youtube.com/watch?v=2kvPPalK4YQ,Found,25 Sep 2025,27:03,https://www.youtube.com/watch?v=eo2FMYL5abQ,https://www.youtube.com/watch?v=BraLUPN0cHw
4494,Tempo Aane Ki Khushi | Taarak Mehta Ka Ooltah Chashmah | Full Episode 4494 | 4 Sept 2025,https://www.youtube.com/watch?v=lT_C-nq4PnM,Found,26 Sep 2025,27:08,https://www.youtube.com/watch?v=g3spnj7HUxw,https://www.youtube.com/watch?v=KbCVaUdWbso
4495,FULL EPISODE! 4495 - Gokuldhamvasi Ne diya Binjola Family Ko Tofa!| Taarak Mehta Ka Ooltah Chashmah,https://www.youtube.com/watch?v=DIscTIoy-C4,Found,10 Oct 2025,27:04,https://www.youtube.com/watch?v=M65_BJwXPpg,https://www.youtube.com/watch?v=MfiK5CFErk4
4496,FULL EPISODE! 4496 - Tapu Sena Ne Kiya Ganesh Chaturthi Ki Planning| Taarak Mehta Ka Ooltah Chashmah,https://www.youtube.com/watch?v=Ql7gRsRku1s,Found,11 Oct 2025,27:24,https://www.youtube.com/watch?v=2Kzu-7IHfAE,https://www.youtube.com/watch?v=GLOS0i3EUWY
4497,New Family's Request | Taarak Mehta Ka Ooltah Chashmah | Full Episode 4497 | 8 Sep 2025,https://www.youtube.com/watch?v=ny47Onw8tk8,Found,19 Sep 2025,21:50,https://www.youtube.com/watch?v=B9F_pztNpZE,https://www.youtube.com/watch?v=DBqo2widDRo
4498,FULL EPISODE! 4498 - Gokuldham me विराजमान hue Ganpati Bappa! | Taarak Mehta Ka Ooltah Chashmah,https://www.youtube.com/watch?v=Ubt2lXkD3RM,Found,14 Oct 2025,22:20,https://www.youtube.com/watch?v=uN9bh58DL40,https://www.youtube.com/watch?v=GorAsecPAb4
4499,Tapu Sena Ke Niyam | Taarak Mehta Ka Ooltah Chashmah | Full Episode 4499 | 10 Sept 2025,https://www.youtube.com/watch?v=FxIIeDc0imY,Found,02 Oct 2025,20:26,https://www.youtube.com/watch?v=KkufMJrewLo,https://www.youtube.com/watch?v=AAADl78y7zU
4500,Bachho Ki Zidd | Taarak Mehta Ka Ooltah Chashmah | Full Episode 4500 | 11 Sept 2025,https://www.youtube.com/watch?v=wn8cJSNLMSA,Found,03 Oct 2025,19:28,,https://www.youtube.com/watch?v=qGxz3pSNyS4
4501,Ratan Aur Rupa Ki Pareshani | Taarak Mehta Ka Ooltah Chashmah | Full Episode 4501 | 12 Sept 2025,https://www.youtube.com/watch?v=Ry13ib4DNbE,Found,04 Oct 2025,21:24,https://www.youtube.com/watch?v=0NH56Z5ev0Y,https://www.youtube.com/watch?v=JFBDpAZsPxA
4502,Champaklal Ki Koshish | Taarak Mehta Ka Ooltah Chashmah | Full Episode 4502 | 13 Sept 2025,https://www.youtube.com/watch?v=IQEpm6uClaw,Found,05 Oct 2025,19:51,https://www.youtube.com/watch?v=gTGtP-YOWDE,https://www.youtube.com/watch?v=Lyj753aOM6g
4503,FULL EPISODE! 4503 - Kya Kam Karega Tapu ka Idea! | Taarak Mehta Ka Ooltah Chashmah,https://www.youtube.com/watch?v=1_7QHzPkGC4,Found,20 Oct 2025,21:07,https://www.youtube.com/watch?v=ICU6Oap7KhM,https://www.youtube.com/watch?v=8e8NwP-FB2U
4504,FULL EPISODE! 4504 - Baccho ki Astha ka Sawal! | Taarak Mehta Ka Ooltah Chashmah,https://www.youtube.com/watch?v=YREc6e2MDKo,Found,21 Oct 2025,21:35,https://www.youtube.com/watch?v=Ki7M84T9xaM,
4505,Bappa Meets The Kids | Taarak Mehta Ka Ooltah Chashmah | Full Episode 4505 | 17 Sept 2025,https://www.youtube.com/watch?v=8L6-BrH2pC0,Found,09 Oct 2025,20:06,https://www.youtube.com/watch?v=s1uIEmqLwEU,https://www.youtube.com/watch?v=mxzey3d8pQA
4506,Prayers And Prasad | Taarak Mehta Ka Ooltah Chashmah | Full Episode 4506 | 18 Sept 2025,https://www.youtube.com/watch?v=0t-Sa4mtqFc,Found,10 Oct 2025,21:55,https://www.youtube.com/watch?v=4d3Eh_Z0I7k,https://www.youtube.com/watch?v=wUSfcSAJWdA
4507,Rangaram Karyakaram | Taarak Mehta Ka Ooltah Chashmah | Full Episode 4507 | 19 Sept 2025,https://www.youtube.com/watch?v=RSr5-ffZy1k,Found,11 Oct 2025,21:41,https://www.youtube.com/watch?v=DpHtKKzN0sE,https://www.youtube.com/watch?v=flqc9UJJ7aQ
4508,Tapu Sena Ki Performance | Taarak Mehta Ka Ooltah Chashmah | Full Episode 4508 | 20 Sept 2025,https://www.youtube.com/watch?v=ohgf0AsBcW4,Found,12 Oct 2025,21:59,https://www.youtube.com/watch?v=hCZeuh-V0Jw,https://www.youtube.com/watch?v=hvBbUQlajIM
4509,Surprise Birthday Plan For Pinku | Taarak Mehta Ka Ooltah Chashmah | Full Episode 4509 |22 Sept 2025,https://www.youtube.com/watch?v=OMfNRik-MBU,Found,14 Oct 2025,20:47,https://www.youtube.com/watch?v=p15o2A6BbNM,https://www.youtube.com/watch?v=eMCZr61OOb8
4510,Pinku Ka Birthday | Taarak Mehta Ka Ooltah Chashmah | Full Episode 4510 | 23 Sept 2025,https://www.youtube.com/watch?v=F2E5Bmb-EyA,Found,15 Oct 2025,20:23,https://www.youtube.com/watch?v=KQ1dZ-If8Oc,https://www.youtube.com/watch?v=k62z9GaMPUQ
4511,Kaha Hai Pinku? | Taarak Mehta Ka Ooltah Chashmah | Full Episode 4511 | 24 Sept 2025,https://www.youtube.com/watch?v=3jBca2ZZ1Q0,Found,16 Oct 2025,21:22,,https://www.youtube.com/watch?v=Bvf3fdrcINU
4512,Can Veer & Bansri Prank Jetha? | Taarak Mehta Ka Ooltah Chashmah | Full Episode 4512 | 25 Sep 2025,https://www.youtube.com/watch?v=ypn1MeO2GjA,Found,25 Sep 2025,20:59,https://www.youtube.com/watch?v=lWvrCFw1gno,https://www.youtube.com/watch?v=ZtKjY6MBq04
4513,Sonu's New Wall Paint | Taarak Mehta Ka Ooltah Chashmah | Full Episode 4513 | 26 Sept 2025,https://www.youtube.com/watch?v=y7YrG-2EKpE,Found,18 Oct 2025,19:37,,https://www.youtube.com/watch?v=UbqVDQjWweE
4514,Bhide Seeks Jethalal's Help | Taarak Mehta Ka Ooltah Chashmah | Full Episode 4514 | 27 Sept 2025,https://www.youtube.com/watch?v=g1DZPMKPlrk,Found,19 Oct 2025,21:19,,https://www.youtube.com/watch?v=ZkYbLT8sy5Q
4515,Bhide Ka Confidence | Taarak Mehta Ka Ooltah Chashmah | Full Episode 4515 | 29 Sept 2025,https://www.youtube.com/watch?v=P_5ufKEZhtg,Found,21 Oct 2025,21:08,,https://www.youtube.com/watch?v=X1Dquq4zxqk
4516,Bhide Looks For  A Painter | Taarak Mehta Ka Ooltah Chashmah | Full Episode 4516 | 30 Sept 2025,https://www.youtube.com/watch?v=3swCmfxFEAU,Found,22 Oct 2025,19:49,,https://www.youtube.com/watch?v=31YEn61g610
4517,Painter Arrives At Bhide's House | Taarak Mehta Ka Ooltah Chashmah | Full Episode 4517 | 1 Oct 2025,https://www.youtube.com/watch?v=-ZvtzbHy2CA,Found,23 Oct 2025,21:44,https://www.youtube.com/watch?v=HaI6WbJFPmo,https://www.youtube.com/watch?v=9URr5T7m9Qo
4518,Naya Painter | Taarak Mehta Ka Ooltah Chashmah | Full Episode 4518 | 2 Oct 2025,https://www.youtube.com/watch?v=-jVJiyvyiLc,Found,24 Oct 2025,18:57,,https://www.youtube.com/watch?v=alT_W3AKM3Q
4519,FULL EPISODE! 4519 - Taarak karenge bhide ke ghar paint?! | Taarak Mehta Ka Ooltah Chashmah,https://www.youtube.com/watch?v=JsSBqTneSAw,Found,07 Nov 2025,22:40,,https://www.youtube.com/watch?v=crxl7z9fzWY
4520,FULL EPISODE! 4520 - Kisne Kiya Sonu ke Room Ko Shandar paint?!| Taarak Mehta Ka Ooltah Chashmah,https://www.youtube.com/watch?v=3_70p7_s0J4,Found,08 Nov 2025,22:43,,https://www.youtube.com/watch?v=d9XI0zQ_LX0
4521,Gada Electronics Ki Nayi Scheme | Taarak Mehta Ka Ooltah Chashmah | Full Episode 4521 | 6 Oct 2025,https://www.youtube.com/watch?v=4RV67XrOI4I,Found,28 Oct 2025,21:10,https://www.youtube.com/watch?v=tfbJ7lVi2Cw,https://www.youtube.com/watch?v=tv22AFKqVIA
4522,FULL EPISODE! 4522 - Gokuldham me Shuru Hui Garba ki Tayari! | Taarak Mehta Ka Ooltah Chashmah,https://www.youtube.com/watch?v=hdMzL4yxd_k,Found,11 Nov 2025,22:20,https://www.youtube.com/watch?v=vuOJWKecNV4,https://www.youtube.com/watch?v=wVhCDAsUfDQ
4523,FULL EPISODE! 4523 - Roopa Aur Ratan Ka Surprise! | Taarak Mehta Ka Ooltah Chashmah,https://www.youtube.com/watch?v=skJarVx-QeE,Found,12 Nov 2025,22:24,https://www.youtube.com/watch?v=ZSpiuiBrZUg,https://www.youtube.com/watch?v=oDJs94lPFgs
4524,FULL EPISODE! 4524 - Gokuldham ke Garba me Aaya NayaTwist! | Taarak Mehta Ka Ooltah Chashmah,https://www.youtube.com/watch?v=RhiL9T8Qnbw,Found,13 Nov 2025,21:49,https://www.youtube.com/watch?v=RqE7ifc50Wk,https://www.youtube.com/watch?v=mGFTBrcvN6s
4525,FULL EPISODE! 4525 - Garba Competetion in Gouldham! | Taarak Mehta Ka Ooltah Chashmah,https://www.youtube.com/watch?v=UiYlNMgNfs8,Found,14 Nov 2025,22:47,,https://www.youtube.com/watch?v=Qv0kDSgnR5c
4526,FULL EPISODE! 4526 - Garba ka Mahamuqabala! | Taarak Mehta Ka Ooltah Chashmah,https://www.youtube.com/watch?v=8BVftBukD-o,Found,15 Nov 2025,22:54,https://www.youtube.com/watch?v=JwJqiBDymTw,https://www.youtube.com/watch?v=nUXLEkwgDl8
4527,Taarak Gets Scolded | Taarak Mehta Ka Ooltah Chashmah | Full Episode 4527 | 13 Oct 2025,https://www.youtube.com/watch?v=dFFK_hrTkOM,Found,04 Nov 2025,21:52,https://www.youtube.com/watch?v=OJdltR_90JE,https://www.youtube.com/watch?v=OOWxQ-rY0-A
4528,Taarak Ka Badhta Weight | Taarak Mehta Ka Ooltah Chashmah | Full Episode 4528 | 14 Oct 2025,https://www.youtube.com/watch?v=4nqov89gO2k,Found,05 Nov 2025,21:00,https://www.youtube.com/watch?v=WPMnaPah_Cc,https://www.youtube.com/watch?v=duMdNxzLl7A
4529,Taarak Ka Khaana | Taarak Mehta Ka Ooltah Chashmah | Full Episode 4529 | 15 Oct 2025,https://www.youtube.com/watch?v=BmhwZ0FTFn0,Found,06 Nov 2025,21:31,https://www.youtube.com/watch?v=ZN3mvNzFE4A,https://www.youtube.com/watch?v=gpVi-sQK3jA
4530,Taarak Ki Peedha | Taarak Mehta Ka Ooltah Chashmah | Full Episode 4530 | 16 Oct 2025,https://www.youtube.com/watch?v=RbN_mb9yOis,Found,07 Nov 2025,21:46,https://www.youtube.com/watch?v=az1lLWNVieM,https://www.youtube.com/watch?v=QED7QdPDeGw
4531,Sunday Funday For Taarak | Taarak Mehta Ka Ooltah Chashmah | Full Episode 4531 | 17 Oct 2025,https://www.youtube.com/watch?v=DwQ-gezraik,Found,08 Nov 2025,21:22,https://www.youtube.com/watch?v=NSMmszE7iZs,https://www.youtube.com/watch?v=YI9KOr98obY
4532,Mission Masaledaar | Taarak Mehta Ka Ooltah Chashmah | Full Episode 4532 | 18 Oct 2025,https://www.youtube.com/watch?v=t6nOQJytmT4,Found,09 Nov 2025,22:02,https://www.youtube.com/watch?v=VYaDN9hUhdg,https://www.youtube.com/watch?v=B4fOi_ibgUM
4533,Anjali Catches Hold Of Taarak | Taarak Mehta Ka Ooltah Chashmah | Full Episode 4533 | 20 Oct 2025,https://www.youtube.com/watch?v=QJzE2Rv354U,Found,11 Nov 2025,20:10,,https://www.youtube.com/watch?v=WsJlFz3kqRI
4534,Punishment For Taarak And Friends | Taarak Mehta Ka Ooltah Chashmah| Full Episode 4534 | 21 Oct 2025,https://www.youtube.com/watch?v=aSSFS_zc23s,Found,12 Nov 2025,21:14,https://www.youtube.com/watch?v=R5JCZEuqXtY,https://www.youtube.com/watch?v=vJM0_UvquZg
4535,Veer And Bansri Ki Shararat | Taarak Mehta Ka Ooltah Chashmah| Full Episode 4535 | 22 Oct 2025,https://www.youtube.com/watch?v=A4ALf6GnU2Q,Found,13 Nov 2025,21:43,,https://www.youtube.com/watch?v=YVcCa7E3Rag
4536,Popatlal Ke Ghar Ki Laxmi | Taarak Mehta Ka Ooltah Chashmah | Full Episode 4536 | 23 Oct 2025,https://www.youtube.com/watch?v=_FKweWjZ2EQ,Found,14 Nov 2025,20:26,,https://www.youtube.com/watch?v=Hdf0ozIKU68
4537,Laddoo Ka Box | Taarak Mehta Ka Ooltah Chashmah | Full Episode 4537 | 24 Oct 2025,https://www.youtube.com/watch?v=7jB89tOcUrU,Found,15 Nov 2025,20:04,https://www.youtube.com/watch?v=7DQZcbBOoVM,https://www.youtube.com/watch?v=QF5b-iKqnlg
4538,One Box Across The Society | Taarak Mehta Ka Ooltah Chashmah | Full Episode 4538 | 25 Oct 2025,https://www.youtube.com/watch?v=XPXThiCHoRo,Found,16 Nov 2025,21:15,https://www.youtube.com/watch?v=g2Tsuc5go6c,https://www.youtube.com/watch?v=vapChkpdbWc
4539,FULL EPISODE! 4539 - Popatlal ne Dikkhaye Jadoo! | Taarak Mehta Ka Ooltah Chashmah,https://www.youtube.com/watch?v=ypMg372rMzU,Found,01 Dec 2025,21:17,https://www.youtube.com/watch?v=oZex1W1uqwc,https://www.youtube.com/watch?v=xGAR-bihoVQ
4540,Binjola Parivaar Ki Meeting |Taarak Mehta Ka Ooltah Chashmah |Full Ep 4540 |28 Oct 2025| New Episode,https://www.youtube.com/watch?v=b7nxaAa8hKs,Found,19 Nov 2025,19:53,https://www.youtube.com/watch?v=woxYtlzBGZM,https://www.youtube.com/watch?v=g7EVhvXd29k
4541,Scooter Ka Naamkaran | Taarak Mehta Ka Ooltah Chashmah |Full Episode 4541 |29 Oct 2025 | New Episode,https://www.youtube.com/watch?v=XpvTseTOuw8,Found,20 Nov 2025,21:32,,https://www.youtube.com/watch?v=ypA7RQI7Q2g
4542,Feku Gada | Taarak Mehta Ka Ooltah Chashmah | Full Episode 4542 | 30 Oct 2025 | New Episode,https://www.youtube.com/watch?v=SQO4dK1PcSA,Found,21 Nov 2025,19:05,https://www.youtube.com/watch?v=cduKgmipHEk,https://www.youtube.com/watch?v=0VGmOOY2lV4
4543,Vridhashram Ka Cheque |Taarak Mehta Ka Ooltah Chashmah| Full Episode 4543| 31 Oct 2025 | New Episode,https://www.youtube.com/watch?v=qmKWQXLt6Ts,Found,22 Nov 2025,22:01,https://www.youtube.com/watch?v=dcu0fXI6ng0,https://www.youtube.com/watch?v=mU_ymjnUEaI
4544,Struggle To Get A Cheque | Taarak Mehta Ka Ooltah Chashmah | Full Ep 4544 | 1 Nov 2025 | New Episode,https://www.youtube.com/watch?v=FO-kXAtAcvc,Found,23 Nov 2025,21:34,https://www.youtube.com/watch?v=uG-29JKXp6g,https://www.youtube.com/watch?v=2y79skDeXpI
4545,Receipt Kaha Hai? | Taarak Mehta Ka Ooltah Chashmah | Full Episode 4545 | 3 Nov 2025,https://www.youtube.com/watch?v=PQela7UnYd8,Found,25 Nov 2025,22:01,https://www.youtube.com/watch?v=StBXrIyrDoQ,
4546,Finding The Receipt | Taarak Mehta Ka Ooltah Chashmah | Full Episode 4546 | 4 Nov 2025,https://www.youtube.com/watch?v=NdUPEAaX8j8,Found,26 Nov 2025,20:34,https://www.youtube.com/watch?v=fbuzOKKshjk,https://www.youtube.com/watch?v=OM4XRH4Vegg
4547,Jethalal Aur Taarak Ka Struggle | Taarak Mehta Ka Ooltah Chashmah | Full Episode 4547 | 5 Nov 2025,https://www.youtube.com/watch?v=CTKYrLCocqM,Found,27 Nov 2025,20:32,https://www.youtube.com/watch?v=4Xymod9yIZE,https://www.youtube.com/watch?v=4NrMwyHCRxs
4548,The Lost Receipt | Taarak Mehta Ka Ooltah Chashmah | Full Episode 4548 | 6 Nov 2025,https://www.youtube.com/watch?v=BQ4vwL4U1KE,Found,28 Nov 2025,20:48,https://www.youtube.com/watch?v=dLg-XX4Jt00,https://www.youtube.com/watch?v=vlSagFIiXOc
4549,Nakli Receipt | Taarak Mehta Ka Ooltah Chashmah | Full Episode 4549 | 7 Nov 2025,https://www.youtube.com/watch?v=pdGaWvNvmxc,Found,29 Nov 2025,20:30,https://www.youtube.com/watch?v=dMJD03I2oN0,https://www.youtube.com/watch?v=vAeX2Z5BsW4
4550,Jethalal Ki Chori Pakdi Gayi | Taarak Mehta Ka Ooltah Chashmah | Full Episode 4550 | 8 Nov 2025,https://www.youtube.com/watch?v=xLZTs8dA6vA,Found,30 Nov 2025,20:39,,https://www.youtube.com/watch?v=om5ma9d_pSU
4551,Champaklal Ne Sunai Saza | Taarak Mehta Ka Ooltah Chashmah | Full Episode 4551 | 10 Nov 2025,https://www.youtube.com/watch?v=JJGKLnybYQ4,Found,02 Dec 2025,20:25,https://www.youtube.com/watch?v=p1D8EdKie-k,https://www.youtube.com/watch?v=lxEhSd-pFc8
4552,Tapu & Goli Ka Zabardast Challenge|Taarak Mehta Ka Ooltah Chashmah | Full Episode 4552 | 11 Nov 2025,https://www.youtube.com/watch?v=6nSlNQ60iTM,Found,03 Dec 2025,19:13,https://www.youtube.com/watch?v=39MymdzL1J8,https://www.youtube.com/watch?v=0RMSNFd_3cI
4553,FULL EPISODE! 4553 - Mahila Mandal ne Khela Society me Cricket| Taarak Mehta Ka Ooltah Chashmah,https://www.youtube.com/watch?v=o0SpApeLdfI,Found,17 Dec 2025,22:24,https://www.youtube.com/watch?v=LHuJtXD792Y,https://www.youtube.com/watch?v=T7Alo3PFUnc
4554,Bhide Ka Gussa | Taarak Mehta Ka Ooltah Chashmah | Full Episode 4554 | 13 Nov 2025,https://www.youtube.com/watch?v=ZTF0J33przk,Found,05 Dec 2025,20:46,,https://www.youtube.com/watch?v=KGonXo5A1fs
4555,Bhide Fights With Jethalal | Taarak Mehta Ka Ooltah Chashmah | Full Episode 4555 | 14 Nov 2025,https://www.youtube.com/watch?v=y_MsnfFTo1c,Found,06 Dec 2025,20:34,,https://www.youtube.com/watch?v=aQhjYwuU7FQ
4556,Bhide And Jethalal's Story | Taarak Mehta Ka Ooltah Chashmah | Full Episode 4556 | 15 Nov 2025,https://www.youtube.com/watch?v=Y106eyWmeVo,Found,07 Dec 2025,20:07,,https://www.youtube.com/watch?v=hg1jxO8cfPU
4557,Iyer And Bhide Apologise | Taarak Mehta Ka Ooltah Chashmah | Full Episode 4557 | 17 Nov 2025,https://www.youtube.com/watch?v=brwVDiFcPuk,Found,09 Dec 2025,20:52,https://www.youtube.com/watch?v=Cy7394mDIco,https://www.youtube.com/watch?v=CFCxFf8jgDY
4558,Popatlal Runs After Bhide | Taarak Mehta Ka Ooltah Chashmah | Full Episode 4558 | 18 Nov 2025,https://www.youtube.com/watch?v=svVpIHaJO8E,Found,10 Dec 2025,20:48,https://www.youtube.com/watch?v=Gi_3OQGrjqU,https://www.youtube.com/watch?v=zdGPqCFs7Gg
4559,Abdul Ka Surprise | Taarak Mehta Ka Ooltah Chashmah | Full Episode 4559 | 19 Nov 2025,https://www.youtube.com/watch?v=5Gg5cRaRlpE,Found,11 Dec 2025,21:14,https://www.youtube.com/watch?v=RfcWFNSintI,https://www.youtube.com/watch?v=98sDU3abqYQ
4560,Abdul Ki Cycle | Taarak Mehta Ka Ooltah Chashmah | Full Episode 4560 | 20 Nov 2025,https://www.youtube.com/watch?v=n_pw4Amsmx8,Found,12 Dec 2025,21:10,,https://www.youtube.com/watch?v=2Tza1IW8060
4561,Chunnilal Ki Cycle | Taarak Mehta Ka Ooltah Chashmah | Full Episode 4561 | 21 Nov 2025,https://www.youtube.com/watch?v=nUGFWzuJBHo,Found,13 Dec 2025,20:16,https://www.youtube.com/watch?v=wSnT3-AQXiA,https://www.youtube.com/watch?v=csrfGBmhbW8
4562,Planning To Bring The Cycle | Taarak Mehta Ka Ooltah Chashmah | Full Episode 4562 | 22 Nov 2025,https://www.youtube.com/watch?v=IqRK345CZkw,Found,14 Dec 2025,20:51,https://www.youtube.com/watch?v=y8fOSFwBsVg,https://www.youtube.com/watch?v=A05OmP3Vsfs
4563,Anmol Cycle Anmol Daam | Taarak Mehta Ka Ooltah Chashmah | Full Episode 4563 | 24 Nov 2025,https://www.youtube.com/watch?v=4i6vFa2yrMA,Found,16 Dec 2025,21:20,https://www.youtube.com/watch?v=6pjElbYLn8g,
4564,Gadhe Ke Nishaan Waali Cycle | Taarak Mehta Ka Ooltah Chashmah | Full Episode 4564 | 25 Nov 2025,https://www.youtube.com/watch?v=Kum8Clbor5A,Found,17 Dec 2025,21:12,https://www.youtube.com/watch?v=E1NndpQmmhI,https://www.youtube.com/watch?v=nu_BQweeSxk
4565,Cycle Ka Raaz | Taarak Mehta Ka Ooltah Chashmah | Full Episode 4565 | 26 Nov 2025,https://www.youtube.com/watch?v=aQj91GCkjRw,Found,18 Dec 2025,18:16,https://www.youtube.com/watch?v=7eg14FW3-pc,https://www.youtube.com/watch?v=gmDRbYPGA08
4566,Cycle Ki Kundli | Taarak Mehta Ka Ooltah Chashmah | Full Episode 4566 | 27 Nov 2025,https://www.youtube.com/watch?v=DKx-eiSTKkg,Found,19 Dec 2025,21:41,,https://www.youtube.com/watch?v=u6S3vXDVAk8
4567,Rustom Ghantiwala Ka Inspection | Taarak Mehta Ka Ooltah Chashmah | Full Episode 4567 | 28 Nov 2025,https://www.youtube.com/watch?v=M1w3gwonSzk,Found,20 Dec 2025,20:41,https://www.youtube.com/watch?v=BxvBKsIix5A,https://www.youtube.com/watch?v=2CbH0fy8d8A
4568,Cycle Se Emotional Attachment | Taarak Mehta Ka Ooltah Chashmah | Full Episode 4568 | 29 Nov 2025,https://www.youtube.com/watch?v=kc9X8qjBjHQ,Found,21 Dec 2025,21:23,https://www.youtube.com/watch?v=s8kZrVVyHOY,https://www.youtube.com/watch?v=6x5gyuL2PUE
4569,Popatlal Ki Condition | Taarak Mehta Ka Ooltah Chashmah | Full Episode 4569 | 1 Dec 2025,https://www.youtube.com/watch?v=gCRn09_W5g0,Found,23 Dec 2025,21:03,https://www.youtube.com/watch?v=92hKqnDGFkM,https://www.youtube.com/watch?v=gZYfglxhOGo
4570,Protecting The Cycle | Taarak Mehta Ka Ooltah Chashmah | Full Episode 4570 | 2 Dec 2025,https://www.youtube.com/watch?v=sZ5fR8C31pM,Found,24 Dec 2025,20:57,https://www.youtube.com/watch?v=rPkmI3wVvnY,https://www.youtube.com/watch?v=Jpt054Uj-HM
4571,Cycle Ki Chori | Taarak Mehta Ka Ooltah Chashmah | Full Episode 4571 | 3 Dec 2025,https://www.youtube.com/watch?v=7FIMQFfkkpc,Found,25 Dec 2025,20:03,https://www.youtube.com/watch?v=wEkf6ik6F2k,https://www.youtube.com/watch?v=HERVhzua73A
4572,Abdul Ki Cycle Hui Chori | Taarak Mehta Ka Ooltah Chashmah | Full Episode 4572 | 4 Dec 2025,https://www.youtube.com/watch?v=5s-uPyI6QGo,Found,26 Dec 2025,20:54,https://www.youtube.com/watch?v=Tx8k0Gf_Es4,https://www.youtube.com/watch?v=5IIoI8eHPsE
4573,Tapu Sena Ki Smartness | Taarak Mehta Ka Ooltah Chashmah | Full Episode 4573 | 5 Dec 2025,https://www.youtube.com/watch?v=dCeMKpfzUmI,Found,27 Dec 2025,19:51,https://www.youtube.com/watch?v=DCVqFSr_jFk,https://www.youtube.com/watch?v=_cIY3OoXjAg
4574,Sone Ki Cycle | Taarak Mehta Ka Ooltah Chashmah | Full Episode 4574 | 6 Dec 2025,https://www.youtube.com/watch?v=QR9q7rjpMy0,Found,28 Dec 2025,20:40,,https://www.youtube.com/watch?v=NWBKNfzkOBI
4575,Abdul Bana Crorepati | Taarak Mehta Ka Ooltah Chashmah | Full Episode 4575 | 8 Dec 2025,https://www.youtube.com/watch?v=HngrO_FEr3Y,Found,30 Dec 2025,21:27,https://www.youtube.com/watch?v=IEFvE4ttPzM,https://www.youtube.com/watch?v=y0OSKUZ-YpA
4576,FULL EPISODE! 4576 - Chunnilal Ne De Diya Dhamki! | Taarak Mehta Ka Ooltah Chashmah,https://www.youtube.com/watch?v=yR1ZjBVV4LE,Found,13 Jan 2026,21:45,,https://www.youtube.com/watch?v=3Qo2gcCBK6E
4577,Abdul Gets Kidnapped | Taarak Mehta Ka Ooltah Chashmah | Full Episode 4577 | 10 Dec 2025,https://www.youtube.com/watch?v=l3znWIsS5Zk,Found,01 Jan 2026,21:30,https://www.youtube.com/watch?v=38JLioR0Srs,https://www.youtube.com/watch?v=QNa1Y60SfVk
4578,Abdul Held Hostage | Taarak Mehta Ka Ooltah Chashmah | Full Episode 4578 | 11 Dec 2025,https://www.youtube.com/watch?v=ibHjOzgGO5c,Found,02 Jan 2026,21:20,https://www.youtube.com/watch?v=-eTi5vwx3Bg,https://www.youtube.com/watch?v=iq1fk8E75AI
4579,Rescuing Abdul | Taarak Mehta Ka Ooltah Chashmah | Full Episode 4579 | 12 Dec 2025,https://www.youtube.com/watch?v=BXm11TxK4t0,Found,03 Jan 2026,21:12,,https://www.youtube.com/watch?v=B2ZAxeg_H3s
4580,Chunnilal Ka Foolproof Plan | Taarak Mehta Ka Ooltah Chashmah | Full Episode 4580 | 13 Dec 2025,https://www.youtube.com/watch?v=nEWdgh9krhg,Found,04 Jan 2026,19:04,,https://www.youtube.com/watch?v=BGBsKsl9228
4581,Abdul Aur Cycle Ki Adla Badli | Taarak Mehta Ka Ooltah Chashmah | Full Episode 4581 | 15 Dec 2025,https://www.youtube.com/watch?v=ZWZVLjPqB-s,Found,06 Jan 2026,21:47,,https://www.youtube.com/watch?v=PSh3fInOWJs
4582,Gokuldham Ka Teamwork | Taarak Mehta Ka Ooltah Chashmah | Full Episode 4582 | 16 Dec 2025,https://www.youtube.com/watch?v=GfsFDN3sEKw,Found,07 Jan 2026,20:49,https://www.youtube.com/watch?v=afMb19_4Pzk,https://www.youtube.com/watch?v=_7sbrFK6MLM
4583,Popatlal Ko Lagi Thand | Taarak Mehta Ka Ooltah Chashmah | Full Episode 4583 | 17 Dec 2025,https://www.youtube.com/watch?v=0GbPv_CfjmQ,Found,08 Jan 2026,20:29,,https://www.youtube.com/watch?v=ce8K-MIZEtc
4584,Importance Of Exercising | Taarak Mehta Ka Ooltah Chashmah | Full Episode 4584 | 18 Dec 2025,https://www.youtube.com/watch?v=4mdYNGVxq5o,Found,09 Jan 2026,22:00,,https://www.youtube.com/watch?v=3TrJXndULww
4585,Zumba Session For Champaklal | Taarak Mehta Ka Ooltah Chashmah | Full Episode 4585 | 19 Dec 2025,https://www.youtube.com/watch?v=q7LbLpS0aRA,Found,10 Jan 2026,19:10,https://www.youtube.com/watch?v=aqAxe1JPrpA,https://www.youtube.com/watch?v=PxlYES9C4LY
4586,Waiting For Champaklal | Taarak Mehta Ka Ooltah Chashmah | Full Episode 4586 | 20 Dec 2025,https://www.youtube.com/watch?v=ekaIUKb9Aa4,Found,11 Jan 2026,21:17,https://www.youtube.com/watch?v=qXhZaHcDQG0,https://www.youtube.com/watch?v=haMpBAOTJeY
4587,Searching For Champaklal | Taarak Mehta Ka Ooltah Chashmah | Full Episode 4587 | 22 Dec 2025,https://www.youtube.com/watch?v=TUOprTCZOA0,Found,13 Jan 2026,19:18,https://www.youtube.com/watch?v=sLkrh1-1jfo,https://www.youtube.com/watch?v=m8aSr89MQGc
4588,Champaklal Hue Gayab | Taarak Mehta Ka Ooltah Chashmah | Full Episode 4588 | 23 Dec 2025,https://www.youtube.com/watch?v=eTe3AwNXkFI,Found,14 Jan 2026,19:24,https://www.youtube.com/watch?v=vprVOOQ99Ak,https://www.youtube.com/watch?v=ezO0G6k4FrA
4589,Champaklal Chadhe Pedh Par | Taarak Mehta Ka Ooltah Chashmah | Full Episode 4589 | 24 Dec 2025,https://www.youtube.com/watch?v=hsnriYkbCdk,Found,15 Jan 2026,21:43,https://www.youtube.com/watch?v=pidgp0fD5uo,https://www.youtube.com/watch?v=X44m9EUv_mc
4590,Bapuji Ko Neeche Laane Ki Koshish |Taarak Mehta Ka Ooltah Chashmah | Full Episode 4590 | 25 Dec 2025,https://www.youtube.com/watch?v=UhAI4M4HwKk,Found,16 Jan 2026,20:38,https://www.youtube.com/watch?v=_hcIpqEtcDA,https://www.youtube.com/watch?v=N77Bc_tAdLQ
4591,Bagha To The Rescue | Taarak Mehta Ka Ooltah Chashmah | Full Episode 4591 | 26 Dec 2025,https://www.youtube.com/watch?v=4i19_QAtUEo,Found,17 Jan 2026,20:59,https://www.youtube.com/watch?v=KXLe9tUQI80,https://www.youtube.com/watch?v=E9Ru4qVfxWQ
4592,Snake Attack | Taarak Mehta Ka Ooltah Chashmah | Full Episode 4592 | 27 Dec 2025,https://www.youtube.com/watch?v=DHwSVVARZxg,Found,18 Jan 2026,19:51,https://www.youtube.com/watch?v=0VV96Jzx1ug,https://www.youtube.com/watch?v=PzRpDRIAIL8
4593,Bapuji Ko Kaise Bachaye? | Taarak Mehta Ka Ooltah Chashmah | Full Episode 4593 | 29 Dec 2025,https://www.youtube.com/watch?v=-Hxj3m962GY,Found,20 Jan 2026,19:51,,https://www.youtube.com/watch?v=Pl2jx0HeW10
4594,The Snake Charmer | Taarak Mehta Ka Ooltah Chashmah | Full Episode 4594 | 30 Dec 2025,https://www.youtube.com/watch?v=Jar8_Zd2Dbw,Found,21 Jan 2026,17:19,https://www.youtube.com/watch?v=mwKZ4mtUl3Q,https://www.youtube.com/watch?v=6ftGzmKR_b8
4595,Dadaji Ko Neeche Utaro Mission | Taarak Mehta Ka Ooltah Chashmah | Full Episode 4595 | 31 Dec 2025,https://www.youtube.com/watch?v=42Rn8D3IC2I,Found,22 Jan 2026,19:48,https://www.youtube.com/watch?v=DHSbqJxow80,https://www.youtube.com/watch?v=-aJ6bGDMjKY
4596,Another Trouble For Champaklal | Taarak Mehta Ka Ooltah Chashmah | Full Episode 4596 | 1 Jan 2026,https://www.youtube.com/watch?v=ZytgS4n3t9Y,Found,23 Jan 2026,23:07,https://www.youtube.com/watch?v=8pZg1HJsy-I,https://www.youtube.com/watch?v=d9aVJe-zZIM
4597,Yaadon Ka Pitara | Taarak Mehta Ka Ooltah Chashmah | Full Episode 4597 | 2 Jan 2026,https://www.youtube.com/watch?v=4-C78lBZJ3Y,Found,24 Jan 2026,20:56,https://www.youtube.com/watch?v=Fah3uv8ov2Y,https://www.youtube.com/watch?v=vgtf4Nye4hw
4598,Dharamaji Ki Yaadon Ki Baarat | Taarak Mehta Ka Ooltah Chashmah | Full Episode 4598 | 3 Jan 2026,https://www.youtube.com/watch?v=K_qrsA6t2ac,Found,25 Jan 2026,21:15,https://www.youtube.com/watch?v=xAJT-RX4ZQw,https://www.youtube.com/watch?v=xuOJwzrLdBI
4599,Quiz Show On Dharam Ji | Taarak Mehta Ka Ooltah Chashmah | Full Episode 4599 | 5 Jan 2026,https://www.youtube.com/watch?v=2uVX-u6gNso,Found,27 Jan 2026,20:33,https://www.youtube.com/watch?v=Hc4xz0gL55c,https://www.youtube.com/watch?v=cnc8BQOp5Kc
4600,FULL EPISODE! 4600 - Dharam ji Ke Style me Nach Gaane | Taarak Mehta Ka Ooltah Chashmah,https://www.youtube.com/watch?v=EEAQ1yQK320,Found,10 Feb 2026,21:55,,https://www.youtube.com/watch?v=jiH2nnaao88
4601,FULL EPISODE! 4601 - Jethalal ka Jordar Performance! | Taarak Mehta Ka Ooltah Chashmah,https://www.youtube.com/watch?v=DM5zXPVoHFs,Found,11 Feb 2026,21:01,,https://www.youtube.com/watch?v=AFuDEV0fYsk
4602,FULL EPISODE! 4602 - Bapuji se kyu Chup Raha hai Jethalal! | Taarak Mehta Ka Ooltah Chashmah,https://www.youtube.com/watch?v=eniYfiyN0CY,Found,12 Feb 2026,22:14,https://www.youtube.com/watch?v=LIR3y7Q9bxk,https://www.youtube.com/watch?v=iT7zYbWm_5M
4603,Naye Saal Ka Suvichaar | Taarak Mehta Ka Ooltah Chashmah | Full Episode 4603 | 9 Jan 2026,https://www.youtube.com/watch?v=dZ6Tulvt0X4,Found,31 Jan 2026,21:22,https://www.youtube.com/watch?v=7WPuvKqbPBc,https://www.youtube.com/watch?v=OhnlTr5ZRrk
4604,Bagha- Nattu Kaka's Party-Sharty | Taarak Mehta Ka Ooltah Chashmah | Full Episode 4604 | 10 Jan 2026,https://www.youtube.com/watch?v=SxpOdTugJK0,Found,01 Feb 2026,21:57,https://www.youtube.com/watch?v=V5I37vjMAsI,https://www.youtube.com/watch?v=_kJU4k5-KU0
4605,Jethalal Ke Saal Ka Pehla Din | Taarak Mehta Ka Ooltah Chashmah | Full Episode 4605 | 12 Jan 2026,https://www.youtube.com/watch?v=8VbCtxftt6c,Found,03 Feb 2026,21:44,https://www.youtube.com/watch?v=zFzCMDYS14E,
4606,Topo Mobile Ki Scheme | Taarak Mehta Ka Ooltah Chashmah | Full Episode 4606 | 13 Jan 2026,https://www.youtube.com/watch?v=JBhOg7MnFDE,Found,04 Feb 2026,20:36,https://www.youtube.com/watch?v=D61Cjrf9nOI,https://www.youtube.com/watch?v=O0oSZvlZXl8
4607,Topo Mobile Kaha Hain? | Taarak Mehta Ka Ooltah Chashmah | Full Episode 4607 | 14 Jan 2026,https://www.youtube.com/watch?v=BxaweyHkR2U,Found,05 Feb 2026,21:39,https://www.youtube.com/watch?v=UKqS7tkc6Lk,https://www.youtube.com/watch?v=zqIu4J4dqGc
4608,Topo Mobile Crisis | Taarak Mehta Ka Ooltah Chashmah | Full Episode 4608 | 15 Jan 2026,https://www.youtube.com/watch?v=yHUcy7SabLI,Found,06 Feb 2026,21:00,https://www.youtube.com/watch?v=X_tOqPr46fw,https://www.youtube.com/watch?v=72Fqdc16VoM
4609,Chaos At Gada Electronics | Taarak Mehta Ka Ooltah Chashmah | Full Episode 4609 | 16 Jan 2026,https://www.youtube.com/watch?v=moDFaB8vXcw,Found,07 Feb 2026,21:52,https://www.youtube.com/watch?v=2n5C2pvU6-0,https://www.youtube.com/watch?v=Vy0S8Llrjeo
4610,Fifty Mobiles In Two Hours | Taarak Mehta Ka Ooltah Chashmah | Full Episode 4610 | 17 Jan 2026,https://www.youtube.com/watch?v=ses4Fe4VRWs,Found,08 Feb 2026,20:45,https://www.youtube.com/watch?v=8OSGglfk4pQ,https://www.youtube.com/watch?v=u0xTyHrNFEo
4611,Topo Ka Khilona | Taarak Mehta Ka Ooltah Chashmah | Full Episode 4611 | 19 Jan 2026,https://www.youtube.com/watch?v=WHUdWtI0PXU,Found,10 Feb 2026,21:39,,
4612,Gada Electronics Hay Hay | Taarak Mehta Ka Ooltah Chashmah | Full Episode 4612 | 20 Jan 2026,https://www.youtube.com/watch?v=UsoJWGzRsMo,Found,11 Feb 2026,19:22,,https://www.youtube.com/watch?v=M3hYO6xQ2Lg
4613,Kati Patang | Taarak Mehta Ka Ooltah Chashmah | Full Episode 4613 | 21 Jan 2026,https://www.youtube.com/watch?v=brGBWYtlWcQ,Found,12 Feb 2026,19:38,,https://www.youtube.com/watch?v=PMnVSCAAPyM
4614,Popatlal Ke Liye Aaya Rishta | Taarak Mehta Ka Ooltah Chashmah | Full Episode 4614 | 22 Jan 2026,https://www.youtube.com/watch?v=tMOcta2CwCw,Found,13 Feb 2026,20:41,https://www.youtube.com/watch?v=fRX_A71bJKI,https://www.youtube.com/watch?v=Vo-APda7eoo
4615,Patang King Pohche Jaipur | Taarak Mehta Ka Ooltah Chashmah | Full Episode 4615 | 23 Jan 2026,https://www.youtube.com/watch?v=_fYtHTaXDKY,Found,14 Feb 2026,19:25,https://www.youtube.com/watch?v=du7Td0GFYa4,https://www.youtube.com/watch?v=B-o59vWv7B8
4616,Exploring The Pink City | Taarak Mehta Ka Ooltah Chashmah | Full Episode 4616 | 24 Jan 2026,https://www.youtube.com/watch?v=XmF3GyUIjFA,Found,15 Feb 2026,21:00,https://www.youtube.com/watch?v=Dvl10AFXf6w,https://www.youtube.com/watch?v=TmuuDq0jvl0
4617,Popatlal Hua Taiyaar | Taarak Mehta Ka Ooltah Chashmah | Full Episode 4617 | 26 Jan 2026,https://www.youtube.com/watch?v=ckajIRM9y8Q,Found,17 Feb 2026,20:48,https://www.youtube.com/watch?v=uqVsJ2-1ioc,https://www.youtube.com/watch?v=KbNjt9-Xaw4
4618,Patang Ka Muqabla | Taarak Mehta Ka Ooltah Chashmah | Full Episode 4618 | 27 Jan 2026,https://www.youtube.com/watch?v=SXUiDR4_eXU,Found,18 Feb 2026,20:24,https://www.youtube.com/watch?v=FUtQb6g0bsk,https://www.youtube.com/watch?v=wfXaMKnbvic
4619,Patang Kati Shaadi Ghati | Taarak Mehta Ka Ooltah Chashmah | Full Episode 4619 | 28 Jan 2026,https://www.youtube.com/watch?v=VPPTEonikO0,Found,19 Feb 2026,21:12,https://www.youtube.com/watch?v=SA-Lp7QmNfw,https://www.youtube.com/watch?v=fZVemyswTes
4620,Babli Vs Popatlal | Taarak Mehta Ka Ooltah Chashmah | Full Episode 4620 | 29 Jan 2026,https://www.youtube.com/watch?v=6KYO4o0BSh8,Found,20 Feb 2026,20:42,https://www.youtube.com/watch?v=knSLR2xwexk,https://www.youtube.com/watch?v=Luj6VP81SNo
4621,Republic Day Program Ki Chinta | Taarak Mehta Ka Ooltah Chashmah | Full Episode 4621 | 30 Jan 2026,https://www.youtube.com/watch?v=DO4j-Rh7Rzg,Found,21 Feb 2026,19:20,https://www.youtube.com/watch?v=btctBEiPh1U,https://www.youtube.com/watch?v=5JxlCf-wu8c
4622,Sundar Arrives In Gokuldham | Taarak Mehta Ka Ooltah Chashmah | Full Episode 4622 | 31 Jan 2026,https://www.youtube.com/watch?v=LJsR6JSsQGg,Found,22 Feb 2026,21:02,,https://www.youtube.com/watch?v=WmEA7ACyY-s
4623,Republic Day Ka Vishesh Karyakram | Taarak Mehta Ka Ooltah Chashmah | Full Episode 4623 | 2 Feb 2026,https://www.youtube.com/watch?v=63FguYgozRE,Found,24 Feb 2026,20:09,https://www.youtube.com/watch?v=Yv8WQYhH_DU,https://www.youtube.com/watch?v=YPRf2XCWVqc
4624,Raajya Aur Unki Vishesh Baatein | Taarak Mehta Ka Ooltah Chashmah | Full Episode 4624 | 3 Feb 2026,https://www.youtube.com/watch?v=TSVBRY881o4,Found,25 Feb 2026,21:28,https://www.youtube.com/watch?v=WoSElXA49pg,https://www.youtube.com/watch?v=ueMDoF_pz5A
4625,Desh Ki Baatein | Taarak Mehta Ka Ooltah Chashmah | Full Episode 4625 | 4 Feb 2026,https://www.youtube.com/watch?v=xiqmV8kcrJo,Found,26 Feb 2026,20:39,https://www.youtube.com/watch?v=XJayABWLoLo,https://www.youtube.com/watch?v=5oH_SuY8yEg
4626,Desh Ki Baatein | Taarak Mehta Ka Ooltah Chashmah | Full Episode 4626 | 5 Feb 2026,https://www.youtube.com/watch?v=3t-XMFANfeY,Found,27 Feb 2026,20:15,,https://www.youtube.com/watch?v=50ImCk4ktCM
4627,Bhide Gives The Right Answer| Taarak Mehta Ka Ooltah Chashmah| Full Ep 4627| 6 Feb 2026| New Episode,https://www.youtube.com/watch?v=LlYi_GnJKsk,Found,16 Feb 2026,21:59,https://www.youtube.com/watch?v=VS8EnYv1M-s,https://www.youtube.com/watch?v=Y2vbOpAB0vQ
4628,Suvichaar Ki Chinta | Taarak Mehta Ka Ooltah Chashmah | Full Episode 4628 | 7 Feb 2026,https://www.youtube.com/watch?v=Y3UAGVjHKeo,Found,01 Mar 2026,22:28,https://www.youtube.com/watch?v=XWVMw_eTD4g,https://www.youtube.com/watch?v=NGvWNAai7FE
4629,Topo Company Ki Dealership | Taarak Mehta Ka Ooltah Chashmah | Full Episode 4629 | 9 Feb 2026,https://www.youtube.com/watch?v=cheiiVh2n3A,Found,03 Mar 2026,18:32,https://www.youtube.com/watch?v=kkgqPNXCuyM,https://www.youtube.com/watch?v=SOvGq7AqeY4
4630,Big Day For Jethalal | Taarak Mehta Ka Ooltah Chashmah | Full Episode 4630 | 10 Feb 2026,https://www.youtube.com/watch?v=nLj8l1DgYz0,Found,04 Mar 2026,21:34,https://www.youtube.com/watch?v=CWLSF9t04N8,https://www.youtube.com/watch?v=Kmekhc86SUU
4631,Deal Pakki | Taarak Mehta Ka Ooltah Chashmah | Full Episode 4631 | 11 Feb 2026,https://www.youtube.com/watch?v=WrAuoysoHLI,Found,05 Mar 2026,21:27,https://www.youtube.com/watch?v=V3ZIyXJ949Y,https://www.youtube.com/watch?v=X1GVTmg5sXg
4632,Bawri Ke Motichoor Laddoo | Taarak Mehta Ka Ooltah Chashmah | Full Episode 4632 | 12 Feb 2026,https://www.youtube.com/watch?v=gkdU375v2eo,Found,06 Mar 2026,21:20,https://www.youtube.com/watch?v=dDy-Mj12MRk,https://www.youtube.com/watch?v=gWCU8QrLYto
4633,Neend Mein Dooba Gada Electronics| Taarak Mehta Ka Ooltah Chashmah | Full Episode 4633 | 13 Feb 2026,https://www.youtube.com/watch?v=m0dlePOV34M,Found,07 Mar 2026,21:20,https://www.youtube.com/watch?v=YvZYQsN5-xw,https://www.youtube.com/watch?v=Wa7TioN_X0Y
4634,Dukaan Mein Party Sharty | Taarak Mehta Ka Ooltah Chashmah | Full Episode 4634 | 14 Feb 2026,https://www.youtube.com/watch?v=JqU6SFTpV9k,Found,08 Mar 2026,19:55,https://www.youtube.com/watch?v=eBxWmS-r4t8,https://www.youtube.com/watch?v=HJoyInf44Xw
4635,Taarak Asks For Half Day | Taarak Mehta Ka Ooltah Chashmah | Full Episode 4635 | 16 Feb 2026,https://www.youtube.com/watch?v=J8O0UIY0yDs,Found,10 Mar 2026,19:47,https://www.youtube.com/watch?v=GfaZIqJ3E_I,https://www.youtube.com/watch?v=QasZjQcNT-g
4636,Stalling Champaklal's Visit | Taarak Mehta Ka Ooltah Chashmah | Full Episode 4636 | 17 Feb 2026,https://www.youtube.com/watch?v=1k2YmMNNweI,Found,11 Mar 2026,21:16,https://www.youtube.com/watch?v=WKmrF3NmAT8,https://www.youtube.com/watch?v=ntKi9_dRYqY
4637,Race Against Time For Taarak | Taarak Mehta Ka Ooltah Chashmah | Full Episode 4637 | 18 Feb 2026,https://www.youtube.com/watch?v=BSQPgUnwmgs,Found,12 Mar 2026,20:34,https://www.youtube.com/watch?v=Nb87a-CenOs,https://www.youtube.com/watch?v=4l5RCdFmQq8
4638,Sodhi Comes To Rescue | Taarak Mehta Ka Ooltah Chashmah | Full Episode 4638 | 19 Feb 2026,https://www.youtube.com/watch?v=zPEksuSBAwM,Found,13 Mar 2026,21:13,https://www.youtube.com/watch?v=W-Z3cfnFr4I,https://www.youtube.com/watch?v=RWQZvbsAab0
4639,Laddoo Ka Asar | Taarak Mehta Ka Ooltah Chashmah | Full Episode 4639 | 20 Feb 2026,https://www.youtube.com/watch?v=w-sjt1WUhmE,Found,14 Mar 2026,21:14,https://www.youtube.com/watch?v=gQ9gu7OaSUM,https://www.youtube.com/watch?v=7W5hPbJgy7g
4640,Pankaj Takes Advantage | Taarak Mehta Ka Ooltah Chashmah | Full Episode 4640 | 21 Feb 2026,https://www.youtube.com/watch?v=loFIjuCK4bA,Found,15 Mar 2026,20:30,https://www.youtube.com/watch?v=4KFty6JBCAQ,https://www.youtube.com/watch?v=78GCtkVjL5k
4641,Dukaan Mein Party Sharty | Taarak Mehta Ka Ooltah Chashmah | Full Episode 4641 | 23 Feb 2026,https://www.youtube.com/watch?v=27CHx58jRXs,Found,17 Mar 2026,19:11,https://www.youtube.com/watch?v=rnk1liV6zvs,
4642,Bawri Clarifies The Situation | Taarak Mehta Ka Ooltah Chashmah | Full Episode 4642 | 24 Feb 2026,https://www.youtube.com/watch?v=BYCLbRMkGWE,Found,18 Mar 2026,22:01,,https://www.youtube.com/watch?v=yoiYYsYQbd8
4643,Alcohol Bottle Goes Missing | Taarak Mehta Ka Ooltah Chashmah | Full Episode 4643 | 25 Feb 2026,https://www.youtube.com/watch?v=1-IHXKCOQd4,Found,19 Mar 2026,20:57,https://www.youtube.com/watch?v=4vpY8j16KcM,https://www.youtube.com/watch?v=_OM7EVUk9rs
4644,Gokuldham Mein Neend Gayab | Taarak Mehta Ka Ooltah Chashmah | Full Episode 4644 | 26 Feb 2026,https://www.youtube.com/watch?v=NzhQSYNMDBc,Found,20 Mar 2026,21:10,https://www.youtube.com/watch?v=nsDihmziJ4M,https://www.youtube.com/watch?v=gYPsRQzGnns
4645,Night Walk For Gokuldham Men | Taarak Mehta Ka Ooltah Chashmah | Full Episode 4645 | 27 Feb 2026,https://www.youtube.com/watch?v=tEthrYJWIPg,Found,21 Mar 2026,21:18,,https://www.youtube.com/watch?v=dMbHfzdZcB0
4646,Taarak's Poem For Anjali | Taarak Mehta Ka Ooltah Chashmah | Full Episode 4646 | 28 Feb 2026,https://www.youtube.com/watch?v=y0sGhBmS5Bc,Found,22 Mar 2026,20:42,https://www.youtube.com/watch?v=4iq46eKs8cg,https://www.youtube.com/watch?v=DYLpxsZYS84
4647,Meeting Chutki Baba | Taarak Mehta Ka Ooltah Chashmah | Full Episode 4647 | 2 Mar 2026,https://www.youtube.com/watch?v=83KHLmVurOg,Found,24 Mar 2026,21:31,https://www.youtube.com/watch?v=iw8Fg_ieOY8,https://www.youtube.com/watch?v=D3MePjpYTd4
4648,Chutki Baba Ka Upaay | Taarak Mehta Ka Ooltah Chashmah | Full Episode 4648 | 3 Mar 2026,https://www.youtube.com/watch?v=q4z3eRGzU9s,Found,25 Mar 2026,21:44,https://www.youtube.com/watch?v=AImXZRwtBC8,https://www.youtube.com/watch?v=a81SMK01fN0
4649,Popatlal Loses The Ring | Taarak Mehta Ka Ooltah Chashmah | Full Episode 4649 | 4 Mar 2026,https://www.youtube.com/watch?v=edJyXe684QA,Found,26 Mar 2026,19:35,https://www.youtube.com/watch?v=ULN66sstQxk,https://www.youtube.com/watch?v=LizdyvfM4ck
4650,Popatlal Ke Liye Kavitayein | Taarak Mehta Ka Ooltah Chashmah | Full Episode 4650 | 5 Mar 2026,https://www.youtube.com/watch?v=C_Tzj8wggVg,Found,27 Mar 2026,21:50,,https://www.youtube.com/watch?v=zjz8DCfBg2o
4651,Jethalal And Babita's Face Off | Taarak Mehta Ka Ooltah Chashmah | Full Episode 4651 | 6 Mar 2026,https://www.youtube.com/watch?v=DdAWbYLuRyU,Found,28 Mar 2026,21:28,,https://www.youtube.com/watch?v=cwxP_N1Xlvo
4652,Holi Ka Mahayudh | Taarak Mehta Ka Ooltah Chashmah | Full Episode 4652 | 7 Mar 2026,https://www.youtube.com/watch?v=JPJJEdi_7OM,Found,29 Mar 2026,20:44,,https://www.youtube.com/watch?v=jkt-CkYJ8-Q
4653,Team Jethalal Begin Their Search | Taarak Mehta Ka Ooltah Chashmah | Full Episode 4653 | 9 Mar 2026,https://www.youtube.com/watch?v=tn4SCndsn8Q,Found,31 Mar 2026,19:48,https://www.youtube.com/watch?v=FG3gBSi9NSY,https://www.youtube.com/watch?v=Ots2Q5nuC1Q
4654,Search For Babita Intensifies | Taarak Mehta Ka Ooltah Chashmah | Full Episode 4654 | 10 Mar 2026,https://www.youtube.com/watch?v=wCG_Je1_JYY,Found,01 Apr 2026,20:31,,https://www.youtube.com/watch?v=khm_VrWf6RM
4655,Searching The Clubhouse For Babita | Taarak Mehta Ka Ooltah Chashmah | Full Episode 4655|11 Mar 2026,https://www.youtube.com/watch?v=cDX7kOctbz8,Found,02 Apr 2026,21:04,,https://www.youtube.com/watch?v=L7mAF2EUt2Y
4656,Holi Challenge Ka Winner | Taarak Mehta Ka Ooltah Chashmah | Full Episode 4656 | 12 Mar 2026,https://www.youtube.com/watch?v=vq1INLpsh5E,Found,03 Apr 2026,21:03,https://www.youtube.com/watch?v=F5owDUoYJqg,https://www.youtube.com/watch?v=WdJiv2W-u5g
4657,Iyer Punishes Jethalal | Taarak Mehta Ka Ooltah Chashmah | Full Episode 4657 | 13 Mar 2026,https://www.youtube.com/watch?v=8pYOuO9ITgE,Found,04 Apr 2026,19:27,https://www.youtube.com/watch?v=OfvfVL_Pjyw,https://www.youtube.com/watch?v=KOqlG1k59Yo
4658,Bhide Reprimands Jethalal | Taarak Mehta Ka Ooltah Chashmah | Full Episode 4658 | 14 Mar 2026,https://www.youtube.com/watch?v=2WSl-mnrVDU,Found,05 Apr 2026,16:35,https://www.youtube.com/watch?v=c3iJXnsnd74,https://www.youtube.com/watch?v=yojUAi3PSl8
4659,Bhide Ki Khushkhabri | Taarak Mehta Ka Ooltah Chashmah | Full Episode 4659 | 16 Mar 2026,https://www.youtube.com/watch?v=pox_rflV6LQ,Found,07 Apr 2026,20:07,,https://www.youtube.com/watch?v=hifx9bGiAPM
4660,Bhallas Come To Bhide's House | Taarak Mehta Ka Ooltah Chashmah | Full Episode 4660 | 17 Mar 2026,https://www.youtube.com/watch?v=tgTOBPUXMQk,Found,08 Apr 2026,20:58,https://www.youtube.com/watch?v=BjO_aRjUlIc,https://www.youtube.com/watch?v=xcxxgkzvuG4
4661,Gold Jewellery Set For Sonu | Taarak Mehta Ka Ooltah Chashmah | Full Episode 4661 | 18 Mar 2026,https://www.youtube.com/watch?v=y1mB94HJZUo,Found,09 Apr 2026,21:27,https://www.youtube.com/watch?v=DA5lm23aTaM,https://www.youtube.com/watch?v=1oWqq95OoGk
4662,Bhide Guards The Jewellery Set | Taarak Mehta Ka Ooltah Chashmah | Full Episode 4662 | 19 Mar 2026,https://www.youtube.com/watch?v=xN71ivNw1x4,Found,10 Apr 2026,20:48,https://www.youtube.com/watch?v=-v021nYOEJc,https://www.youtube.com/watch?v=vmmoOpUdG7I
4663,Bhallas Get Caught | Taarak Mehta Ka Ooltah Chashmah | Full Episode 4663 | 20 Mar 2026,https://www.youtube.com/watch?v=iSxNXd3noPA,Found,11 Apr 2026,20:14,https://www.youtube.com/watch?v=e-UhHji6Pso,https://www.youtube.com/watch?v=xpoD-DlV0CI
4664,Bhide Pleads In Front Of Pandey | Taarak Mehta Ka Ooltah Chashmah | Full Episode 4664 | 21 Mar 2026,https://www.youtube.com/watch?v=OWuBHCeIZpk,Found,12 Apr 2026,21:26,https://www.youtube.com/watch?v=8NzIZjzQc7w,https://www.youtube.com/watch?v=27bu_w6SzIA
4665,Gokuldham Members Crack The Case | Taarak Mehta Ka Ooltah Chashmah | Full Episode 4665 | 23 Mar 2026,https://www.youtube.com/watch?v=1ppeM3_bCQE,Found,14 Apr 2026,21:06,,https://www.youtube.com/watch?v=UZIZ0YK-Q3M
4666,Catching The Thieves | Taarak Mehta Ka Ooltah Chashmah | Full Episode 4666 | 24 Mar 2026,https://www.youtube.com/watch?v=zRoNIG2XcVc,Found,15 Apr 2026,21:24,,https://www.youtube.com/watch?v=RlepmgJ8y4w
4667,Champaklal Ke Liye Gift | Taarak Mehta Ka Ooltah Chashmah | Full Episode 4667 | 25 Mar 2026,https://www.youtube.com/watch?v=ikzIeqrdXDQ,Found,16 Apr 2026,21:31,https://www.youtube.com/watch?v=813BSoF5oGc,https://www.youtube.com/watch?v=eAvS2M8SXfk
4668,Ram Navami Ka Celebration | Taarak Mehta Ka Ooltah Chashmah | Full Episode 4668 | 28 Mar 2026,https://www.youtube.com/watch?v=UlZSafGmEEA,Found,17 Apr 2026,21:07,https://www.youtube.com/watch?v=5UGla0dcBzI,https://www.youtube.com/watch?v=1HwucDUeM5E
4669,Rupa And Ratan's Contribution | Taarak Mehta Ka Ooltah Chashmah | Full Episode 4669 | 27 Mar 2026,https://www.youtube.com/watch?v=3hAN5UtsaNw,Found,18 Apr 2026,18:02,https://www.youtube.com/watch?v=Ojc3JXarI9w,https://www.youtube.com/watch?v=Zw9D16rYXls
4670,Quiz On Shri Ram | Taarak Mehta Ka Ooltah Chashmah | Full Episode 4670 | 28 Mar 2026,https://www.youtube.com/watch?v=jeBcHyYPpwo,Found,19 Apr 2026,20:18,https://www.youtube.com/watch?v=X6Bo3I-jggc,https://www.youtube.com/watch?v=MZwalzRP1-8
4671,Sureele Bhajan | Taarak Mehta Ka Ooltah Chashmah | Full Episode 4671 | 30 Mar 2026,https://www.youtube.com/watch?v=irvKHGziHps,Found,21 Apr 2026,17:44,https://www.youtube.com/watch?v=330XK3kT-Yw,https://www.youtube.com/watch?v=pMgY5-UVMSQ
4672,Society Ke Rules And Regulations | Taarak Mehta Ka Ooltah Chashmah | Full Episode 4672 | 31 Mar 2026,https://www.youtube.com/watch?v=M5vdkCN-hR4,Found,22 Apr 2026,22:25,https://www.youtube.com/watch?v=GkraKMZW86g,https://www.youtube.com/watch?v=3cDTxW_hf-I
4673,Tapu Sena To The Rescue | Taarak Mehta Ka Ooltah Chashmah | Full Episode 4673 | 1 Apr 2026,https://www.youtube.com/watch?v=n7lJrRrLEHE,Found,23 Apr 2026,20:33,https://www.youtube.com/watch?v=NAJ_mlTAZ6E,https://www.youtube.com/watch?v=l5dE0ZNXb8Y
4674,Popatlal Ke Jacket Ka Daag | Taarak Mehta Ka Ooltah Chashmah | Full Episode 4674 | 2 Apr 2026,https://www.youtube.com/watch?v=i7i8HgyGfZU,Found,24 Apr 2026,20:56,https://www.youtube.com/watch?v=0O0UQyTF9z8,https://www.youtube.com/watch?v=GqIPQYSgxl4
4675,Popatlal Phisal Gaya | Taarak Mehta Ka Ooltah Chashmah | Full Episode 4675 | 3 Apr 2026,https://www.youtube.com/watch?v=wFVAN7bzVK0,Found,25 Apr 2026,22:27,https://www.youtube.com/watch?v=i2QjZ9K77dg,https://www.youtube.com/watch?v=Rd3PZ0DWhZk
4676,Bhide Ka Tyaag Patra | Taarak Mehta Ka Ooltah Chashmah | Full Episode 4676 | 4 Apr 2026,https://www.youtube.com/watch?v=lM9dViqRyLY,Found,26 Apr 2026,22:07,,https://www.youtube.com/watch?v=JtIF0Ramgok
4677,Taarak's Advice | Taarak Mehta Ka Ooltah Chashmah | Full Episode 4677 | 6 Apr 2026,https://www.youtube.com/watch?v=Skaarz-DjW0,Found,28 Apr 2026,22:20,https://www.youtube.com/watch?v=ZuN-55RghYg,https://www.youtube.com/watch?v=ibDvv51oels
4678,Bhide Aur Popatlal Ka Aamna Saamna| Taarak Mehta Ka Ooltah Chashmah | Full Episode 4678 | 7 Apr 2026,https://www.youtube.com/watch?v=8wpGywqb3CA,Found,29 Apr 2026,22:12,,https://www.youtube.com/watch?v=7jLH0Dmt-EM
4679,Bhide's Resignation | Taarak Mehta Ka Ooltah Chashmah | Full Episode 4679 | 8 Apr 2026,https://www.youtube.com/watch?v=p9qDHolTqno,Found,30 Apr 2026,21:50,,https://www.youtube.com/watch?v=O-4DJ2cghKQ
4680,Popat Apologizes To Bhide | Taarak Mehta Ka Ooltah Chashmah| Full Ep 4680 | 9 Apr 2026 | New Episode,https://www.youtube.com/watch?v=2fv7Ofr_At8,Found,26 Apr 2026,20:38,,https://www.youtube.com/watch?v=KlSN8RgwLy4
4681,FULL EPISODE 4681 - Bhide ke Ghar aaya Notice! | Taarak Mehta Ka Ooltah Chashmah| तारक मेहता,https://www.youtube.com/watch?v=mPEkQ_nTGxA,Found,15 May 2026,22:34,,https://www.youtube.com/watch?v=4vYW35i50vY
4682,Society Maintenance | Taarak Mehta Ka Ooltah Chashmah | Full Ep 4682 | 11 Apr 2026 | New Episode,https://www.youtube.com/watch?v=gYnCGk_lKLk,Found,17 Apr 2026,18:26,https://www.youtube.com/watch?v=d-hrAtk-fKA,https://www.youtube.com/watch?v=oRIRY3YnL3o
4683,Sapne Ki Baat Cheet | Taarak Mehta Ka Ooltah Chashmah | Full Ep 4683 | 13 Apr 2026 | New Episode,https://www.youtube.com/watch?v=TaMCaZYii-8,Found,26 Apr 2026,21:21,,https://www.youtube.com/watch?v=cUb5gVZKK8o
4684,Rupa Ki Royal Angoothi | Taarak Mehta Ka Ooltah Chashmah | Full Episode 4684 | 14 Apr 2026,https://www.youtube.com/watch?v=2JRDgyF9sOI,Found,06 May 2026,20:46,https://www.youtube.com/watch?v=aeyPWBZ5I5M,https://www.youtube.com/watch?v=LEBBpu7kuug
4685,Shop Anniversary Ki Taiyaariyan | Taarak Mehta Ka Ooltah Chashmah | Full Episode 4685 | 15 Apr 2026,https://www.youtube.com/watch?v=EB9nHSJUH0I,Found,07 May 2026,19:27,https://www.youtube.com/watch?v=LcNbB6W_yio,https://www.youtube.com/watch?v=-3fGXEQ9u7A
4686,Rupa And Ratan's Shop | Taarak Mehta Ka Ooltah Chashmah | Full Episode 4686 | 16 Apr 2026,https://www.youtube.com/watch?v=r8xtAgRYCDc,Found,08 May 2026,21:41,https://www.youtube.com/watch?v=U02mizCLmrI,https://www.youtube.com/watch?v=A0WFDOsLcA4
4687,Mahila Mandal's Shopping Spree | Taarak Mehta Ka Ooltah Chashmah | Full Episode 4687 | 17 Apr 2026,https://www.youtube.com/watch?v=q29ExqeNuDU,Found,17 May 2026,21:08,https://www.youtube.com/watch?v=q29ExqeNuDU,https://www.youtube.com/watch?v=FRkTeSkmbGA
4688,Saree Shopping | Taarak Mehta Ka Ooltah Chashmah | Full Ep 4688 | 18 Apr 2026 | New Episode,https://www.youtube.com/watch?v=FXmbvc0v88Y,Found,26 Apr 2026,21:15,https://www.youtube.com/watch?v=JXdfuars5JU,https://www.youtube.com/watch?v=FEDQxHEExCY
4689,The Hunt For Rupa’s Royal Ring | Taarak Mehta Ka Ooltah Chashmah | Full Episode 4689 | 20 Apr 2026,https://www.youtube.com/watch?v=6Z74UXaDx6c,Found,12 May 2026,19:33,https://www.youtube.com/watch?v=MuD_9v5ui5Q,https://www.youtube.com/watch?v=yOYhjjoqySQ
4690,Rupa’s Ring Still Missing | Taarak Mehta Ka Ooltah Chashmah | Full Episode 4690 | 21 Apr 2026,https://www.youtube.com/watch?v=SsVU2049Vno,Found,13 May 2026,20:32,,https://www.youtube.com/watch?v=PjbP1rOnQr0
4691,Bapuji Ke Pet Me Ring | Taarak Mehta Ka Ooltah Chashmah | Full Episode 4691 | 22 Apr 2026,https://www.youtube.com/watch?v=NfNTLWHPLpE,Found,14 May 2026,20:10,https://www.youtube.com/watch?v=gkSt_vc9D50,https://www.youtube.com/watch?v=bZJp7qHL9YY
4692,Bapuji's Medical Emergency| Taarak Mehta Ka Ooltah Chashmah| Full Ep 4692 | 23 Apr 2026| New Episode,https://www.youtube.com/watch?v=3jRedbnOfo8,Found,26 Apr 2026,19:50,https://www.youtube.com/watch?v=9LRTnIAp3Xo,https://www.youtube.com/watch?v=mAVUaL3jjoA
4693,Bhide Is Collecting Funds | Taarak Mehta Ka Ooltah Chashmah |Full Ep 4693 | 24 Apr 2026 |New Episode,https://www.youtube.com/watch?v=f7A25aP5XeE,Found,27 May 2026,22:35,https://www.youtube.com/watch?v=jMLtCnk-6nc,https://www.youtube.com/watch?v=JMHV2tJlfrE
4694,Jethalal Seeks Extension | Taarak Mehta Ka Ooltah Chashmah | Full Ep 4694 | 25 Apr 2026 |New Episode,https://www.youtube.com/watch?v=AyZ2JpBY3oo,Found,26 May 2026,22:09,https://www.youtube.com/watch?v=0dQpv9qk4LY,https://www.youtube.com/watch?v=8dvvgBbr3cQ
4695,Bapuji Is Missing | Taarak Mehta Ka Ooltah Chashmah | Full Ep 4695 | 27 Apr 2026 | New Episode,https://www.youtube.com/watch?v=t28_VdqHfts,Found,26 May 2026,21:48,https://www.youtube.com/watch?v=mIO9Cpqvu5g,https://www.youtube.com/watch?v=4uaYGejrp4I
4696,Bapuji's Shocking Return | Taarak Mehta Ka Ooltah Chashmah | Full Episode 4696 | 28 Apr 2026,https://www.youtube.com/watch?v=4oHfpJ_KPbM,Found,20 Jun 2026,19:24,https://www.youtube.com/watch?v=l4_AukgfPO4,https://www.youtube.com/watch?v=vAyE6W5AVsc
4697,NEW FULL 4697 - Bapuji ke Bahaduri par hua Jethya ko Garv!  | Taarak Mehta ka Ooltah Chasmah,https://www.youtube.com/watch?v=ITTyr6xBTyQ,Found,03 Jun 2026,22:22,https://www.youtube.com/watch?v=XBXIjyMUT08,https://www.youtube.com/watch?v=x4tBLSOSU9Q
4698,Bapuji Questions Jetha | Taarak Mehta Ka Ooltah Chashmah | Full Ep 4698 | 30 Apr 2026 | New Episode,https://www.youtube.com/watch?v=hb12EOSC4EY,Found,26 May 2026,21:33,https://www.youtube.com/watch?v=R2FHE3ocRcs,https://www.youtube.com/watch?v=hHe-b4dM2yQ
4699,NEW FULL 4699 - Akhir Bapuji Ne Jetha Ko Kyu Bola Sorry ! | Taarak Mehta ka Ooltah Chasmah,https://www.youtube.com/watch?v=3E2yx5tcydY,Found,05 Jun 2026,21:38,https://www.youtube.com/watch?v=p477CfjaKkU,https://www.youtube.com/watch?v=lsl17hV5ZqE
4700,The Cheque Drama | Taarak Mehta Ka Ooltah Chashmah | Full Ep 4700 | 2 May 2026 | New Episode,https://www.youtube.com/watch?v=0hOns4pRLIU,Found,26 May 2026,20:51,https://www.youtube.com/watch?v=FAFJPnbsEcU,https://www.youtube.com/watch?v=Rp96B0P936g
4701,NEW FULL 4701 - Kiske Samne गिड़गिड़ा raha hai Jethalal! | Taarak Mehta ka Ooltah Chasmah,https://www.youtube.com/watch?v=0AqysNMfC_I,Found,20 Jun 2026,22:22,https://www.youtube.com/watch?v=mBVVlLTrg9c,https://www.youtube.com/watch?v=AnIWM2Gl-xo
4702,Cheque Trouble Continues | Taarak Mehta Ka Ooltah Chashmah | Full Ep 4702 | 5 May 2026 | New Episode,https://www.youtube.com/watch?v=86sOCWxDkUY,Found,26 May 2026,21:11,https://www.youtube.com/watch?v=arFkaCXPjAc,https://www.youtube.com/watch?v=2aXNy35jgA4
4703,Jethalal’s Confession | Taarak Mehta Ka Ooltah Chashmah | Full Episode 4703 | 6 May 2026,https://www.youtube.com/watch?v=HxWrFU1XVFg,Found,20 Jun 2026,20:34,https://www.youtube.com/watch?v=4Qp4iYZ24Ho,https://www.youtube.com/watch?v=-qVF2kWnhMM
4704,NEW FULL 4704 - Jetha Har Gaya Challenge  Kya Bapuji करेंगे उठक बैठक| Taarak Mehta ka Ooltah Chasmah,https://www.youtube.com/watch?v=L3zEmphXXLk,Found,20 Jun 2026,21:39,https://www.youtube.com/watch?v=c0cl3DZN74Y,https://www.youtube.com/watch?v=VX6TemyJn9c
4705,Bhaga’s Clever Strategy | Taarak Mehta Ka Ooltah Chashmah | Full Episode 4705 | 8 May 2026,https://www.youtube.com/watch?v=FPc1NJ-27lc,Found,20 Jun 2026,20:45,,https://www.youtube.com/watch?v=X7zV8biAGO0
4706,The Plan Goes Wrong | Taarak Mehta Ka Ooltah Chashmah | Full Ep 4706 | 9 May 2026 | New Episode,https://www.youtube.com/watch?v=AH7eeziwhOc,Found,26 May 2026,21:19,https://www.youtube.com/watch?v=FysLy5k8hi8,https://www.youtube.com/watch?v=RMOJtEj86I0
4707,NEW FULL 4707 - Kya Jethalal Apni Ijjat Baacha Payega! | Taarak Mehta ka Ooltah Chasmah,https://www.youtube.com/watch?v=lwCtr67K6Go,Found,20 Jun 2026,21:26,https://www.youtube.com/watch?v=0VhwHeaR1wU,https://www.youtube.com/watch?v=2n_xjFQ5ECI
4708,NEW FULL 4708 - Andhere ka फ़ायदा उठाकर Jethalal ne Chali Apni Chal | Taarak Mehta ka Ooltah Chasmah,https://www.youtube.com/watch?v=vW6nzsyGb6c,Found,16 Jun 2026,21:21,https://www.youtube.com/watch?v=_U7AUFy3IwE,https://www.youtube.com/watch?v=gvnzIdfAqTE
4709,Jetha’s Moment Of Truth | Taarak Mehta Ka Ooltah Chashmah | Full Ep 4709 | 13 May 2026 | New Episode,https://www.youtube.com/watch?v=6V-dibxIaDw,Found,26 May 2026,20:41,https://www.youtube.com/watch?v=eb3bKFmrnng,https://www.youtube.com/watch?v=CNpcNCcMXkM
4710,Bhide Exposes Jethalal | Taarak Mehta Ka Ooltah Chashmah | Full Ep 4710 | 14 May 2026 | New Episode,https://www.youtube.com/watch?v=UvNU_3mQQLM,Found,26 May 2026,21:11,https://www.youtube.com/watch?v=RbH3rUV2aIg,https://www.youtube.com/watch?v=o_GAGTTcBxM
4711,Gokuldham Men Is Punished | Taarak Mehta Ka Ooltah Chashmah| Full Ep 4711 | 15 May 2026| New Episode,https://www.youtube.com/watch?v=AEw5c01dAjM,Found,26 May 2026,18:12,https://www.youtube.com/watch?v=oP7jiQgd3UM,https://www.youtube.com/watch?v=tSXS_d1cG5U
4712,Roshan’s Big Mistake | Taarak Mehta Ka Ooltah Chashmah | Full Ep 4712 | 16 May 2026 | New Episode,https://www.youtube.com/watch?v=s5a_p2xeo8Y,Found,26 May 2026,22:08,https://www.youtube.com/watch?v=D_oD0KdeGlQ,https://www.youtube.com/watch?v=wJ-xTOcfGIs
4713,NEW FULL 4713 -  Kya Birju Karega Roshan Ke Paise Wapis ! | Taarak Mehta ka Ooltah Chasmah,https://www.youtube.com/watch?v=Rpo_84ljKc8,Found,20 Jul 2026,22:12,https://www.youtube.com/watch?v=x5QSFLnOhuc,https://www.youtube.com/watch?v=k1DP4W1Q780
4714,Mahila Mandal’s Next Move |Taarak Mehta Ka Ooltah Chashmah |Full Ep 4714 | 19 May 2026 | New Episode,https://www.youtube.com/watch?v=2myyehNcoEM,Found,26 May 2026,21:24,https://www.youtube.com/watch?v=e7X7g-9cPBQ,https://www.youtube.com/watch?v=eTl07MN8M1A
4715,Sodhi’s Money Mystery | Taarak Mehta Ka Ooltah Chashmah | Full Ep 4715 | 20 May 2026 | New Episode,https://www.youtube.com/watch?v=qvKGnrv5PUs,Found,26 May 2026,20:56,https://www.youtube.com/watch?v=2HFLROZaaZY,https://www.youtube.com/watch?v=8iVcPBjLiV0
4716,Gokuldham’s Next Move | Taarak Mehta Ka Ooltah Chashmah | Full Ep 4716 | 21 May 2026 | New Episode,https://www.youtube.com/watch?v=IVloDjoTsEs,Found,26 May 2026,19:33,,https://www.youtube.com/watch?v=TA_zzPefN9E
4717,Can Residents Calm Sodhi? | Taarak Mehta Ka Ooltah Chashmah| Full Ep 4717 | 22 May 2026| New Episode,https://www.youtube.com/watch?v=ytL5haJrrEE,Found,26 May 2026,20:42,https://www.youtube.com/watch?v=_2Qow85wOw8,https://www.youtube.com/watch?v=akotxrzmf9Q
4718,The Watermelon Mystery | Taarak Mehta Ka Ooltah Chashmah | Full Ep 4718 | 23 May 2026 | New Episode,https://www.youtube.com/watch?v=2f61A4vVnMc,Found,26 May 2026,20:29,,https://www.youtube.com/watch?v=wMb6Lt_JXVw
4719,A Strange Sight | Taarak Mehta Ka Ooltah Chashmah | Full Ep 4719 | 25 May 2026 | New Episode,https://www.youtube.com/watch?v=RDjOrGP92tw,Found,26 Jun 2026,21:28,https://www.youtube.com/watch?v=1GYz9Hai9Yk,https://www.youtube.com/watch?v=FPfRovYAY-Q
4720,Bapuji Caught In Chaos | Taarak Mehta Ka Ooltah Chashmah | Full Ep 4720 | 26 May 2026 | New Episode,https://www.youtube.com/watch?v=Rw5wmlN5bUY,Found,25 Jun 2026,21:23,https://www.youtube.com/watch?v=Iq0lkIkzDOc,https://www.youtube.com/watch?v=C0sm_NbW0DI
4721,NEW FULL 4721 - Bhide Called an Emergency Meeting in the Society! | Taarak Mehta Ka Ooltah Chashmah,https://www.youtube.com/watch?v=N2dJ9kJNKiE,Found,17 Jul 2026,22:03,https://www.youtube.com/watch?v=tM0N6FLsjB0,https://www.youtube.com/watch?v=XgrpebDkz58
4722,Mama Gives Bhide An Idea | Taarak Mehta Ka Ooltah Chashmah| Full Ep 4722 | 28 May 2026 | New Episode,https://www.youtube.com/watch?v=ZOJww3nX_Y0,Found,25 Jun 2026,20:46,https://www.youtube.com/watch?v=W2On5Tb70U0,https://www.youtube.com/watch?v=7OeVIeF_Lbg
4723,Headache For Residents | Taarak Mehta Ka Ooltah Chashmah | Full Ep 4723 | 29 May 2026 | New Episode,https://www.youtube.com/watch?v=fUGRfAH93Fo,Found,25 Jun 2026,21:48,https://www.youtube.com/watch?v=LFVNvv3KxCQ,https://www.youtube.com/watch?v=EMKs0KMZ-Z4
4724,Gokuldham Is On A Mission | Taarak Mehta Ka Ooltah Chashmah| Full Ep 4724 | 30 May 2026| New Episode,https://www.youtube.com/watch?v=_XveXjb6Oao,Found,25 Jun 2026,21:31,,https://www.youtube.com/watch?v=-4otydc6EGA
4725,Taarak Is In A Hurry | Taarak Mehta Ka Ooltah Chashmah | Full Ep 4725 | 1 Jun 2026 | New Episode,https://www.youtube.com/watch?v=iUoyB754dnc,Found,23 Jun 2026,22:42,https://www.youtube.com/watch?v=wm77ClQu9Bw,https://www.youtube.com/watch?v=4xrq-z0fkrI
4726,NEW FULL 4726 -  Anjali Ko भाजीवाली Bol फंस गया Jetha ! | Taarak Mehta ka Ooltah Chasmah,https://www.youtube.com/watch?v=nXL7cDBRW4g,Found,25 Jun 2026,22:17,https://www.youtube.com/watch?v=LXjozmvNSV0,https://www.youtube.com/watch?v=9F1lU2Gtz-8
4727,The Search For Envelope | Taarak Mehta Ka Ooltah Chashmah | Full Ep 4727 | 3 Jun 2026 | New Episode,https://www.youtube.com/watch?v=MaXtMW6ze04,Found,25 Jun 2026,21:24,,https://www.youtube.com/watch?v=gH9iTuhaR5A
4728,Taarak's Boss In Trouble | Taarak Mehta Ka Ooltah Chashmah| Full Ep 4728 | 4 Jun 2026 | New Episode,https://www.youtube.com/watch?v=8M9w7I4kkMg,Found,25 Jun 2026,22:26,https://www.youtube.com/watch?v=MiW-ivpdv7g,https://www.youtube.com/watch?v=3E3BOxj1Mo8
4729,The Search For A Mahurat | Taarak Mehta Ka Ooltah Chashmah| Full Ep 4729 | 5 Jun 2026 | New Episode,https://www.youtube.com/watch?v=6aPiPc5lRy0,Found,25 Jun 2026,21:37,https://www.youtube.com/watch?v=LP523HsNMB8,https://www.youtube.com/watch?v=EIA_XnS3DRc
4730,Jethalal Sparks Panic | Taarak Mehta Ka Ooltah Chashmah | Full Ep 4730 | 6 Jun 2026 | New Episode,https://www.youtube.com/watch?v=4ntSO7nSBUI,Found,25 Jun 2026,19:49,,https://www.youtube.com/watch?v=xYIxN8og2Kw
4731,NEW FULL 4731 - Who Played a Prank on Bhide! | Taarak Mehta Ka Ooltah Chashmah,https://www.youtube.com/watch?v=PETRY8yzres,Found,26 Jul 2026,21:46,https://www.youtube.com/watch?v=-ZLzeGeCnDE,https://www.youtube.com/watch?v=CFAdL3dEpDc
4732,NEW FULL 4732 - Bawri Ki Baate Subke Kyu Badhi Bagha Ki Tension ! | Taarak Mehta ka Ooltah Chasmah,https://www.youtube.com/watch?v=YfML-t5v1Lw,Found,26 Jul 2026,21:32,https://www.youtube.com/watch?v=5zSnLKzPkEw,https://www.youtube.com/watch?v=MnVHvtUZO3E
4733,Where Did Bagha Go? | Taarak Mehta Ka Ooltah Chashmah | Full Ep 4733 | 10 Jun 2026 | New Episode,https://www.youtube.com/watch?v=9TmZ9_YMJ28,Found,25 Jun 2026,21:55,https://www.youtube.com/watch?v=cPv61SIOuKw,https://www.youtube.com/watch?v=LAfm__JX3vU
4734,Bhide's Strength | Taarak Mehta Ka Ooltah Chashmah | Full Ep 4734 | 11 Jun 2026 | New Episode,https://www.youtube.com/watch?v=tmfJCG2if1Q,Found,25 Jun 2026,21:42,,https://www.youtube.com/watch?v=SE8odRClFgM
4735,Bagha's Surprise Visitor | Taarak Mehta Ka Ooltah Chashmah | Full Ep 4735 | 12 Jun 2026 |New Episode,https://www.youtube.com/watch?v=nfJJV9-MwBw,Found,25 Jun 2026,21:24,,https://www.youtube.com/watch?v=of0DrGsHFHE
4736,Bagha Calls Tapu For Help |Taarak Mehta Ka Ooltah Chashmah | Full Ep 4736 | 13 Jun 2026 |New Episode,https://www.youtube.com/watch?v=AjJzINDVOk4,Found,26 Jun 2026,20:32,,https://www.youtube.com/watch?v=eAO7pNvNuRY
4737,A Surprise Visitor | Taarak Mehta Ka Ooltah Chashmah | Full Ep 4737 | 15 Jun 2026 | New Episode,https://www.youtube.com/watch?v=6n23JROcxqI,Found,25 Jun 2026,20:21,https://www.youtube.com/watch?v=W9oiABVSAvE,https://www.youtube.com/watch?v=lBzXPwB-z3U
4738,FULL EPISODE! 4738 - Bawari nikli balam ke bachpan ka pyaar !  | Taarak Mehta ka Ooltah Chasmah,https://www.youtube.com/watch?v=Wok3yRTqiH0,Found,26 Jun 2026,21:03,https://www.youtube.com/watch?v=KqAMt1Y-Q40,https://www.youtube.com/watch?v=op4qytu1Go0
4739,Bagha Is Shocked | Taarak Mehta Ka Ooltah Chashmah | Full Ep 4739 | 17 Jun 2026 | New Episode,https://www.youtube.com/watch?v=3hTml4DGv4k,Found,25 Jun 2026,21:48,https://www.youtube.com/watch?v=i1Pa6lcDyys,https://www.youtube.com/watch?v=VMB_k34DKy0
4740,Bagha Is In A Dilemma | Taarak Mehta Ka Ooltah Chashmah | Full Ep 4740 | 18 Jun 2026 | New Episode,https://www.youtube.com/watch?v=CM8tJ00Cqis,Found,25 Jun 2026,20:10,https://www.youtube.com/watch?v=-VUfkOEXw_0,https://www.youtube.com/watch?v=I4r8UXBuQOI
4741,Bagha Stops Natu Kaka | Taarak Mehta Ka Ooltah Chashmah | Full Ep 4741 | 19 Jun 2026 | New Episode,https://www.youtube.com/watch?v=sUbYuQ99aXI,Found,25 Jun 2026,21:18,https://www.youtube.com/watch?v=IZaovBS6frA,https://www.youtube.com/watch?v=jDqrRoJR7Ho
4742,Bagha Makes A Decision | Taarak Mehta Ka Ooltah Chashmah | Full Ep 4742 | 20 Jun 2026 | New Episode,https://www.youtube.com/watch?v=fzpvIIGSJ3A,Found,25 Jun 2026,21:08,,https://www.youtube.com/watch?v=lrUQncBkjbI
4743,Will Tapu Sena Help Bagha? | Taarak Mehta Ka Ooltah Chashmah| Full Ep 4743| 22 Jun 2026| New Episode,https://www.youtube.com/watch?v=JywlujAdvco,Found,25 Jun 2026,20:27,https://www.youtube.com/watch?v=G5tw8i-na7k,https://www.youtube.com/watch?v=1QvQfUch2kk
4744,Bagha Gets Angry At Bawri | Taarak Mehta Ka Ooltah Chashmah| Full Ep 4744 | 23 Jun 2026| New Episode,https://www.youtube.com/watch?v=hdS2semX0xM,Found,25 Jun 2026,20:42,,https://www.youtube.com/watch?v=leS_XBvnuOA
4745,Bagha Puts On An Act | Taarak Mehta Ka Ooltah Chashmah | Full Ep 4745 | 24 Jun 2026 | New Episode,https://www.youtube.com/watch?v=f_yYynOKOko,Found,25 Jul 2026,21:19,,https://www.youtube.com/watch?v=YHoA717yO9w
4746,FULL EPISODE! 4746 - क्या Babita बचा पाएगी Bagha Bawari का Rishta! | Taarak Mehta ka Oolah Chasmah,https://www.youtube.com/watch?v=P_OrpChYYhs,Found,26 Jul 2026,21:07,https://www.youtube.com/watch?v=PpYfRPbQXFc,https://www.youtube.com/watch?v=JkLB9mkcGTs
4747,Mahila Mandal Confronts Bagha|Taarak Mehta Ka Ooltah Chashmah| Full Ep 4747|26 Jun 2026 |New Episode,https://www.youtube.com/watch?v=NImX6GfeapM,Found,25 Jul 2026,21:04,https://www.youtube.com/watch?v=SjPh89ovooc,https://www.youtube.com/watch?v=F8JjhCd-n-k
4748,Bagha Seeks Help | Taarak Mehta Ka Ooltah Chashmah | Full Ep 4748 | 27 Jun 2026 | New Episode,https://www.youtube.com/watch?v=48JMKSFiLas,Found,25 Jul 2026,22:09,,https://www.youtube.com/watch?v=h_b-CAgiWpc
4749,Tapu’s Clever Act | Taarak Mehta Ka Ooltah Chashmah | Full Ep 4749 | 29 Jun 2026 | New Episode,https://www.youtube.com/watch?v=mHIRUwwzLa8,Found,25 Jul 2026,22:09,,https://www.youtube.com/watch?v=aMyWURwDCjE
4750,Tapu’s Plan Works | Taarak Mehta Ka Ooltah Chashmah | Full Ep 4750 | 30 Jun 2026 | New Episode,https://www.youtube.com/watch?v=cVQYoGmdJGw,Found,25 Jul 2026,21:05,https://www.youtube.com/watch?v=JuJcEn2IjKc,https://www.youtube.com/watch?v=wuiDLgt_xBo
4751,Tapu's Plan In Danger | Taarak Mehta Ka Ooltah Chashmah | Full Ep 4751 | 1 July 2026 | New Episode,https://www.youtube.com/watch?v=T0OL7bzUvZQ,Found,25 Jul 2026,21:46,https://www.youtube.com/watch?v=26Byc87Z4Qo,https://www.youtube.com/watch?v=7Z17dl-VatQ
4752,Bagha's Plan Works | Taarak Mehta Ka Ooltah Chashmah | Full Ep 4752 | 2 July 2026 | New Episode,https://www.youtube.com/watch?v=ICp3mr_DfPw,Found,25 Jul 2026,21:03,https://www.youtube.com/watch?v=ux0URNvmU_I,https://www.youtube.com/watch?v=iys3wewPYu4
4753,Balam Reveals The Truth | Taarak Mehta Ka Ooltah Chashmah | Full Ep 4753 | 3 July 2026 | New Episode,https://www.youtube.com/watch?v=NtTtDerHWEc,Found,25 Jul 2026,20:42,,https://www.youtube.com/watch?v=EiZZ1o76Pmo
4754,Bawri Is Leaving Mumbai | Taarak Mehta Ka Ooltah Chashmah | Full Ep 4754 | 4 July 2026 | New Episode,https://www.youtube.com/watch?v=BywUkBRmlb8,Found,25 Jul 2026,21:09,https://www.youtube.com/watch?v=V1DozmCpjaE,https://www.youtube.com/watch?v=plxKByewJjE
4755,Bawri Reflects On Her Past |Taarak Mehta Ka Ooltah Chashmah | Full Ep 4755 |6 July 2026 |New Episode,https://www.youtube.com/watch?v=cRKhRY55Ysw,Found,25 Jul 2026,21:17,,https://www.youtube.com/watch?v=HpFY-qYKHLk
4756,Bawri's Shocking Incident | Taarak Mehta Ka Ooltah Chashmah| Full Ep 4756 | 7 July 2026| New Episode,https://www.youtube.com/watch?v=1LV7pXAlVvI,Found,25 Jul 2026,20:40,https://www.youtube.com/watch?v=ibYxr4M3dYo,https://www.youtube.com/watch?v=EJDY-1q5W_U
4757,The Truth Is Revealed | Taarak Mehta Ka Ooltah Chashmah | Full Ep 4757 | 8 July 2026 | New Episode,https://www.youtube.com/watch?v=AiTxaNO7k8w,Found,25 Jul 2026,22:30,https://www.youtube.com/watch?v=JNI_jgmmjhE,https://www.youtube.com/watch?v=X6ZsIVcp0pw
4758,FULL EPISODE! 4758 - Why Did Bapuji Perform Aarti for Jethiya! | Taarak Mehta Ka Ooltah Chashmah,https://www.youtube.com/watch?v=2WSnSk-Axt0,Found,24 Aug 2026,21:14,https://www.youtube.com/watch?v=mO_hAbRpRA8,https://www.youtube.com/watch?v=arYjyKLnS8c
4759,Jetha's Shop Gets Sealed | Taarak Mehta Ka Ooltah Chashmah| Full Ep 4759 | 10 July 2026| New Episode,https://www.youtube.com/watch?v=2nWWgpiYW64,Found,25 Jul 2026,20:50,https://www.youtube.com/watch?v=47F2ajoIarQ,https://www.youtube.com/watch?v=GyngbpI7mQA
4760,A Tricky Situation | Taarak Mehta Ka Ooltah Chashmah | Full Ep 4760 | 11 July 2026 | New Episode,https://www.youtube.com/watch?v=c7t3AqSu1Pg,Found,08 Aug 2026,20:59,,https://www.youtube.com/watch?v=pWCp4YcETjc
4761,FULL EPISODE! 4761 -  किस वजह से Aayi Jethalal पे नई मुसीबत ! | Taarak Mehta ka Ooltah Chasmah,https://www.youtube.com/watch?v=y18v7OKdKgs,Found,26 Jul 2026,23:25,https://www.youtube.com/watch?v=KaWpWkLDA70,https://www.youtube.com/watch?v=u2gLcp2N-ws
4762,An Unexpected Twist | Taarak Mehta Ka Ooltah Chashmah | Full Ep 4762 | 14 July 2026 | New Episode,https://www.youtube.com/watch?v=EXo_3SswsFI,Found,25 Jul 2026,22:10,https://www.youtube.com/watch?v=mt47eOONOPU,https://www.youtube.com/watch?v=sJITeR6XusY
4763,Breaking News For Rita | Taarak Mehta Ka Ooltah Chashmah | Full Ep 4763 | 15 July 2026 | New Episode,https://www.youtube.com/watch?v=PjEL2X70zrs,Found,24 Aug 2026,21:37,https://www.youtube.com/watch?v=t7zr3_BQenU,https://www.youtube.com/watch?v=5T2ULv_PL1c
4764,Jethalal In Big Trouble | Taarak Mehta Ka Ooltah Chashmah| Full Ep 4764 | 16 July 2026 | New Episode,https://www.youtube.com/watch?v=PW19Lw3DTrs,Found,26 Jul 2026,21:33,https://www.youtube.com/watch?v=PW19Lw3DTrs,https://www.youtube.com/watch?v=yBv7piflpuA
4765,Bapuji Shouts At Jetha | Taarak Mehta Ka Ooltah Chashmah | Full Ep 4765 | 17 July 2026 | New Episode,https://www.youtube.com/watch?v=2OKShwJFkJA,Found,25 Jul 2026,22:26,,https://www.youtube.com/watch?v=DcCkn3ll7R8
4766,Jetha Calls Chalu Pandey | Taarak Mehta Ka Ooltah Chashmah| Full Ep 4766 | 18 July 2026| New Episode,https://www.youtube.com/watch?v=aYUfIZBforA,Found,25 Jul 2026,22:22,https://www.youtube.com/watch?v=yERVmor2aUI,https://www.youtube.com/watch?v=a1SS4V0FuuA
4767,Will Pandey Help Jetha? | Taarak Mehta Ka Ooltah Chashmah| Full Ep 4767 | 20 July 2026 | New Episode,https://www.youtube.com/watch?v=1nSWUR40jYw,Found,25 Jul 2026,21:38,,https://www.youtube.com/watch?v=YAbmr9oqF60
4768,Jetha Is Proven Innocent |Taarak Mehta Ka Ooltah Chashmah| Full Ep 4768 | 21 July 2026 | New Episode,https://www.youtube.com/watch?v=hqjTWAJRtdM,Found,25 Jul 2026,23:01,https://www.youtube.com/watch?v=GgD8W6x8We8,https://www.youtube.com/watch?v=mI0j1FGdvwY
4769,FULL EPISODE! 4769 - Jethalal Questions Popatlal! | Taarak Mehta ka Ooltah Chashmah,https://www.youtube.com/watch?v=i_fOQaQEWBk,Found,26 Jul 2026,21:24,https://www.youtube.com/watch?v=aicrxWzOn9E,https://www.youtube.com/watch?v=o2UfE5IZC9s
4770,Gokuldham Waits For Bhide| Taarak Mehta Ka Ooltah Chashmah| Full Ep 4770 | 23 July 2026| New Episode,https://www.youtube.com/watch?v=KE4J22Mbstc,Found,25 Jul 2026,19:42,,https://www.youtube.com/watch?v=avnfx-WaAr8
4771,Meeting In Gokuldham | Taarak Mehta Ka Ooltah Chashmah | Full Ep 4771 | 24 July 2026 | New Episode,https://www.youtube.com/watch?v=YlVlAu-ERnU,Found,24 Aug 2026,22:55,https://www.youtube.com/watch?v=yppItskL3jo,https://www.youtube.com/watch?v=Yia4CFr2GWA
4772,Bapuji’s Big Decision | Taarak Mehta Ka Ooltah Chashmah | Full Ep 4772 | 25 July 2026 | New Episode,https://www.youtube.com/watch?v=zWDHFA9hRl0,Found,24 Aug 2026,22:28,,https://www.youtube.com/watch?v=OcXpcf3Lrm8
4773,Bhide Has A Surprise | Taarak Mehta Ka Ooltah Chashmah | Full Ep 4773 | 27 July 2026 | New Episode,https://www.youtube.com/watch?v=zK54XsCKmvI,Found,24 Aug 2026,22:23,https://www.youtube.com/watch?v=A3VONhHAcaE,https://www.youtube.com/watch?v=eFGBU-HgXYE
4774,Ceremony Day In Gokuldham| Taarak Mehta Ka Ooltah Chashmah| Full Ep 4774 | 28 July 2026| New Episode,https://www.youtube.com/watch?v=TihGufRgCO4,Found,24 Aug 2026,23:59,,https://www.youtube.com/watch?v=TeDN3kFfqbQ
4775,FULL EPISODE 4775 - Bhide Gave The Society Members Another Surprise | Taarak Mehta ka Ooltah Chasmah,https://www.youtube.com/watch?v=qhDmSgXpowc,Found,25 Aug 2026,23:22,https://www.youtube.com/watch?v=6rz0VUdV8P0,https://www.youtube.com/watch?v=8xsgiwU-LtE
4776,FULL EPISODE 4776 - Gokhuldham Hui Ek Superhero Ki Entry ! | Taarak Mehta ka Ooltah Chasmah,https://www.youtube.com/watch?v=aewPdv2H_Uw,Found,21 Aug 2026,21:01,,https://www.youtube.com/watch?v=9a4jEdmmCMk
4777,FULL EPISODE 4777 - Gokuldham Walo Ne Kiya Spider-Man Ka Swagat ! | Taarak Mehta ka Ooltah Chasmah,https://www.youtube.com/watch?v=FPet7LBlQ2g,Found,22 Aug 2026,21:55,,https://www.youtube.com/watch?v=PtYwjCV27FM
4778,FULL EPISODE 4778 - Gokuldham Walo Ne Kiya Spiderman Ke Saath Garba | Taarak Mehta ka Ooltah Chasmah,https://www.youtube.com/watch?v=BrjbtaZlQHw,Found,24 Aug 2026,24:28,,https://www.youtube.com/watch?v=So3x6ItkcmM
4779,An Unexpected Problem | Taarak Mehta Ka Ooltah Chashmah | Full Ep 4779 | 3 Aug 2026 | New Episode,https://www.youtube.com/watch?v=Ovtzp3rbQ_k,Found,24 Aug 2026,22:48,,https://www.youtube.com/watch?v=xkCZ7kNJzwU
4780,Special Gifts For Bhide | Taarak Mehta Ka Ooltah Chashmah | Full Ep 4780 | 4 Aug 2026 | New Episode,https://www.youtube.com/watch?v=jI3s5N07rpc,Found,24 Aug 2026,20:18,https://www.youtube.com/watch?v=jhaHxxhsW3A,https://www.youtube.com/watch?v=tDjAojMlLZU
4781,Bhide Receive Gifts | Taarak Mehta Ka Ooltah Chashmah | Full Ep 4781 | 5 Aug 2026 | New Episode,https://www.youtube.com/watch?v=GCggeEYIovk,Found,24 Aug 2026,20:53,,https://www.youtube.com/watch?v=Z93c_ZFiQNY
4782,Bhide Is In Tension | Taarak Mehta Ka Ooltah Chashmah | Full Ep 4782 | 6 Aug 2026 | New Episode,https://www.youtube.com/watch?v=4jYyEQKzI9o,Found,24 Aug 2026,19:48,https://www.youtube.com/watch?v=h8A7xjmsbqs,https://www.youtube.com/watch?v=6RuPPed7Ocw
4783,Bhide Gets Pranked | Taarak Mehta Ka Ooltah Chashmah | Full Ep 4783 | 7 Aug 2026 | New Episode,https://www.youtube.com/watch?v=9X6PlMWdOpQ,Found,25 Aug 2026,21:48,https://www.youtube.com/watch?v=9X6PlMWdOpQ,https://www.youtube.com/watch?v=q1hb9IR7wLQ
4784,Why Is Bawri Upset? | Taarak Mehta Ka Ooltah Chashmah | Full Ep 4784 | 8 Aug 2026 | New Episode,https://www.youtube.com/watch?v=w2mHwccIYlQ,Found,24 Aug 2026,20:24,https://www.youtube.com/watch?v=L34QC_3sA0A,https://www.youtube.com/watch?v=aQ2x5K1CK2g
4785,Madhavi Seeks Roopa’s Help| Taarak Mehta Ka Ooltah Chashmah| Full Ep 4785 | 10 Aug 2026| New Episode,https://www.youtube.com/watch?v=QRQe5detar0,Found,24 Aug 2026,22:33,https://www.youtube.com/watch?v=QnI2HiOf2T8,https://www.youtube.com/watch?v=-sBjT4IIc_w
4786,Will Roopa Help Madhavi? | Taarak Mehta Ka Ooltah Chashmah| Full Ep 4786 | 11 Aug 2026 | New Episode,https://www.youtube.com/watch?v=Lu4lGWZ9vEA,Found,24 Aug 2026,22:06,https://www.youtube.com/watch?v=jexIHOXOPcY,https://www.youtube.com/watch?v=W9Q0qlT9k8M
4787,Madhavi’s Pickle Trouble | Taarak Mehta Ka Ooltah Chashmah| Full Ep 4787 | 12 Aug 2026 | New Episode,https://www.youtube.com/watch?v=MJ187CO4Pmo,Found,24 Aug 2026,20:52,https://www.youtube.com/watch?v=Q4T4HF49pBo,https://www.youtube.com/watch?v=eUXIH3cGIiI
4788,Support For Bhide Family | Taarak Mehta Ka Ooltah Chashmah| Full Ep 4788 | 13 Aug 2026 | New Episode,https://www.youtube.com/watch?v=7w6oiWBBLrg,Found,24 Aug 2026,21:15,https://www.youtube.com/watch?v=nIx0CmZeFdA,https://www.youtube.com/watch?v=JO9QiTuTG0M
4789,The Pickle Scandal | Taarak Mehta Ka Ooltah Chashmah | Full Ep 4789 | 14 Aug 2026 | New Episode,https://www.youtube.com/watch?v=d6da8XTCyZk,Found,24 Aug 2026,22:30,,https://www.youtube.com/watch?v=CU6CQyieVZY
4790,Happy News For Gokuldham | Taarak Mehta Ka Ooltah Chashmah| Full Ep 4790 | 15 Aug 2026 | New Episode,https://www.youtube.com/watch?v=I8ZgZQxig5w,Found,24 Aug 2026,21:07,https://www.youtube.com/watch?v=M9WkFt_blmU,https://www.youtube.com/watch?v=J_pnLPKucQ0
4791,A Surprising News | Taarak Mehta Ka Ooltah Chashmah| Full Ep 4791 | 17 Aug 2026 | New Episode,https://www.youtube.com/watch?v=gxlKn5btcHI,Found,24 Aug 2026,21:44,https://www.youtube.com/watch?v=RFFteoSziTs,https://www.youtube.com/watch?v=VtDzWV7Vq3A
4792,Popatlal’s Secret Guest | Taarak Mehta Ka Ooltah Chashmah| Full Ep 4792 | 18 Aug 2026 | New Episode,https://www.youtube.com/watch?v=eT6jmQZaVEg,Found,24 Aug 2026,21:45,https://www.youtube.com/watch?v=54NUNn0mzBc,https://www.youtube.com/watch?v=h8XEw6-11eY
4793,Popatlal’s Excitement | Taarak Mehta Ka Ooltah Chashmah | Full Ep 4793 | 19 Aug 2026 | New Episode,https://www.youtube.com/watch?v=IKoZlD3WJao,Found,24 Aug 2026,21:46,https://www.youtube.com/watch?v=4bbX3ksdvgk,https://www.youtube.com/watch?v=-4Y09IzinRA
4794,FULL EPISODE 4794 - Popatlal Has Fun with Bapuji! | Taarak Mehta ka Ooltah Chashmah,https://www.youtube.com/watch?v=LJaX7wHqY2M,Found,12 Sep 2026,21:30,https://www.youtube.com/watch?v=4otQEqo6dhI,https://www.youtube.com/watch?v=8hSnez5dy6I
4795,Madhavi’s Earring Hunt | Taarak Mehta Ka Ooltah Chashmah | Full Ep 4795 | 21 Aug 2026 | New Episode,https://www.youtube.com/watch?v=n2Af4Qx1jNU,Found,24 Aug 2026,21:34,,https://www.youtube.com/watch?v=UI3tnCu7f68
4796,Jetha Gets Suspicious | Taarak Mehta Ka Ooltah Chashmah | Full Ep 4796 | 22 Aug 2026 | New Episode,https://www.youtube.com/watch?v=QbYMLivTWT8,Found,24 Aug 2026,23:02,https://www.youtube.com/watch?v=OZmh6zWcAGI,https://www.youtube.com/watch?v=6EmDU27mSXc
4797,Robbery In Gokuldham | Taarak Mehta Ka Ooltah Chashmah | Full Ep 4797 | 24 Aug 2026 | New Episode,https://www.youtube.com/watch?v=psv8kmdON_M,Found,26 Aug 2026,22:47,,https://www.youtube.com/watch?v=q4xYDs6f0uI
4798,Residents Call Pandey | Taarak Mehta Ka Ooltah Chashmah | Full Ep 4798 | 25 Aug 2026 | New Episode,https://www.youtube.com/watch?v=qiRt3G5FZKU,Found,26 Aug 2026,21:37,https://www.youtube.com/watch?v=U7MH-5bEkRM,https://www.youtube.com/watch?v=oSsi32amtTI
4799,Pandey Ji Questions Jetha |Taarak Mehta Ka Ooltah Chashmah | Full Ep 4799 | 26 Aug 2026 |New Episode,https://www.youtube.com/watch?v=ruSCcWrrWo4,Found,26 Aug 2026,21:28,,https://www.youtube.com/watch?v=VDdnr7NmEAM
4800,Panic In Gokuldham | Taarak Mehta Ka Ooltah Chashmah | Full Ep 4800 | 27 Aug 2026 | New Episode,https://www.youtube.com/watch?v=OHqlUbDWZrw,Found,02 Sep 2026,21:47,https://www.youtube.com/watch?v=MyfpFygYh28,https://www.youtube.com/watch?v=_S4IyziLijQ
4801,Jetha Appreciates Rupa | Taarak Mehta Ka Ooltah Chashmah | Full Ep 4801 | 28 Aug 2026 | New Episode,https://www.youtube.com/watch?v=Ek_4HuFeXxg,Found,02 Sep 2026,22:22,https://www.youtube.com/watch?v=HDZ_SgBlVIQ,https://www.youtube.com/watch?v=nUCXpBzvpTE
4802,Jethalal’s Sleepless Night |Taarak Mehta Ka Ooltah Chashmah |Full Ep 4802 | 29 Aug 2026 |New Episode,https://www.youtube.com/watch?v=B8MKZY_5y_Q,Found,02 Sep 2026,21:40,https://www.youtube.com/watch?v=vYeHKFjxoCU,https://www.youtube.com/watch?v=oT7r0neRKQ4
4803,Gokuldham On High Alert | Taarak Mehta Ka Ooltah Chashmah | Full Ep 4803 | 31 Aug 2026 | New Episode,https://www.youtube.com/watch?v=duSFHglnC0U,Found,02 Sep 2026,21:42,,https://www.youtube.com/watch?v=tpzKgGCxl_0
4804,Purush Mandali On Guard | Taarak Mehta Ka Ooltah Chashmah | Full Ep 4804 | 1 Sep 2026 | New Episode,https://www.youtube.com/watch?v=fKOjMI70MTo,Found,01 Sep 2026,21:01,,https://www.youtube.com/watch?v=pWSsNfgjE-c
4805,Jethalal Catches The Thief | Taarak Mehta Ka Ooltah Chashmah |Full Ep 4805 | 2 Sep 2026| New Episode,https://www.youtube.com/watch?v=nvA2PYz8siQ,Found,02 Sep 2026,21:53,,https://www.youtube.com/watch?v=DTZaM0gobfs
4806,The Thief Strikes Again | Taarak Mehta Ka Ooltah Chashmah | Full Ep 4806 | 3 Sep 2026 | New Episode,https://www.youtube.com/watch?v=rq2DNtMyY7A,Found,03 Sep 2026,21:01,,https://www.youtube.com/watch?v=iqiCgVbSq4Y
4807,Chalu Pandey Takes Charge | Taarak Mehta Ka Ooltah Chashmah | Full Ep 4807 | 4 Sep 2026 |New Episode,https://www.youtube.com/watch?v=RtE5gjFRLtg,Found,04 Sep 2026,21:12,,https://www.youtube.com/watch?v=oltPe7oGwjw
4808,Gokuldham’s Biggest Twist | Taarak Mehta Ka Ooltah Chashmah | Full Ep 4808 | 5 Sep 2026 |New Episode,https://www.youtube.com/watch?v=vzu-n0VxvmI,Found,05 Sep 2026,21:07,,https://www.youtube.com/watch?v=-Wg7BfDpiy4
4809,Purush Mandali Faces Police | Taarak Mehta Ka Ooltah Chashmah |Full Ep 4809 | 7 Sep 2026|New Episode,https://www.youtube.com/watch?v=i21CFmEt5_U,Found,07 Sep 2026,22:21,,https://www.youtube.com/watch?v=LyEtw8jpXak
4810,Proof Hunt For Popatlal | Taarak Mehta Ka Ooltah Chashmah | Full Ep 4810 | 8 Sep 2026 | New Episode,https://www.youtube.com/watch?v=4K-_f9e5XHY,Found,08 Sep 2026,21:14,,https://www.youtube.com/watch?v=nSysumFTYYw
4811,Search For The Evidence | Taarak Mehta Ka Ooltah Chashmah | Full Ep 4811 | 9 Sep 2026 | New Episode,https://www.youtube.com/watch?v=Mw7LfuIcfWs,Found,09 Sep 2026,21:27,,https://www.youtube.com/watch?v=qvWJL6Uz_Ek
4812,Mannequin Horror Begins | Taarak Mehta Ka Ooltah Chashmah | Full Ep 4812 | 10 Sep 2026 | New Episode,https://www.youtube.com/watch?v=q8BG6b5_sfY,Found,10 Sep 2026,21:26,,https://www.youtube.com/watch?v=ikmUzVLGTqs
4813,Pandey Gets Irritated | Taarak Mehta Ka Ooltah Chashmah | Full Ep 4813 | 11 Sep 2026 | New Episode,https://www.youtube.com/watch?v=ROFSw4nByHE,Found,11 Sep 2026,22:03,,https://www.youtube.com/watch?v=5N7NuJAiS-8
4814,The Mannequin Mystery | Taarak Mehta Ka Ooltah Chashmah | Full Ep 4814 | 12 Sep 2026 | New Episode,https://www.youtube.com/watch?v=DJWbLfZ-c9o,Found,12 Sep 2026,19:57,,https://www.youtube.com/watch?v=NA2AsQrpYGY
4815,Tapu Sena Finds Truth | Taarak Mehta Ka Ooltah Chashmah | Full Ep 4815 | 14 Sep 2026 | New Episode,https://www.youtube.com/watch?v=TyW5B-bfN8k,Found,14 Sep 2026,21:57,,https://www.youtube.com/watch?v=8euzTK3GEVU
4816,The Search Gets Spooky | Taarak Mehta Ka Ooltah Chashmah | Full Ep 4816 | 15 Sep 2026 | New Episode,https://www.youtube.com/watch?v=S2L_T-9NDyU,Found,15 Sep 2026,20:14,,https://www.youtube.com/watch?v=jYpcIStjeIk
4817,Chaos At Baba's Place | Taarak Mehta Ka Ooltah Chashmah | Full Ep 4817 | 16 Sep 2026 | New Episode,https://www.youtube.com/watch?v=1mwTcEJ12xQ,Found,16 Sep 2026,21:53,,https://www.youtube.com/watch?v=b7n_fEyDZTs
4818,Can Baba End The Fear? | Taarak Mehta Ka Ooltah Chashmah | Full Ep 4818 | 17 Sep 2026 | New Episode,https://www.youtube.com/watch?v=tVzkyCG-rRs,Found,17 Sep 2026,21:23,,https://www.youtube.com/watch?v=V0UU8NTtfKI
4819,Lalten Baba’s Ghost Trap | Taarak Mehta Ka Ooltah Chashmah | Full Ep 4819 | 18 Sep 2026 |New Episode,https://www.youtube.com/watch?v=PykbMfov7fc,Found,18 Sep 2026,22:06,,https://www.youtube.com/watch?v=gU07TpE-2DA
4820,Jethalal Holds The Rope | Taarak Mehta Ka Ooltah Chashmah | Full Ep 4820 | 19 Sep 2026 | New Episode,https://www.youtube.com/watch?v=QlZEM3bkfNs,Found,19 Sep 2026,22:05,,https://www.youtube.com/watch?v=mzV_3z5nc50
4821,Bhide In Skeleton Look | Taarak Mehta Ka Ooltah Chashmah | Full Ep 4821 | 21 Sep 2026 | New Episode,https://www.youtube.com/watch?v=6JPGPTKlQU8,Found,21 Sep 2026,21:01,,https://www.youtube.com/watch?v=fe2kNB4d30k
4822,Is Bapuji Possessed? | Taarak Mehta Ka Ooltah Chashmah | Full Ep 4822 | 22 Sep 2026 | New Episode,https://www.youtube.com/watch?v=PQWyTDzP0d8,Found,22 Sep 2026,18:39,,https://www.youtube.com/watch?v=VlxaDJr1lqQ
4823,NEW Episode 4823 - Did Baba steal the mannequin from Popatlal's house? | Taarak Mehta Ka Ooltah C...,https://www.youtube.com/watch?v=YpseHxOIygY,Found,23 Sep 2026,10:02,,
4824,EP 4824 PRECAP,https://www.youtube.com/watch?v=oYBG3-istPk,Found,23 Sep 2026,0:41,,
